onset	duration	nwb_table	target_on_time	go_cue_time	target_id	target_corners	target_dir	result
2.575	3.042	trials	4.4966333333333335	4.4976666666666665	2.0	[ 6.99999762  1.00637066  8.99999714 -0.9936294 ]	0.0	R
5.869	4.855	trials	9.6344	9.6354	6.0	[-8.99997711  0.98088819 -6.99997711 -1.01911187]	3.141592653589793	R
10.976	3.388	trials	13.1321	13.1331	0.0	[-1.  9.  1.  7.]	1.5707963267948966	R
14.616	4.073	trials	17.6844	17.6854	3.0	[ 4.66360712 -4.65009308  6.66360712 -6.65009308]	-0.7853981633974483	F
18.941	3.0370000000000026	trials	20.922433333333334	20.92343333333333	5.0	[-6.64558125 -4.66810465 -4.64558125 -6.66810465]	-2.356194490192345	R
22.23	2.355999999999998	trials	23.539933333333334	23.540933333333335	4.0	[-0.98725879 -6.99998999  1.01274121 -8.99998951]	-1.5707963267948966	R
24.837	3.3569999999999993	trials	26.971433333333334	26.972433333333335	7.0	[-0.98725879 -6.99998999  1.01274121 -8.99998951]	2.356194490192345	R
28.446	3.1449999999999996	trials	30.448066666666666	30.449066666666667	5.0	[-6.64558125 -4.66810465 -4.64558125 -6.66810465]	-2.356194490192345	R
31.843	2.488000000000003	trials	33.228966666666665	33.22996666666667	2.0	[ 6.99999762  1.00637066  8.99999714 -0.9936294 ]	0.0	R
34.582	2.6300000000000026	trials	36.1041	36.1051	1.0	[4.65460157 6.65910625 6.65460157 4.65910625]	0.7853981633974483	R
37.463	2.6359999999999957	trials	38.992266666666666	38.99326666666666	6.0	[-8.99997711  0.98088819 -6.99997711 -1.01911187]	3.141592653589793	R
40.351	3.6570000000000036	trials	42.84283333333333	42.843833333333336	0.0	[-1.  9.  1.  7.]	1.5707963267948966	R
44.259	2.9570000000000007	trials	46.03476666666667	46.03576666666667	3.0	[ 4.66360712 -4.65009308  6.66360712 -6.65009308]	-0.7853981633974483	R
47.467	3.1230000000000047	trials	49.54646666666667	49.547466666666665	4.0	[-0.98725879 -6.99998999  1.01274121 -8.99998951]	-1.5707963267948966	R
50.842	5.067999999999998	trials	54.7885	54.7895	2.0	[-0.98725879 -6.99998999  1.01274121 -8.99998951]	0.0	R
56.162	2.8530000000000015	trials	57.80096666666667	57.801966666666665	1.0	[4.65460157 6.65910625 6.65460157 4.65910625]	0.7853981633974483	R
59.267	2.4599999999999937	trials	60.5518	60.5528	0.0	[-1.  9.  1.  7.]	1.5707963267948966	R
61.978	4.484000000000002	trials	65.2244	65.2254	7.0	[-6.67259884  6.6410656  -4.67259884  4.6410656 ]	2.356194490192345	R
66.714	2.426000000000002	trials	68.0544	68.05543333333334	3.0	[ 4.66360712 -4.65009308  6.66360712 -6.65009308]	-0.7853981633974483	R
69.392	2.207000000000008	trials	70.5847	70.5857	4.0	[-0.98725879 -6.99998999  1.01274121 -8.99998951]	-1.5707963267948966	R
71.851	3.3859999999999957	trials	74.14453333333333	74.14553333333333	6.0	[-8.99997711  0.98088819 -6.99997711 -1.01911187]	3.141592653589793	R
75.489	2.628	trials	76.97356666666667	76.97456666666666	5.0	[-6.64558125 -4.66810465 -4.64558125 -6.66810465]	-2.356194490192345	R
78.369	3.2409999999999997	trials	80.40206666666667	80.40306666666666	3.0	[-6.64558125 -4.66810465 -4.64558125 -6.66810465]	-0.7853981633974483	R
81.862	2.9849999999999994	trials	83.6381	83.6391	7.0	[-6.67259884  6.6410656  -4.67259884  4.6410656 ]	2.356194490192345	R
85.099	0.953000000000003	trials				[nan nan nan nan]		A
86.304	2.0019999999999953	trials	87.61396666666667	87.61496666666666	2.0	[ 6.99999762  1.00637066  8.99999714 -0.9936294 ]	0.0	I
88.557	3.075000000000003	trials	90.54623333333333	90.54723333333334	1.0	[4.65460157 6.65910625 6.65460157 4.65910625]	0.7853981633974483	R
91.884	2.7390000000000043	trials	93.5878	93.5888	5.0	[-6.64558125 -4.66810465 -4.64558125 -6.66810465]	-2.356194490192345	R
94.875	2.372	trials	96.5371	96.53813333333333	0.0	[-1.  9.  1.  7.]	1.5707963267948966	I
97.499	3.298000000000002	trials	99.60873333333333	99.60973333333334	6.0	[-8.99997711  0.98088819 -6.99997711 -1.01911187]	3.141592653589793	R
101.048	1.0799999999999983	trials				[nan nan nan nan]		A
102.38	0.2560000000000002	trials				[nan nan nan nan]		A
102.888	2.0330000000000013	trials	103.79813333333334	103.79913333333333	1.0	[4.65460157 6.65910625 6.65460157 4.65910625]	0.7853981633974483	R
105.173	2.4539999999999935	trials	105.21923333333334	106.42166666666667	12.0	[-6.67259884  6.6410656  -4.67259884  4.6410656 ]		R
107.878	2.9599999999999937	trials	109.77196666666667	109.77296666666666	5.0	[-6.64558125 -4.66810465 -4.64558125 -6.66810465]	-2.356194490192345	R
111.089	2.774000000000001	trials	112.71726666666666	112.71826666666666	2.0	[ 6.99999762  1.00637066  8.99999714 -0.9936294 ]	0.0	R
114.115	2.176000000000002	trials	115.2245	115.2255	4.0	[-0.98725879 -6.99998999  1.01274121 -8.99998951]	-1.5707963267948966	R
116.543	3.036999999999992	trials	118.46053333333333	118.46153333333334	3.0	[ 4.66360712 -4.65009308  6.66360712 -6.65009308]	-0.7853981633974483	R
119.832	2.7760000000000105	trials	121.2274	121.2284	2.0	[ 4.66360712 -4.65009308  6.66360712 -6.65009308]	0.0	R
122.859	3.162000000000006	trials	125.00776666666667	125.0088	4.0	[-0.98725879 -6.99998999  1.01274121 -8.99998951]	-1.5707963267948966	R
126.273	3.0030000000000143	trials	128.2007	128.2017	5.0	[-6.64558125 -4.66810465 -4.64558125 -6.66810465]	-2.356194490192345	R
129.528	2.4210000000000207	trials	130.8513	130.8523	0.0	[-1.  9.  1.  7.]	1.5707963267948966	R
132.201	3.1599999999999966	trials	134.1645	134.16553333333334	7.0	[-6.67259884  6.6410656  -4.67259884  4.6410656 ]	2.356194490192345	R
135.612	3.545000000000016	trials	138.05216666666666	138.05316666666667	6.0	[-8.99997711  0.98088819 -6.99997711 -1.01911187]	3.141592653589793	R
139.409	3.546999999999997	trials	141.6551	141.6561	1.0	[4.65460157 6.65910625 6.65460157 4.65910625]	0.7853981633974483	R
143.208	2.6440000000000055	trials	144.49416666666667	144.49516666666668	3.0	[ 4.66360712 -4.65009308  6.66360712 -6.65009308]	-0.7853981633974483	R
146.103	2.9470000000000027	trials	147.9748	147.9758	1.0	[ 4.66360712 -4.65009308  6.66360712 -6.65009308]	0.7853981633974483	R
149.302	2.8089999999999975	trials	151.05643333333333	151.05743333333334	5.0	[-6.64558125 -4.66810465 -4.64558125 -6.66810465]	-2.356194490192345	R
152.363	2.850999999999999	trials	154.19323333333332	154.19423333333333	4.0	[-0.98725879 -6.99998999  1.01274121 -8.99998951]	-1.5707963267948966	R
155.465	3.0379999999999825	trials	157.3571	157.3581	2.0	[ 6.99999762  1.00637066  8.99999714 -0.9936294 ]	0.0	R
158.755	2.8559999999999945	trials	160.49286666666666	160.49386666666666	6.0	[-8.99997711  0.98088819 -6.99997711 -1.01911187]	3.141592653589793	R
161.862	2.7369999999999948	trials	163.368	163.369	7.0	[-6.67259884  6.6410656  -4.67259884  4.6410656 ]	2.356194490192345	R
164.851	2.828000000000003	trials	166.51883333333333	166.51983333333334	0.0	[-1.  9.  1.  7.]	1.5707963267948966	R
167.93	3.5849999999999795	trials	170.0887	170.0897	3.0	[ 4.66360712 -4.65009308  6.66360712 -6.65009308]	-0.7853981633974483	R
171.767	2.6820000000000164	trials	173.38186666666667	173.38286666666667	5.0	[ 4.66360712 -4.65009308  6.66360712 -6.65009308]	-2.356194490192345	R
174.7	2.6580000000000155	trials	176.22693333333333	176.22793333333334	6.0	[-8.99997711  0.98088819 -6.99997711 -1.01911187]	3.141592653589793	R
177.609	2.6779999999999973	trials	179.1201	179.1211	2.0	[ 6.99999762  1.00637066  8.99999714 -0.9936294 ]	0.0	R
180.539	3.2520000000000095	trials	182.50953333333334	182.51053333333334	7.0	[-6.67259884  6.6410656  -4.67259884  4.6410656 ]	2.356194490192345	R
184.042	2.858000000000004	trials	185.79566666666668	185.79666666666665	1.0	[4.65460157 6.65910625 6.65460157 4.65910625]	0.7853981633974483	R
187.152	2.77200000000002	trials	188.753	188.75403333333333	3.0	[ 4.66360712 -4.65009308  6.66360712 -6.65009308]	-0.7853981633974483	R
190.176	2.4860000000000184	trials	191.63516666666666	191.63616666666667	4.0	[-0.98725879 -6.99998999  1.01274121 -8.99998951]	-1.5707963267948966	R
192.913	3.262999999999977	trials	195.07873333333333	195.07973333333334	0.0	[-1.  9.  1.  7.]	1.5707963267948966	R
196.428	3.640999999999991	trials	198.96236666666667	198.96336666666667	5.0	[-1.  9.  1.  7.]	-2.356194490192345	R
200.321	2.2210000000000036	trials	201.42746666666667	201.42846666666668	4.0	[-0.98725879 -6.99998999  1.01274121 -8.99998951]	-1.5707963267948966	R
202.794	3.1689999999999827	trials	204.88206666666667	204.88306666666668	1.0	[4.65460157 6.65910625 6.65460157 4.65910625]	0.7853981633974483	R
206.214	2.8400000000000034	trials	207.91356666666667	207.91456666666667	2.0	[ 6.99999762  1.00637066  8.99999714 -0.9936294 ]	0.0	R
209.306	2.4659999999999798	trials	210.5812	210.5822	7.0	[-6.67259884  6.6410656  -4.67259884  4.6410656 ]	2.356194490192345	R
212.024	3.0749999999999886	trials	214.01773333333333	214.01873333333333	6.0	[-8.99997711  0.98088819 -6.99997711 -1.01911187]	3.141592653589793	R
215.351	3.0120000000000005	trials	217.22066666666666	217.2217	0.0	[-1.  9.  1.  7.]	1.5707963267948966	R
218.614	3.335000000000008	trials	220.78753333333333	220.78853333333333	3.0	[ 4.66360712 -4.65009308  6.66360712 -6.65009308]	-0.7853981633974483	R
222.201	3.1829999999999927	trials	224.28623333333334	224.28723333333335	3.0	[ 4.66360712 -4.65009308  6.66360712 -6.65009308]	-0.7853981633974483	R
225.636	2.663000000000011	trials	227.15233333333333	227.15333333333334	6.0	[-8.99997711  0.98088819 -6.99997711 -1.01911187]	3.141592653589793	R
228.551	6.175000000000011	trials	233.51613333333333	233.51713333333333	1.0	[4.65460157 6.65910625 6.65460157 4.65910625]	0.7853981633974483	R
234.978	2.328000000000003	trials	236.15066666666667	236.15166666666667	0.0	[-1.  9.  1.  7.]	1.5707963267948966	R
237.557	3.1420000000000243	trials	239.56313333333333	239.56413333333333	7.0	[-6.67259884  6.6410656  -4.67259884  4.6410656 ]	2.356194490192345	R
240.951	3.2530000000000143	trials	242.99966666666666	243.00066666666666	2.0	[ 6.99999762  1.00637066  8.99999714 -0.9936294 ]	0.0	R
244.455	2.7920000000000016	trials	246.1966	246.1976	4.0	[-0.98725879 -6.99998999  1.01274121 -8.99998951]	-1.5707963267948966	R
247.499	2.6170000000000186	trials	249.1309	249.1319	5.0	[-6.64558125 -4.66810465 -4.64558125 -6.66810465]	-2.356194490192345	R
250.368	2.2690000000000055	trials	251.52183333333332	251.52283333333332	6.0	[-6.64558125 -4.66810465 -4.64558125 -6.66810465]	3.141592653589793	R
252.888	2.8530000000000086	trials	254.63356666666667	254.63456666666667	5.0	[-6.64558125 -4.66810465 -4.64558125 -6.66810465]	-2.356194490192345	R
255.993	2.2800000000000296	trials	256.9914	256.9924	0.0	[-1.  9.  1.  7.]	1.5707963267948966	R
258.524	2.434000000000026	trials	259.8485	259.8495	1.0	[4.65460157 6.65910625 6.65460157 4.65910625]	0.7853981633974483	R
261.21	2.7139999999999986	trials	262.76373333333333	262.7647333333333	7.0	[-6.67259884  6.6410656  -4.67259884  4.6410656 ]	2.356194490192345	R
264.175	3.281000000000006	trials	266.3436	266.3446333333333	2.0	[ 6.99999762  1.00637066  8.99999714 -0.9936294 ]	0.0	R
267.708	2.8859999999999673	trials	269.53753333333333	269.5385333333333	4.0	[-0.98725879 -6.99998999  1.01274121 -8.99998951]	-1.5707963267948966	R
270.846	2.694000000000017	trials	272.43573333333336	272.43673333333334	3.0	[ 4.66360712 -4.65009308  6.66360712 -6.65009308]	-0.7853981633974483	R
273.792	2.9770000000000323	trials	275.5885666666667	275.58956666666666	3.0	[ 4.66360712 -4.65009308  6.66360712 -6.65009308]	-0.7853981633974483	R
277.02	3.0500000000000114	trials	278.8296	278.8306	7.0	[-6.67259884  6.6410656  -4.67259884  4.6410656 ]	2.356194490192345	R
280.321	2.5819999999999936	trials	281.7689	281.7699	1.0	[4.65460157 6.65910625 6.65460157 4.65910625]	0.7853981633974483	R
283.154	2.8280000000000314	trials	284.81446666666665	284.8154666666667	5.0	[-6.64558125 -4.66810465 -4.64558125 -6.66810465]	-2.356194490192345	R
286.234	3.201000000000022	trials	288.4074	288.4084	4.0	[-0.98725879 -6.99998999  1.01274121 -8.99998951]	-1.5707963267948966	R
289.687	2.9610000000000127	trials	291.54816666666665	291.5492	6.0	[-8.99997711  0.98088819 -6.99997711 -1.01911187]	3.141592653589793	R
292.9	0.9540000000000077	trials				[nan nan nan nan]		A
294.106	2.2939999999999827	trials	295.2163	295.2173	0.0	[-1.  9.  1.  7.]	1.5707963267948966	R
296.652	2.649000000000001	trials	298.21073333333334	298.2117333333333	4.0	[-1.  9.  1.  7.]	-1.5707963267948966	R
299.553	3.163000000000011	trials	301.5760666666667	301.57706666666667	2.0	[ 6.99999762  1.00637066  8.99999714 -0.9936294 ]	0.0	R
302.968	2.197999999999979	trials	304.0452	304.0462	6.0	[-8.99997711  0.98088819 -6.99997711 -1.01911187]	3.141592653589793	R
305.418	3.5389999999999873	trials	307.76443333333333	307.7654333333333	3.0	[ 4.66360712 -4.65009308  6.66360712 -6.65009308]	-0.7853981633974483	R
309.209	2.464999999999975	trials	310.50323333333336	310.50423333333333	0.0	[-1.  9.  1.  7.]	1.5707963267948966	R
311.926	2.5300000000000296	trials	313.3884	313.3894	1.0	[4.65460157 6.65910625 6.65460157 4.65910625]	0.7853981633974483	R
314.708	3.020999999999958	trials	316.6775666666667	316.67856666666665	5.0	[-6.64558125 -4.66810465 -4.64558125 -6.66810465]	-2.356194490192345	R
317.981	2.644999999999982	trials	319.4524333333333	319.45346666666666	7.0	[-6.67259884  6.6410656  -4.67259884  4.6410656 ]	2.356194490192345	R
320.878	3.2590000000000146	trials	322.9822	322.9832	7.0	[-6.67259884  6.6410656  -4.67259884  4.6410656 ]	2.356194490192345	R
324.389	2.9069999999999823	trials	326.1811333333333	326.18216666666666	6.0	[-8.99997711  0.98088819 -6.99997711 -1.01911187]	3.141592653589793	R
327.548	3.379000000000019	trials	329.8332	329.8342333333333	1.0	[4.65460157 6.65910625 6.65460157 4.65910625]	0.7853981633974483	R
331.179	2.875	trials	332.9218666666667	332.9229	2.0	[ 6.99999762  1.00637066  8.99999714 -0.9936294 ]	0.0	R
334.305	2.634999999999991	trials	335.84413333333333	335.8451333333333	5.0	[-6.64558125 -4.66810465 -4.64558125 -6.66810465]	-2.356194490192345	R
337.191	2.4530000000000314	trials	338.61	338.611	4.0	[-0.98725879 -6.99998999  1.01274121 -8.99998951]	-1.5707963267948966	R
339.895	2.910000000000025	trials	341.7077	341.7087	3.0	[ 4.66360712 -4.65009308  6.66360712 -6.65009308]	-0.7853981633974483	R
343.057	2.7869999999999777	trials	344.6921	344.6931	0.0	[-1.  9.  1.  7.]	1.5707963267948966	R
346.096	2.3659999999999854	trials	347.3497	347.3507	0.0	[-1.  9.  1.  7.]	1.5707963267948966	R
348.714	2.951000000000022	trials	350.6138	350.6148	4.0	[-0.98725879 -6.99998999  1.01274121 -8.99998951]	-1.5707963267948966	R
351.917	0.4040000000000532	trials				[nan nan nan nan]		A
352.573	2.6690000000000396	trials	354.1836666666667	354.18466666666666	5.0	[-6.64558125 -4.66810465 -4.64558125 -6.66810465]	-2.356194490192345	R
355.494	3.037999999999954	trials	357.28436666666664	357.2853666666667	7.0	[-6.67259884  6.6410656  -4.67259884  4.6410656 ]	2.356194490192345	R
358.784	0.9410000000000309	trials				[nan nan nan nan]		A
359.977	1.9210000000000491	trials	360.6908	360.6918	1.0	[4.65460157 6.65910625 6.65460157 4.65910625]	0.7853981633974483	R
362.149	2.9189999999999827	trials	363.9669333333333	363.96793333333335	2.0	[ 6.99999762  1.00637066  8.99999714 -0.9936294 ]	0.0	R
365.319	2.9049999999999727	trials	367.0756666666667	367.07666666666665	6.0	[ 6.99999762  1.00637066  8.99999714 -0.9936294 ]	3.141592653589793	R
368.476	2.771000000000015	trials	370.10516666666666	370.10616666666664	1.0	[4.65460157 6.65910625 6.65460157 4.65910625]	0.7853981633974483	R
371.499	2.5219999999999914	trials	372.79386666666664	372.7948666666667	0.0	[-1.  9.  1.  7.]	1.5707963267948966	R
374.273	2.4699999999999704	trials	375.5487	375.5497	3.0	[ 4.66360712 -4.65009308  6.66360712 -6.65009308]	-0.7853981633974483	R
376.994	3.2069999999999936	trials	379.0724333333333	379.07343333333336	5.0	[-6.64558125 -4.66810465 -4.64558125 -6.66810465]	-2.356194490192345	R
380.453	3.3040000000000305	trials	382.6573333333333	382.65833333333336	2.0	[ 6.99999762  1.00637066  8.99999714 -0.9936294 ]	0.0	R
384.009	3.1970000000000027	trials	386.08183333333335	386.0828333333333	7.0	[-6.67259884  6.6410656  -4.67259884  4.6410656 ]	2.356194490192345	R
387.457	2.5509999999999877	trials	388.83866666666665	388.8397	4.0	[-0.98725879 -6.99998999  1.01274121 -8.99998951]	-1.5707963267948966	R
390.259	2.7969999999999686	trials	392.0236	392.0246	4.0	[-0.98725879 -6.99998999  1.01274121 -8.99998951]	-1.5707963267948966	R
393.308	2.7379999999999995	trials	394.9017333333333	394.90273333333334	3.0	[ 4.66360712 -4.65009308  6.66360712 -6.65009308]	-0.7853981633974483	R
396.297	3.009999999999991	trials	398.239	398.2400333333333	5.0	[-6.64558125 -4.66810465 -4.64558125 -6.66810465]	-2.356194490192345	R
399.558	2.271000000000015	trials	400.7242	400.72516666666667	6.0	[-8.99997711  0.98088819 -6.99997711 -1.01911187]	3.141592653589793	R
402.081	0.9399999999999977	trials				[nan nan nan nan]		A
403.273	2.562999999999988	trials	404.57573333333335	404.5767333333333	0.0	[-1.  9.  1.  7.]	1.5707963267948966	R
406.087	2.9530000000000314	trials	407.9	407.901	1.0	[4.65460157 6.65910625 6.65460157 4.65910625]	0.7853981633974483	R
409.291	3.0810000000000173	trials	411.1911666666667	411.19216666666665	2.0	[ 6.99999762  1.00637066  8.99999714 -0.9936294 ]	0.0	R
412.624	2.7579999999999814	trials	414.2999	414.3009	0.0	[ 6.99999762  1.00637066  8.99999714 -0.9936294 ]	1.5707963267948966	R
415.633	3.341000000000008	trials	417.9619666666667	417.96296666666666	4.0	[-0.98725879 -6.99998999  1.01274121 -8.99998951]	-1.5707963267948966	R
419.226	3.177000000000021	trials	421.2331	421.2341	1.0	[4.65460157 6.65910625 6.65460157 4.65910625]	0.7853981633974483	R
422.655	2.404000000000053	trials	423.8105	423.8115	7.0	[-6.67259884  6.6410656  -4.67259884  4.6410656 ]	2.356194490192345	R
425.31	3.3009999999999877	trials	427.4705666666667	427.47156666666666	2.0	[ 6.99999762  1.00637066  8.99999714 -0.9936294 ]	0.0	R
428.863	2.9639999999999986	trials	430.6174	430.6184	3.0	[ 4.66360712 -4.65009308  6.66360712 -6.65009308]	-0.7853981633974483	R
432.079	2.5219999999999914	trials	433.5346333333333	433.53563333333335	5.0	[-6.64558125 -4.66810465 -4.64558125 -6.66810465]	-2.356194490192345	R
434.853	2.2830000000000155	trials	436.0518666666667	436.05286666666666	6.0	[-8.99997711  0.98088819 -6.99997711 -1.01911187]	3.141592653589793	R
437.387	3.052000000000021	trials	439.30696666666665	439.3079666666667	3.0	[-8.99997711  0.98088819 -6.99997711 -1.01911187]	-0.7853981633974483	R
440.69	2.690999999999974	trials	442.2923666666667	442.29336666666666	5.0	[-6.64558125 -4.66810465 -4.64558125 -6.66810465]	-2.356194490192345	R
443.633	2.3590000000000373	trials	445.4883	445.4893	4.0	[-0.98725879 -6.99998999  1.01274121 -8.99998951]	-1.5707963267948966	I
446.243	3.3450000000000273	trials	448.30126666666666	448.3023	0.0	[-1.  9.  1.  7.]	1.5707963267948966	R
449.84	2.965000000000032	trials	451.6315666666667	451.63253333333336	7.0	[-6.67259884  6.6410656  -4.67259884  4.6410656 ]	2.356194490192345	R
453.057	3.0670000000000073	trials	454.9909	454.9919	2.0	[ 6.99999762  1.00637066  8.99999714 -0.9936294 ]	0.0	R
456.375	2.754000000000019	trials	457.9121333333333	457.91313333333335	1.0	[4.65460157 6.65910625 6.65460157 4.65910625]	0.7853981633974483	R
459.381	2.7760000000000105	trials	461.0980333333333	461.09906666666666	6.0	[-8.99997711  0.98088819 -6.99997711 -1.01911187]	3.141592653589793	R
462.408	3.2860000000000014	trials	464.63283333333334	464.6338333333333	5.0	[-8.99997711  0.98088819 -6.99997711 -1.01911187]	-2.356194490192345	R
465.946	3.3689999999999714	trials	468.0944	468.09543333333335	7.0	[-6.67259884  6.6410656  -4.67259884  4.6410656 ]	2.356194490192345	R
469.567	3.6510000000000105	trials	472.0773	472.0783	2.0	[ 6.99999762  1.00637066  8.99999714 -0.9936294 ]	0.0	R
473.47	2.6999999999999886	trials	475.0887666666667	475.08976666666666	4.0	[-0.98725879 -6.99998999  1.01274121 -8.99998951]	-1.5707963267948966	R
476.422	2.652999999999963	trials	477.9488666666667	477.94986666666665	6.0	[-8.99997711  0.98088819 -6.99997711 -1.01911187]	3.141592653589793	R
479.326	3.6610000000000014	trials	481.84253333333334	481.8435333333333	0.0	[-1.  9.  1.  7.]	1.5707963267948966	R
483.239	3.035000000000025	trials	485.1467333333333	485.14773333333335	3.0	[ 4.66360712 -4.65009308  6.66360712 -6.65009308]	-0.7853981633974483	R
486.525	2.3799999999999955	trials	487.76523333333336	487.76623333333333	1.0	[4.65460157 6.65910625 6.65460157 4.65910625]	0.7853981633974483	R
489.157	2.8780000000000427	trials	490.886	490.887	3.0	[4.65460157 6.65910625 6.65460157 4.65910625]	-0.7853981633974483	R
492.286	2.3449999999999704	trials	493.5355666666667	493.53656666666666	2.0	[ 6.99999762  1.00637066  8.99999714 -0.9936294 ]	0.0	R
494.883	3.218999999999994	trials	496.933	496.934	4.0	[-0.98725879 -6.99998999  1.01274121 -8.99998951]	-1.5707963267948966	R
498.354	3.187000000000012	trials	500.4006	500.4016	0.0	[-1.00000000e+00  9.00000000e+00 -2.02824096e+31  1.57772237e-30]	1.5707963267948966	R
501.793	3.0879999999999654	trials	503.788	503.78903333333335	6.0	[-8.99997711  0.98088819 -6.99997711 -1.01911187]	3.141592653589793	R
505.132	3.130999999999972	trials	507.1644	507.1654	1.0	[4.65460157 6.65910625 6.65460157 4.65910625]	0.7853981633974483	R
508.515	3.150000000000034	trials	510.47763333333336	510.47863333333333	7.0	[-6.67259884  6.6410656  -4.67259884  4.6410656 ]	2.356194490192345	R
511.916	2.3910000000000196	trials	513.1743	513.1753333333334	5.0	[-6.64558125 -4.66810465 -4.64558125 -6.66810465]	-2.356194490192345	R
514.559	2.225999999999999	trials	516.1216333333333	516.1226333333333	1.0	[-6.64558125 -4.66810465 -4.64558125 -6.66810465]	0.7853981633974483	I
517.037	3.5430000000000064	trials	519.4338333333334	519.4348666666667	6.0	[-8.99997711  0.98088819 -6.99997711 -1.01911187]	3.141592653589793	R
520.831	8.965000000000032	trials	528.6677666666667	528.6687666666667	2.0	[ 6.99999762  1.00637066  8.99999714 -0.9936294 ]	0.0	R
530.047	3.0679999999999836	trials	531.7995333333333	531.8005333333333	7.0	[-6.67259884  6.6410656  -4.67259884  4.6410656 ]	2.356194490192345	R
533.366	3.2069999999999936	trials	535.4255333333333	535.4265666666666	3.0	[ 4.66360712 -4.65009308  6.66360712 -6.65009308]	-0.7853981633974483	R
536.825	2.8239999999999554	trials	538.3758666666666	538.3768666666666	5.0	[-6.64558125 -4.66810465 -4.64558125 -6.66810465]	-2.356194490192345	R
539.901	3.008000000000038	trials	541.7502333333333	541.7512333333333	0.0	[-1.  9.  1.  7.]	1.5707963267948966	R
543.161	2.8900000000001	trials	545.0233666666667	545.0243666666667	4.0	[-0.98725879 -6.99998999  1.01274121 -8.99998951]	-1.5707963267948966	R
546.303	2.6280000000000427	trials	547.7481333333334	547.7491333333334	0.0	[-0.98725879 -6.99998999  1.01274121 -8.99998951]	1.5707963267948966	R
549.183	2.786000000000058	trials	550.8739	550.8749	6.0	[-8.99997711  0.98088819 -6.99997711 -1.01911187]	3.141592653589793	R
552.22	2.8379999999999654	trials	553.9365	553.9375	2.0	[ 6.99999762  1.00637066  8.99999714 -0.9936294 ]	0.0	R
555.31	2.7250000000000227	trials	556.8788	556.8798	3.0	[ 4.66360712 -4.65009308  6.66360712 -6.65009308]	-0.7853981633974483	R
558.286	2.3320000000001073	trials	559.5945333333333	559.5955333333334	4.0	[-0.98725879 -6.99998999  1.01274121 -8.99998951]	-1.5707963267948966	R
560.87	2.4349999999999454	trials	562.1829666666666	562.1839666666667	1.0	[4.65460157 6.65910625 6.65460157 4.65910625]	0.7853981633974483	R
563.556	2.238999999999919	trials	564.7102333333333	564.7112333333333	5.0	[-6.64558125 -4.66810465 -4.64558125 -6.66810465]	-2.356194490192345	R
566.047	3.1119999999999663	trials	567.9924	567.9934	7.0	[-6.67259884  6.6410656  -4.67259884  4.6410656 ]	2.356194490192345	R
569.411	3.299000000000092	trials	571.5101	571.5111333333333	3.0	[-6.67259884  6.6410656  -4.67259884  4.6410656 ]	-0.7853981633974483	R
572.962	2.716000000000008	trials	574.6649333333334	574.6659666666667	4.0	[-0.98725879 -6.99998999  1.01274121 -8.99998951]	-1.5707963267948966	R
575.93	3.1779999999999973	trials	577.9451	577.9461	2.0	[ 6.99999762  1.00637066  8.99999714 -0.9936294 ]	0.0	R
579.36	2.4279999999999973	trials	580.6107	580.6117	5.0	[-6.64558125 -4.66810465 -4.64558125 -6.66810465]	-2.356194490192345	R
582.039	2.4400000000000546	trials	583.3775666666667	583.3785666666666	6.0	[-8.99997711  0.98088819 -6.99997711 -1.01911187]	3.141592653589793	R
584.731	3.3250000000000455	trials	586.8171	586.8181333333333	7.0	[-6.67259884  6.6410656  -4.67259884  4.6410656 ]	2.356194490192345	R
588.308	3.2000000000000455	trials	590.4401	590.4411	1.0	[4.65460157 6.65910625 6.65460157 4.65910625]	0.7853981633974483	R
591.759	2.338999999999942	trials	592.9022	592.9032333333333	0.0	[-1.  9.  1.  7.]	1.5707963267948966	R
594.35	2.7189999999999372	trials	596.0279666666667	596.0289666666666	5.0	[-1.  9.  1.  7.]	-2.356194490192345	R
597.32	3.13799999999992	trials	599.3341666666666	599.3352	1.0	[4.65460157 6.65910625 6.65460157 4.65910625]	0.7853981633974483	R
600.71	2.31899999999996	trials	601.8714666666667	601.8724666666667	2.0	[ 6.99999762  1.00637066  8.99999714 -0.9936294 ]	0.0	R
603.281	2.2000000000000455	trials	604.4278333333333	604.4288333333334	4.0	[-0.98725879 -6.99998999  1.01274121 -8.99998951]	-1.5707963267948966	R
605.733	2.296000000000049	trials	606.8528333333334	606.8538333333333	6.0	[-8.99997711  0.98088819 -6.99997711 -1.01911187]	3.141592653589793	R
608.28	3.074000000000069	trials	610.2162	610.2172	7.0	[-6.67259884  6.6410656  -4.67259884  4.6410656 ]	2.356194490192345	R
611.606	3.4890000000000327	trials	613.9344333333333	613.9354333333333	3.0	[ 4.66360712 -4.65009308  6.66360712 -6.65009308]	-0.7853981633974483	R
615.347	2.909999999999968	trials	617.1013	617.1023	0.0	[-1.  9.  1.  7.]	1.5707963267948966	R
618.509	2.2210000000000036	trials	619.6145333333334	619.6155333333334	1.0	[-1.  9.  1.  7.]	0.7853981633974483	R
620.982	2.660000000000082	trials	622.6129666666667	622.6139666666667	4.0	[-0.98725879 -6.99998999  1.01274121 -8.99998951]	-1.5707963267948966	R
623.893	3.2759999999999536	trials	626.0896	626.0906	2.0	[ 6.99999762  1.00637066  8.99999714 -0.9936294 ]	0.0	R
627.421	2.5319999999999254	trials	628.8695	628.8705	5.0	[-6.64558125 -4.66810465 -4.64558125 -6.66810465]	-2.356194490192345	R
630.205	2.7919999999999163	trials	631.8769666666667	631.8779666666667	3.0	[ 4.66360712 -4.65009308  6.66360712 -6.65009308]	-0.7853981633974483	R
633.248	2.9129999999998972	trials	635.0037333333333	635.0047333333333	0.0	[-1.  9.  1.  7.]	1.5707963267948966	R
636.412	2.774000000000001	trials	638.0242333333333	638.0252333333333	6.0	[-8.99997711  0.98088819 -6.99997711 -1.01911187]	3.141592653589793	R
639.438	3.2390000000000327	trials	641.3715333333333	641.3725333333333	7.0	[-6.67259884  6.6410656  -4.67259884  4.6410656 ]	2.356194490192345	R
642.928	2.5259999999999536	trials	644.2827666666667	644.2837666666667	0.0	[-6.67259884  6.6410656  -4.67259884  4.6410656 ]	1.5707963267948966	R
645.705	2.437000000000012	trials	647.1178	647.1188	4.0	[-0.98725879 -6.99998999  1.01274121 -8.99998951]	-1.5707963267948966	R
648.394	2.7129999999999654	trials	649.9799	649.9809	2.0	[ 6.99999762  1.00637066  8.99999714 -0.9936294 ]	0.0	R
651.358	2.12600000000009	trials	652.3868666666667	652.3878666666667	6.0	[-8.99997711  0.98088819 -6.99997711 -1.01911187]	3.141592653589793	R
653.735	2.6989999999999554	trials	655.3783	655.3793	5.0	[-6.64558125 -4.66810465 -4.64558125 -6.66810465]	-2.356194490192345	R
656.686	2.31899999999996	trials	657.8684666666667	657.8694666666667	7.0	[-6.67259884  6.6410656  -4.67259884  4.6410656 ]	2.356194490192345	R
659.257	1.004000000000019	trials				[nan nan nan nan]		A
660.513	2.5720000000000027	trials	661.9345666666667	661.9355666666667	3.0	[ 4.66360712 -4.65009308  6.66360712 -6.65009308]	-0.7853981633974483	R
663.337	2.9669999999999845	trials	665.1736	665.1746333333333	1.0	[ 4.66360712 -4.65009308  6.66360712 -6.65009308]	0.7853981633974483	R
666.556	2.9799999999999045	trials	668.4327	668.4337	4.0	[-0.98725879 -6.99998999  1.01274121 -8.99998951]	-1.5707963267948966	R
669.788	3.044999999999959	trials	671.6627333333333	671.6637333333333	3.0	[ 4.66360712 -4.65009308  6.66360712 -6.65009308]	-0.7853981633974483	R
673.084	2.3590000000000373	trials	674.3233333333334	674.3243333333334	6.0	[-8.99997711  0.98088819 -6.99997711 -1.01911187]	3.141592653589793	R
675.695	3.30499999999995	trials	677.8330333333333	677.8340333333333	2.0	[ 6.99999762  1.00637066  8.99999714 -0.9936294 ]	0.0	R
679.252	2.7180000000000746	trials	680.9046666666667	680.9056666666667	5.0	[-6.64558125 -4.66810465 -4.64558125 -6.66810465]	-2.356194490192345	R
682.222	3.0919999999999845	trials	684.1477	684.1487	7.0	[-6.67259884  6.6410656  -4.67259884  4.6410656 ]	2.356194490192345	R
685.565	2.588999999999942	trials	687.0559333333333	687.0569333333333	0.0	[-1.  9.  1.  7.]	1.5707963267948966	R
688.405	3.1420000000000528	trials	690.4664	690.4674	5.0	[-1.  9.  1.  7.]	-2.356194490192345	R
691.799	2.6760000000000446	trials	693.3796333333333	693.3806333333333	1.0	[4.65460157 6.65910625 6.65460157 4.65910625]	0.7853981633974483	R
694.727	4.745999999999981	trials	698.4081	698.4091	6.0	[-8.99997711  0.98088819 -6.99997711 -1.01911187]	3.141592653589793	R
699.724	2.8829999999999245	trials	701.4797333333333	701.4807333333333	0.0	[-1.  9.  1.  7.]	1.5707963267948966	R
702.858	2.4640000000000555	trials	704.2245333333333	704.2255666666666	7.0	[-6.67259884  6.6410656  -4.67259884  4.6410656 ]	2.356194490192345	R
705.574	2.4200000000000728	trials	706.9894	706.9904	3.0	[ 4.66360712 -4.65009308  6.66360712 -6.65009308]	-0.7853981633974483	F
708.246	2.7340000000000373	trials	709.9317	709.9327333333333	4.0	[-0.98725879 -6.99998999  1.01274121 -8.99998951]	-1.5707963267948966	R
711.232	3.16700000000003	trials	713.3071	713.3081	2.0	[ 6.99999762  1.00637066  8.99999714 -0.9936294 ]	0.0	R
714.65	2.937000000000012	trials	716.4699333333333	716.4709666666666	6.0	[ 6.99999762  1.00637066  8.99999714 -0.9936294 ]	3.141592653589793	R
717.838	2.620999999999981	trials	719.2789333333334	719.2799	1.0	[4.65460157 6.65910625 6.65460157 4.65910625]	0.7853981633974483	R
720.71	2.506999999999948	trials	722.1891333333333	722.1901333333333	4.0	[-0.98725879 -6.99998999  1.01274121 -8.99998951]	-1.5707963267948966	R
723.468	2.2800000000000864	trials	724.5800666666667	724.5810666666666	7.0	[-6.67259884  6.6410656  -4.67259884  4.6410656 ]	2.356194490192345	R
726.0	2.9600000000000364	trials	727.8592333333333	727.8602333333333	2.0	[ 6.99999762  1.00637066  8.99999714 -0.9936294 ]	0.0	R
729.212	2.272000000000048	trials	730.3684333333333	730.3694333333333	5.0	[-6.64558125 -4.66810465 -4.64558125 -6.66810465]	-2.356194490192345	R
731.736	2.9710000000000036	trials	733.4862	733.4872	0.0	[-1.  9.  1.  7.]	1.5707963267948966	R
734.959	2.4010000000000673	trials	736.3553	736.3563	3.0	[ 4.66360712 -4.65009308  6.66360712 -6.65009308]	-0.7853981633974483	F
737.611	3.5739999999999554	trials	740.0113666666666	740.0124	0.0	[ 4.66360712 -4.65009308  6.66360712 -6.65009308]	1.5707963267948966	R
741.437	2.6970000000000027	trials	742.9286333333333	742.9296333333333	7.0	[-6.67259884  6.6410656  -4.67259884  4.6410656 ]	2.356194490192345	R
744.385	3.2200000000000273	trials	746.4553666666667	746.4563666666667	6.0	[-8.99997711  0.98088819 -6.99997711 -1.01911187]	3.141592653589793	R
747.857	3.2930000000000064	trials	749.9761	749.9771333333333	2.0	[ 6.99999762  1.00637066  8.99999714 -0.9936294 ]	0.0	R
751.402	2.701999999999998	trials				[nan nan nan nan]		A
754.356	0.26300000000003365	trials				[nan nan nan nan]		A
754.87	2.155999999999949	trials	755.9820333333333	755.9830333333333	5.0	[-6.64558125 -4.66810465 -4.64558125 -6.66810465]	-2.356194490192345	R
757.277	3.38900000000001	trials	759.5378666666667	759.5388666666666	1.0	[4.65460157 6.65910625 6.65460157 4.65910625]	0.7853981633974483	R
760.917	2.605000000000018	trials	762.4079666666667	762.4089666666666	5.0	[4.65460157 6.65910625 6.65460157 4.65910625]	-2.356194490192345	R
763.773	2.5289999999999964	trials	765.0565333333333	765.0575333333334	0.0	[-1.  9.  1.  7.]	1.5707963267948966	R
766.553	2.7140000000000555	trials	768.1362	768.1372	2.0	[ 6.99999762  1.00637066  8.99999714 -0.9936294 ]	0.0	R
769.519	2.9349999999999454	trials	771.2679666666667	771.2689666666666	7.0	[-6.67259884  6.6410656  -4.67259884  4.6410656 ]	2.356194490192345	R
772.706	2.5679999999999836	trials	774.1210666666667	774.1220666666667	3.0	[ 4.66360712 -4.65009308  6.66360712 -6.65009308]	-0.7853981633974483	R
775.526	3.0950000000000273	trials	777.4583333333334	777.4593333333333	6.0	[-8.99997711  0.98088819 -6.99997711 -1.01911187]	3.141592653589793	R
778.873	2.6089999999999236	trials	780.3384666666667	780.3395	4.0	[-0.98725879 -6.99998999  1.01274121 -8.99998951]	-1.5707963267948966	R
781.734	2.421999999999912	trials	783.0221333333334	783.0231333333334	1.0	[4.65460157 6.65910625 6.65460157 4.65910625]	0.7853981633974483	R
784.408	3.02800000000002	trials	786.3664333333334	786.3674333333333	5.0	[4.65460157 6.65910625 6.65460157 4.65910625]	-2.356194490192345	R
787.688	3.020999999999958	trials	789.4761666666667	789.4771666666667	7.0	[-6.67259884  6.6410656  -4.67259884  4.6410656 ]	2.356194490192345	R
790.961	3.3769999999999527	trials	793.2816	793.2826	1.0	[4.65460157 6.65910625 6.65460157 4.65910625]	0.7853981633974483	R
794.59	2.5529999999999973	trials	796.0384666666666	796.0394666666666	6.0	[-8.99997711  0.98088819 -6.99997711 -1.01911187]	3.141592653589793	R
797.395	3.0860000000000127	trials	799.4318666666667	799.4328666666667	0.0	[-1.  9.  1.  7.]	1.5707963267948966	R
800.733	2.562000000000012	trials	802.5175333333333	802.5185333333334	3.0	[ 4.66360712 -4.65009308  6.66360712 -6.65009308]	-0.7853981633974483	I
803.547	2.937999999999988	trials	805.4608333333333	805.4618333333333	4.0	[-0.98725879 -6.99998999  1.01274121 -8.99998951]	-1.5707963267948966	R
806.737	3.2450000000000045	trials	808.8853333333333	808.8863333333334	2.0	[ 6.99999762  1.00637066  8.99999714 -0.9936294 ]	0.0	R
810.234	2.991999999999962	trials	812.1334	812.1344	2.0	[ 6.99999762  1.00637066  8.99999714 -0.9936294 ]	0.0	R
813.478	2.088000000000079	trials	814.5243333333333	814.5253333333334	4.0	[-0.98725879 -6.99998999  1.01274121 -8.99998951]	-1.5707963267948966	R
815.818	2.6059999999999945	trials	817.205	817.206	0.0	[-1.  9.  1.  7.]	1.5707963267948966	R
818.676	0.7859999999999445	trials				[nan nan nan nan]		A
819.713	2.0670000000000073	trials	820.6856333333334	820.6866333333334	5.0	[-6.64558125 -4.66810465 -4.64558125 -6.66810465]	-2.356194490192345	R
822.032	0.8369999999999891	trials				[nan nan nan nan]		A
823.121	2.425000000000068	trials	824.3968333333333	824.3978333333333	1.0	[4.65460157 6.65910625 6.65460157 4.65910625]	0.7853981633974483	R
825.797	2.8859999999999673	trials	827.5607	827.5617	3.0	[ 4.66360712 -4.65009308  6.66360712 -6.65009308]	-0.7853981633974483	R
828.934	2.9440000000000737	trials	830.7115333333334	830.7125333333333	3.0	[ 4.66360712 -4.65009308  6.66360712 -6.65009308]	-0.7853981633974483	R
832.13	3.1960000000000264	trials	834.0147	834.0157333333333	0.0	[-1.  9.  1.  7.]	1.5707963267948966	R
835.578	3.20900000000006	trials	837.6928333333333	837.6938666666666	6.0	[-8.99997711  0.98088819 -6.99997711 -1.01911187]	3.141592653589793	R
839.038	3.0710000000000264	trials	840.973	840.974	2.0	[ 6.99999762  1.00637066  8.99999714 -0.9936294 ]	0.0	R
842.36	2.5989999999999327	trials	843.5754666666667	843.5764333333333	1.0	[4.65460157 6.65910625 6.65460157 4.65910625]	0.7853981633974483	R
845.211	2.41700000000003	trials	846.5508333333333	846.5518333333333	5.0	[-6.64558125 -4.66810465 -4.64558125 -6.66810465]	-2.356194490192345	R
847.879	2.5079999999999245	trials	849.3828666666667	849.3838666666667	7.0	[-6.67259884  6.6410656  -4.67259884  4.6410656 ]	2.356194490192345	F
850.639	1.9389999999999645	trials	851.8850666666667	851.8860666666667	4.0	[-0.98725879 -6.99998999  1.01274121 -8.99998951]	-1.5707963267948966	I
852.829	3.136000000000081	trials	854.8163666666667	854.8173666666667	0.0	[-0.98725879 -6.99998999  1.01274121 -8.99998951]	1.5707963267948966	R
856.217	2.921000000000049	trials	858.0814666666666	858.0824666666666	4.0	[-0.98725879 -6.99998999  1.01274121 -8.99998951]	-1.5707963267948966	R
859.39	2.3110000000000355	trials	860.5516	860.5526	7.0	[-6.67259884  6.6410656  -4.67259884  4.6410656 ]	2.356194490192345	R
861.953	2.3770000000000664	trials	863.2422666666666	863.2432666666666	6.0	[-8.99997711  0.98088819 -6.99997711 -1.01911187]	3.141592653589793	R
864.582	2.6820000000000164	trials	866.0592666666666	866.0602666666666	2.0	[ 6.99999762  1.00637066  8.99999714 -0.9936294 ]	0.0	R
867.516	2.3220000000000027	trials	868.6517	868.6527	1.0	[4.65460157 6.65910625 6.65460157 4.65910625]	0.7853981633974483	R
870.089	2.5289999999999964	trials	871.4877333333334	871.4887333333334	5.0	[-6.64558125 -4.66810465 -4.64558125 -6.66810465]	-2.356194490192345	R
872.869	2.8579999999999472	trials	874.5884333333333	874.5894333333333	3.0	[ 4.66360712 -4.65009308  6.66360712 -6.65009308]	-0.7853981633974483	R
875.979	2.91599999999994	trials	877.8324666666666	877.8335	5.0	[ 4.66360712 -4.65009308  6.66360712 -6.65009308]	-2.356194490192345	R
879.147	3.0399999999999636	trials	881.0484666666666	881.0494666666667	0.0	[-1.  9.  1.  7.]	1.5707963267948966	R
882.439	2.9220000000000255	trials	884.2724666666667	884.2734666666666	7.0	[-6.67259884  6.6410656  -4.67259884  4.6410656 ]	2.356194490192345	R
885.613	2.3349999999999227	trials	886.8869666666667	886.8879666666667	4.0	[-0.98725879 -6.99998999  1.01274121 -8.99998951]	-1.5707963267948966	R
888.199	2.6440000000000055	trials	889.728	889.729	2.0	[ 6.99999762  1.00637066  8.99999714 -0.9936294 ]	0.0	R
891.094	2.505999999999972	trials	892.2623	892.2633	6.0	[-8.99997711  0.98088819 -6.99997711 -1.01911187]	3.141592653589793	R
893.851	3.645999999999958	trials	896.4005666666667	896.4015666666667	1.0	[4.65460157 6.65910625 6.65460157 4.65910625]	0.7853981633974483	R
897.749	2.5	trials	899.1734666666666	899.1744666666667	3.0	[ 4.66360712 -4.65009308  6.66360712 -6.65009308]	-0.7853981633974483	R
900.501	2.879000000000019	trials	902.2661333333333	902.2671333333333	0.0	[ 4.66360712 -4.65009308  6.66360712 -6.65009308]	1.5707963267948966	R
903.632	2.7380000000000564	trials	905.1072	905.1082	1.0	[4.65460157 6.65910625 6.65460157 4.65910625]	0.7853981633974483	R
906.622	2.2200000000000273	trials	907.7988666666666	907.7998666666666	4.0	[-0.98725879 -6.99998999  1.01274121 -8.99998951]	-1.5707963267948966	R
909.094	2.5389999999999873	trials	910.5406666666667	910.5416666666666	3.0	[ 4.66360712 -4.65009308  6.66360712 -6.65009308]	-0.7853981633974483	R
911.885	3.0170000000000528	trials	913.7687	913.7697	2.0	[ 6.99999762  1.00637066  8.99999714 -0.9936294 ]	0.0	R
915.153	2.433999999999969	trials	916.4283	916.4293	6.0	[-8.99997711  0.98088819 -6.99997711 -1.01911187]	3.141592653589793	R
917.839	2.9459999999999127	trials	919.7114333333334	919.7124333333334	5.0	[-6.64558125 -4.66810465 -4.64558125 -6.66810465]	-2.356194490192345	R
921.037	2.8179999999999836	trials	922.7259333333334	922.7269333333334	7.0	[-6.67259884  6.6410656  -4.67259884  4.6410656 ]	2.356194490192345	R
924.106	3.3759999999999764	trials	926.3719666666667	926.3729666666667	7.0	[-6.67259884  6.6410656  -4.67259884  4.6410656 ]	2.356194490192345	R
927.733	3.0970000000000937	trials	929.7864333333333	929.7874333333333	4.0	[-0.98725879 -6.99998999  1.01274121 -8.99998951]	-1.5707963267948966	R
931.082	3.22199999999998	trials	933.231	933.232	3.0	[ 4.66360712 -4.65009308  6.66360712 -6.65009308]	-0.7853981633974483	R
934.555	2.4180000000000064	trials	935.9066333333334	935.9076333333334	2.0	[ 6.99999762  1.00637066  8.99999714 -0.9936294 ]	0.0	R
937.225	2.70799999999997	trials	938.8048333333334	938.8058333333333	1.0	[4.65460157 6.65910625 6.65460157 4.65910625]	0.7853981633974483	R
940.184	2.4909999999999854	trials	942.0188	942.0198	5.0	[-6.64558125 -4.66810465 -4.64558125 -6.66810465]	-2.356194490192345	I
942.927	7.9249999999999545	trials	949.6748	949.6758	6.0	[-8.99997711  0.98088819 -6.99997711 -1.01911187]	3.141592653589793	R
951.103	2.8360000000000127	trials	952.7835333333334	952.7845333333333	0.0	[-1.  9.  1.  7.]	1.5707963267948966	R
954.191	3.367999999999938	trials	956.3183	956.3193	7.0	[-1.  9.  1.  7.]	2.356194490192345	R
957.811	2.6340000000000146	trials	959.3307666666667	959.3318	2.0	[ 6.99999762  1.00637066  8.99999714 -0.9936294 ]	0.0	R
960.696	3.0799999999999272	trials	962.5668	962.5678333333333	6.0	[-8.99997711  0.98088819 -6.99997711 -1.01911187]	3.141592653589793	R
964.027	1.016999999999939	trials				[nan nan nan nan]		A
965.296	2.5389999999999873	trials	966.67	966.671	0.0	[-1.  9.  1.  7.]	1.5707963267948966	R
968.087	3.3010000000000446	trials	970.2579	970.2589	5.0	[-6.64558125 -4.66810465 -4.64558125 -6.66810465]	-2.356194490192345	R
971.639	2.90300000000002	trials	973.4147333333333	973.4157333333334	1.0	[4.65460157 6.65910625 6.65460157 4.65910625]	0.7853981633974483	R
974.793	2.548999999999978	trials	976.3259666666667	976.3269666666666	4.0	[-0.98725879 -6.99998999  1.01274121 -8.99998951]	-1.5707963267948966	R
977.593	2.9569999999999936	trials	979.4196333333333	979.4206333333333	6.0	[-0.98725879 -6.99998999  1.01274121 -8.99998951]	3.141592653589793	R
980.802	2.427000000000021	trials	982.0662	982.0672333333333	1.0	[4.65460157 6.65910625 6.65460157 4.65910625]	0.7853981633974483	R
983.481	2.5230000000000246	trials	984.801	984.802	7.0	[-6.67259884  6.6410656  -4.67259884  4.6410656 ]	2.356194490192345	R
986.256	3.1170000000000755	trials	988.2164666666666	988.2175	3.0	[ 4.66360712 -4.65009308  6.66360712 -6.65009308]	-0.7853981633974483	R
989.625	2.399000000000001	trials	990.9673	990.9683	4.0	[-0.98725879 -6.99998999  1.01274121 -8.99998951]	-1.5707963267948966	R
992.276	2.910000000000082	trials	994.0910666666666	994.0920666666667	5.0	[-6.64558125 -4.66810465 -4.64558125 -6.66810465]	-2.356194490192345	R
995.437	3.15300000000002	trials	997.4514	997.4524	2.0	[ 6.99999762  1.00637066  8.99999714 -0.9936294 ]	0.0	R
998.842	2.965000000000032	trials	1000.6814333333333	1000.6824333333333	0.0	[-1.  9.  1.  7.]	1.5707963267948966	R
1002.059	3.3590000000000373	trials	1004.3355	1004.3365	6.0	[-1.  9.  1.  7.]	3.141592653589793	R
1005.67	2.6800000000000637	trials	1007.1645	1007.1655	3.0	[ 4.66360712 -4.65009308  6.66360712 -6.65009308]	-0.7853981633974483	R
1008.602	3.25	trials	1010.7213333333333	1010.7223333333334	7.0	[-6.67259884  6.6410656  -4.67259884  4.6410656 ]	2.356194490192345	R
1012.104	3.1429999999999154	trials	1014.205	1014.206	1.0	[4.65460157 6.65910625 6.65460157 4.65910625]	0.7853981633974483	R
1015.498	3.0379999999998972	trials	1017.4139666666666	1017.4149666666667	2.0	[ 6.99999762  1.00637066  8.99999714 -0.9936294 ]	0.0	R
1018.787	3.01400000000001	trials	1020.6911	1020.6921	5.0	[-6.64558125 -4.66810465 -4.64558125 -6.66810465]	-2.356194490192345	R
1022.052	3.05499999999995	trials	1024.0975333333333	1024.0985333333333	4.0	[-0.98725879 -6.99998999  1.01274121 -8.99998951]	-1.5707963267948966	R
1025.359	2.939000000000078	trials	1027.1782	1027.1792	0.0	[-1.  9.  1.  7.]	1.5707963267948966	R
1028.55	2.8220000000001164	trials	1030.2959333333333	1030.2969333333333	5.0	[-1.  9.  1.  7.]	-2.356194490192345	R
1031.623	2.5039999999999054	trials	1033.0257	1033.0267	4.0	[-0.98725879 -6.99998999  1.01274121 -8.99998951]	-1.5707963267948966	R
1034.379	0.6950000000001637	trials				[nan nan nan nan]		A
1035.325	2.530999999999949	trials	1036.7469333333333	1036.7479333333333	1.0	[4.65460157 6.65910625 6.65460157 4.65910625]	0.7853981633974483	R
1038.107	2.3910000000000764	trials	1039.3333666666667	1039.3343666666667	2.0	[ 6.99999762  1.00637066  8.99999714 -0.9936294 ]	0.0	R
1040.75	3.1510000000000673	trials	1042.4501	1042.4511	3.0	[ 4.66360712 -4.65009308  6.66360712 -6.65009308]	-0.7853981633974483	R
1044.152	2.744999999999891	trials	1045.7853666666667	1045.7864	0.0	[-1.  9.  1.  7.]	1.5707963267948966	R
1047.149	2.730000000000018	trials	1048.8038666666666	1048.8048666666666	6.0	[-8.99997711  0.98088819 -6.99997711 -1.01911187]	3.141592653589793	R
1050.13	3.0299999999999727	trials	1051.9126	1051.9136	3.0	[-8.99997711  0.98088819 -6.99997711 -1.01911187]	-0.7853981633974483	R
1053.411	2.589999999999918	trials	1054.8719333333333	1054.8729333333333	0.0	[-1.  9.  1.  7.]	1.5707963267948966	R
1056.252	2.9449999999999363	trials	1058.127	1058.1280333333334	2.0	[ 6.99999762  1.00637066  8.99999714 -0.9936294 ]	0.0	R
1059.448	2.9859999999998763	trials	1061.349	1061.3500333333334	6.0	[-8.99997711  0.98088819 -6.99997711 -1.01911187]	3.141592653589793	R
1062.685	3.3070000000000164	trials	1064.8928	1064.8938	5.0	[-6.64558125 -4.66810465 -4.64558125 -6.66810465]	-2.356194490192345	R
1066.243	2.275000000000091	trials	1067.8281	1067.8291	1.0	[4.65460157 6.65910625 6.65460157 4.65910625]	0.7853981633974483	I
1068.769	0.7080000000000837	trials				[nan nan nan nan]		A
1069.729	2.086999999999989	trials	1070.5859333333333	1070.5869333333333	4.0	[-0.98725879 -6.99998999  1.01274121 -8.99998951]	-1.5707963267948966	R
1072.068	2.29099999999994	trials	1073.1593333333333	1073.1603333333333	3.0	[-0.98725879 -6.99998999  1.01274121 -8.99998951]	-0.7853981633974483	R
1074.611	2.686999999999898	trials	1076.1407333333334	1076.1417333333334	6.0	[-8.99997711  0.98088819 -6.99997711 -1.01911187]	3.141592653589793	R
1077.549	0.974999999999909	trials				[nan nan nan nan]		A
1078.775	2.5459999999998217	trials	1080.3030666666666	1080.3040666666666	4.0	[-0.98725879 -6.99998999  1.01274121 -8.99998951]	-1.5707963267948966	R
1081.572	2.7150000000001455	trials	1083.1952333333334	1083.1962333333333	1.0	[4.65460157 6.65910625 6.65460157 4.65910625]	0.7853981633974483	R
1084.539	2.5190000000000055	trials	1085.9420666666667	1085.9430666666667	2.0	[ 6.99999762  1.00637066  8.99999714 -0.9936294 ]	0.0	R
1087.309	2.689000000000078	trials	1088.8613	1088.8623	7.0	[-6.67259884  6.6410656  -4.67259884  4.6410656 ]	2.356194490192345	R
1090.25	1.2799999999999727	trials				[nan nan nan nan]		A
1091.782	0.77800000000002	trials				[nan nan nan nan]		A
1092.811	0.17800000000011096	trials				[nan nan nan nan]		A
1093.24	2.689000000000078	trials	1094.7549333333334	1094.7559333333334	3.0	[ 4.66360712 -4.65009308  6.66360712 -6.65009308]	-0.7853981633974483	R
1096.18	3.01299999999992	trials	1098.0932333333333	1098.0942333333332	6.0	[-8.99997711  0.98088819 -6.99997711 -1.01911187]	3.141592653589793	R
1099.445	2.8350000000000364	trials	1101.2109666666668	1101.2119666666667	0.0	[-1.  9.  1.  7.]	1.5707963267948966	R
1102.531	7.835000000000036	trials	1109.3040666666666	1109.3050666666666	5.0	[-6.64558125 -4.66810465 -4.64558125 -6.66810465]	-2.356194490192345	R
1110.617	2.8900000000001	trials	1112.3817	1112.3827	2.0	[ 6.99999762  1.00637066  8.99999714 -0.9936294 ]	0.0	R
1113.759	3.160000000000082	trials	1115.5194666666666	1115.5204666666666	7.0	[-6.67259884  6.6410656  -4.67259884  4.6410656 ]	2.356194490192345	R
1117.171	2.8199999999999363	trials	1119.2397	1119.2407333333333	4.0	[-6.67259884  6.6410656  -4.67259884  4.6410656 ]	-1.5707963267948966	I
1120.242	3.4120000000000346	trials	1122.4677333333334	1122.4687333333334	1.0	[4.65460157 6.65910625 6.65460157 4.65910625]	0.7853981633974483	R
1123.905	3.1030000000000655	trials	1125.8972333333334	1125.8982333333333	2.0	[ 6.99999762  1.00637066  8.99999714 -0.9936294 ]	0.0	R
1127.26	3.5060000000000855	trials	1129.5653333333332	1129.5663333333334	7.0	[-6.67259884  6.6410656  -4.67259884  4.6410656 ]	2.356194490192345	R
1131.018	2.946999999999889	trials	1132.8876	1132.8886	0.0	[-1.  9.  1.  7.]	1.5707963267948966	R
1134.217	3.074999999999818	trials	1136.0805	1136.0815333333333	6.0	[-8.99997711  0.98088819 -6.99997711 -1.01911187]	3.141592653589793	R
1137.543	2.3890000000001237	trials	1138.8293333333334	1138.8303333333333	5.0	[-6.64558125 -4.66810465 -4.64558125 -6.66810465]	-2.356194490192345	R
1140.184	3.1259999999999764	trials	1142.1566	1142.1576	3.0	[ 4.66360712 -4.65009308  6.66360712 -6.65009308]	-0.7853981633974483	R
1143.562	2.3920000000000528	trials	1144.8302333333334	1144.8312333333333	0.0	[ 4.66360712 -4.65009308  6.66360712 -6.65009308]	1.5707963267948966	R
1146.206	3.117000000000189	trials	1148.2677666666666	1148.2687666666666	5.0	[-6.64558125 -4.66810465 -4.64558125 -6.66810465]	-2.356194490192345	R
1149.575	3.058999999999969	trials	1151.6140666666668	1151.6150666666667	4.0	[-0.98725879 -6.99998999  1.01274121 -8.99998951]	-1.5707963267948966	R
1152.885	2.410000000000082	trials	1154.1634	1154.1644	1.0	[4.65460157 6.65910625 6.65460157 4.65910625]	0.7853981633974483	R
1155.547	2.354000000000042	trials	1156.7297666666666	1156.7307666666666	2.0	[ 6.99999762  1.00637066  8.99999714 -0.9936294 ]	0.0	R
1158.152	2.509999999999991	trials	1159.2610666666667	1159.2620666666667	7.0	[-6.67259884  6.6410656  -4.67259884  4.6410656 ]	2.356194490192345	R
1160.913	2.6639999999999873	trials	1162.469	1162.47	6.0	[-8.99997711  0.98088819 -6.99997711 -1.01911187]	3.141592653589793	R
1163.828	2.884999999999991	trials	1165.4975333333334	1165.4985333333334	3.0	[ 4.66360712 -4.65009308  6.66360712 -6.65009308]	-0.7853981633974483	R
1166.964	2.7910000000001673	trials	1168.6403333333333	1168.6413333333333	0.0	[ 4.66360712 -4.65009308  6.66360712 -6.65009308]	1.5707963267948966	R
1170.007	2.992999999999938	trials	1171.8964333333333	1171.8974333333333	3.0	[ 4.66360712 -4.65009308  6.66360712 -6.65009308]	-0.7853981633974483	R
1173.252	3.1480000000001382	trials	1175.2066333333332	1175.2076333333334	1.0	[4.65460157 6.65910625 6.65460157 4.65910625]	0.7853981633974483	R
1176.651	2.0979999999999563	trials	1177.6848	1177.6858	4.0	[-0.98725879 -6.99998999  1.01274121 -8.99998951]	-1.5707963267948966	R
1179.001	3.375	trials	1181.3448666666666	1181.3458666666668	5.0	[-6.64558125 -4.66810465 -4.64558125 -6.66810465]	-2.356194490192345	R
1182.628	2.7509999999999764	trials	1184.212	1184.213	7.0	[-6.67259884  6.6410656  -4.67259884  4.6410656 ]	2.356194490192345	R
1185.631	3.2590000000000146	trials	1187.7698	1187.7708333333333	2.0	[ 6.99999762  1.00637066  8.99999714 -0.9936294 ]	0.0	R
1189.141	2.908999999999878	trials	1190.9597333333334	1190.9607333333333	6.0	[-8.99997711  0.98088819 -6.99997711 -1.01911187]	3.141592653589793	R
1192.302	2.8860000000001946	trials	1194.0414	1194.0424	0.0	[-8.99997711  0.98088819 -6.99997711 -1.01911187]	1.5707963267948966	R
1195.44	3.268000000000029	trials	1197.6413333333333	1197.6423333333332	4.0	[-0.98725879 -6.99998999  1.01274121 -8.99998951]	-1.5707963267948966	R
1198.96	0.6800000000000637	trials				[nan nan nan nan]		A
1199.892	1.8519999999998618	trials	1200.6066666666666	1200.6077	6.0	[-8.99997711  0.98088819 -6.99997711 -1.01911187]	3.141592653589793	R
1201.995	3.456000000000131	trials	1204.3720333333333	1204.3730333333333	1.0	[4.65460157 6.65910625 6.65460157 4.65910625]	0.7853981633974483	R
1205.702	2.911000000000058	trials	1207.4968	1207.4978	5.0	[-6.64558125 -4.66810465 -4.64558125 -6.66810465]	-2.356194490192345	R
1208.864	3.4200000000000728	trials	1211.1689	1211.1699	3.0	[ 4.66360712 -4.65009308  6.66360712 -6.65009308]	-0.7853981633974483	R
1212.535	2.8489999999999327	trials	1214.3177	1214.3187333333333	2.0	[ 6.99999762  1.00637066  8.99999714 -0.9936294 ]	0.0	R
1215.636	3.2260000000001128	trials	1217.7602666666667	1217.7612666666666	2.0	[ 6.99999762  1.00637066  8.99999714 -0.9936294 ]	0.0	R
1219.114	2.4479999999998654	trials	1220.3938	1220.3948	3.0	[ 4.66360712 -4.65009308  6.66360712 -6.65009308]	-0.7853981633974483	R
1221.813	2.826999999999998	trials	1223.5536333333334	1223.5546333333334	0.0	[-1.  9.  1.  7.]	1.5707963267948966	R
1224.892	2.81899999999996	trials	1226.6242666666667	1226.6252666666667	1.0	[4.65460157 6.65910625 6.65460157 4.65910625]	0.7853981633974483	R
1227.963	3.3740000000000236	trials	1230.1821	1230.1831	5.0	[-6.64558125 -4.66810465 -4.64558125 -6.66810465]	-2.356194490192345	R
1231.589	2.908000000000129	trials	1233.3229	1233.3239	7.0	[-6.67259884  6.6410656  -4.67259884  4.6410656 ]	2.356194490192345	R
1234.748	3.1900000000000546	trials	1236.8015333333333	1236.8025333333333	6.0	[-8.99997711  0.98088819 -6.99997711 -1.01911187]	3.141592653589793	R
1238.19	3.0139999999998963	trials	1240.1237666666666	1240.1247666666666	4.0	[-0.98725879 -6.99998999  1.01274121 -8.99998951]	-1.5707963267948966	R
1241.456	3.3300000000001546	trials	1243.5823666666668	1243.5833666666667	3.0	[-0.98725879 -6.99998999  1.01274121 -8.99998951]	-0.7853981633974483	R
1245.038	2.5599999999999454	trials	1246.5938333333334	1246.5948333333333	6.0	[-8.99997711  0.98088819 -6.99997711 -1.01911187]	3.141592653589793	F
1247.85	2.8500000000001364	trials	1249.5090666666667	1249.5100666666667	1.0	[4.65460157 6.65910625 6.65460157 4.65910625]	0.7853981633974483	R
1250.952	2.72199999999998	trials	1252.5937333333334	1252.5947333333334	2.0	[ 6.99999762  1.00637066  8.99999714 -0.9936294 ]	0.0	R
1253.926	3.0060000000000855	trials	1255.8508	1255.8518	5.0	[-6.64558125 -4.66810465 -4.64558125 -6.66810465]	-2.356194490192345	R
1257.183	3.339999999999918	trials	1259.3404666666668	1259.3414666666667	7.0	[-6.67259884  6.6410656  -4.67259884  4.6410656 ]	2.356194490192345	R
1260.775	3.744999999999891	trials	1263.2943	1263.2953	0.0	[-1.  9.  1.  7.]	1.5707963267948966	R
1264.772	2.4470000000001164	trials	1266.1594	1266.1604	4.0	[-0.98725879 -6.99998999  1.01274121 -8.99998951]	-1.5707963267948966	R
1267.471	2.8489999999999327	trials	1269.2069666666666	1269.2079666666666	2.0	[-0.98725879 -6.99998999  1.01274121 -8.99998951]	0.0	R
1270.571	2.9670000000000982	trials	1272.443	1272.444	1.0	[4.65460157 6.65910625 6.65460157 4.65910625]	0.7853981633974483	R
1273.789	2.451999999999998	trials	1275.2369333333334	1275.2379333333333	5.0	[-6.64558125 -4.66810465 -4.64558125 -6.66810465]	-2.356194490192345	F
1276.493	3.5570000000000164	trials	1278.8208333333334	1278.8218333333334	3.0	[ 4.66360712 -4.65009308  6.66360712 -6.65009308]	-0.7853981633974483	R
1280.302	0.5860000000000127	trials				[nan nan nan nan]		A
1281.14	2.681999999999789	trials	1282.6804	1282.6814	0.0	[-1.  9.  1.  7.]	1.5707963267948966	R
1284.074	2.4939999999999145	trials	1285.4192	1285.4202	4.0	[-0.98725879 -6.99998999  1.01274121 -8.99998951]	-1.5707963267948966	R
1286.82	2.375	trials	1288.0246666666667	1288.0256666666667	6.0	[-8.99997711  0.98088819 -6.99997711 -1.01911187]	3.141592653589793	R
1289.446	2.5190000000000055	trials	1290.7574666666667	1290.7584666666667	7.0	[-8.99997711  0.98088819 -6.99997711 -1.01911187]	2.356194490192345	R
1292.217	2.8659999999999854	trials	1293.9343333333334	1293.9353333333333	0.0	[-1.  9.  1.  7.]	1.5707963267948966	R
1295.335	3.171000000000049	trials	1297.3368	1297.3378	3.0	[ 4.66360712 -4.65009308  6.66360712 -6.65009308]	-0.7853981633974483	R
1298.757	2.9249999999999545	trials	1300.6269666666667	1300.6279666666667	5.0	[-6.64558125 -4.66810465 -4.64558125 -6.66810465]	-2.356194490192345	R
1301.933	3.053000000000111	trials	1303.7888	1303.7898	4.0	[-0.98725879 -6.99998999  1.01274121 -8.99998951]	-1.5707963267948966	R
1305.237	2.2390000000000327	trials	1306.3381333333334	1306.3391333333334	1.0	[4.65460157 6.65910625 6.65460157 4.65910625]	0.7853981633974483	R
1307.728	2.519999999999982	trials	1309.1651333333334	1309.1661666666666	2.0	[ 6.99999762  1.00637066  8.99999714 -0.9936294 ]	0.0	R
1310.499	2.663000000000011	trials	1312.0352666666668	1312.0362666666667	6.0	[-8.99997711  0.98088819 -6.99997711 -1.01911187]	3.141592653589793	R
1313.414	3.4249999999999545	trials	1315.6903333333332	1315.6913333333334	3.0	[-8.99997711  0.98088819 -6.99997711 -1.01911187]	-0.7853981633974483	R
1317.091	6.5900000000001455	trials	1322.5784333333334	1322.5794333333333	1.0	[4.65460157 6.65910625 6.65460157 4.65910625]	0.7853981633974483	R
1323.933	2.699000000000069	trials	1325.4716333333333	1325.4726333333333	7.0	[-6.67259884  6.6410656  -4.67259884  4.6410656 ]	2.356194490192345	R
1326.883	1.0740000000000691	trials				[nan nan nan nan]		A
1328.208	1.862999999999829	trials	1328.8851	1328.8861	5.0	[-6.64558125 -4.66810465 -4.64558125 -6.66810465]	-2.356194490192345	R
1330.323	2.9249999999999545	trials	1332.2254	1332.2264	4.0	[-0.98725879 -6.99998999  1.01274121 -8.99998951]	-1.5707963267948966	R
1333.5	2.897999999999911	trials	1335.2669333333333	1335.2679333333333	6.0	[-8.99997711  0.98088819 -6.99997711 -1.01911187]	3.141592653589793	R
1336.649	2.775000000000091	trials	1338.2533666666666	1338.2543666666666	0.0	[-1.  9.  1.  7.]	1.5707963267948966	R
1339.676	2.4010000000000673	trials	1341.0001666666667	1341.0011666666667	5.0	[-1.  9.  1.  7.]	-2.356194490192345	R
1342.328	2.240000000000009	trials	1343.5023666666666	1343.5033666666666	1.0	[4.65460157 6.65910625 6.65460157 4.65910625]	0.7853981633974483	R
1344.82	2.6549999999999727	trials	1346.3454333333334	1346.3464333333334	2.0	[ 6.99999762  1.00637066  8.99999714 -0.9936294 ]	0.0	R
1347.727	2.298000000000002	trials	1348.8476666666666	1348.8486666666668	4.0	[-0.98725879 -6.99998999  1.01274121 -8.99998951]	-1.5707963267948966	R
1350.276	2.788000000000011	trials	1351.8430666666666	1351.8441	7.0	[-6.67259884  6.6410656  -4.67259884  4.6410656 ]	2.356194490192345	R
1353.316	2.893000000000029	trials	1355.0891333333334	1355.0901333333334	0.0	[-1.  9.  1.  7.]	1.5707963267948966	R
1356.461	2.900000000000091	trials	1358.2359666666666	1358.2369666666666	6.0	[-8.99997711  0.98088819 -6.99997711 -1.01911187]	3.141592653589793	R
1359.612	3.4890000000000327	trials	1361.7917666666667	1361.7928	3.0	[ 4.66360712 -4.65009308  6.66360712 -6.65009308]	-0.7853981633974483	R
1363.353	2.4909999999999854	trials	1364.7681666666667	1364.7691666666667	5.0	[ 4.66360712 -4.65009308  6.66360712 -6.65009308]	-2.356194490192345	R
1366.095	2.522999999999911	trials	1367.524	1367.525	0.0	[-1.  9.  1.  7.]	1.5707963267948966	R
1368.869	2.5130000000001473	trials	1370.2558	1370.2568	3.0	[ 4.66360712 -4.65009308  6.66360712 -6.65009308]	-0.7853981633974483	R
1371.633	2.7719999999999345	trials	1373.3294333333333	1373.3304333333333	6.0	[-8.99997711  0.98088819 -6.99997711 -1.01911187]	3.141592653589793	R
1374.657	2.7029999999999745	trials	1376.2476666666666	1376.2486666666666	1.0	[4.65460157 6.65910625 6.65460157 4.65910625]	0.7853981633974483	R
1377.612	1.5209999999999582	trials				[nan nan nan nan]		A
1379.384	0.27299999999991087	trials				[nan nan nan nan]		A
1379.909	2.1989999999998417	trials	1380.8551	1380.8561	7.0	[-6.67259884  6.6410656  -4.67259884  4.6410656 ]	2.356194490192345	R
1382.36	0.9830000000001746	trials				[nan nan nan nan]		A
1383.595	2.0579999999999927	trials	1384.5863666666667	1384.5873666666666	4.0	[-0.98725879 -6.99998999  1.01274121 -8.99998951]	-1.5707963267948966	R
1385.905	2.8250000000000455	trials	1387.6760333333334	1387.6770333333334	5.0	[-6.64558125 -4.66810465 -4.64558125 -6.66810465]	-2.356194490192345	R
1388.981	2.9829999999999472	trials	1390.9130666666667	1390.9140666666667	0.0	[-1.  9.  1.  7.]	1.5707963267948966	R
1392.215	2.8780000000001564	trials	1393.9776666666667	1393.9786666666666	2.0	[ 6.99999762  1.00637066  8.99999714 -0.9936294 ]	0.0	R
1395.345	3.0260000000000673	trials	1397.2808666666667	1397.2818666666667	1.0	[4.65460157 6.65910625 6.65460157 4.65910625]	0.7853981633974483	R
1398.622	2.2309999999999945	trials	1399.8482333333334	1399.8492666666666	3.0	[ 4.66360712 -4.65009308  6.66360712 -6.65009308]	-0.7853981633974483	F
1401.104	3.048999999999978	trials	1402.9840333333334	1402.9850333333334	7.0	[-6.67259884  6.6410656  -4.67259884  4.6410656 ]	2.356194490192345	R
1404.405	3.33400000000006	trials	1406.5689333333332	1406.5699333333334	1.0	[-6.67259884  6.6410656  -4.67259884  4.6410656 ]	0.7853981633974483	R
1407.99	2.413000000000011	trials	1409.3027333333334	1409.3037333333334	2.0	[ 6.99999762  1.00637066  8.99999714 -0.9936294 ]	0.0	R
1410.655	2.701999999999998	trials	1412.6309666666666	1412.6319666666666	3.0	[ 4.66360712 -4.65009308  6.66360712 -6.65009308]	-0.7853981633974483	I
1413.608	3.189000000000078	trials	1415.5953333333334	1415.5963333333334	7.0	[-6.67259884  6.6410656  -4.67259884  4.6410656 ]	2.356194490192345	R
1417.049	2.685999999999922	trials	1418.5496666666666	1418.5506666666668	6.0	[-8.99997711  0.98088819 -6.99997711 -1.01911187]	3.141592653589793	R
1419.986	3.41599999999994	trials	1422.3210333333334	1422.3220333333334	5.0	[-6.64558125 -4.66810465 -4.64558125 -6.66810465]	-2.356194490192345	R
1423.653	2.2409999999999854	trials	1424.7831333333334	1424.7841333333333	0.0	[-1.  9.  1.  7.]	1.5707963267948966	R
1426.146	2.6259999999999764	trials	1427.6603	1427.6613	4.0	[-0.98725879 -6.99998999  1.01274121 -8.99998951]	-1.5707963267948966	R
1429.024	2.491000000000213	trials	1430.4341666666667	1430.4351666666666	5.0	[-0.98725879 -6.99998999  1.01274121 -8.99998951]	-2.356194490192345	R
1431.766	2.606999999999971	trials	1433.2852333333333	1433.2862333333333	6.0	[-8.99997711e+00  9.80888188e-01  1.28189446e-30 -1.35601129e+34]	3.141592653589793	R
1434.625	3.0429999999998927	trials	1436.5523666666666	1436.5533666666668	7.0	[-6.67259884  6.6410656  -4.67259884  4.6410656 ]	2.356194490192345	R
1437.92	2.4069999999999254	trials	1439.1498	1439.1508	0.0	[-1.  9.  1.  7.]	1.5707963267948966	R
1440.578	2.7049999999999272	trials	1442.2896	1442.2906	3.0	[ 4.66360712 -4.65009308  6.66360712 -6.65009308]	-0.7853981633974483	I
1443.535	2.3840000000000146	trials	1444.6685	1444.6695	1.0	[4.65460157 6.65910625 6.65460157 4.65910625]	0.7853981633974483	R
1446.17	2.8819999999998345	trials	1448.0138	1448.0148	4.0	[-0.98725879 -6.99998999  1.01274121 -8.99998951]	-1.5707963267948966	R
1449.304	2.991999999999962	trials	1451.0784	1451.0794	2.0	[ 6.99999762  1.00637066  8.99999714 -0.9936294 ]	0.0	R
1452.548	0.59699999999998	trials				[nan nan nan nan]		A
1453.396	2.6420000000000528	trials	1454.944	1454.945	6.0	[-8.99997711  0.98088819 -6.99997711 -1.01911187]	3.141592653589793	R
1456.289	3.3379999999999654	trials	1458.4697666666666	1458.4707666666666	3.0	[ 4.66360712 -4.65009308  6.66360712 -6.65009308]	-0.7853981633974483	R
1459.878	2.563000000000102	trials	1461.3218333333334	1461.3228333333334	5.0	[-6.64558125 -4.66810465 -4.64558125 -6.66810465]	-2.356194490192345	R
1462.692	3.161000000000058	trials	1464.7664	1464.7674	0.0	[-1.  9.  1.  7.]	1.5707963267948966	R
1466.105	3.1639999999999873	trials	1468.231	1468.232	1.0	[4.65460157 6.65910625 6.65460157 4.65910625]	0.7853981633974483	R
1469.52	2.1510000000000673	trials	1470.5287	1470.5297	2.0	[ 6.99999762  1.00637066  8.99999714 -0.9936294 ]	0.0	R
1471.922	2.1720000000000255	trials	1473.0489666666667	1473.0499666666667	4.0	[-0.98725879 -6.99998999  1.01274121 -8.99998951]	-1.5707963267948966	R
1474.345	0.05999999999994543	trials				[nan nan nan nan]		R
1477.022	3.125	trials	1478.9305666666667	1478.9315666666666	7.0	[-6.67259884  6.6410656  -4.67259884  4.6410656 ]	2.356194490192345	R
1480.398	2.691000000000031	trials	1482.0112	1482.0122	5.0	[-6.64558125 -4.66810465 -4.64558125 -6.66810465]	-2.356194490192345	R
1483.341	2.66800000000012	trials	1484.9464666666668	1484.9475	4.0	[-0.98725879 -6.99998999  1.01274121 -8.99998951]	-1.5707963267948966	R
1486.261	2.469000000000051	trials	1487.6181	1487.6191333333334	3.0	[ 4.66360712 -4.65009308  6.66360712 -6.65009308]	-0.7853981633974483	R
1488.982	2.3250000000000455	trials	1490.1694333333332	1490.1704666666667	0.0	[-1.  9.  1.  7.]	1.5707963267948966	R
1491.559	3.0019999999999527	trials	1493.4696333333334	1493.4706333333334	1.0	[4.65460157 6.65910625 6.65460157 4.65910625]	0.7853981633974483	R
1494.813	0.6630000000000109	trials				[nan nan nan nan]		A
1495.727	1.8709999999998672	trials	1496.4771	1496.4781	0.0	[-8.99997711  0.98088819 -6.99997711 -1.01911187]	1.5707963267948966	R
1497.85	3.1130000000000564	trials	1499.8204	1499.8214	1.0	[4.65460157 6.65910625 6.65460157 4.65910625]	0.7853981633974483	I
1501.215	3.7840000000001055	trials	1503.7571666666668	1503.7581666666667	2.0	[ 6.99999762  1.00637066  8.99999714 -0.9936294 ]	0.0	R
1505.251	2.8179999999999836	trials	1506.914	1506.915	7.0	[-6.67259884  6.6410656  -4.67259884  4.6410656 ]	2.356194490192345	R
1508.321	3.1620000000000346	trials	1510.4217333333333	1510.4227333333333	6.0	[-8.99997711  0.98088819 -6.99997711 -1.01911187]	3.141592653589793	R
1511.735	3.3460000000000036	trials	1513.9134	1513.9144	5.0	[-6.64558125 -4.66810465 -4.64558125 -6.66810465]	-2.356194490192345	R
1515.333	2.838999999999942	trials	1517.1364	1517.1374	4.0	[-0.98725879 -6.99998999  1.01274121 -8.99998951]	-1.5707963267948966	R
1518.424	2.8479999999999563	trials	1520.5067666666666	1520.5077666666666	3.0	[ 4.66360712 -4.65009308  6.66360712 -6.65009308]	-0.7853981633974483	I
1521.523	1.4950000000001182	trials				[nan nan nan nan]		A
1523.27	3.1189999999999145	trials	1525.0941333333333	1525.0951333333333	0.0	[-1.  9.  1.  7.]	1.5707963267948966	R
1526.641	2.438999999999851	trials	1527.9311666666667	1527.9321666666667	1.0	[4.65460157 6.65910625 6.65460157 4.65910625]	0.7853981633974483	R
1529.332	2.70699999999988	trials	1530.9336333333333	1530.9346333333333	2.0	[ 6.99999762  1.00637066  8.99999714 -0.9936294 ]	0.0	R
1532.291	3.074000000000069	trials	1534.2909666666667	1534.2919666666667	4.0	[-0.98725879 -6.99998999  1.01274121 -8.99998951]	-1.5707963267948966	R
1535.616	3.0140000000001237	trials	1537.5440333333333	1537.5450333333333	5.0	[-6.64558125 -4.66810465 -4.64558125 -6.66810465]	-2.356194490192345	R
1538.881	2.8609999999998763	trials	1540.6958666666667	1540.6968666666667	6.0	[-8.99997711  0.98088819 -6.99997711 -1.01911187]	3.141592653589793	R
1541.994	2.1000000000001364	trials	1543.3163666666667	1543.3173666666667	3.0	[ 4.66360712 -4.65009308  6.66360712 -6.65009308]	-0.7853981633974483	I
1544.346	0.6159999999999854	trials				[nan nan nan nan]		A
1545.214	2.2609999999999673	trials	1546.4631666666667	1546.4642	4.0	[-0.98725879 -6.99998999  1.01274121 -8.99998951]	-1.5707963267948966	R
1547.726	2.4769999999998618	trials	1549.1137666666666	1549.1147666666666	6.0	[-8.99997711  0.98088819 -6.99997711 -1.01911187]	3.141592653589793	R
1550.455	2.5820000000001073	trials	1551.9518	1551.9528	0.0	[-1.  9.  1.  7.]	1.5707963267948966	R
1553.288	3.0550000000000637	trials	1555.2770666666668	1555.2780666666667	2.0	[ 6.99999762  1.00637066  8.99999714 -0.9936294 ]	0.0	R
1556.594	2.6599999999998545	trials	1558.068	1558.069	7.0	[-6.67259884  6.6410656  -4.67259884  4.6410656 ]	2.356194490192345	R
1559.506	2.076000000000022	trials	1560.8629333333333	1560.8639333333333	1.0	[4.65460157 6.65910625 6.65460157 4.65910625]	0.7853981633974483	I
1561.833	2.9990000000000236	trials	1563.7691333333332	1563.7701333333334	5.0	[-6.64558125 -4.66810465 -4.64558125 -6.66810465]	-2.356194490192345	R
1565.083	2.7239999999999327	trials	1566.7375	1566.7385	0.0	[-6.64558125 -4.66810465 -4.64558125 -6.66810465]	1.5707963267948966	R
1568.059	2.33400000000006	trials	1569.7129	1569.7139	7.0	[-6.67259884  6.6410656  -4.67259884  4.6410656 ]	2.356194490192345	I
1570.644	4.035000000000082	trials	1573.5805	1573.5815	6.0	[-8.99997711  0.98088819 -6.99997711 -1.01911187]	3.141592653589793	R
1574.931	3.758000000000038	trials	1577.3999666666666	1577.4009666666666	3.0	[ 4.66360712 -4.65009308  6.66360712 -6.65009308]	-0.7853981633974483	R
1578.941	2.7549999999998818	trials	1580.6249666666668	1580.626	5.0	[-6.64558125 -4.66810465 -4.64558125 -6.66810465]	-2.356194490192345	R
1581.947	2.4980000000000473	trials	1583.3788	1583.3798	4.0	[-0.98725879 -6.99998999  1.01274121 -8.99998951]	-1.5707963267948966	R
1584.697	2.6080000000001746	trials	1586.5336333333332	1586.5346666666667	1.0	[4.65460157 6.65910625 6.65460157 4.65910625]	0.7853981633974483	I
1587.556	13.09199999999987	trials	1599.5178666666666	1599.5188666666666	2.0	[ 6.99999762  1.00637066  8.99999714 -0.9936294 ]	0.0	R
1600.899	3.2480000000000473	trials	1602.9363666666666	1602.9373666666668	6.0	[ 6.99999762  1.00637066  8.99999714 -0.9936294 ]	3.141592653589793	R
1604.399	2.395000000000209	trials	1605.6390666666666	1605.6400666666666	2.0	[ 6.99999762  1.00637066  8.99999714 -0.9936294 ]	0.0	R
1607.046	3.0499999999999545	trials	1609.0014333333334	1609.0024333333333	3.0	[ 4.66360712 -4.65009308  6.66360712 -6.65009308]	-0.7853981633974483	R
1610.348	3.3420000000000982	trials	1612.4098666666666	1612.4108666666666	0.0	[-1.  9.  1.  7.]	1.5707963267948966	R
1613.942	2.699000000000069	trials	1615.5607	1615.5617	5.0	[-6.64558125 -4.66810465 -4.64558125 -6.66810465]	-2.356194490192345	R
1616.893	2.6359999999999673	trials	1618.3225666666667	1618.3235666666667	7.0	[-6.67259884  6.6410656  -4.67259884  4.6410656 ]	2.356194490192345	R
1619.78	2.7640000000001237	trials	1621.5074666666667	1621.5084666666667	4.0	[-0.98725879 -6.99998999  1.01274121 -8.99998951]	-1.5707963267948966	R
1622.796	2.77599999999984	trials	1624.4547666666667	1624.4557666666667	1.0	[4.65460157 6.65910625 6.65460157 4.65910625]	0.7853981633974483	R
1625.823	2.7679999999998017	trials	1627.4382	1627.4392	3.0	[4.65460157 6.65910625 6.65460157 4.65910625]	-0.7853981633974483	R
1628.843	3.3519999999998618	trials	1630.8977666666667	1630.8987666666667	7.0	[-6.67259884  6.6410656  -4.67259884  4.6410656 ]	2.356194490192345	R
1632.447	2.854000000000042	trials	1634.1809333333333	1634.1819333333333	0.0	[-1.  9.  1.  7.]	1.5707963267948966	R
1635.552	0.7460000000000946	trials				[nan nan nan nan]		A
1636.55	2.1340000000000146	trials	1637.5422666666666	1637.5432666666666	6.0	[-8.99997711  0.98088819 -6.99997711 -1.01911187]	3.141592653589793	R
1638.936	3.1440000000000055	trials	1640.9928333333332	1640.9938333333334	5.0	[-6.64558125 -4.66810465 -4.64558125 -6.66810465]	-2.356194490192345	R
1642.331	3.0370000000000346	trials	1644.3140666666666	1644.3150666666668	4.0	[-0.98725879 -6.99998999  1.01274121 -8.99998951]	-1.5707963267948966	R
1645.619	2.6770000000001346	trials	1646.9055	1646.9065	2.0	[ 6.99999762  1.00637066  8.99999714 -0.9936294 ]	0.0	R
1648.548	2.34699999999998	trials	1649.7415333333333	1649.7425333333333	5.0	[ 6.99999762  1.00637066  8.99999714 -0.9936294 ]	-2.356194490192345	R
1651.147	2.9220000000000255	trials	1652.9174333333333	1652.9184333333333	7.0	[-6.67259884  6.6410656  -4.67259884  4.6410656 ]	2.356194490192345	R
1654.321	2.625	trials	1655.6482	1655.6492	3.0	[ 4.66360712 -4.65009308  6.66360712 -6.65009308]	-0.7853981633974483	R
1657.198	2.897999999999911	trials	1658.9674333333332	1658.9684666666667	0.0	[-1.  9.  1.  7.]	1.5707963267948966	R
1660.348	3.129000000000133	trials	1662.3909333333334	1662.3919333333333	6.0	[-8.99997711  0.98088819 -6.99997711 -1.01911187]	3.141592653589793	R
1663.728	2.7100000000000364	trials	1665.3934	1665.3944	4.0	[-0.98725879 -6.99998999  1.01274121 -8.99998951]	-1.5707963267948966	R
1666.69	3.2849999999998545	trials	1668.7918333333334	1668.7928333333334	1.0	[4.65460157 6.65910625 6.65460157 4.65910625]	0.7853981633974483	R
1670.226	2.4049999999999727	trials	1671.4745	1671.4755	2.0	[ 6.99999762  1.00637066  8.99999714 -0.9936294 ]	0.0	R
1672.883	1.9990000000000236	trials	1673.8133	1673.8143	4.0	[ 6.99999762  1.00637066  8.99999714 -0.9936294 ]	-1.5707963267948966	R
1675.134	2.785000000000082	trials	1676.8207666666667	1676.8217666666667	0.0	[-1.  9.  1.  7.]	1.5707963267948966	R
1678.17	2.8279999999999745	trials	1679.9234666666666	1679.9244666666666	6.0	[-8.99997711  0.98088819 -6.99997711 -1.01911187]	3.141592653589793	R
1681.25	3.0	trials	1683.1113666666668	1683.1123666666667	1.0	[4.65460157 6.65910625 6.65460157 4.65910625]	0.7853981633974483	R
1684.502	0.5070000000000618	trials				[nan nan nan nan]		A
1685.261	1.7429999999999382	trials	1685.8522	1685.8532	5.0	[-6.64558125 -4.66810465 -4.64558125 -6.66810465]	-2.356194490192345	R
1687.256	2.515999999999849	trials	1688.6862333333333	1688.6872333333333	7.0	[-6.67259884  6.6410656  -4.67259884  4.6410656 ]	2.356194490192345	R
1690.024	3.1950000000001637	trials	1692.0696	1692.0706	3.0	[ 4.66360712 -4.65009308  6.66360712 -6.65009308]	-0.7853981633974483	R
1693.471	2.673000000000002	trials	1695.041	1695.042	6.0	[ 4.66360712 -4.65009308  6.66360712 -6.65009308]	3.141592653589793	R
1696.395	2.875	trials	1698.1958333333334	1698.1968333333334	2.0	[ 6.99999762  1.00637066  8.99999714 -0.9936294 ]	0.0	R
1699.521	2.5260000000000673	trials	1700.8704666666667	1700.8714666666667	0.0	[-1.  9.  1.  7.]	1.5707963267948966	R
1702.299	2.9470000000001164	trials	1704.0654	1704.0664	7.0	[-6.67259884  6.6410656  -4.67259884  4.6410656 ]	2.356194490192345	R
1705.498	2.6469999999999345	trials	1707.135	1707.136	4.0	[-0.98725879 -6.99998999  1.01274121 -8.99998951]	-1.5707963267948966	R
1708.396	2.727000000000089	trials	1709.9690333333333	1709.9700333333333	1.0	[4.65460157 6.65910625 6.65460157 4.65910625]	0.7853981633974483	R
1711.375	2.311999999999898	trials	1712.4672333333333	1712.4682333333333	3.0	[ 4.66360712 -4.65009308  6.66360712 -6.65009308]	-0.7853981633974483	R
1713.939	2.561999999999898	trials	1715.4356	1715.4366333333332	5.0	[-6.64558125 -4.66810465 -4.64558125 -6.66810465]	-2.356194490192345	R
1716.753	2.6720000000000255	trials	1718.2415666666666	1718.2425666666666	3.0	[-6.64558125 -4.66810465 -4.64558125 -6.66810465]	-0.7853981633974483	R
1719.676	2.7810000000001764	trials	1721.3683333333333	1721.3693333333333	1.0	[4.65460157 6.65910625 6.65460157 4.65910625]	0.7853981633974483	R
1722.709	2.3179999999999836	trials	1723.8475	1723.8485	2.0	[ 6.99999762  1.00637066  8.99999714 -0.9936294 ]	0.0	R
1725.279	2.936999999999898	trials	1727.1958	1727.1968	4.0	[-0.98725879 -6.99998999  1.01274121 -8.99998951]	-1.5707963267948966	R
1728.468	2.453999999999951	trials	1729.8694333333333	1729.8704333333333	5.0	[-6.64558125 -4.66810465 -4.64558125 -6.66810465]	-2.356194490192345	R
1731.174	2.7360000000001037	trials	1733.1225333333334	1733.1235333333334	7.0	[-6.67259884  6.6410656  -4.67259884  4.6410656 ]	2.356194490192345	I
1734.162	4.124000000000024	trials	1737.1675666666667	1737.1685666666667	0.0	[-1.  9.  1.  7.]	1.5707963267948966	R
1738.538	2.8509999999998854	trials	1740.2061	1740.2071	6.0	[-8.99997711  0.98088819 -6.99997711 -1.01911187]	3.141592653589793	R
1741.641	2.5219999999999345	trials	1743.0241	1743.0251	3.0	[-8.99997711  0.98088819 -6.99997711 -1.01911187]	-0.7853981633974483	R
1744.415	2.4200000000000728	trials	1745.6736666666666	1745.6746666666666	7.0	[-6.67259884  6.6410656  -4.67259884  4.6410656 ]	2.356194490192345	R
1747.086	3.0299999999999727	trials	1748.9798666666666	1748.9808666666668	6.0	[-8.99997711  0.98088819 -6.99997711 -1.01911187]	3.141592653589793	R
1750.367	3.6980000000000928	trials	1752.9477333333334	1752.9487333333334	2.0	[ 6.99999762  1.00637066  8.99999714 -0.9936294 ]	0.0	R
1754.316	2.647999999999911	trials	1755.8890333333334	1755.8900333333333	5.0	[-6.64558125 -4.66810465 -4.64558125 -6.66810465]	-2.356194490192345	R
1757.215	2.6400000000001	trials	1758.701	1758.702	1.0	[4.65460157 6.65910625 6.65460157 4.65910625]	0.7853981633974483	R
1760.107	0.5979999999999563	trials				[nan nan nan nan]		A
1760.957	1.627999999999929	trials	1761.5801666666666	1761.5811666666666	0.0	[-1.  9.  1.  7.]	1.5707963267948966	F
1762.836	2.018000000000029	trials	1763.4798666666666	1763.4808666666668	6.0	[-1.  9.  1.  7.]	3.141592653589793	R
1765.106	2.644999999999982	trials	1766.6838333333333	1766.6848333333332	0.0	[-1.  9.  1.  7.]	1.5707963267948966	R
1768.003	2.616999999999962	trials	1769.6151	1769.6161	5.0	[-6.64558125 -4.66810465 -4.64558125 -6.66810465]	-2.356194490192345	F
1770.871	0.5090000000000146	trials				[nan nan nan nan]		A
1771.632	3.4890000000000327	trials	1773.9448333333332	1773.9458666666667	4.0	[-0.98725879 -6.99998999  1.01274121 -8.99998951]	-1.5707963267948966	R
1775.372	2.6679999999998927	trials	1776.9473	1776.9483	2.0	[ 6.99999762  1.00637066  8.99999714 -0.9936294 ]	0.0	R
1778.292	3.1230000000000473	trials	1780.3136666666667	1780.3146666666667	3.0	[ 4.66360712 -4.65009308  6.66360712 -6.65009308]	-0.7853981633974483	R
1781.667	2.969000000000051	trials	1783.3863	1783.3873	7.0	[-6.67259884  6.6410656  -4.67259884  4.6410656 ]	2.356194490192345	R
1784.888	3.104000000000042	trials	1786.8719333333333	1786.8729333333333	3.0	[-6.67259884  6.6410656  -4.67259884  4.6410656 ]	-0.7853981633974483	R
1788.243	2.8900000000001	trials	1790.0388	1790.0398	5.0	[-6.64558125 -4.66810465 -4.64558125 -6.66810465]	-2.356194490192345	R
1791.384	2.7439999999999145	trials	1792.9580333333333	1792.9590333333333	7.0	[-6.67259884  6.6410656  -4.67259884  4.6410656 ]	2.356194490192345	R
1794.38	3.2359999999998763	trials	1796.5439333333334	1796.5449333333333	6.0	[-8.99997711  0.98088819 -6.99997711 -1.01911187]	3.141592653589793	R
1797.867	2.8199999999999363	trials	1799.6356	1799.6366333333333	4.0	[-0.98725879 -6.99998999  1.01274121 -8.99998951]	-1.5707963267948966	R
1800.939	2.987999999999829	trials	1802.8616333333334	1802.8626333333334	1.0	[4.65460157 6.65910625 6.65460157 4.65910625]	0.7853981633974483	R
1804.179	2.7929999999998927	trials	1805.8701	1805.8711	2.0	[ 6.99999762  1.00637066  8.99999714 -0.9936294 ]	0.0	R
1807.223	2.3769999999999527	trials	1808.4765666666667	1808.4775666666667	0.0	[-1.  9.  1.  7.]	1.5707963267948966	R
1809.852	2.3279999999999745	trials	1811.1020666666666	1811.1031	6.0	[-1.  9.  1.  7.]	3.141592653589793	R
1812.431	2.7819999999999254	trials	1814.1626666666666	1814.1636666666666	0.0	[-1.  9.  1.  7.]	1.5707963267948966	R
1815.465	3.1490000000001146	trials	1817.4207666666666	1817.4217666666666	1.0	[4.65460157 6.65910625 6.65460157 4.65910625]	0.7853981633974483	R
1818.865	2.8630000000000564	trials	1820.6517666666666	1820.6528	5.0	[-6.64558125 -4.66810465 -4.64558125 -6.66810465]	-2.356194490192345	R
1821.98	3.0519999999999072	trials	1823.9219	1823.9229	2.0	[ 6.99999762  1.00637066  8.99999714 -0.9936294 ]	0.0	R
1825.283	2.921000000000049	trials	1827.0336333333332	1827.0346333333334	7.0	[-6.67259884  6.6410656  -4.67259884  4.6410656 ]	2.356194490192345	R
1828.455	2.47199999999998	trials	1829.9208	1829.9218	4.0	[-0.98725879 -6.99998999  1.01274121 -8.99998951]	-1.5707963267948966	R
1831.179	2.9149999999999636	trials	1832.9964333333332	1832.9974333333332	3.0	[ 4.66360712 -4.65009308  6.66360712 -6.65009308]	-0.7853981633974483	R
1834.346	2.7480000000000473	trials	1835.9938666666667	1835.9948666666667	0.0	[ 4.66360712 -4.65009308  6.66360712 -6.65009308]	1.5707963267948966	R
1837.345	2.661000000000058	trials	1838.9261333333334	1838.9271333333334	1.0	[4.65460157 6.65910625 6.65460157 4.65910625]	0.7853981633974483	R
1840.257	2.410999999999831	trials	1841.4303666666667	1841.4313666666667	3.0	[ 4.66360712 -4.65009308  6.66360712 -6.65009308]	-0.7853981633974483	R
1842.92	2.4759999999998854	trials	1844.2553666666668	1844.2563666666667	7.0	[-6.67259884  6.6410656  -4.67259884  4.6410656 ]	2.356194490192345	R
1845.648	2.6920000000000073	trials	1847.2037	1847.2047	2.0	[ 6.99999762  1.00637066  8.99999714 -0.9936294 ]	0.0	R
1848.591	2.9260000000001583	trials	1850.4888333333333	1850.4898333333333	5.0	[-6.64558125 -4.66810465 -4.64558125 -6.66810465]	-2.356194490192345	R
1851.769	2.66599999999994	trials	1853.3018333333334	1853.3028333333334	6.0	[-8.99997711  0.98088819 -6.99997711 -1.01911187]	3.141592653589793	R
1854.686	7.375999999999976	trials	1861.0049666666666	1861.0059666666666	4.0	[-0.98725879 -6.99998999  1.01274121 -8.99998951]	-1.5707963267948966	R
1862.313	3.203999999999951	trials	1864.3352	1864.3362	4.0	[-0.98725879 -6.99998999  1.01274121 -8.99998951]	-1.5707963267948966	R
1865.769	2.701000000000022	trials	1867.3797666666667	1867.3807666666667	2.0	[ 6.99999762  1.00637066  8.99999714 -0.9936294 ]	0.0	R
1868.722	2.5930000000000746	trials	1870.2218333333333	1870.2228333333333	0.0	[-1.  9.  1.  7.]	1.5707963267948966	R
1871.566	2.564000000000078	trials	1873.0288	1873.0298	1.0	[4.65460157 6.65910625 6.65460157 4.65910625]	0.7853981633974483	R
1874.381	2.67899999999986	trials	1875.9139666666667	1875.9149666666667	7.0	[-6.67259884  6.6410656  -4.67259884  4.6410656 ]	2.356194490192345	R
1877.311	2.984000000000151	trials	1879.2061333333334	1879.2071333333333	3.0	[ 4.66360712 -4.65009308  6.66360712 -6.65009308]	-0.7853981633974483	R
1880.546	3.115000000000009	trials	1882.4421666666667	1882.4431666666667	5.0	[-6.64558125 -4.66810465 -4.64558125 -6.66810465]	-2.356194490192345	R
1883.913	3.258000000000038	trials	1886.0842	1886.0852	6.0	[-8.99997711  0.98088819 -6.99997711 -1.01911187]	3.141592653589793	R
1887.423	3.3479999999999563	trials	1889.6681	1889.6691	0.0	[-8.99997711  0.98088819 -6.99997711 -1.01911187]	1.5707963267948966	R
1891.022	2.8810000000000855	trials	1892.7507333333333	1892.7517666666668	5.0	[-6.64558125 -4.66810465 -4.64558125 -6.66810465]	-2.356194490192345	R
1894.154	2.8350000000000364	trials	1895.7973	1895.7983	7.0	[-6.67259884  6.6410656  -4.67259884  4.6410656 ]	2.356194490192345	R
1897.241	2.9200000000000728	trials	1899.1085333333333	1899.1095333333333	4.0	[-0.98725879 -6.99998999  1.01274121 -8.99998951]	-1.5707963267948966	R
1900.413	2.675999999999931	trials	1901.9766333333334	1901.9776666666667	3.0	[ 4.66360712 -4.65009308  6.66360712 -6.65009308]	-0.7853981633974483	R
1903.341	2.4600000000000364	trials	1904.7164666666667	1904.7174666666667	2.0	[ 6.99999762  1.00637066  8.99999714 -0.9936294 ]	0.0	R
1906.053	3.0429999999998927	trials	1907.9895666666666	1907.9905666666666	1.0	[4.65460157 6.65910625 6.65460157 4.65910625]	0.7853981633974483	R
1909.348	3.1210000000000946	trials	1911.4321	1911.4331333333334	6.0	[-8.99997711  0.98088819 -6.99997711 -1.01911187]	3.141592653589793	R
1912.72	2.1769999999999072	trials	1914.209	1914.21	0.0	[-8.99997711  0.98088819 -6.99997711 -1.01911187]	1.5707963267948966	I
1915.148	7.211000000000013	trials	1921.2585	1921.2595	5.0	[-6.64558125 -4.66810465 -4.64558125 -6.66810465]	-2.356194490192345	R
1922.611	2.961999999999989	trials	1924.4534333333334	1924.4544333333333	1.0	[4.65460157 6.65910625 6.65460157 4.65910625]	0.7853981633974483	R
1925.825	3.046000000000049	trials	1927.7706666666666	1927.7716666666668	6.0	[-8.99997711  0.98088819 -6.99997711 -1.01911187]	3.141592653589793	R
1929.123	3.0470000000000255	trials	1930.9706333333334	1930.9716333333333	7.0	[-6.67259884  6.6410656  -4.67259884  4.6410656 ]	2.356194490192345	R
1932.421	3.15300000000002	trials	1934.4572666666666	1934.4582666666668	2.0	[ 6.99999762  1.00637066  8.99999714 -0.9936294 ]	0.0	R
1935.826	2.252999999999929	trials	1937.0106	1937.0116	4.0	[-0.98725879 -6.99998999  1.01274121 -8.99998951]	-1.5707963267948966	R
1938.331	2.7950000000000728	trials	1940.0110666666667	1940.0120666666667	3.0	[ 4.66360712 -4.65009308  6.66360712 -6.65009308]	-0.7853981633974483	R
1941.377	2.9370000000001255	trials	1943.1639	1943.1649	1.0	[ 4.66360712 -4.65009308  6.66360712 -6.65009308]	0.7853981633974483	R
1944.565	2.4329999999999927	trials	1945.8986666666667	1945.8996666666667	5.0	[-6.64558125 -4.66810465 -4.64558125 -6.66810465]	-2.356194490192345	R
1947.25	2.5340000000001055	trials	1948.7858333333334	1948.7868333333333	4.0	[-0.98725879 -6.99998999  1.01274121 -8.99998951]	-1.5707963267948966	R
1950.036	3.216999999999871	trials	1952.1351666666667	1952.1361666666667	2.0	[ 6.99999762  1.00637066  8.99999714 -0.9936294 ]	0.0	R
1953.505	3.078999999999951	trials	1955.3611666666666	1955.3621666666666	7.0	[-6.67259884  6.6410656  -4.67259884  4.6410656 ]	2.356194490192345	R
1956.836	3.0399999999999636	trials	1958.7405333333334	1958.7415333333333	6.0	[-8.99997711  0.98088819 -6.99997711 -1.01911187]	3.141592653589793	R
1960.128	3.1340000000000146	trials	1962.1921	1962.1931333333334	3.0	[ 4.66360712 -4.65009308  6.66360712 -6.65009308]	-0.7853981633974483	R
1963.513	2.6480000000001382	trials	1965.4201333333333	1965.4211333333333	0.0	[-1.  9.  1.  7.]	1.5707963267948966	I
1966.413	1.6130000000000564	trials				[nan nan nan nan]		A
1968.277	1.4329999999999927	trials				[nan nan nan nan]		A
1969.961	2.354000000000042	trials	1971.1453333333334	1971.1463333333334	3.0	[ 4.66360712 -4.65009308  6.66360712 -6.65009308]	-0.7853981633974483	R
1972.567	2.6389999999998963	trials	1974.0615666666667	1974.0625666666667	7.0	[-6.67259884  6.6410656  -4.67259884  4.6410656 ]	2.356194490192345	R
1975.458	3.3689999999999145	trials	1977.3417333333334	1977.3427333333334	5.0	[-6.64558125 -4.66810465 -4.64558125 -6.66810465]	-2.356194490192345	R
1979.079	3.5270000000000437	trials	1981.4399	1981.4409	0.0	[-1.  9.  1.  7.]	1.5707963267948966	R
1982.857	3.4960000000000946	trials	1985.2373333333333	1985.2383333333332	2.0	[ 6.99999762  1.00637066  8.99999714 -0.9936294 ]	0.0	R
1986.605	2.6849999999999454	trials	1988.1856333333333	1988.1866333333332	6.0	[-8.99997711  0.98088819 -6.99997711 -1.01911187]	3.141592653589793	R
1989.542	2.4730000000001837	trials	1990.8683	1990.8693	2.0	[-8.99997711  0.98088819 -6.99997711 -1.01911187]	0.0	R
1992.267	6.411000000000058	trials	1997.6130333333333	1997.6140333333333	5.0	[-6.64558125 -4.66810465 -4.64558125 -6.66810465]	-2.356194490192345	R
1998.929	2.755999999999858	trials	2000.5894333333333	2000.5904333333333	1.0	[4.65460157 6.65910625 6.65460157 4.65910625]	0.7853981633974483	R
2001.937	2.5750000000000455	trials	2003.3302333333334	2003.3312333333333	0.0	[-1.  9.  1.  7.]	1.5707963267948966	R
2004.764	2.6200000000001182	trials	2006.1352	2006.1362	7.0	[-6.67259884  6.6410656  -4.67259884  4.6410656 ]	2.356194490192345	R
2007.636	3.2339999999999236	trials	2009.7932666666666	2009.7942666666668	4.0	[-0.98725879 -6.99998999  1.01274121 -8.99998951]	-1.5707963267948966	R
2011.122	2.703999999999951	trials	2012.7666666666667	2012.7676666666666	3.0	[ 4.66360712 -4.65009308  6.66360712 -6.65009308]	-0.7853981633974483	R
2014.078	0.7129999999999654	trials				[nan nan nan nan]		A
2015.042	2.644999999999982	trials	2016.6011666666666	2016.6021666666666	2.0	[-8.99997711  0.98088819 -6.99997711 -1.01911187]	0.0	R
2017.939	2.4869999999998527	trials	2019.3720333333333	2019.3730666666668	3.0	[ 4.66360712 -4.65009308  6.66360712 -6.65009308]	-0.7853981633974483	R
2020.677	2.2889999999999873	trials	2021.8742666666667	2021.8752666666667	1.0	[4.65460157 6.65910625 6.65460157 4.65910625]	0.7853981633974483	R
2023.218	2.3659999999999854	trials	2024.5599333333332	2024.5609333333334	4.0	[-0.98725879 -6.99998999  1.01274121 -8.99998951]	-1.5707963267948966	R
2025.836	2.1140000000000327	trials	2027.3388333333332	2027.3398333333334	6.0	[-8.99997711  0.98088819 -6.99997711 -1.01911187]	3.141592653589793	I
2028.202	6.826999999999998	trials	2033.7868333333333	2033.7878333333333	5.0	[-6.64558125 -4.66810465 -4.64558125 -6.66810465]	-2.356194490192345	R
2035.281	3.6770000000001346	trials	2037.7677	2037.7687	0.0	[-1.  9.  1.  7.]	1.5707963267948966	R
2039.209	5.548000000000002	trials	2043.6262333333334	2043.6272666666666	7.0	[-6.67259884  6.6410656  -4.67259884  4.6410656 ]	2.356194490192345	R
2045.009	5.78899999999976	trials	2049.7404333333334	2049.741433333333	5.0	[-6.67259884  6.6410656  -4.67259884  4.6410656 ]	-2.356194490192345	R
2051.05	2.6729999999997744	trials	2052.5895	2052.5905	3.0	[ 4.66360712 -4.65009308  6.66360712 -6.65009308]	-0.7853981633974483	R
2053.975	2.2170000000000982	trials	2055.0446	2055.0456	7.0	[-6.67259884  6.6410656  -4.67259884  4.6410656 ]	2.356194490192345	R
2056.444	2.612999999999829	trials	2057.9387666666667	2057.939766666667	0.0	[-1.  9.  1.  7.]	1.5707963267948966	R
2059.308	3.092999999999847	trials	2061.1648	2061.1658	2.0	[ 6.99999762  1.00637066  8.99999714 -0.9936294 ]	0.0	R
2062.652	3.173999999999978	trials	2064.8068333333335	2064.8078333333333	4.0	[-0.98725879 -6.99998999  1.01274121 -8.99998951]	-1.5707963267948966	R
2066.078	15.411000000000058	trials				[nan nan nan nan]		A
2081.741	3.318000000000211	trials	2083.9303	2083.9313	6.0	[-8.99997711  0.98088819 -6.99997711 -1.01911187]	3.141592653589793	R
2085.311	5.836999999999989	trials	2089.9953666666665	2089.9963666666667	2.0	[-8.99997711  0.98088819 -6.99997711 -1.01911187]	0.0	R
2091.4	2.43100000000004	trials	2092.6539333333335	2092.6549666666665	1.0	[4.65460157 6.65910625 6.65460157 4.65910625]	0.7853981633974483	R
2094.083	2.11200000000008	trials	2095.0769666666665	2095.0779666666667	3.0	[ 4.66360712 -4.65009308  6.66360712 -6.65009308]	-0.7853981633974483	R
2096.446	2.3630000000002838	trials	2097.6974666666665	2097.6984666666667	4.0	[-0.98725879 -6.99998999  1.01274121 -8.99998951]	-1.5707963267948966	R
2099.061	2.3170000000000073	trials	2100.326	2100.327	5.0	[-6.64558125 -4.66810465 -4.64558125 -6.66810465]	-2.356194490192345	R
2101.629	2.6390000000001237	trials	2103.1951	2103.1961333333334	6.0	[-8.99997711  0.98088819 -6.99997711 -1.01911187]	3.141592653589793	R
2104.519	3.087000000000444	trials	2106.4532	2106.4542	7.0	[-6.67259884  6.6410656  -4.67259884  4.6410656 ]	2.356194490192345	R
2107.858	2.4890000000000327	trials	2109.2371	2109.2381	0.0	[-1.  9.  1.  7.]	1.5707963267948966	R
2110.599	2.911999999999807	trials	2112.439066666667	2112.4400666666666	0.0	[-1.  9.  1.  7.]	1.5707963267948966	R
2113.762	3.199999999999818	trials	2115.9016666666666	2115.902666666667	2.0	[ 6.99999762  1.00637066  8.99999714 -0.9936294 ]	0.0	R
2117.214	2.644000000000233	trials	2118.7798	2118.7808	5.0	[-6.64558125 -4.66810465 -4.64558125 -6.66810465]	-2.356194490192345	R
2120.11	3.025000000000091	trials	2122.078	2122.079	1.0	[4.65460157 6.65910625 6.65460157 4.65910625]	0.7853981633974483	R
2123.386	2.3760000000002037	trials	2124.572166666667	2124.5731666666666	7.0	[-6.67259884  6.6410656  -4.67259884  4.6410656 ]	2.356194490192345	R
2126.014	3.1649999999999636	trials	2128.0999333333334	2128.100933333333	6.0	[-8.99997711  0.98088819 -6.99997711 -1.01911187]	3.141592653589793	R
2129.43	3.218000000000302	trials	2131.490333333333	2131.4913666666666	3.0	[ 4.66360712 -4.65009308  6.66360712 -6.65009308]	-0.7853981633974483	R
2132.9	2.230000000000018	trials	2134.1088666666665	2134.1098333333334	4.0	[-0.98725879 -6.99998999  1.01274121 -8.99998951]	-1.5707963267948966	R
2135.382	3.076000000000022	trials	2137.287733333333	2137.2887333333333	7.0	[-0.98725879 -6.99998999  1.01274121 -8.99998951]	2.356194490192345	R
2138.709	2.93100000000004	trials	2140.5759	2140.5769	2.0	[ 6.99999762  1.00637066  8.99999714 -0.9936294 ]	0.0	R
2141.891	2.9780000000000655	trials	2143.6385	2143.6395	1.0	[4.65460157 6.65910625 6.65460157 4.65910625]	0.7853981633974483	R
2145.12	2.201000000000022	trials	2146.1086333333333	2146.1096333333335	3.0	[ 4.66360712 -4.65009308  6.66360712 -6.65009308]	-0.7853981633974483	R
2147.572	2.6679999999996653	trials	2149.1532	2149.1542	0.0	[-1.  9.  1.  7.]	1.5707963267948966	R
2150.492	3.0019999999999527	trials	2152.4503666666665	2152.4513666666667	4.0	[-0.98725879 -6.99998999  1.01274121 -8.99998951]	-1.5707963267948966	R
2153.746	3.2959999999998217	trials	2156.0022	2156.0032	6.0	[-8.99997711  0.98088819 -6.99997711 -1.01911187]	3.141592653589793	R
2157.293	2.6720000000000255	trials	2158.9194333333335	2158.920433333333	5.0	[-6.64558125 -4.66810465 -4.64558125 -6.66810465]	-2.356194490192345	R
2160.217	2.406999999999698	trials	2161.4818	2161.4828	3.0	[-6.64558125 -4.66810465 -4.64558125 -6.66810465]	-0.7853981633974483	R
2162.875	2.6109999999998763	trials	2164.388	2164.389	2.0	[ 6.99999762  1.00637066  8.99999714 -0.9936294 ]	0.0	R
2165.737	2.2649999999998727	trials	2167.3904666666667	2167.3914666666665	4.0	[-0.98725879 -6.99998999  1.01274121 -8.99998951]	-1.5707963267948966	I
2168.254	3.3099999999999454	trials	2170.3728666666666	2170.373866666667	7.0	[-6.67259884  6.6410656  -4.67259884  4.6410656 ]	2.356194490192345	R
2171.815	3.219000000000051	trials	2173.9126666666666	2173.913666666667	1.0	[4.65460157 6.65910625 6.65460157 4.65910625]	0.7853981633974483	R
2175.286	2.2950000000000728	trials	2176.435933333333	2176.4369333333334	5.0	[-6.64558125 -4.66810465 -4.64558125 -6.66810465]	-2.356194490192345	R
2177.832	2.3769999999999527	trials	2179.178733333333	2179.1797333333334	0.0	[-1.  9.  1.  7.]	1.5707963267948966	R
2180.461	2.2020000000002256	trials	2181.567666666667	2181.5686666666666	6.0	[-8.99997711  0.98088819 -6.99997711 -1.01911187]	3.141592653589793	R
2182.915	2.731999999999971	trials	2185.0001666666667	2185.0011666666664	5.0	[-8.99997711  0.98088819 -6.99997711 -1.01911187]	-2.356194490192345	I
2185.898	3.576000000000022	trials	2188.4036333333333	2188.4046333333335	6.0	[-8.99997711  0.98088819 -6.99997711 -1.01911187]	3.141592653589793	R
2189.726	3.7460000000000946	trials	2192.3364	2192.3374	0.0	[-1.  9.  1.  7.]	1.5707963267948966	R
2193.724	2.617999999999938	trials	2195.2396	2195.2406	1.0	[4.65460157 6.65910625 6.65460157 4.65910625]	0.7853981633974483	R
2196.594	2.550999999999931	trials	2198.096666666667	2198.0977	3.0	[ 4.66360712 -4.65009308  6.66360712 -6.65009308]	-0.7853981633974483	R
2199.397	2.8980000000001382	trials	2201.2364666666667	2201.2374666666665	4.0	[-0.98725879 -6.99998999  1.01274121 -8.99998951]	-1.5707963267948966	R
2202.547	2.7849999999998545	trials	2204.195833333333	2204.1968333333334	2.0	[ 6.99999762  1.00637066  8.99999714 -0.9936294 ]	0.0	R
2205.583	3.15099999999984	trials	2207.543133333333	2207.5441333333333	7.0	[-6.67259884  6.6410656  -4.67259884  4.6410656 ]	2.356194490192345	R
2208.986	3.0340000000001055	trials	2210.8754	2210.8764	5.0	[-6.67259884  6.6410656  -4.67259884  4.6410656 ]	-2.356194490192345	R
2212.272	2.325000000000273	trials	2213.533	2213.534	4.0	[-0.98725879 -6.99998999  1.01274121 -8.99998951]	-1.5707963267948966	R
2214.848	2.793999999999869	trials	2216.5715333333333	2216.5725333333335	3.0	[ 4.66360712 -4.65009308  6.66360712 -6.65009308]	-0.7853981633974483	R
2217.894	2.555000000000291	trials	2219.3284	2219.3294	2.0	[ 6.99999762  1.00637066  8.99999714 -0.9936294 ]	0.0	R
2220.701	3.257999999999811	trials	2222.7368333333334	2222.737833333333	0.0	[-1.  9.  1.  7.]	1.5707963267948966	R
2224.211	3.088000000000193	trials	2226.2154666666665	2226.2164666666667	1.0	[4.65460157 6.65910625 6.65460157 4.65910625]	0.7853981633974483	R
2227.551	2.543999999999869	trials	2228.9653	2228.9663	6.0	[-8.99997711  0.98088819 -6.99997711 -1.01911187]	3.141592653589793	R
2230.347	2.7899999999999636	trials	2232.0178666666666	2232.0189	7.0	[-6.67259884  6.6410656  -4.67259884  4.6410656 ]	2.356194490192345	R
2233.388	3.5790000000001783	trials	2235.8975	2235.8985	2.0	[-6.67259884  6.6410656  -4.67259884  4.6410656 ]	0.0	R
2237.219	3.04300000000012	trials	2239.146566666667	2239.1475666666665	1.0	[4.65460157 6.65910625 6.65460157 4.65910625]	0.7853981633974483	R
2240.514	2.382999999999811	trials	2241.8493	2241.8503	5.0	[-6.64558125 -4.66810465 -4.64558125 -6.66810465]	-2.356194490192345	R
2243.148	2.312999999999647	trials	2244.2933666666668	2244.2943666666665	0.0	[-1.  9.  1.  7.]	1.5707963267948966	R
2245.713	2.9719999999997526	trials	2247.4792666666667	2247.4802666666665	7.0	[-6.67259884  6.6410656  -4.67259884  4.6410656 ]	2.356194490192345	R
2248.937	2.7780000000002474	trials	2250.5639	2250.5649333333336	6.0	[-8.99997711  0.98088819 -6.99997711 -1.01911187]	3.141592653589793	R
2251.966	3.2470000000002983	trials	2254.1869	2254.1879	4.0	[-0.98725879 -6.99998999  1.01274121 -8.99998951]	-1.5707963267948966	R
2255.465	2.507000000000062	trials	2256.8776	2256.8786	3.0	[ 4.66360712 -4.65009308  6.66360712 -6.65009308]	-0.7853981633974483	R
2258.224	2.6920000000000073	trials	2259.7727666666665	2259.7737666666667	7.0	[ 4.66360712 -4.65009308  6.66360712 -6.65009308]	2.356194490192345	R
2261.167	2.724999999999909	trials	2262.8624333333332	2262.8634333333334	4.0	[-0.98725879 -6.99998999  1.01274121 -8.99998951]	-1.5707963267948966	R
2264.144	2.8950000000004366	trials	2265.9551333333334	2265.956133333333	3.0	[ 4.66360712 -4.65009308  6.66360712 -6.65009308]	-0.7853981633974483	R
2267.29	2.8899999999998727	trials	2269.0808666666667	2269.081866666667	1.0	[4.65460157 6.65910625 6.65460157 4.65910625]	0.7853981633974483	R
2270.431	2.212999999999738	trials	2271.5049	2271.5059	6.0	[-8.99997711  0.98088819 -6.99997711 -1.01911187]	3.141592653589793	R
2272.895	2.7339999999999236	trials	2274.4983333333334	2274.499333333333	2.0	[ 6.99999762  1.00637066  8.99999714 -0.9936294 ]	0.0	R
2275.881	2.686000000000149	trials	2277.4376333333335	2277.438633333333	0.0	[-1.  9.  1.  7.]	1.5707963267948966	R
2278.819	2.3200000000001637	trials	2280.0370666666668	2280.0380666666665	5.0	[-6.64558125 -4.66810465 -4.64558125 -6.66810465]	-2.356194490192345	R
2281.39	2.9100000000003092	trials	2283.1608333333334	2283.161833333333	2.0	[-6.64558125 -4.66810465 -4.64558125 -6.66810465]	0.0	R
2284.551	2.4900000000002365	trials	2285.9748	2285.9758333333334	5.0	[-6.64558125 -4.66810465 -4.64558125 -6.66810465]	-2.356194490192345	R
2287.293	3.1169999999997344	trials	2289.3552	2289.3562	1.0	[4.65460157 6.65910625 6.65460157 4.65910625]	0.7853981633974483	R
2290.661	2.2840000000001055	trials	2291.8213333333333	2291.8223333333335	3.0	[ 4.66360712 -4.65009308  6.66360712 -6.65009308]	-0.7853981633974483	R
2293.197	2.3460000000000036	trials	2294.4468333333334	2294.447833333333	0.0	[-1.  9.  1.  7.]	1.5707963267948966	R
2295.794	2.744000000000142	trials	2297.398166666667	2297.3991666666666	7.0	[-6.67259884  6.6410656  -4.67259884  4.6410656 ]	2.356194490192345	R
2298.79	0.7390000000000327	trials				[nan nan nan nan]		A
2299.781	0.3569999999999709	trials				[nan nan nan nan]		A
2300.39	0.2919999999999163	trials				[nan nan nan nan]		A
2300.934	2.105000000000018	trials	2301.977533333333	2301.9785333333334	5.0	[-6.64558125 -4.66810465 -4.64558125 -6.66810465]	-2.356194490192345	R
2303.291	2.3409999999998945	trials	2304.5118333333335	2304.512833333333	1.0	[4.65460157 6.65910625 6.65460157 4.65910625]	0.7853981633974483	R
2305.883	8.53500000000031	trials	2313.0851	2313.0861	0.0	[-1.  9.  1.  7.]	1.5707963267948966	R
2314.67	3.2239999999997053	trials	2316.7391666666667	2316.7401666666665	6.0	[-8.99997711  0.98088819 -6.99997711 -1.01911187]	3.141592653589793	R
2318.146	3.257999999999811	trials	2320.1666666666665	2320.1676666666667	4.0	[-0.98725879 -6.99998999  1.01274121 -8.99998951]	-1.5707963267948966	R
2321.655	2.55199999999968	trials	2322.9636333333333	2322.9646333333335	7.0	[-6.67259884  6.6410656  -4.67259884  4.6410656 ]	2.356194490192345	R
2324.458	2.6770000000001346	trials	2326.0102	2326.0112	2.0	[ 6.99999762  1.00637066  8.99999714 -0.9936294 ]	0.0	R
2327.387	2.6520000000000437	trials	2328.9545	2328.9555	5.0	[ 6.99999762  1.00637066  8.99999714 -0.9936294 ]	-2.356194490192345	R
2330.291	2.06899999999996	trials	2331.3314	2331.3324	4.0	[-0.98725879 -6.99998999  1.01274121 -8.99998951]	-1.5707963267948966	R
2332.612	2.6839999999997417	trials	2334.2055333333333	2334.2065333333335	1.0	[4.65460157 6.65910625 6.65460157 4.65910625]	0.7853981633974483	R
2335.548	2.274000000000342	trials	2336.7699	2336.7709	0.0	[-1.  9.  1.  7.]	1.5707963267948966	R
2338.073	2.619000000000142	trials	2339.5969	2339.5979333333335	6.0	[-8.99997711  0.98088819 -6.99997711 -1.01911187]	3.141592653589793	R
2340.943	3.056999999999789	trials	2342.7968666666666	2342.797866666667	7.0	[-6.67259884  6.6410656  -4.67259884  4.6410656 ]	2.356194490192345	R
2344.251	2.826000000000022	trials	2345.9306333333334	2345.931633333333	2.0	[ 6.99999762  1.00637066  8.99999714 -0.9936294 ]	0.0	R
2347.329	2.4710000000000036	trials	2348.7065333333335	2348.7075333333332	3.0	[ 4.66360712 -4.65009308  6.66360712 -6.65009308]	-0.7853981633974483	R
2350.052	2.725999999999658	trials	2351.5957	2351.5967	1.0	[ 4.66360712 -4.65009308  6.66360712 -6.65009308]	0.7853981633974483	R
2353.029	3.0010000000002037	trials	2354.948	2354.9490333333333	6.0	[-8.99997711  0.98088819 -6.99997711 -1.01911187]	3.141592653589793	R
2356.281	3.050000000000182	trials	2358.2321666666667	2358.233166666667	3.0	[ 4.66360712 -4.65009308  6.66360712 -6.65009308]	-0.7853981633974483	R
2359.583	0.656999999999698	trials				[nan nan nan nan]		A
2360.492	2.5589999999997417	trials	2361.9704666666667	2361.971466666667	2.0	[ 6.99999762  1.00637066  8.99999714 -0.9936294 ]	0.0	R
2363.303	2.5720000000001164	trials	2364.7593666666667	2364.760366666667	5.0	[-6.64558125 -4.66810465 -4.64558125 -6.66810465]	-2.356194490192345	R
2366.127	2.9299999999998363	trials	2367.8951666666667	2367.896166666667	0.0	[-1.  9.  1.  7.]	1.5707963267948966	R
2369.309	2.8239999999996144	trials	2371.0028666666667	2371.0038666666665	7.0	[-6.67259884  6.6410656  -4.67259884  4.6410656 ]	2.356194490192345	R
2372.384	3.0099999999997635	trials	2374.3191	2374.3201	2.0	[-6.67259884  6.6410656  -4.67259884  4.6410656 ]	0.0	R
2375.645	2.144000000000233	trials	2376.5987666666665	2376.5997666666667	5.0	[-6.64558125 -4.66810465 -4.64558125 -6.66810465]	-2.356194490192345	R
2378.04	2.3330000000000837	trials	2379.3095	2379.3105	6.0	[-8.99997711  0.98088819 -6.99997711 -1.01911187]	3.141592653589793	R
2380.625	2.563999999999851	trials	2382.0733333333333	2382.0743666666667	0.0	[-1.  9.  1.  7.]	1.5707963267948966	R
2383.441	3.268000000000029	trials	2385.6121333333335	2385.6131333333333	7.0	[-6.67259884  6.6410656  -4.67259884  4.6410656 ]	2.356194490192345	R
2386.96	3.1849999999999454	trials	2389.132866666667	2389.1338666666666	4.0	[-0.98725879 -6.99998999  1.01274121 -8.99998951]	-1.5707963267948966	R
2390.397	2.7090000000002874	trials	2391.9639	2391.9649	3.0	[ 4.66360712 -4.65009308  6.66360712 -6.65009308]	-0.7853981633974483	R
2393.357	2.9039999999999964	trials	2395.196933333333	2395.1979333333334	1.0	[4.65460157 6.65910625 6.65460157 4.65910625]	0.7853981633974483	R
2396.512	2.7039999999997235	trials	2398.1552666666666	2398.156266666667	1.0	[4.65460157 6.65910625 6.65460157 4.65910625]	0.7853981633974483	R
2399.468	2.5270000000000437	trials	2400.9572333333335	2400.9582333333333	4.0	[-0.98725879 -6.99998999  1.01274121 -8.99998951]	-1.5707963267948966	R
2402.246	2.518000000000029	trials	2403.687	2403.688	2.0	[ 6.99999762  1.00637066  8.99999714 -0.9936294 ]	0.0	R
2405.015	2.630000000000109	trials	2406.4649	2406.4659	7.0	[-6.67259884  6.6410656  -4.67259884  4.6410656 ]	2.356194490192345	R
2407.896	3.3350000000000364	trials	2410.0828666666666	2410.083866666667	6.0	[-8.99997711  0.98088819 -6.99997711 -1.01911187]	3.141592653589793	R
2411.482	2.393000000000029	trials	2412.8216666666667	2412.8226666666665	0.0	[-1.  9.  1.  7.]	1.5707963267948966	R
2414.127	6.128999999999905	trials	2419.1864666666665	2419.1874666666668	3.0	[ 4.66360712 -4.65009308  6.66360712 -6.65009308]	-0.7853981633974483	R
2420.508	0.34900000000016007	trials				[nan nan nan nan]		A
2421.108	0.3919999999998254	trials				[nan nan nan nan]		A
2421.752	2.0230000000001382	trials	2422.5879	2422.5889	1.0	[4.65460157 6.65910625 6.65460157 4.65910625]	0.7853981633974483	R
2424.027	2.480000000000018	trials	2425.5041666666666	2425.505166666667	5.0	[-6.64558125 -4.66810465 -4.64558125 -6.66810465]	-2.356194490192345	R
2426.758	3.1460000000001855	trials	2428.8304	2428.8314	6.0	[-8.99997711  0.98088819 -6.99997711 -1.01911187]	3.141592653589793	R
2430.156	2.6399999999998727	trials	2431.7276	2431.7286	4.0	[-0.98725879 -6.99998999  1.01274121 -8.99998951]	-1.5707963267948966	R
2433.048	2.899000000000342	trials	2434.8674	2434.8684	0.0	[-1.  9.  1.  7.]	1.5707963267948966	R
2436.199	2.4969999999998436	trials	2437.923	2437.924	2.0	[ 6.99999762  1.00637066  8.99999714 -0.9936294 ]	0.0	I
2438.948	12.565000000000055	trials				[nan nan nan nan]		A
2451.764	0.6559999999999491	trials				[nan nan nan nan]		A
2452.672	0.1590000000001055	trials				[nan nan nan nan]		A
2453.083	2.8479999999999563	trials	2454.8129	2454.8139	6.0	[-8.99997711  0.98088819 -6.99997711 -1.01911187]	3.141592653589793	R
2456.182	3.2330000000001746	trials	2458.2905333333333	2458.2915333333335	1.0	[4.65460157 6.65910625 6.65460157 4.65910625]	0.7853981633974483	R
2459.667	3.9710000000000036	trials	2462.4789333333333	2462.4799333333335	4.0	[-0.98725879 -6.99998999  1.01274121 -8.99998951]	-1.5707963267948966	R
2463.889	2.90099999999984	trials	2465.7089666666666	2465.709966666667	2.0	[ 6.99999762  1.00637066  8.99999714 -0.9936294 ]	0.0	R
2467.041	2.5289999999999964	trials	2468.3956333333335	2468.3966333333333	3.0	[ 4.66360712 -4.65009308  6.66360712 -6.65009308]	-0.7853981633974483	R
2469.821	0.5900000000001455	trials				[nan nan nan nan]		A
2470.662	2.2770000000000437	trials	2471.9123666666665	2471.9133666666667	5.0	[-1.  9.  1.  7.]	-2.356194490192345	R
2473.191	2.8710000000000946	trials	2474.9859666666666	2474.986966666667	1.0	[4.65460157 6.65910625 6.65460157 4.65910625]	0.7853981633974483	R
2476.313	2.5969999999997526	trials	2477.7177666666666	2477.718766666667	3.0	[ 4.66360712 -4.65009308  6.66360712 -6.65009308]	-0.7853981633974483	R
2479.161	2.6599999999998545	trials	2480.6610666666666	2480.6620666666668	6.0	[-8.99997711  0.98088819 -6.99997711 -1.01911187]	3.141592653589793	R
2482.073	2.9780000000000655	trials	2483.9492333333333	2483.9502333333335	4.0	[-0.98725879 -6.99998999  1.01274121 -8.99998951]	-1.5707963267948966	R
2485.303	2.3659999999999854	trials	2486.4695	2486.4705	7.0	[-6.67259884  6.6410656  -4.67259884  4.6410656 ]	2.356194490192345	R
2487.921	2.7890000000002146	trials	2489.6102666666666	2489.6113	2.0	[ 6.99999762  1.00637066  8.99999714 -0.9936294 ]	0.0	R
2490.962	2.588000000000193	trials	2492.4403	2492.4413	0.0	[-1.  9.  1.  7.]	1.5707963267948966	R
2493.802	2.27599999999984	trials	2494.985633333333	2494.9866333333334	4.0	[-1.  9.  1.  7.]	-1.5707963267948966	R
2496.33	3.255999999999858	trials	2498.4893333333334	2498.490333333333	0.0	[-1.  9.  1.  7.]	1.5707963267948966	R
2499.838	3.056999999999789	trials	2501.7384	2501.7394	1.0	[4.65460157 6.65910625 6.65460157 4.65910625]	0.7853981633974483	R
2503.147	2.3659999999999854	trials	2504.4250666666667	2504.426066666667	2.0	[ 6.99999762  1.00637066  8.99999714 -0.9936294 ]	0.0	R
2505.764	2.4159999999997126	trials	2507.0886666666665	2507.0896666666667	5.0	[-6.64558125 -4.66810465 -4.64558125 -6.66810465]	-2.356194490192345	R
2508.432	2.536000000000058	trials	2509.6781	2509.6791	3.0	[ 4.66360712 -4.65009308  6.66360712 -6.65009308]	-0.7853981633974483	R
2511.22	2.269999999999982	trials	2512.3006	2512.3016	7.0	[-6.67259884  6.6410656  -4.67259884  4.6410656 ]	2.356194490192345	R
2513.741	2.574000000000069	trials	2515.2078333333334	2515.208833333333	6.0	[-8.99997711  0.98088819 -6.99997711 -1.01911187]	3.141592653589793	R
2516.566	2.6640000000002146	trials	2518.170166666667	2518.1711666666665	0.0	[-8.99997711  0.98088819 -6.99997711 -1.01911187]	1.5707963267948966	R
2519.481	2.9429999999997563	trials	2521.3941666666665	2521.3951666666667	4.0	[-0.98725879 -6.99998999  1.01274121 -8.99998951]	-1.5707963267948966	R
2522.675	2.6140000000000327	trials	2524.1801	2524.1811	6.0	[-8.99997711  0.98088819 -6.99997711 -1.01911187]	3.141592653589793	R
2525.54	2.7800000000002	trials	2527.3078666666665	2527.3088666666667	5.0	[-6.64558125 -4.66810465 -4.64558125 -6.66810465]	-2.356194490192345	R
2528.572	2.8779999999997017	trials	2530.4115666666667	2530.412566666667	2.0	[ 6.99999762  1.00637066  8.99999714 -0.9936294 ]	0.0	R
2531.702	2.212999999999738	trials	2532.8486	2532.8496	1.0	[4.65460157 6.65910625 6.65460157 4.65910625]	0.7853981633974483	R
2534.167	2.5239999999998872	trials	2535.446066666667	2535.4470666666666	7.0	[-6.67259884  6.6410656  -4.67259884  4.6410656 ]	2.356194490192345	R
2536.943	3.087999999999738	trials	2539.069033333333	2539.0700333333334	3.0	[ 4.66360712 -4.65009308  6.66360712 -6.65009308]	-0.7853981633974483	I
2540.283	3.2640000000001237	trials	2542.3993	2542.4003333333335	2.0	[ 4.66360712 -4.65009308  6.66360712 -6.65009308]	0.0	R
2543.799	2.594000000000051	trials	2545.3747	2545.3757	4.0	[-0.98725879 -6.99998999  1.01274121 -8.99998951]	-1.5707963267948966	R
2546.645	0.5030000000001564	trials				[nan nan nan nan]		A
2547.4	1.9079999999999018	trials	2548.1826666666666	2548.183666666667	1.0	[4.65460157 6.65910625 6.65460157 4.65910625]	0.7853981633974483	R
2549.56	0.6900000000000546	trials				[nan nan nan nan]		A
2550.501	2.1039999999998145	trials	2551.3706	2551.3716	7.0	[-6.67259884  6.6410656  -4.67259884  4.6410656 ]	2.356194490192345	R
2552.856	2.2729999999996835	trials	2554.0201666666667	2554.021166666667	3.0	[ 4.66360712 -4.65009308  6.66360712 -6.65009308]	-0.7853981633974483	R
2555.381	2.5090000000000146	trials	2556.840166666667	2556.8411666666666	5.0	[-6.64558125 -4.66810465 -4.64558125 -6.66810465]	-2.356194490192345	R
2558.141	2.436000000000149	trials	2559.5128	2559.5138	5.0	[-6.64558125 -4.66810465 -4.64558125 -6.66810465]	-2.356194490192345	R
2560.829	3.0109999999999673	trials	2562.7438	2562.744833333333	6.0	[-8.99997711  0.98088819 -6.99997711 -1.01911187]	3.141592653589793	R
2564.091	2.381000000000313	trials	2565.7703333333334	2565.771333333333	2.0	[ 6.99999762  1.00637066  8.99999714 -0.9936294 ]	0.0	I
2566.724	1.3429999999998472	trials				[nan nan nan nan]		A
2568.319	1.97400000000016	trials	2569.2279	2569.2289	4.0	[-0.98725879 -6.99998999  1.01274121 -8.99998951]	-1.5707963267948966	R
2570.544	2.644999999999982	trials	2572.1160666666665	2572.1170666666667	1.0	[4.65460157 6.65910625 6.65460157 4.65910625]	0.7853981633974483	R
2573.44	2.780999999999949	trials	2575.1656333333335	2575.1666666666665	0.0	[-1.  9.  1.  7.]	1.5707963267948966	R
2576.473	2.8589999999999236	trials	2578.184133333333	2578.1851333333334	7.0	[-6.67259884  6.6410656  -4.67259884  4.6410656 ]	2.356194490192345	R
2579.584	2.8730000000000473	trials	2581.355	2581.356	5.0	[-6.67259884  6.6410656  -4.67259884  4.6410656 ]	-2.356194490192345	R
2582.708	3.1159999999999854	trials	2584.7514333333334	2584.7524333333336	1.0	[4.65460157 6.65910625 6.65460157 4.65910625]	0.7853981633974483	R
2586.076	0.5740000000000691	trials				[nan nan nan nan]		A
2586.902	2.0109999999999673	trials	2587.8321	2587.8331	2.0	[ 6.99999762  1.00637066  8.99999714 -0.9936294 ]	0.0	R
2589.164	0.7989999999999782	trials				[nan nan nan nan]		A
2590.215	2.455999999999676	trials	2591.4400333333333	2591.4410333333335	7.0	[-6.67259884  6.6410656  -4.67259884  4.6410656 ]	2.356194490192345	R
2592.923	2.4010000000002947	trials	2594.3192	2594.3202	3.0	[ 4.66360712 -4.65009308  6.66360712 -6.65009308]	-0.7853981633974483	F
2595.575	7.867000000000189	trials	2602.2849666666666	2602.285966666667	0.0	[-1.  9.  1.  7.]	1.5707963267948966	R
2603.693	2.5919999999996435	trials	2605.1811666666667	2605.1821666666665	5.0	[-1.  9.  1.  7.]	-2.356194490192345	R
2606.537	3.438000000000102	trials	2608.744	2608.745	3.0	[ 4.66360712 -4.65009308  6.66360712 -6.65009308]	-0.7853981633974483	R
2610.227	2.913000000000011	trials	2612.0572333333334	2612.058233333333	6.0	[-8.99997711  0.98088819 -6.99997711 -1.01911187]	3.141592653589793	R
2613.392	2.824000000000069	trials	2615.0737	2615.0747	2.0	[ 6.99999762  1.00637066  8.99999714 -0.9936294 ]	0.0	R
2616.467	2.9719999999997526	trials	2618.2155	2618.2165	7.0	[-6.67259884  6.6410656  -4.67259884  4.6410656 ]	2.356194490192345	R
2619.69	2.8600000000001273	trials	2621.5026666666668	2621.5036666666665	4.0	[-0.98725879 -6.99998999  1.01274121 -8.99998951]	-1.5707963267948966	R
2622.802	2.719000000000051	trials	2624.3276666666666	2624.3287	1.0	[4.65460157 6.65910625 6.65460157 4.65910625]	0.7853981633974483	R
2625.772	2.936999999999898	trials	2627.6158333333333	2627.6168333333335	0.0	[-1.  9.  1.  7.]	1.5707963267948966	R
2628.96	2.686000000000149	trials	2630.5772	2630.5782	7.0	[-1.  9.  1.  7.]	2.356194490192345	R
2631.897	7.804000000000087	trials	2638.619166666667	2638.6201666666666	6.0	[-8.99997711  0.98088819 -6.99997711 -1.01911187]	3.141592653589793	R
2639.952	8.513999999999669	trials	2647.1764	2647.1774	5.0	[-6.64558125 -4.66810465 -4.64558125 -6.66810465]	-2.356194490192345	R
2648.717	2.643999999999778	trials	2650.6640666666667	2650.6650666666665	4.0	[-0.98725879 -6.99998999  1.01274121 -8.99998951]	-1.5707963267948966	I
2651.612	3.1109999999998763	trials	2653.5552333333335	2653.5562333333332	0.0	[-1.  9.  1.  7.]	1.5707963267948966	R
2654.975	2.47400000000016	trials	2656.3110666666666	2656.312066666667	2.0	[ 6.99999762  1.00637066  8.99999714 -0.9936294 ]	0.0	R
2657.701	3.0289999999999964	trials	2659.5842	2659.5852	3.0	[ 4.66360712 -4.65009308  6.66360712 -6.65009308]	-0.7853981633974483	R
2660.982	2.380000000000109	trials	2662.325	2662.326	1.0	[4.65460157 6.65910625 6.65460157 4.65910625]	0.7853981633974483	R
2663.613	3.143000000000029	trials	2665.4738	2665.4748	3.0	[4.65460157 6.65910625 6.65460157 4.65910625]	-0.7853981633974483	R
2667.008	2.6840000000001965	trials	2668.6537	2668.6547	1.0	[4.65460157 6.65910625 6.65460157 4.65910625]	0.7853981633974483	R
2669.944	2.237999999999829	trials	2671.0997666666667	2671.1008	4.0	[-0.98725879 -6.99998999  1.01274121 -8.99998951]	-1.5707963267948966	R
2672.434	2.2789999999999964	trials	2673.612	2673.6130333333335	5.0	[-6.64558125 -4.66810465 -4.64558125 -6.66810465]	-2.356194490192345	R
2674.964	2.6640000000002146	trials	2676.520233333333	2676.5212333333334	7.0	[-6.67259884  6.6410656  -4.67259884  4.6410656 ]	2.356194490192345	R
2677.88	3.1140000000000327	trials	2679.9407333333334	2679.9417333333336	0.0	[-1.  9.  1.  7.]	1.5707963267948966	R
2681.246	2.8969999999999345	trials	2683.021366666667	2683.0223666666666	6.0	[-8.99997711  0.98088819 -6.99997711 -1.01911187]	3.141592653589793	R
2684.395	0.8589999999999236	trials				[nan nan nan nan]		A
2685.506	2.0799999999999272	trials	2686.3205666666668	2686.3215666666665	1.0	[ 6.99999762  1.00637066  8.99999714 -0.9936294 ]	0.7853981633974483	R
2687.837	2.3580000000001746	trials	2689.0714	2689.0724	7.0	[-6.67259884  6.6410656  -4.67259884  4.6410656 ]	2.356194490192345	R
2690.447	2.9049999999997453	trials	2692.3074333333334	2692.308433333333	4.0	[-0.98725879 -6.99998999  1.01274121 -8.99998951]	-1.5707963267948966	R
2693.604	3.007000000000062	trials	2695.551466666667	2695.5524666666665	0.0	[-1.  9.  1.  7.]	1.5707963267948966	R
2696.863	2.9720000000002074	trials	2698.674233333333	2698.6752333333334	3.0	[ 4.66360712 -4.65009308  6.66360712 -6.65009308]	-0.7853981633974483	R
2700.087	2.4340000000001965	trials	2701.3849666666665	2701.3859666666667	5.0	[-6.64558125 -4.66810465 -4.64558125 -6.66810465]	-2.356194490192345	R
2702.772	2.951000000000022	trials	2704.6089666666667	2704.609966666667	6.0	[-8.99997711  0.98088819 -6.99997711 -1.01911187]	3.141592653589793	R
2705.974	2.80600000000004	trials	2707.6655333333333	2707.6665333333335	2.0	[ 6.99999762  1.00637066  8.99999714 -0.9936294 ]	0.0	R
2709.032	2.2489999999997963	trials	2710.169766666667	2710.1707666666666	2.0	[ 6.99999762  1.00637066  8.99999714 -0.9936294 ]	0.0	R
2711.532	2.701999999999771	trials	2713.1972666666666	2713.1982666666668	4.0	[-0.98725879 -6.99998999  1.01274121 -8.99998951]	-1.5707963267948966	R
2714.485	3.020999999999731	trials	2716.356133333333	2716.3571333333334	0.0	[-1.  9.  1.  7.]	1.5707963267948966	R
2717.758	2.8710000000000946	trials	2719.4979	2719.4989333333333	1.0	[4.65460157 6.65910625 6.65460157 4.65910625]	0.7853981633974483	R
2720.88	2.5149999999998727	trials	2722.2878333333333	2722.2888333333335	6.0	[-8.99997711  0.98088819 -6.99997711 -1.01911187]	3.141592653589793	R
2723.646	3.145999999999731	trials	2725.7143333333333	2725.715366666667	5.0	[-6.64558125 -4.66810465 -4.64558125 -6.66810465]	-2.356194490192345	R
2727.044	7.8400000000001455	trials	2733.6761	2733.6771	3.0	[ 4.66360712 -4.65009308  6.66360712 -6.65009308]	-0.7853981633974483	R
2735.136	2.8899999999998727	trials	2736.8209	2736.821933333333	7.0	[-6.67259884  6.6410656  -4.67259884  4.6410656 ]	2.356194490192345	R
2738.278	2.693000000000211	trials	2740.1451666666667	2740.146166666667	5.0	[-6.67259884  6.6410656  -4.67259884  4.6410656 ]	-2.356194490192345	I
2741.223	2.999000000000251	trials	2743.0554	2743.0564	3.0	[ 4.66360712 -4.65009308  6.66360712 -6.65009308]	-0.7853981633974483	R
2744.474	3.263999999999669	trials	2746.4558333333334	2746.456833333333	1.0	[4.65460157 6.65910625 6.65460157 4.65910625]	0.7853981633974483	R
2747.99	3.231000000000222	trials	2750.092866666667	2750.0938666666666	7.0	[-6.67259884  6.6410656  -4.67259884  4.6410656 ]	2.356194490192345	R
2751.472	1.2749999999996362	trials				[nan nan nan nan]		A
2752.999	1.4490000000000691	trials				[nan nan nan nan]		A
2754.699	2.9600000000000364	trials	2756.6541666666667	2756.6551666666664	2.0	[ 6.99999762  1.00637066  8.99999714 -0.9936294 ]	0.0	F
2757.91	5.192000000000007	trials	2761.9172	2761.9182333333333	0.0	[-1.  9.  1.  7.]	1.5707963267948966	R
2763.354	2.6710000000002765	trials	2764.8665333333333	2764.8675333333335	0.0	[-1.  9.  1.  7.]	1.5707963267948966	R
2766.277	2.507999999999811	trials	2767.6514333333334	2767.652433333333	1.0	[4.65460157 6.65910625 6.65460157 4.65910625]	0.7853981633974483	R
2769.037	2.644999999999982	trials	2770.5717	2770.5727	6.0	[-8.99997711  0.98088819 -6.99997711 -1.01911187]	3.141592653589793	R
2771.934	2.5349999999998545	trials	2773.3566	2773.3576	3.0	[ 4.66360712 -4.65009308  6.66360712 -6.65009308]	-0.7853981633974483	R
2774.721	2.411000000000058	trials	2776.0072	2776.0082	7.0	[-6.67259884  6.6410656  -4.67259884  4.6410656 ]	2.356194490192345	R
2777.384	2.4470000000001164	trials	2778.758	2778.7590333333333	2.0	[ 6.99999762  1.00637066  8.99999714 -0.9936294 ]	0.0	R
2780.082	2.6890000000003056	trials	2781.7253666666666	2781.7264	4.0	[-0.98725879 -6.99998999  1.01274121 -8.99998951]	-1.5707963267948966	R
2783.023	1.48700000000008	trials				[nan nan nan nan]		A
2784.762	1.6459999999997308	trials				[nan nan nan nan]		A
2786.66	5.130000000000109	trials	2790.7417666666665	2790.7427666666667	0.0	[-1.  9.  1.  7.]	1.5707963267948966	R
2792.042	3.298000000000229	trials	2794.2735333333335	2794.2745333333332	1.0	[4.65460157 6.65910625 6.65460157 4.65910625]	0.7853981633974483	R
2795.592	1.9980000000000473	trials	2796.9191	2796.9201	3.0	[ 4.66360712 -4.65009308  6.66360712 -6.65009308]	-0.7853981633974483	I
2797.841	2.8780000000001564	trials	2799.5907333333334	2799.591733333333	5.0	[-6.64558125 -4.66810465 -4.64558125 -6.66810465]	-2.356194490192345	R
2800.97	2.9329999999999927	trials	2802.8458	2802.8468	6.0	[-8.99997711  0.98088819 -6.99997711 -1.01911187]	3.141592653589793	R
2804.155	3.187999999999647	trials	2806.2292	2806.2302	7.0	[-6.67259884  6.6410656  -4.67259884  4.6410656 ]	2.356194490192345	R
2807.595	2.96100000000024	trials	2809.4301666666665	2809.4311666666667	2.0	[ 6.99999762  1.00637066  8.99999714 -0.9936294 ]	0.0	R
2810.808	3.007000000000062	trials	2812.5058	2812.5068	3.0	[ 6.99999762  1.00637066  8.99999714 -0.9936294 ]	-0.7853981633974483	R
2814.067	2.4769999999998618	trials	2815.4521	2815.4531	1.0	[4.65460157 6.65910625 6.65460157 4.65910625]	0.7853981633974483	R
2816.795	2.581000000000131	trials	2818.3062	2818.3072	5.0	[-6.64558125 -4.66810465 -4.64558125 -6.66810465]	-2.356194490192345	R
2819.627	3.2260000000001128	trials	2821.7778	2821.7788	6.0	[-8.99997711  0.98088819 -6.99997711 -1.01911187]	3.141592653589793	R
2823.105	1.0590000000001965	trials				[nan nan nan nan]		A
2824.415	2.155999999999949	trials	2825.475966666667	2825.477	0.0	[-1.  9.  1.  7.]	1.5707963267948966	R
2826.822	2.423999999999978	trials	2828.1205333333332	2828.1215333333334	7.0	[-6.67259884  6.6410656  -4.67259884  4.6410656 ]	2.356194490192345	R
2829.498	2.918999999999869	trials	2831.395666666667	2831.3966666666665	4.0	[-0.98725879 -6.99998999  1.01274121 -8.99998951]	-1.5707963267948966	R
2832.669	1.9950000000003456	trials	2834.0091666666667	2834.0101666666665	3.0	[-0.98725879 -6.99998999  1.01274121 -8.99998951]	-0.7853981633974483	I
2834.915	3.0459999999998217	trials	2836.7820333333334	2836.783033333333	7.0	[-6.67259884  6.6410656  -4.67259884  4.6410656 ]	2.356194490192345	R
2838.213	3.2619999999997162	trials	2840.395	2840.3960333333334	2.0	[ 6.99999762  1.00637066  8.99999714 -0.9936294 ]	0.0	R
2841.726	2.9919999999997344	trials	2843.609	2843.61	0.0	[-1.  9.  1.  7.]	1.5707963267948966	R
2844.969	2.6649999999999636	trials	2846.431	2846.432	6.0	[-8.99997711  0.98088819 -6.99997711 -1.01911187]	3.141592653589793	R
2847.886	2.8339999999998327	trials	2849.6269333333335	2849.627933333333	1.0	[4.65460157 6.65910625 6.65460157 4.65910625]	0.7853981633974483	R
2850.971	2.5839999999998327	trials	2852.4609666666665	2852.4619666666667	4.0	[-0.98725879 -6.99998999  1.01274121 -8.99998951]	-1.5707963267948966	R
2853.806	2.201000000000022	trials	2854.9531333333334	2854.954166666667	5.0	[-6.64558125 -4.66810465 -4.64558125 -6.66810465]	-2.356194490192345	R
2856.258	3.1380000000003747	trials	2858.2844333333333	2858.2854333333335	7.0	[-6.64558125 -4.66810465 -4.64558125 -6.66810465]	2.356194490192345	R
2859.648	2.9200000000000728	trials	2861.4222	2861.4232	6.0	[-8.99997711  0.98088819 -6.99997711 -1.01911187]	3.141592653589793	R
2862.82	2.5429999999996653	trials	2864.3334333333332	2864.3344333333334	4.0	[-0.98725879 -6.99998999  1.01274121 -8.99998951]	-1.5707963267948966	R
2865.615	2.4200000000000728	trials	2866.9499333333333	2866.9509333333335	5.0	[-6.64558125 -4.66810465 -4.64558125 -6.66810465]	-2.356194490192345	R
2868.286	2.519999999999982	trials	2869.7458666666666	2869.746866666667	2.0	[ 6.99999762  1.00637066  8.99999714 -0.9936294 ]	0.0	R
2871.057	2.8410000000003492	trials	2872.8355333333334	2872.836533333333	0.0	[-1.  9.  1.  7.]	1.5707963267948966	R
2874.15	3.5289999999999964	trials	2876.248	2876.249	3.0	[ 4.66360712 -4.65009308  6.66360712 -6.65009308]	-0.7853981633974483	R
2877.93	2.719000000000051	trials	2879.5552333333335	2879.5562333333332	1.0	[4.65460157 6.65910625 6.65460157 4.65910625]	0.7853981633974483	R
2880.901	2.2890000000002146	trials	2882.0544333333332	2882.0554333333334	5.0	[4.65460157 6.65910625 6.65460157 4.65910625]	-2.356194490192345	R
2883.442	2.7489999999997963	trials	2885.0909666666666	2885.091966666667	7.0	[-6.67259884  6.6410656  -4.67259884  4.6410656 ]	2.356194490192345	R
2886.442	2.8170000000000073	trials	2888.2127	2888.2137	1.0	[4.65460157 6.65910625 6.65460157 4.65910625]	0.7853981633974483	R
2889.511	2.224999999999909	trials	2890.6247	2890.6257	2.0	[ 6.99999762  1.00637066  8.99999714 -0.9936294 ]	0.0	R
2891.988	2.9700000000002547	trials	2893.9499666666666	2893.950966666667	4.0	[-0.98725879 -6.99998999  1.01274121 -8.99998951]	-1.5707963267948966	R
2895.21	2.6849999999999454	trials	2896.8050333333335	2896.8060333333333	6.0	[-8.99997711  0.98088819 -6.99997711 -1.01911187]	3.141592653589793	R
2898.146	2.5149999999998727	trials	2899.9769	2899.9779	3.0	[ 4.66360712 -4.65009308  6.66360712 -6.65009308]	-0.7853981633974483	I
2900.912	2.531000000000404	trials	2902.288633333333	2902.2896333333333	0.0	[-1.  9.  1.  7.]	1.5707963267948966	R
2903.694	3.3339999999998327	trials	2905.8625333333334	2905.863533333333	7.0	[-1.  9.  1.  7.]	2.356194490192345	R
2907.28	2.83199999999988	trials	2909.4414	2909.4424	1.0	[4.65460157 6.65910625 6.65460157 4.65910625]	0.7853981633974483	I
2910.364	2.768999999999778	trials	2912.0619	2912.0629	6.0	[-8.99997711  0.98088819 -6.99997711 -1.01911187]	3.141592653589793	R
2913.384	3.5140000000001237	trials	2915.7611	2915.7621	0.0	[-1.  9.  1.  7.]	1.5707963267948966	R
2917.15	3.2829999999999018	trials	2919.2327	2919.2337	3.0	[ 4.66360712 -4.65009308  6.66360712 -6.65009308]	-0.7853981633974483	R
2920.684	3.356999999999971	trials	2922.9198666666666	2922.920866666667	5.0	[-6.64558125 -4.66810465 -4.64558125 -6.66810465]	-2.356194490192345	R
2924.292	3.0030000000001564	trials	2926.198	2926.199	4.0	[-0.98725879 -6.99998999  1.01274121 -8.99998951]	-1.5707963267948966	R
2927.546	2.8960000000001855	trials	2929.364866666667	2929.3658666666665	2.0	[ 6.99999762  1.00637066  8.99999714 -0.9936294 ]	0.0	R
2930.693	2.4079999999999018	trials	2931.8199666666665	2931.8209666666667	7.0	[ 6.99999762  1.00637066  8.99999714 -0.9936294 ]	2.356194490192345	R
2933.353	0.9479999999998654	trials				[nan nan nan nan]		A
2934.553	2.2150000000001455	trials	2935.7216333333336	2935.7226333333333	1.0	[4.65460157 6.65910625 6.65460157 4.65910625]	0.7853981633974483	R
2937.02	2.5650000000000546	trials	2938.4835	2938.4845	5.0	[-6.64558125 -4.66810465 -4.64558125 -6.66810465]	-2.356194490192345	R
2939.837	2.693000000000211	trials	2941.5631333333336	2941.5641333333333	4.0	[-0.98725879 -6.99998999  1.01274121 -8.99998951]	-1.5707963267948966	R
2942.781	0.7210000000000036	trials				[nan nan nan nan]		A
2943.754	2.5329999999999018	trials	2945.2182	2945.2192	2.0	[ 6.99999762  1.00637066  8.99999714 -0.9936294 ]	0.0	R
2946.539	2.49599999999964	trials	2947.9690333333333	2947.9700333333335	0.0	[-1.  9.  1.  7.]	1.5707963267948966	R
2949.286	2.4209999999998217	trials	2950.519366666667	2950.5203666666666	5.0	[-1.  9.  1.  7.]	-2.356194490192345	R
2951.959	2.757000000000062	trials	2953.5779666666667	2953.5789666666665	2.0	[ 6.99999762  1.00637066  8.99999714 -0.9936294 ]	0.0	R
2954.967	2.630999999999858	trials	2956.4751333333334	2956.476166666667	0.0	[-1.  9.  1.  7.]	1.5707963267948966	R
2957.85	1.2460000000000946	trials				[nan nan nan nan]		A
2959.347	2.1549999999997453	trials	2960.3658	2960.3668	1.0	[4.65460157 6.65910625 6.65460157 4.65910625]	0.7853981633974483	R
2961.753	2.393000000000029	trials	2963.1086333333333	2963.1096333333335	4.0	[-0.98725879 -6.99998999  1.01274121 -8.99998951]	-1.5707963267948966	R
2964.398	2.5429999999996653	trials	2965.7933	2965.7943	3.0	[ 4.66360712 -4.65009308  6.66360712 -6.65009308]	-0.7853981633974483	R
2967.193	3.080999999999676	trials	2969.1977333333334	2969.198733333333	6.0	[-8.99997711  0.98088819 -6.99997711 -1.01911187]	3.141592653589793	R
2970.526	3.39200000000028	trials	2972.8177333333333	2972.8187333333335	5.0	[-8.99997711  0.98088819 -6.99997711 -1.01911187]	-2.356194490192345	R
2974.17	1.1449999999999818	trials				[nan nan nan nan]		A
2975.567	0.181999999999789	trials				[nan nan nan nan]		A
2976.001	4.230000000000018	trials	2979.0622333333336	2979.0632333333333	6.0	[-8.99997711  0.98088819 -6.99997711 -1.01911187]	3.141592653589793	R
2980.483	3.0429999999996653	trials	2982.4807	2982.4817	2.0	[ 6.99999762  1.00637066  8.99999714 -0.9936294 ]	0.0	R
2983.778	2.367000000000189	trials	2985.0360333333333	2985.0370666666668	3.0	[ 4.66360712 -4.65009308  6.66360712 -6.65009308]	-0.7853981633974483	R
2986.396	2.3219999999996617	trials	2987.588366666667	2987.5894	7.0	[-6.67259884  6.6410656  -4.67259884  4.6410656 ]	2.356194490192345	R
2988.97	2.768000000000029	trials	2990.7312	2990.7322	4.0	[-0.98725879 -6.99998999  1.01274121 -8.99998951]	-1.5707963267948966	R
2991.989	2.2719999999999345	trials	2993.2314	2993.2324	5.0	[-0.98725879 -6.99998999  1.01274121 -8.99998951]	-2.356194490192345	R
2994.513	2.4010000000002947	trials	2995.8068	2995.807766666667	6.0	[-8.99997711  0.98088819 -6.99997711 -1.01911187]	3.141592653589793	R
2997.165	2.8769999999999527	trials	2998.9626333333335	2998.9636333333333	0.0	[-1.  9.  1.  7.]	1.5707963267948966	R
3000.294	2.7590000000000146	trials	3001.921966666667	3001.9229666666665	7.0	[-6.67259884  6.6410656  -4.67259884  4.6410656 ]	2.356194490192345	R
3003.304	3.0160000000000764	trials	3005.2402	3005.2412	1.0	[4.65460157 6.65910625 6.65460157 4.65910625]	0.7853981633974483	R
3006.572	2.2109999999997854	trials	3007.7033	3007.7043	3.0	[ 4.66360712 -4.65009308  6.66360712 -6.65009308]	-0.7853981633974483	R
3009.035	2.5390000000002146	trials	3010.4351	3010.4361	4.0	[-0.98725879 -6.99998999  1.01274121 -8.99998951]	-1.5707963267948966	R
3011.826	2.173999999999978	trials	3012.9373	3012.9383	2.0	[ 6.99999762  1.00637066  8.99999714 -0.9936294 ]	0.0	R
3014.252	2.2950000000000728	trials	3015.4475333333335	3015.448533333333	0.0	[ 6.99999762  1.00637066  8.99999714 -0.9936294 ]	1.5707963267948966	R
3016.799	3.0979999999999563	trials	3018.802866666667	3018.8038666666666	5.0	[-6.64558125 -4.66810465 -4.64558125 -6.66810465]	-2.356194490192345	R
3020.148	3.2229999999999563	trials	3022.263466666667	3022.2644666666665	7.0	[-6.67259884  6.6410656  -4.67259884  4.6410656 ]	2.356194490192345	R
3023.623	13.141000000000076	trials	3035.5915333333332	3035.5925333333334	1.0	[4.65460157 6.65910625 6.65460157 4.65910625]	0.7853981633974483	R
3037.016	0.8869999999997162	trials				[nan nan nan nan]		A
3038.155	3.151999999999589	trials	3040.0526	3040.0536	4.0	[-0.98725879 -6.99998999  1.01274121 -8.99998951]	-1.5707963267948966	R
3041.558	3.13799999999992	trials	3043.6305	3043.6315	2.0	[ 6.99999762  1.00637066  8.99999714 -0.9936294 ]	0.0	R
3044.948	3.5109999999999673	trials	3047.3888333333334	3047.389833333333	3.0	[ 4.66360712 -4.65009308  6.66360712 -6.65009308]	-0.7853981633974483	R
3048.711	2.211999999999989	trials	3050.3782333333334	3050.3792333333336	4.0	[ 4.66360712 -4.65009308  6.66360712 -6.65009308]	-1.5707963267948966	I
3051.174	0.2869999999998072	trials				[nan nan nan nan]		A
3051.713	16.603999999999814	trials	3067.2	3067.201	0.0	[-1.  9.  1.  7.]	1.5707963267948966	R
3068.568	3.270999999999731	trials	3070.718733333333	3070.7197333333334	2.0	[ 6.99999762  1.00637066  8.99999714 -0.9936294 ]	0.0	R
3072.09	2.592999999999847	trials	3073.6029	3073.6039	5.0	[-6.64558125 -4.66810465 -4.64558125 -6.66810465]	-2.356194490192345	R
3074.934	3.618999999999687	trials	3077.4404	3077.4414333333334	6.0	[-8.99997711  0.98088819 -6.99997711 -1.01911187]	3.141592653589793	R
3078.805	3.088000000000193	trials	3080.7285666666667	3080.729566666667	7.0	[-6.67259884  6.6410656  -4.67259884  4.6410656 ]	2.356194490192345	R
3082.145	3.144999999999982	trials	3084.1791333333335	3084.1801333333333	3.0	[ 4.66360712 -4.65009308  6.66360712 -6.65009308]	-0.7853981633974483	R
3085.542	2.5419999999999163	trials	3087.0202	3087.0212	3.0	[ 4.66360712 -4.65009308  6.66360712 -6.65009308]	-0.7853981633974483	R
3088.335	2.98700000000008	trials	3090.3033333333333	3090.3043333333335	4.0	[-0.98725879 -6.99998999  1.01274121 -8.99998951]	-1.5707963267948966	R
3091.574	3.092999999999847	trials	3093.5514	3093.5524	1.0	[4.65460157 6.65910625 6.65460157 4.65910625]	0.7853981633974483	R
3094.919	2.644000000000233	trials	3096.4225333333334	3096.423533333333	2.0	[ 6.99999762  1.00637066  8.99999714 -0.9936294 ]	0.0	R
3097.815	1.9890000000000327	trials	3099.1142	3099.1152333333334	5.0	[-6.64558125 -4.66810465 -4.64558125 -6.66810465]	-2.356194490192345	I
3100.056	3.0239999999998872	trials	3101.9723	3101.9733	7.0	[-6.67259884  6.6410656  -4.67259884  4.6410656 ]	2.356194490192345	R
3103.332	2.9210000000002765	trials	3105.1462	3105.1472	6.0	[-8.99997711  0.98088819 -6.99997711 -1.01911187]	3.141592653589793	R
3106.505	2.7100000000000364	trials	3108.1677	3108.1687	0.0	[-1.  9.  1.  7.]	1.5707963267948966	R
3109.467	3.0709999999999127	trials	3111.408733333333	3111.4097333333334	6.0	[-1.  9.  1.  7.]	3.141592653589793	R
3112.789	2.91399999999976	trials	3114.6046666666666	3114.605666666667	0.0	[-1.  9.  1.  7.]	1.5707963267948966	R
3115.955	2.9290000000000873	trials	3117.7344333333335	3117.7354333333333	1.0	[4.65460157 6.65910625 6.65460157 4.65910625]	0.7853981633974483	R
3119.136	3.2229999999999563	trials	3121.242133333333	3121.2431333333334	7.0	[-6.67259884  6.6410656  -4.67259884  4.6410656 ]	2.356194490192345	R
3122.611	3.22400000000016	trials	3124.7989666666667	3124.7999666666665	5.0	[-6.64558125 -4.66810465 -4.64558125 -6.66810465]	-2.356194490192345	R
3126.086	2.6520000000000437	trials	3127.697166666667	3127.6981666666666	4.0	[-0.98725879 -6.99998999  1.01274121 -8.99998951]	-1.5707963267948966	R
3128.989	2.6460000000001855	trials	3130.5923333333335	3130.5933666666665	2.0	[ 6.99999762  1.00637066  8.99999714 -0.9936294 ]	0.0	R
3131.887	3.06899999999996	trials	3133.8213666666666	3133.8223666666668	3.0	[ 4.66360712 -4.65009308  6.66360712 -6.65009308]	-0.7853981633974483	R
3135.208	2.2409999999999854	trials	3136.2965	3136.2975	0.0	[ 4.66360712 -4.65009308  6.66360712 -6.65009308]	1.5707963267948966	R
3137.701	3.355999999999767	trials	3139.9445666666666	3139.9455666666668	2.0	[ 6.99999762  1.00637066  8.99999714 -0.9936294 ]	0.0	R
3141.309	3.2789999999999964	trials	3143.4021333333335	3143.4031333333332	1.0	[4.65460157 6.65910625 6.65460157 4.65910625]	0.7853981633974483	R
3144.84	6.431999999999789	trials	3150.1128	3150.1138	7.0	[-6.67259884  6.6410656  -4.67259884  4.6410656 ]	2.356194490192345	R
3151.523	3.4020000000000437	trials	3153.8490666666667	3153.8501	3.0	[ 4.66360712 -4.65009308  6.66360712 -6.65009308]	-0.7853981633974483	R
3155.176	3.06899999999996	trials	3157.1162	3157.1172	6.0	[-8.99997711  0.98088819 -6.99997711 -1.01911187]	3.141592653589793	R
3158.497	3.407000000000153	trials	3160.8514666666665	3160.8524666666667	4.0	[-0.98725879 -6.99998999  1.01274121 -8.99998951]	-1.5707963267948966	R
3162.156	2.275000000000091	trials	3163.342633333333	3163.3436333333334	5.0	[-6.64558125 -4.66810465 -4.64558125 -6.66810465]	-2.356194490192345	R
3164.683	2.6149999999997817	trials	3166.074433333333	3166.0754333333334	7.0	[-6.64558125 -4.66810465 -4.64558125 -6.66810465]	2.356194490192345	R
3167.55	2.88799999999992	trials	3169.3275	3169.3285	3.0	[ 4.66360712 -4.65009308  6.66360712 -6.65009308]	-0.7853981633974483	R
3170.69	2.2409999999999854	trials	3171.8577666666665	3171.8588	2.0	[ 6.99999762  1.00637066  8.99999714 -0.9936294 ]	0.0	R
3173.183	0.5920000000000982	trials				[nan nan nan nan]		A
3174.026	1.9220000000000255	trials	3174.916366666667	3174.9173666666666	6.0	[-8.99997711  0.98088819 -6.99997711 -1.01911187]	3.141592653589793	R
3176.2	3.3780000000001564	trials	3178.4902333333334	3178.491233333333	5.0	[-6.64558125 -4.66810465 -4.64558125 -6.66810465]	-2.356194490192345	R
3179.83	3.1109999999998763	trials	3181.8596	3181.8606	0.0	[-1.  9.  1.  7.]	1.5707963267948966	R
3183.193	3.075999999999567	trials	3185.239	3185.24	4.0	[-0.98725879 -6.99998999  1.01274121 -8.99998951]	-1.5707963267948966	R
3186.52	1.0289999999999964	trials				[nan nan nan nan]		A
3187.8	0.22199999999975262	trials				[nan nan nan nan]		A
3188.274	3.5419999999999163	trials	3190.543166666667	3190.5441666666666	6.0	[-8.99997711  0.98088819 -6.99997711 -1.01911187]	3.141592653589793	R
3192.068	1.1159999999999854	trials				[nan nan nan nan]		A
3193.435	2.443000000000211	trials	3194.7285666666667	3194.729566666667	0.0	[-1.  9.  1.  7.]	1.5707963267948966	R
3196.13	2.9279999999998836	trials	3198.4818666666665	3198.4828666666667	4.0	[-0.98725879 -6.99998999  1.01274121 -8.99998951]	-1.5707963267948966	I
3199.31	0.3890000000001237	trials				[nan nan nan nan]		A
3199.951	10.409000000000106	trials				[nan nan nan nan]		A
3210.612	0.5059999999998581	trials				[nan nan nan nan]		A
3211.37	0.48700000000008004	trials				[nan nan nan nan]		A
3212.109	2.407000000000153	trials	3213.442	3213.443	5.0	[-6.64558125 -4.66810465 -4.64558125 -6.66810465]	-2.356194490192345	R
3214.767	2.7140000000003965	trials	3216.3231666666666	3216.3241666666668	1.0	[4.65460157 6.65910625 6.65460157 4.65910625]	0.7853981633974483	R
3217.733	2.6149999999997817	trials	3219.1832666666664	3219.1842666666666	0.0	[-1.  9.  1.  7.]	1.5707963267948966	R
3220.6	2.7580000000002656	trials	3222.2869666666666	3222.2879666666668	6.0	[-8.99997711  0.98088819 -6.99997711 -1.01911187]	3.141592653589793	R
3223.609	3.3420000000000982	trials	3225.8357666666666	3225.836766666667	7.0	[-6.67259884  6.6410656  -4.67259884  4.6410656 ]	2.356194490192345	R
3227.202	3.1109999999998763	trials	3229.2292	3229.2302	2.0	[ 6.99999762  1.00637066  8.99999714 -0.9936294 ]	0.0	R
3230.565	2.6529999999997926	trials	3232.145433333333	3232.1464333333333	2.0	[ 6.99999762  1.00637066  8.99999714 -0.9936294 ]	0.0	R
3233.47	3.0300000000002	trials	3235.4556333333335	3235.4566333333332	5.0	[-6.64558125 -4.66810465 -4.64558125 -6.66810465]	-2.356194490192345	R
3236.752	3.275000000000091	trials	3238.9864	3238.9874	1.0	[4.65460157 6.65910625 6.65460157 4.65910625]	0.7853981633974483	R
3240.279	3.076000000000022	trials	3242.2665666666667	3242.267566666667	7.0	[-6.67259884  6.6410656  -4.67259884  4.6410656 ]	2.356194490192345	R
3243.607	2.9760000000001128	trials	3245.5066	3245.5076	6.0	[-8.99997711  0.98088819 -6.99997711 -1.01911187]	3.141592653589793	R
3246.835	2.6660000000001673	trials	3248.3125666666665	3248.3135666666667	3.0	[ 4.66360712 -4.65009308  6.66360712 -6.65009308]	-0.7853981633974483	R
3249.752	2.700000000000273	trials	3251.3511	3251.3521	0.0	[-1.  9.  1.  7.]	1.5707963267948966	R
3252.703	3.3859999999999673	trials	3255.068333333333	3255.0693333333334	4.0	[-0.98725879 -6.99998999  1.01274121 -8.99998951]	-1.5707963267948966	R
3256.34	3.181999999999789	trials	3258.3665	3258.3675	7.0	[-0.98725879 -6.99998999  1.01274121 -8.99998951]	2.356194490192345	R
3259.774	3.030999999999949	trials	3261.7699666666667	3261.7709666666665	5.0	[-6.64558125 -4.66810465 -4.64558125 -6.66810465]	-2.356194490192345	R
3263.056	2.875999999999749	trials	3264.8636333333334	3264.864633333333	0.0	[-1.  9.  1.  7.]	1.5707963267948966	R
3266.184	2.9029999999997926	trials	3267.9533	3267.9543	3.0	[ 4.66360712 -4.65009308  6.66360712 -6.65009308]	-0.7853981633974483	R
3269.339	3.063000000000102	trials	3271.365766666667	3271.3668	1.0	[4.65460157 6.65910625 6.65460157 4.65910625]	0.7853981633974483	R
3272.654	3.188999999999851	trials	3274.7612	3274.7622	6.0	[-8.99997711  0.98088819 -6.99997711 -1.01911187]	3.141592653589793	R
3276.095	3.7100000000000364	trials	3278.7842	3278.7852	4.0	[-0.98725879 -6.99998999  1.01274121 -8.99998951]	-1.5707963267948966	R
3280.056	0.7080000000000837	trials				[nan nan nan nan]		A
3281.016	2.438999999999851	trials	3282.3741	3282.3751	2.0	[ 6.99999762  1.00637066  8.99999714 -0.9936294 ]	0.0	R
3283.706	2.7849999999998545	trials	3285.1439666666665	3285.145	3.0	[ 4.66360712 -4.65009308  6.66360712 -6.65009308]	-0.7853981633974483	R
3286.743	2.0080000000002656	trials	3288.1143666666667	3288.115366666667	0.0	[-1.  9.  1.  7.]	1.5707963267948966	I
3289.003	3.161999999999807	trials	3291.0737	3291.0747	4.0	[-0.98725879 -6.99998999  1.01274121 -8.99998951]	-1.5707963267948966	R
3292.417	3.3850000000002183	trials	3294.5784	3294.5794	1.0	[4.65460157 6.65910625 6.65460157 4.65910625]	0.7853981633974483	R
3296.054	3.1790000000000873	trials	3298.097133333333	3298.0981333333334	7.0	[-6.67259884  6.6410656  -4.67259884  4.6410656 ]	2.356194490192345	R
3299.485	3.1469999999999345	trials	3301.3301666666666	3301.331166666667	6.0	[-8.99997711  0.98088819 -6.99997711 -1.01911187]	3.141592653589793	R
3302.884	2.980000000000018	trials	3304.8198333333335	3304.820833333333	5.0	[-6.64558125 -4.66810465 -4.64558125 -6.66810465]	-2.356194490192345	R
3306.116	2.4290000000000873	trials	3307.5255333333334	3307.526533333333	1.0	[-6.64558125 -4.66810465 -4.64558125 -6.66810465]	0.7853981633974483	R
3308.797	2.518999999999778	trials	3310.1651	3310.1661	3.0	[ 4.66360712 -4.65009308  6.66360712 -6.65009308]	-0.7853981633974483	R
3311.568	2.8609999999998763	trials	3313.420166666667	3313.4211666666665	4.0	[-0.98725879 -6.99998999  1.01274121 -8.99998951]	-1.5707963267948966	R
3314.68	3.157000000000153	trials	3316.7374	3316.7384	6.0	[-8.99997711  0.98088819 -6.99997711 -1.01911187]	3.141592653589793	R
3318.089	3.3090000000001965	trials	3320.3173	3320.3183	2.0	[ 6.99999762  1.00637066  8.99999714 -0.9936294 ]	0.0	R
3321.65	2.3600000000001273	trials	3322.838566666667	3322.8395666666665	0.0	[-1.  9.  1.  7.]	1.5707963267948966	R
3324.262	3.3789999999999054	trials	3326.4665666666665	3326.4675666666667	7.0	[-6.67259884  6.6410656  -4.67259884  4.6410656 ]	2.356194490192345	R
3327.893	3.2359999999998763	trials	3330.0444333333335	3330.045433333333	5.0	[-6.64558125 -4.66810465 -4.64558125 -6.66810465]	-2.356194490192345	R
3331.381	2.769999999999982	trials	3333.1281	3333.1291	5.0	[-6.64558125 -4.66810465 -4.64558125 -6.66810465]	-2.356194490192345	R
3334.402	2.5	trials	3335.8268	3335.8278	0.0	[-1.  9.  1.  7.]	1.5707963267948966	R
3337.154	2.9270000000001346	trials	3339.044766666667	3339.0457666666666	1.0	[4.65460157 6.65910625 6.65460157 4.65910625]	0.7853981633974483	R
3340.333	2.61200000000008	trials	3341.9109	3341.9119	2.0	[ 6.99999762  1.00637066  8.99999714 -0.9936294 ]	0.0	R
3343.197	3.1109999999998763	trials	3345.2191	3345.2201	7.0	[-6.67259884  6.6410656  -4.67259884  4.6410656 ]	2.356194490192345	R
3346.559	3.280999999999949	trials	3348.6767	3348.6777	3.0	[ 4.66360712 -4.65009308  6.66360712 -6.65009308]	-0.7853981633974483	R
3350.091	3.019000000000233	trials	3352.0931666666665	3352.0941666666668	4.0	[-0.98725879 -6.99998999  1.01274121 -8.99998951]	-1.5707963267948966	R
3353.361	3.2160000000003492	trials	3355.4565333333335	3355.4575333333332	6.0	[-8.99997711  0.98088819 -6.99997711 -1.01911187]	3.141592653589793	R
3356.829	3.6779999999998836	trials	3359.2389	3359.2399	7.0	[-8.99997711  0.98088819 -6.99997711 -1.01911187]	2.356194490192345	R
3360.759	3.119000000000142	trials	3362.7366	3362.7376	6.0	[-8.99997711  0.98088819 -6.99997711 -1.01911187]	3.141592653589793	R
3364.13	3.2239999999997053	trials	3366.2272666666668	3366.2282666666665	1.0	[4.65460157 6.65910625 6.65460157 4.65910625]	0.7853981633974483	R
3367.606	2.756999999999607	trials	3369.2447333333334	3369.245733333333	0.0	[-1.  9.  1.  7.]	1.5707963267948966	R
3370.614	3.1280000000001564	trials	3372.6462	3372.6472	2.0	[ 6.99999762  1.00637066  8.99999714 -0.9936294 ]	0.0	R
3373.994	2.2909999999997126	trials	3375.2446333333332	3375.2456333333334	4.0	[-0.98725879 -6.99998999  1.01274121 -8.99998951]	-1.5707963267948966	R
3376.537	2.9039999999999964	trials	3378.3072333333334	3378.308233333333	3.0	[ 4.66360712 -4.65009308  6.66360712 -6.65009308]	-0.7853981633974483	R
3379.693	2.574999999999818	trials	3381.2375	3381.2385	5.0	[-6.64558125 -4.66810465 -4.64558125 -6.66810465]	-2.356194490192345	R
3382.52	2.592999999999847	trials	3384.0104	3384.0114	6.0	[-6.64558125 -4.66810465 -4.64558125 -6.66810465]	3.141592653589793	R
3385.365	2.8070000000002437	trials	3387.081	3387.082033333333	7.0	[-6.67259884  6.6410656  -4.67259884  4.6410656 ]	2.356194490192345	R
3388.423	3.087000000000444	trials	3390.2809666666667	3390.2819666666664	2.0	[ 6.99999762  1.00637066  8.99999714 -0.9936294 ]	0.0	R
3391.762	2.524999999999636	trials	3393.2072333333335	3393.2082333333333	3.0	[ 4.66360712 -4.65009308  6.66360712 -6.65009308]	-0.7853981633974483	R
3394.539	3.1709999999998217	trials	3396.6898666666666	3396.690866666667	1.0	[4.65460157 6.65910625 6.65460157 4.65910625]	0.7853981633974483	R
3397.962	2.786999999999807	trials	3399.7194	3399.7204	4.0	[-0.98725879 -6.99998999  1.01274121 -8.99998951]	-1.5707963267948966	R
3401.001	3.151999999999589	trials	3403.0165666666667	3403.017566666667	0.0	[-1.  9.  1.  7.]	1.5707963267948966	R
3404.405	3.0169999999998254	trials	3406.417	3406.4180333333334	5.0	[-6.64558125 -4.66810465 -4.64558125 -6.66810465]	-2.356194490192345	F
3407.673	2.911000000000058	trials				[nan nan nan nan]		A
3410.836	5.01700000000028	trials	3414.732666666667	3414.7336666666665	5.0	[-6.64558125 -4.66810465 -4.64558125 -6.66810465]	-2.356194490192345	R
3416.105	3.19399999999996	trials	3418.1992666666665	3418.2002666666667	2.0	[ 6.99999762  1.00637066  8.99999714 -0.9936294 ]	0.0	R
3419.551	3.1030000000000655	trials	3421.4784	3421.4794	0.0	[-1.  9.  1.  7.]	1.5707963267948966	R
3422.906	2.52599999999984	trials	3424.363566666667	3424.3645666666666	1.0	[4.65460157 6.65910625 6.65460157 4.65910625]	0.7853981633974483	R
3425.684	2.60799999999972	trials	3427.1685333333335	3427.169533333333	6.0	[-8.99997711  0.98088819 -6.99997711 -1.01911187]	3.141592653589793	R
3428.544	2.986000000000331	trials	3430.394533333333	3430.3955333333333	3.0	[ 4.66360712 -4.65009308  6.66360712 -6.65009308]	-0.7853981633974483	R
3431.782	2.8179999999997563	trials	3433.4140333333335	3433.415033333333	7.0	[-6.67259884  6.6410656  -4.67259884  4.6410656 ]	2.356194490192345	R
3434.852	3.0330000000003565	trials	3436.5839	3436.5849	6.0	[-6.67259884  6.6410656  -4.67259884  4.6410656 ]	3.141592653589793	R
3438.137	2.7539999999999054	trials	3439.8289666666665	3439.8299666666667	4.0	[-0.98725879 -6.99998999  1.01274121 -8.99998951]	-1.5707963267948966	R
3441.142	2.8210000000003674	trials	3442.8564666666666	3442.857466666667	2.0	[ 6.99999762  1.00637066  8.99999714 -0.9936294 ]	0.0	R
3444.215	2.5409999999997126	trials	3445.7085333333334	3445.709566666667	1.0	[4.65460157 6.65910625 6.65460157 4.65910625]	0.7853981633974483	R
3447.008	2.507000000000062	trials	3448.4002333333333	3448.4012333333335	3.0	[ 4.66360712 -4.65009308  6.66360712 -6.65009308]	-0.7853981633974483	R
3449.767	3.143000000000029	trials	3451.806666666667	3451.8077	5.0	[-6.64558125 -4.66810465 -4.64558125 -6.66810465]	-2.356194490192345	R
3453.162	2.9220000000000255	trials	3454.9976	3454.9986	0.0	[-1.  9.  1.  7.]	1.5707963267948966	R
3456.336	2.936000000000149	trials	3458.5524333333333	3458.5534333333335	7.0	[-6.67259884  6.6410656  -4.67259884  4.6410656 ]	2.356194490192345	I
3459.524	2.9909999999999854	trials	3461.3273	3461.3283333333334	2.0	[-6.67259884  6.6410656  -4.67259884  4.6410656 ]	0.0	R
3462.767	2.5790000000001783	trials	3464.3047	3464.3057	4.0	[-0.98725879 -6.99998999  1.01274121 -8.99998951]	-1.5707963267948966	R
3465.598	2.9320000000002437	trials	3467.3883666666666	3467.389366666667	6.0	[-8.99997711  0.98088819 -6.99997711 -1.01911187]	3.141592653589793	R
3468.782	3.9289999999996326	trials	3471.5687333333335	3471.5697333333333	1.0	[4.65460157 6.65910625 6.65460157 4.65910625]	0.7853981633974483	R
3472.962	2.849999999999909	trials	3474.663433333333	3474.6644333333334	0.0	[-1.  9.  1.  7.]	1.5707963267948966	R
3476.064	0.8760000000002037	trials				[nan nan nan nan]		A
3477.192	2.6579999999999018	trials	3478.6693666666665	3478.6703666666667	7.0	[-6.67259884  6.6410656  -4.67259884  4.6410656 ]	2.356194490192345	R
3480.102	3.0270000000000437	trials	3482.0688	3482.0698	3.0	[ 4.66360712 -4.65009308  6.66360712 -6.65009308]	-0.7853981633974483	R
3483.381	2.229000000000269	trials	3484.5299	3484.5309	4.0	[ 4.66360712 -4.65009308  6.66360712 -6.65009308]	-1.5707963267948966	R
3485.861	2.755000000000109	trials	3487.580466666667	3487.5815	5.0	[-6.64558125 -4.66810465 -4.64558125 -6.66810465]	-2.356194490192345	R
3488.868	3.3659999999999854	trials	3491.1473333333333	3491.1483333333335	3.0	[ 4.66360712 -4.65009308  6.66360712 -6.65009308]	-0.7853981633974483	R
3492.486	1.58600000000024	trials				[nan nan nan nan]		A
3494.323	0.6790000000000873	trials				[nan nan nan nan]		A
3495.254	0.8810000000003129	trials				[nan nan nan nan]		A
3496.386	5.760999999999967	trials	3500.940633333333	3500.9416333333334	0.0	[-1.  9.  1.  7.]	1.5707963267948966	R
3502.398	3.438999999999851	trials	3504.6659	3504.6669	7.0	[-6.67259884  6.6410656  -4.67259884  4.6410656 ]	2.356194490192345	R
3506.088	2.9890000000000327	trials	3507.946033333333	3507.9470333333334	3.0	[-6.67259884  6.6410656  -4.67259884  4.6410656 ]	-0.7853981633974483	R
3509.328	2.3090000000001965	trials	3511.0497333333333	3511.0507333333335	1.0	[4.65460157 6.65910625 6.65460157 4.65910625]	0.7853981633974483	I
3511.889	9.393999999999778	trials	3520.1282666666666	3520.129266666667	5.0	[-6.64558125 -4.66810465 -4.64558125 -6.66810465]	-2.356194490192345	R
3521.535	3.2719999999999345	trials	3523.6771	3523.6781	0.0	[-1.  9.  1.  7.]	1.5707963267948966	R
3525.059	3.1099999999996726	trials	3527.001333333333	3527.0023333333334	7.0	[-6.67259884  6.6410656  -4.67259884  4.6410656 ]	2.356194490192345	R
3528.421	2.9729999999999563	trials	3530.3266	3530.3276	6.0	[-8.99997711  0.98088819 -6.99997711 -1.01911187]	3.141592653589793	R
3531.646	3.737999999999829	trials	3534.3435666666664	3534.3445666666667	2.0	[ 6.99999762  1.00637066  8.99999714 -0.9936294 ]	0.0	R
3535.636	7.688999999999851	trials	3542.2251333333334	3542.226133333333	4.0	[-0.98725879 -6.99998999  1.01274121 -8.99998951]	-1.5707963267948966	R
3543.576	3.1359999999999673	trials	3545.707766666667	3545.7087666666666	2.0	[-0.98725879 -6.99998999  1.01274121 -8.99998951]	0.0	F
3546.964	1.0390000000002146	trials				[nan nan nan nan]		A
3548.255	1.4200000000000728	trials				[nan nan nan nan]		A
3549.926	5.898999999999887	trials	3554.6730333333335	3554.674033333333	0.0	[-1.  9.  1.  7.]	1.5707963267948966	R
3556.077	4.156999999999698	trials	3559.229333333333	3559.2303333333334	3.0	[ 4.66360712 -4.65009308  6.66360712 -6.65009308]	-0.7853981633974483	F
3560.485	20.05600000000004	trials	3579.168833333333	3579.1698333333334	1.0	[4.65460157 6.65910625 6.65460157 4.65910625]	0.7853981633974483	R
3580.793	7.263999999999669	trials	3586.8408666666664	3586.8418666666666	7.0	[-6.67259884  6.6410656  -4.67259884  4.6410656 ]	2.356194490192345	R
3588.309	3.1269999999999527	trials	3590.290433333333	3590.2914333333333	6.0	[-8.99997711  0.98088819 -6.99997711 -1.01911187]	3.141592653589793	R
3591.688	0.9099999999998545	trials				[nan nan nan nan]		A
3592.85	2.800000000000182	trials				[nan nan nan nan]		A
3595.901	3.4349999999999454	trials	3598.0396666666666	3598.0406666666668	4.0	[-0.98725879 -6.99998999  1.01274121 -8.99998951]	-1.5707963267948966	R
3599.588	2.5969999999997526	trials	3601.1403666666665	3601.1413666666667	5.0	[-6.64558125 -4.66810465 -4.64558125 -6.66810465]	-2.356194490192345	R
3602.437	2.9700000000002547	trials	3604.3413	3604.3423	0.0	[-1.  9.  1.  7.]	1.5707963267948966	R
3605.659	3.8899999999998727	trials	3608.4044	3608.4054	6.0	[-8.99997711  0.98088819 -6.99997711 -1.01911187]	3.141592653589793	R
3609.801	10.090999999999894	trials				[nan nan nan nan]		A
3620.144	0.1000000000003638	trials				[nan nan nan nan]		A
3620.495	2.6640000000002146	trials	3621.9560333333334	3621.957033333333	4.0	[-6.67259884  6.6410656  -4.67259884  4.6410656 ]	-1.5707963267948966	R
3623.411	3.494999999999891	trials	3625.619133333333	3625.6201333333333	7.0	[-6.67259884  6.6410656  -4.67259884  4.6410656 ]	2.356194490192345	R
3627.158	3.82300000000032	trials	3629.8837	3629.8847333333333	0.0	[-1.  9.  1.  7.]	1.5707963267948966	R
3631.233	3.994999999999891	trials				[nan nan nan nan]		A
3635.48	3.469000000000051	trials	3637.7572666666665	3637.7582666666667	1.0	[4.65460157 6.65910625 6.65460157 4.65910625]	0.7853981633974483	R
3639.201	3.0709999999999127	trials	3641.180766666667	3641.1817666666666	3.0	[ 4.66360712 -4.65009308  6.66360712 -6.65009308]	-0.7853981633974483	R
3642.524	2.8140000000003056	trials	3644.2674333333334	3644.268433333333	5.0	[-6.64558125 -4.66810465 -4.64558125 -6.66810465]	-2.356194490192345	R
3645.59	3.05199999999968	trials	3647.539533333333	3647.5405333333333	6.0	[-8.99997711  0.98088819 -6.99997711 -1.01911187]	3.141592653589793	R
3648.894	48.1550000000002	trials	3695.770266666667	3695.7712666666666	6.0	[-8.99997711  0.98088819 -6.99997711 -1.01911187]	3.141592653589793	R
3697.301	2.6019999999998618	trials	3698.7226	3698.7236	2.0	[ 6.99999762  1.00637066  8.99999714 -0.9936294 ]	0.0	R
3700.154	3.3470000000002074	trials	3702.3836666666666	3702.384666666667	1.0	[4.65460157 6.65910625 6.65460157 4.65910625]	0.7853981633974483	R
3703.753	1.074999999999818	trials				[nan nan nan nan]		A
3705.079	2.9779999999996107	trials				[nan nan nan nan]		A
