onset	duration	nwb_table	target_on_time	go_cue_time	target_id	target_corners	target_dir	result
1.501	3.4680000000000004	trials	3.642533333333333	3.6435333333333335	2.0	[ 6.99999762  1.00637066  8.99999714 -0.9936294 ]	0.0	R
5.22	2.4930000000000003	trials	6.5628	6.5638	6.0	[-8.99997711  0.98088819 -6.99997711 -1.01911187]	3.141592653589793	R
7.964	3.360999999999999	trials	10.204833333333333	10.205833333333333	0.0	[-1.  9.  1.  7.]	1.5707963267948966	R
11.576	3.2880000000000003	trials	13.772666666666666	13.7737	3.0	[ 4.66360712 -4.65009308  6.66360712 -6.65009308]	-0.7853981633974483	R
15.116	0.9059999999999988	trials				[nan nan nan nan]		A
16.274	1.8550000000000004	trials	16.895433333333333	16.896433333333334	4.0	[-0.98725879 -6.99998999  1.01274121 -8.99998951]	-1.5707963267948966	R
18.38	3.6940000000000026	trials	20.8713	20.8723	7.0	[-0.98725879 -6.99998999  1.01274121 -8.99998951]	2.356194490192345	R
22.326	3.477999999999998	trials	24.4552	24.4562	5.0	[-6.64558125 -4.66810465 -4.64558125 -6.66810465]	-2.356194490192345	R
26.055	2.814	trials	27.86466666666667	27.865666666666666	2.0	[ 6.99999762  1.00637066  8.99999714 -0.9936294 ]	0.0	F
29.121	3.6020000000000003	trials	31.520733333333332	31.521733333333334	1.0	[4.65460157 6.65910625 6.65460157 4.65910625]	0.7853981633974483	R
32.974	2.7850000000000037	trials	34.65853333333333	34.659533333333336	6.0	[-8.99997711  0.98088819 -6.99997711 -1.01911187]	3.141592653589793	R
36.011	3.9679999999999964	trials	38.6765	38.6775	0.0	[-1.  9.  1.  7.]	1.5707963267948966	R
40.23	3.4680000000000035	trials	42.2634	42.2644	3.0	[ 4.66360712 -4.65009308  6.66360712 -6.65009308]	-0.7853981633974483	R
43.95	3.013999999999996	trials	45.9305	45.9315	4.0	[-0.98725879 -6.99998999  1.01274121 -8.99998951]	-1.5707963267948966	R
47.216	2.6629999999999967	trials	48.73146666666667	48.73246666666667	2.0	[-0.98725879 -6.99998999  1.01274121 -8.99998951]	0.0	R
50.131	2.817999999999998	trials	51.7299	51.7309	1.0	[4.65460157 6.65910625 6.65460157 4.65910625]	0.7853981633974483	R
53.201	3.7849999999999966	trials	55.8782	55.8792	0.0	[-1.  9.  1.  7.]	1.5707963267948966	R
57.238	1.2790000000000035	trials				[nan nan nan nan]		A
58.768	2.011000000000003	trials	59.388933333333334	59.38993333333333	3.0	[ 4.66360712 -4.65009308  6.66360712 -6.65009308]	-0.7853981633974483	R
61.031	2.636000000000003	trials	62.62093333333333	62.621966666666665	4.0	[-0.98725879 -6.99998999  1.01274121 -8.99998951]	-1.5707963267948966	R
63.918	3.1799999999999997	trials	65.97526666666667	65.97626666666666	6.0	[-8.99997711  0.98088819 -6.99997711 -1.01911187]	3.141592653589793	R
67.35	2.930000000000007	trials	69.1652	69.1662	5.0	[-6.64558125 -4.66810465 -4.64558125 -6.66810465]	-2.356194490192345	R
70.532	3.1650000000000063	trials	72.52353333333333	72.52453333333334	3.0	[-6.64558125 -4.66810465 -4.64558125 -6.66810465]	-0.7853981633974483	R
73.949	2.8220000000000027	trials	75.6102	75.6112	7.0	[-6.67259884  6.6410656  -4.67259884  4.6410656 ]	2.356194490192345	R
77.023	3.3299999999999983	trials	79.33643333333333	79.33743333333334	4.0	[-0.98725879 -6.99998999  1.01274121 -8.99998951]	-1.5707963267948966	R
80.605	3.069999999999993	trials	82.61056666666667	82.61156666666666	2.0	[ 6.99999762  1.00637066  8.99999714 -0.9936294 ]	0.0	R
83.927	2.7069999999999936	trials	85.2842	85.2852	1.0	[4.65460157 6.65910625 6.65460157 4.65910625]	0.7853981633974483	R
86.885	2.9439999999999884	trials	88.7408	88.7418	5.0	[-6.64558125 -4.66810465 -4.64558125 -6.66810465]	-2.356194490192345	R
90.08	2.388999999999996	trials	91.71216666666666	91.71316666666667	0.0	[-1.  9.  1.  7.]	1.5707963267948966	I
92.721	3.718999999999994	trials	95.33516666666667	95.33616666666667	6.0	[-8.99997711  0.98088819 -6.99997711 -1.01911187]	3.141592653589793	R
96.692	3.5320000000000107	trials	99.1386	99.1396	6.0	[-8.99997711  0.98088819 -6.99997711 -1.01911187]	3.141592653589793	R
100.476	3.543999999999997	trials	102.6062	102.6072	0.0	[-1.  9.  1.  7.]	1.5707963267948966	R
104.271	2.9599999999999937	trials	106.0728	106.0738	1.0	[4.65460157 6.65910625 6.65460157 4.65910625]	0.7853981633974483	R
107.482	2.837999999999994	trials	108.8818	108.8828	7.0	[-6.67259884  6.6410656  -4.67259884  4.6410656 ]	2.356194490192345	R
110.572	3.3669999999999902	trials	112.7484	112.7494	5.0	[-6.64558125 -4.66810465 -4.64558125 -6.66810465]	-2.356194490192345	R
114.191	3.122	trials	116.2571	116.2581	2.0	[ 6.99999762  1.00637066  8.99999714 -0.9936294 ]	0.0	R
117.564	2.439000000000007	trials	118.90866666666666	118.90966666666667	4.0	[-0.98725879 -6.99998999  1.01274121 -8.99998951]	-1.5707963267948966	R
120.255	3.2169999999999987	trials	122.36426666666667	122.36526666666667	3.0	[ 4.66360712 -4.65009308  6.66360712 -6.65009308]	-0.7853981633974483	R
123.724	2.5849999999999937	trials	125.2404	125.2414	2.0	[ 4.66360712 -4.65009308  6.66360712 -6.65009308]	0.0	R
126.561	3.468999999999994	trials	128.88243333333332	128.88343333333333	4.0	[-0.98725879 -6.99998999  1.01274121 -8.99998951]	-1.5707963267948966	R
130.282	3.024000000000001	trials	132.2478	132.2488	5.0	[-6.64558125 -4.66810465 -4.64558125 -6.66810465]	-2.356194490192345	R
133.558	2.430000000000007	trials	134.76906666666667	134.77006666666668	0.0	[-1.  9.  1.  7.]	1.5707963267948966	R
136.24	3.3019999999999925	trials	138.34393333333333	138.34493333333333	7.0	[-6.67259884  6.6410656  -4.67259884  4.6410656 ]	2.356194490192345	R
139.794	3.3389999999999986	trials	141.94886666666667	141.94986666666668	6.0	[-8.99997711  0.98088819 -6.99997711 -1.01911187]	3.141592653589793	R
143.384	3.113000000000028	trials	145.49266666666668	145.49366666666666	1.0	[4.65460157 6.65910625 6.65460157 4.65910625]	0.7853981633974483	F
146.749	3.0570000000000164	trials	148.70063333333334	148.70163333333332	3.0	[ 4.66360712 -4.65009308  6.66360712 -6.65009308]	-0.7853981633974483	R
150.058	3.1610000000000014	trials	152.01886666666667	152.01986666666667	1.0	[ 4.66360712 -4.65009308  6.66360712 -6.65009308]	0.7853981633974483	R
153.47	2.7930000000000064	trials	155.2168	155.2178	5.0	[-6.64558125 -4.66810465 -4.64558125 -6.66810465]	-2.356194490192345	R
156.515	1.0410000000000252	trials				[nan nan nan nan]		A
157.807	2.4310000000000116	trials	159.09443333333334	159.09543333333335	2.0	[ 6.99999762  1.00637066  8.99999714 -0.9936294 ]	0.0	R
160.49	2.8389999999999986	trials	162.138	162.139	6.0	[-8.99997711  0.98088819 -6.99997711 -1.01911187]	3.141592653589793	R
163.581	2.612000000000023	trials	164.98406666666668	164.98506666666665	7.0	[-6.67259884  6.6410656  -4.67259884  4.6410656 ]	2.356194490192345	R
166.445	3.241000000000014	trials	168.37846666666667	168.37946666666667	0.0	[-1.  9.  1.  7.]	1.5707963267948966	R
169.937	3.280000000000001	trials	172.10273333333333	172.10373333333334	3.0	[ 4.66360712 -4.65009308  6.66360712 -6.65009308]	-0.7853981633974483	R
173.468	2.8149999999999977	trials	175.22746666666666	175.2285	5.0	[ 4.66360712 -4.65009308  6.66360712 -6.65009308]	-2.356194490192345	R
176.535	2.7069999999999936	trials	178.10463333333334	178.10563333333334	6.0	[-8.99997711  0.98088819 -6.99997711 -1.01911187]	3.141592653589793	R
179.494	2.967000000000013	trials	181.41483333333332	181.41583333333332	2.0	[ 6.99999762  1.00637066  8.99999714 -0.9936294 ]	0.0	R
182.713	3.180000000000007	trials	184.6549	184.6559	7.0	[-6.67259884  6.6410656  -4.67259884  4.6410656 ]	2.356194490192345	R
186.145	2.837999999999994	trials	187.87086666666667	187.87186666666668	1.0	[4.65460157 6.65910625 6.65460157 4.65910625]	0.7853981633974483	R
189.234	3.0819999999999936	trials	190.92746666666667	190.92846666666668	3.0	[ 4.66360712 -4.65009308  6.66360712 -6.65009308]	-0.7853981633974483	R
192.568	2.461999999999989	trials	193.967	193.968	4.0	[-0.98725879 -6.99998999  1.01274121 -8.99998951]	-1.5707963267948966	R
195.281	2.9969999999999857	trials	197.56293333333332	197.56393333333332	0.0	[-1.  9.  1.  7.]	1.5707963267948966	I
198.529	7.173000000000002	trials	204.6375	204.6385	5.0	[-1.  9.  1.  7.]	-2.356194490192345	R
205.954	2.2949999999999875	trials	207.15273333333334	207.15373333333332	4.0	[-0.98725879 -6.99998999  1.01274121 -8.99998951]	-1.5707963267948966	R
208.501	3.3359999999999843	trials	210.6484	210.64943333333332	1.0	[4.65460157 6.65910625 6.65460157 4.65910625]	0.7853981633974483	R
212.089	2.8530000000000086	trials	213.81126666666665	213.81226666666666	2.0	[ 6.99999762  1.00637066  8.99999714 -0.9936294 ]	0.0	R
215.194	2.4490000000000123	trials	216.46183333333335	216.46283333333332	7.0	[-6.67259884  6.6410656  -4.67259884  4.6410656 ]	2.356194490192345	R
217.894	3.225999999999999	trials	219.8332	219.8342	6.0	[-8.99997711  0.98088819 -6.99997711 -1.01911187]	3.141592653589793	R
221.372	2.6729999999999734	trials	222.81963333333334	222.82063333333335	0.0	[-1.  9.  1.  7.]	1.5707963267948966	R
224.296	3.337999999999994	trials	226.5579	226.5589	3.0	[ 4.66360712 -4.65009308  6.66360712 -6.65009308]	-0.7853981633974483	R
227.885	3.219999999999999	trials	229.91323333333332	229.91423333333333	3.0	[ 4.66360712 -4.65009308  6.66360712 -6.65009308]	-0.7853981633974483	R
231.357	2.580999999999989	trials	232.81743333333333	232.81843333333333	6.0	[-8.99997711  0.98088819 -6.99997711 -1.01911187]	3.141592653589793	R
234.19	3.1980000000000075	trials	236.27	236.27103333333332	1.0	[4.65460157 6.65910625 6.65460157 4.65910625]	0.7853981633974483	R
237.639	2.4639999999999986	trials	238.93463333333332	238.93563333333333	0.0	[-1.  9.  1.  7.]	1.5707963267948966	R
240.354	3.1499999999999773	trials	242.29196666666667	242.29296666666667	7.0	[-6.67259884  6.6410656  -4.67259884  4.6410656 ]	2.356194490192345	R
243.756	3.617999999999995	trials	246.2177	246.2187	2.0	[ 6.99999762  1.00637066  8.99999714 -0.9936294 ]	0.0	R
247.625	3.1049999999999898	trials	249.56703333333334	249.56803333333335	4.0	[-0.98725879 -6.99998999  1.01274121 -8.99998951]	-1.5707963267948966	R
250.982	2.811000000000007	trials	252.75693333333334	252.75793333333334	5.0	[-6.64558125 -4.66810465 -4.64558125 -6.66810465]	-2.356194490192345	R
254.044	2.4170000000000016	trials	255.34036666666665	255.34136666666666	6.0	[-6.64558125 -4.66810465 -4.64558125 -6.66810465]	3.141592653589793	R
256.713	2.937999999999988	trials	258.49216666666666	258.4932	5.0	[-6.64558125 -4.66810465 -4.64558125 -6.66810465]	-2.356194490192345	R
259.903	2.4879999999999995	trials	261.1648	261.16583333333335	0.0	[-1.  9.  1.  7.]	1.5707963267948966	R
262.643	2.497000000000014	trials	264.0038666666667	264.00486666666666	1.0	[4.65460157 6.65910625 6.65460157 4.65910625]	0.7853981633974483	R
265.391	2.858000000000004	trials	267.0033	267.0043	7.0	[-6.67259884  6.6410656  -4.67259884  4.6410656 ]	2.356194490192345	R
268.501	3.372000000000014	trials	270.6503666666667	270.65136666666666	2.0	[ 6.99999762  1.00637066  8.99999714 -0.9936294 ]	0.0	R
272.125	2.9920000000000186	trials	274.0448	274.0458	4.0	[-0.98725879 -6.99998999  1.01274121 -8.99998951]	-1.5707963267948966	R
275.369	2.845999999999947	trials	277.06326666666666	277.0643	3.0	[ 4.66360712 -4.65009308  6.66360712 -6.65009308]	-0.7853981633974483	R
278.467	2.733000000000004	trials	280.0647333333333	280.06573333333336	3.0	[ 4.66360712 -4.65009308  6.66360712 -6.65009308]	-0.7853981633974483	R
281.451	2.9189999999999827	trials	283.17746666666665	283.1784666666667	7.0	[-6.67259884  6.6410656  -4.67259884  4.6410656 ]	2.356194490192345	R
284.622	2.541999999999973	trials	286.06463333333335	286.0656333333333	1.0	[4.65460157 6.65910625 6.65460157 4.65910625]	0.7853981633974483	R
287.416	2.9259999999999877	trials	289.1693333333333	289.17033333333336	5.0	[-6.64558125 -4.66810465 -4.64558125 -6.66810465]	-2.356194490192345	R
290.594	3.062999999999988	trials	292.5798	292.5808	4.0	[-0.98725879 -6.99998999  1.01274121 -8.99998951]	-1.5707963267948966	R
293.909	3.0880000000000223	trials	295.77973333333335	295.78073333333333	6.0	[-8.99997711  0.98088819 -6.99997711 -1.01911187]	3.141592653589793	R
297.248	3.2060000000000173	trials	299.39373333333333	299.3947333333333	2.0	[ 6.99999762  1.00637066  8.99999714 -0.9936294 ]	0.0	R
300.706	2.5679999999999836	trials	301.9631	301.9641	0.0	[-1.  9.  1.  7.]	1.5707963267948966	R
303.526	2.875	trials	305.3154	305.3164	4.0	[-1.  9.  1.  7.]	-1.5707963267948966	R
306.653	3.1229999999999905	trials	308.59956666666665	308.6005666666667	2.0	[ 6.99999762  1.00637066  8.99999714 -0.9936294 ]	0.0	R
310.027	0.8009999999999877	trials				[nan nan nan nan]		A
311.08	2.7830000000000155	trials	312.54036666666667	312.54136666666665	3.0	[ 4.66360712 -4.65009308  6.66360712 -6.65009308]	-0.7853981633974483	R
314.114	2.664000000000044	trials	315.64206666666666	315.64306666666664	0.0	[-1.  9.  1.  7.]	1.5707963267948966	R
317.03	2.6590000000000487	trials	318.5853666666667	318.58636666666666	1.0	[4.65460157 6.65910625 6.65460157 4.65910625]	0.7853981633974483	R
319.941	3.164000000000044	trials	321.9266666666667	321.92766666666665	5.0	[-6.64558125 -4.66810465 -4.64558125 -6.66810465]	-2.356194490192345	R
323.356	2.737000000000023	trials	324.9080666666667	324.90906666666666	7.0	[-6.67259884  6.6410656  -4.67259884  4.6410656 ]	2.356194490192345	R
326.345	3.0109999999999673	trials	328.6283	328.6293	7.0	[-6.67259884  6.6410656  -4.67259884  4.6410656 ]	2.356194490192345	I
329.608	3.694999999999993	trials	332.20416666666665	332.2051666666667	6.0	[-8.99997711  0.98088819 -6.99997711 -1.01911187]	3.141592653589793	R
333.555	3.3519999999999754	trials	335.4241666666667	335.42516666666666	1.0	[4.65460157 6.65910625 6.65460157 4.65910625]	0.7853981633974483	R
337.158	3.159999999999968	trials	339.20053333333334	339.2015333333333	2.0	[ 6.99999762  1.00637066  8.99999714 -0.9936294 ]	0.0	R
340.57	2.891999999999996	trials	342.30926666666664	342.3102666666667	5.0	[-6.64558125 -4.66810465 -4.64558125 -6.66810465]	-2.356194490192345	R
343.714	5.086000000000013	trials	347.70866666666666	347.7096666666667	4.0	[-0.98725879 -6.99998999  1.01274121 -8.99998951]	-1.5707963267948966	R
349.052	2.9839999999999804	trials	350.88553333333334	350.8865333333333	3.0	[ 4.66360712 -4.65009308  6.66360712 -6.65009308]	-0.7853981633974483	R
352.288	2.909999999999968	trials	354.0153	354.0163	0.0	[-1.  9.  1.  7.]	1.5707963267948966	R
355.45	2.465000000000032	trials	356.74106666666665	356.7420666666667	0.0	[-1.  9.  1.  7.]	1.5707963267948966	R
358.167	3.0640000000000214	trials	360.14453333333336	360.14553333333333	4.0	[-0.98725879 -6.99998999  1.01274121 -8.99998951]	-1.5707963267948966	R
361.483	2.8500000000000227	trials	363.1149	363.1159	3.0	[ 4.66360712 -4.65009308  6.66360712 -6.65009308]	-0.7853981633974483	R
364.585	2.9290000000000305	trials	366.4612	366.4622	5.0	[-6.64558125 -4.66810465 -4.64558125 -6.66810465]	-2.356194490192345	R
367.765	2.9259999999999877	trials	369.5248	369.5258	7.0	[-6.67259884  6.6410656  -4.67259884  4.6410656 ]	2.356194490192345	R
370.942	3.538000000000011	trials	373.4064333333333	373.40743333333336	6.0	[-8.99997711  0.98088819 -6.99997711 -1.01911187]	3.141592653589793	R
374.732	2.9949999999999477	trials	376.51416666666665	376.5151666666667	1.0	[4.65460157 6.65910625 6.65460157 4.65910625]	0.7853981633974483	R
377.979	2.8520000000000323	trials	379.69606666666664	379.6970666666667	2.0	[ 6.99999762  1.00637066  8.99999714 -0.9936294 ]	0.0	R
381.083	3.328999999999951	trials	383.32806666666664	383.3290666666667	6.0	[ 6.99999762  1.00637066  8.99999714 -0.9936294 ]	3.141592653589793	R
384.663	2.687000000000012	trials	386.2633666666667	386.26436666666666	1.0	[4.65460157 6.65910625 6.65460157 4.65910625]	0.7853981633974483	R
387.602	2.7620000000000005	trials	389.1655666666667	389.16656666666665	0.0	[-1.  9.  1.  7.]	1.5707963267948966	R
390.615	2.6649999999999636	trials	392.13393333333335	392.1349333333333	3.0	[ 4.66360712 -4.65009308  6.66360712 -6.65009308]	-0.7853981633974483	R
393.531	2.836999999999989	trials	395.5454	395.5464	5.0	[-6.64558125 -4.66810465 -4.64558125 -6.66810465]	-2.356194490192345	I
396.62	3.365000000000009	trials	398.8596333333333	398.86063333333334	2.0	[ 6.99999762  1.00637066  8.99999714 -0.9936294 ]	0.0	R
400.237	3.044999999999959	trials	402.0636	402.0646	7.0	[-6.67259884  6.6410656  -4.67259884  4.6410656 ]	2.356194490192345	R
403.533	1.038000000000011	trials				[nan nan nan nan]		A
404.822	2.0790000000000077	trials	405.68556666666666	405.6865666666667	4.0	[-0.98725879 -6.99998999  1.01274121 -8.99998951]	-1.5707963267948966	R
407.152	2.7649999999999864	trials	408.69803333333334	408.6990666666667	3.0	[ 4.66360712 -4.65009308  6.66360712 -6.65009308]	-0.7853981633974483	R
410.169	2.617999999999995	trials	411.7316	411.7326	5.0	[-6.64558125 -4.66810465 -4.64558125 -6.66810465]	-2.356194490192345	R
413.039	2.3600000000000136	trials	414.24983333333336	414.25083333333333	6.0	[-8.99997711  0.98088819 -6.99997711 -1.01911187]	3.141592653589793	R
415.65	2.869000000000028	trials	417.25126666666665	417.2523	7.0	[-6.67259884  6.6410656  -4.67259884  4.6410656 ]	2.356194490192345	R
418.771	2.815999999999974	trials	420.9023666666667	420.9033333333333	0.0	[-1.  9.  1.  7.]	1.5707963267948966	I
421.839	3.72199999999998	trials	424.385	424.386	1.0	[4.65460157 6.65910625 6.65460157 4.65910625]	0.7853981633974483	R
425.813	3.40300000000002	trials	428.1623666666667	428.16336666666666	2.0	[ 6.99999762  1.00637066  8.99999714 -0.9936294 ]	0.0	R
429.468	1.0109999999999673	trials				[nan nan nan nan]		A
430.731	2.269999999999982	trials	431.90566666666666	431.9066666666667	4.0	[-0.98725879 -6.99998999  1.01274121 -8.99998951]	-1.5707963267948966	R
433.253	3.0889999999999986	trials	435.28906666666666	435.2900666666667	1.0	[4.65460157 6.65910625 6.65460157 4.65910625]	0.7853981633974483	R
436.593	2.6409999999999627	trials	438.0108333333333	438.01183333333336	7.0	[-6.67259884  6.6410656  -4.67259884  4.6410656 ]	2.356194490192345	R
439.485	3.266999999999996	trials	441.6528666666667	441.65386666666666	2.0	[ 6.99999762  1.00637066  8.99999714 -0.9936294 ]	0.0	R
443.003	3.0989999999999895	trials	445.0974	445.0984	3.0	[ 4.66360712 -4.65009308  6.66360712 -6.65009308]	-0.7853981633974483	F
446.354	3.2870000000000346	trials	448.1991	448.2001	5.0	[-6.64558125 -4.66810465 -4.64558125 -6.66810465]	-2.356194490192345	R
449.892	1.9290000000000305	trials	451.20756666666665	451.2085666666667	6.0	[-8.99997711  0.98088819 -6.99997711 -1.01911187]	3.141592653589793	I
452.073	3.397000000000048	trials	454.3183	454.3193	3.0	[-8.99997711  0.98088819 -6.99997711 -1.01911187]	-0.7853981633974483	R
455.722	2.8460000000000036	trials	457.55033333333336	457.55133333333333	5.0	[-6.64558125 -4.66810465 -4.64558125 -6.66810465]	-2.356194490192345	R
458.819	2.919999999999959	trials	460.6761	460.6771	4.0	[-0.98725879 -6.99998999  1.01274121 -8.99998951]	-1.5707963267948966	R
461.99	2.9599999999999795	trials	463.7868	463.7878	0.0	[-1.  9.  1.  7.]	1.5707963267948966	R
465.201	2.977999999999952	trials	466.8083	466.8093	7.0	[-6.67259884  6.6410656  -4.67259884  4.6410656 ]	2.356194490192345	R
468.43	3.1170000000000186	trials	470.3852	470.3862	2.0	[ 6.99999762  1.00637066  8.99999714 -0.9936294 ]	0.0	R
471.799	3.164000000000044	trials	473.7345	473.7355	1.0	[4.65460157 6.65910625 6.65460157 4.65910625]	0.7853981633974483	R
475.214	2.819000000000017	trials	476.9204	476.9214	6.0	[-8.99997711  0.98088819 -6.99997711 -1.01911187]	3.141592653589793	R
478.285	2.981999999999971	trials	480.14643333333333	480.1474333333333	5.0	[-8.99997711  0.98088819 -6.99997711 -1.01911187]	-2.356194490192345	R
481.519	2.6159999999999854	trials	482.9213	482.9223	7.0	[-6.67259884  6.6410656  -4.67259884  4.6410656 ]	2.356194490192345	R
484.387	3.1899999999999977	trials	486.47313333333335	486.4741333333333	2.0	[ 6.99999762  1.00637066  8.99999714 -0.9936294 ]	0.0	R
487.829	2.784999999999968	trials	489.5527666666667	489.55376666666666	4.0	[-0.98725879 -6.99998999  1.01274121 -8.99998951]	-1.5707963267948966	R
490.866	2.619000000000028	trials	492.41386666666665	492.4148666666667	6.0	[-8.99997711  0.98088819 -6.99997711 -1.01911187]	3.141592653589793	R
493.736	3.4350000000000023	trials	496.02183333333335	496.0228333333333	0.0	[-1.  9.  1.  7.]	1.5707963267948966	R
497.422	3.1569999999999823	trials	499.4182666666667	499.41926666666666	3.0	[ 4.66360712 -4.65009308  6.66360712 -6.65009308]	-0.7853981633974483	R
500.831	2.5039999999999623	trials	502.1751	502.1761	1.0	[4.65460157 6.65910625 6.65460157 4.65910625]	0.7853981633974483	R
503.587	3.1070000000000277	trials	505.56553333333335	505.5665333333333	3.0	[4.65460157 6.65910625 6.65460157 4.65910625]	-0.7853981633974483	R
506.946	2.464999999999975	trials	508.24216666666666	508.24316666666664	2.0	[ 6.99999762  1.00637066  8.99999714 -0.9936294 ]	0.0	R
509.663	3.7390000000000327	trials	512.203	512.204	4.0	[-0.98725879 -6.99998999  1.01274121 -8.99998951]	-1.5707963267948966	R
513.654	3.2329999999999472	trials	515.6275	515.6285	0.0	[-1.  9.  1.  7.]	1.5707963267948966	R
517.138	10.938999999999965	trials	526.8573666666666	526.8583666666667	6.0	[-8.99997711  0.98088819 -6.99997711 -1.01911187]	3.141592653589793	R
528.329	3.4460000000000264	trials	530.4633333333334	530.4643333333333	1.0	[4.65460157 6.65910625 6.65460157 4.65910625]	0.7853981633974483	R
532.026	3.2340000000000373	trials	534.0542333333333	534.0552333333334	7.0	[-6.67259884  6.6410656  -4.67259884  4.6410656 ]	2.356194490192345	R
535.512	2.6200000000000045	trials	536.8361333333334	536.8371333333333	5.0	[-6.64558125 -4.66810465 -4.64558125 -6.66810465]	-2.356194490192345	R
538.384	2.58299999999997	trials	539.8566333333333	539.8576333333333	1.0	[-6.64558125 -4.66810465 -4.64558125 -6.66810465]	0.7853981633974483	R
541.219	2.613999999999919	trials	542.7057	542.7067333333333	6.0	[-8.99997711  0.98088819 -6.99997711 -1.01911187]	3.141592653589793	R
544.084	3.022000000000048	trials	545.9838666666667	545.9848666666667	2.0	[ 6.99999762  1.00637066  8.99999714 -0.9936294 ]	0.0	R
547.357	3.1960000000000264	trials	549.3181333333333	549.3191333333333	7.0	[-6.67259884  6.6410656  -4.67259884  4.6410656 ]	2.356194490192345	R
550.805	3.0230000000000246	trials	552.7486333333334	552.7496333333333	3.0	[ 4.66360712 -4.65009308  6.66360712 -6.65009308]	-0.7853981633974483	R
554.08	0.8419999999999845	trials				[nan nan nan nan]		A
555.174	2.369000000000028	trials	556.3506	556.3516	0.0	[-1.  9.  1.  7.]	1.5707963267948966	R
557.794	3.129000000000019	trials	559.8833666666667	559.8843666666667	4.0	[-0.98725879 -6.99998999  1.01274121 -8.99998951]	-1.5707963267948966	R
561.175	2.6510000000000673	trials	562.6311666666667	562.6321666666666	0.0	[-0.98725879 -6.99998999  1.01274121 -8.99998951]	1.5707963267948966	R
564.078	2.8250000000000455	trials	565.8080666666667	565.8090666666667	6.0	[-8.99997711  0.98088819 -6.99997711 -1.01911187]	3.141592653589793	R
567.154	2.7200000000000273	trials	568.6701666666667	568.6711666666666	2.0	[ 6.99999762  1.00637066  8.99999714 -0.9936294 ]	0.0	R
570.126	3.066000000000031	trials	572.0485666666667	572.0495666666667	3.0	[ 4.66360712 -4.65009308  6.66360712 -6.65009308]	-0.7853981633974483	R
573.444	2.400000000000091	trials	574.7653	574.7663	4.0	[-0.98725879 -6.99998999  1.01274121 -8.99998951]	-1.5707963267948966	R
576.096	2.5370000000000346	trials	577.4940666666666	577.4950666666666	1.0	[4.65460157 6.65910625 6.65460157 4.65910625]	0.7853981633974483	R
578.885	2.369000000000028	trials	580.0664666666667	580.0674666666666	5.0	[-6.64558125 -4.66810465 -4.64558125 -6.66810465]	-2.356194490192345	R
581.506	2.685000000000059	trials	583.3827	583.3837	7.0	[-6.67259884  6.6410656  -4.67259884  4.6410656 ]	2.356194490192345	I
584.442	3.758000000000038	trials	587.0548	587.0558	3.0	[-6.67259884  6.6410656  -4.67259884  4.6410656 ]	-0.7853981633974483	R
588.451	2.3700000000000045	trials	589.7274333333334	589.7284333333333	4.0	[-0.98725879 -6.99998999  1.01274121 -8.99998951]	-1.5707963267948966	R
591.073	2.93100000000004	trials	592.9113333333333	592.9123333333333	2.0	[ 6.99999762  1.00637066  8.99999714 -0.9936294 ]	0.0	R
594.256	2.5030000000000427	trials	595.6732	595.6742	5.0	[-6.64558125 -4.66810465 -4.64558125 -6.66810465]	-2.356194490192345	R
597.011	2.562000000000012	trials	598.4430666666667	598.4440666666667	6.0	[-8.99997711  0.98088819 -6.99997711 -1.01911187]	3.141592653589793	R
599.824	3.201000000000022	trials	601.8204666666667	601.8214666666667	7.0	[-6.67259884  6.6410656  -4.67259884  4.6410656 ]	2.356194490192345	R
603.277	3.2450000000000045	trials	605.4935666666667	605.4945666666666	1.0	[4.65460157 6.65910625 6.65460157 4.65910625]	0.7853981633974483	R
606.774	2.3559999999999945	trials	607.8634666666667	607.8644666666667	0.0	[-1.  9.  1.  7.]	1.5707963267948966	R
609.381	2.479000000000042	trials	610.7837	610.7847	5.0	[-1.  9.  1.  7.]	-2.356194490192345	R
612.112	3.3899999999999864	trials	614.4237333333333	614.4247333333333	1.0	[4.65460157 6.65910625 6.65460157 4.65910625]	0.7853981633974483	R
615.754	2.1090000000000373	trials	616.8808333333334	616.8818666666666	2.0	[ 6.99999762  1.00637066  8.99999714 -0.9936294 ]	0.0	I
618.115	3.393000000000029	trials	620.3765333333333	620.3775333333333	4.0	[-0.98725879 -6.99998999  1.01274121 -8.99998951]	-1.5707963267948966	R
621.76	2.36099999999999	trials	623.0110666666667	623.0120666666667	6.0	[-8.99997711  0.98088819 -6.99997711 -1.01911187]	3.141592653589793	R
624.372	3.049000000000092	trials	626.2350666666666	626.2360666666667	7.0	[-6.67259884  6.6410656  -4.67259884  4.6410656 ]	2.356194490192345	R
627.673	3.5399999999999636	trials	630.0706	630.0716	3.0	[ 4.66360712 -4.65009308  6.66360712 -6.65009308]	-0.7853981633974483	R
631.465	2.530999999999949	trials	632.8705333333334	632.8715333333333	0.0	[-1.  9.  1.  7.]	1.5707963267948966	R
634.248	2.4289999999999736	trials	635.5211333333333	635.5221333333334	1.0	[-1.  9.  1.  7.]	0.7853981633974483	R
636.929	2.6539999999999964	trials	638.5596666666667	638.5606666666666	4.0	[-0.98725879 -6.99998999  1.01274121 -8.99998951]	-1.5707963267948966	R
639.835	3.1609999999999445	trials	641.8698666666667	641.8708666666666	2.0	[ 6.99999762  1.00637066  8.99999714 -0.9936294 ]	0.0	R
643.247	2.6270000000000664	trials	644.8372333333333	644.8382666666666	5.0	[-6.64558125 -4.66810465 -4.64558125 -6.66810465]	-2.356194490192345	R
646.125	2.5399999999999636	trials	647.5389666666666	647.5399666666667	3.0	[ 4.66360712 -4.65009308  6.66360712 -6.65009308]	-0.7853981633974483	R
648.916	2.9559999999999036	trials	650.6837666666667	650.6847666666666	0.0	[-1.  9.  1.  7.]	1.5707963267948966	R
652.123	2.5579999999999927	trials	653.5518666666667	653.5528666666667	6.0	[-8.99997711  0.98088819 -6.99997711 -1.01911187]	3.141592653589793	R
654.932	3.342999999999961	trials	657.1147333333333	657.1157333333333	7.0	[-6.67259884  6.6410656  -4.67259884  4.6410656 ]	2.356194490192345	R
658.526	2.935000000000059	trials	660.3086666666667	660.3096666666667	0.0	[-6.67259884  6.6410656  -4.67259884  4.6410656 ]	1.5707963267948966	R
661.712	2.5	trials	663.1487	663.1497	4.0	[-0.98725879 -6.99998999  1.01274121 -8.99998951]	-1.5707963267948966	R
664.464	2.4329999999999927	trials	665.7952666666666	665.7962666666666	2.0	[ 6.99999762  1.00637066  8.99999714 -0.9936294 ]	0.0	R
667.149	0.8730000000000473	trials				[nan nan nan nan]		A
668.273	0.3909999999999627	trials				[nan nan nan nan]		A
668.916	2.4689999999999372	trials	670.0388	670.0398	7.0	[-6.67259884  6.6410656  -4.67259884  4.6410656 ]	2.356194490192345	R
671.637	2.70900000000006	trials	673.5786	673.5796	1.0	[4.65460157 6.65910625 6.65460157 4.65910625]	0.7853981633974483	I
674.597	3.7069999999999936	trials	677.0813	677.0823	3.0	[ 4.66360712 -4.65009308  6.66360712 -6.65009308]	-0.7853981633974483	R
678.556	2.937999999999988	trials	680.3724666666667	680.3734666666667	1.0	[ 4.66360712 -4.65009308  6.66360712 -6.65009308]	0.7853981633974483	R
681.746	2.9400000000000546	trials	683.5944666666667	683.5954666666667	4.0	[-0.98725879 -6.99998999  1.01274121 -8.99998951]	-1.5707963267948966	R
684.938	2.947999999999979	trials	686.7392666666667	686.7402666666667	3.0	[ 4.66360712 -4.65009308  6.66360712 -6.65009308]	-0.7853981633974483	R
688.138	2.3759999999999764	trials	689.2976	689.2986333333333	6.0	[-8.99997711  0.98088819 -6.99997711 -1.01911187]	3.141592653589793	R
690.765	3.244000000000028	trials	692.9146	692.9156	2.0	[ 6.99999762  1.00637066  8.99999714 -0.9936294 ]	0.0	R
694.261	0.7000000000000455	trials				[nan nan nan nan]		A
695.212	0.2820000000000391	trials				[nan nan nan nan]		A
695.746	2.211999999999989	trials	696.8002333333334	696.8012333333334	0.0	[-1.  9.  1.  7.]	1.5707963267948966	R
698.21	3.3799999999999955	trials	700.5134666666667	700.5144666666666	5.0	[-1.  9.  1.  7.]	-2.356194490192345	R
701.842	2.5399999999999636	trials	703.2592666666667	703.2602666666667	1.0	[4.65460157 6.65910625 6.65460157 4.65910625]	0.7853981633974483	R
704.634	3.0579999999999927	trials	706.5574666666666	706.5584666666666	6.0	[-8.99997711  0.98088819 -6.99997711 -1.01911187]	3.141592653589793	R
707.944	2.511000000000081	trials	709.3383666666666	709.3393666666667	0.0	[-1.  9.  1.  7.]	1.5707963267948966	R
710.707	2.47199999999998	trials	711.9669	711.9679	7.0	[-6.67259884  6.6410656  -4.67259884  4.6410656 ]	2.356194490192345	R
713.431	2.627999999999929	trials	714.9242333333333	714.9252333333334	3.0	[ 4.66360712 -4.65009308  6.66360712 -6.65009308]	-0.7853981633974483	R
716.311	2.7690000000000055	trials	718.0099	718.0109	4.0	[-0.98725879 -6.99998999  1.01274121 -8.99998951]	-1.5707963267948966	R
719.331	3.0989999999999327	trials	721.28	721.281	2.0	[ 6.99999762  1.00637066  8.99999714 -0.9936294 ]	0.0	R
722.681	3.102999999999952	trials	724.6223	724.6233	6.0	[ 6.99999762  1.00637066  8.99999714 -0.9936294 ]	3.141592653589793	R
726.036	2.54200000000003	trials	727.4643666666667	727.4653666666667	1.0	[4.65460157 6.65910625 6.65460157 4.65910625]	0.7853981633974483	R
728.83	2.76400000000001	trials	730.4347333333334	730.4357333333334	4.0	[-0.98725879 -6.99998999  1.01274121 -8.99998951]	-1.5707963267948966	R
731.845	2.173000000000002	trials	732.8627666666666	732.8637666666667	7.0	[-6.67259884  6.6410656  -4.67259884  4.6410656 ]	2.356194490192345	R
734.269	3.1269999999999527	trials	736.2571666666666	736.2582	2.0	[ 6.99999762  1.00637066  8.99999714 -0.9936294 ]	0.0	R
737.648	2.393000000000029	trials	738.9418666666667	738.9428666666666	5.0	[-6.64558125 -4.66810465 -4.64558125 -6.66810465]	-2.356194490192345	R
740.292	2.5799999999999272	trials	741.7468	741.7478	0.0	[-1.  9.  1.  7.]	1.5707963267948966	R
743.123	2.280999999999949	trials	744.7041666666667	744.7051666666666	3.0	[ 4.66360712 -4.65009308  6.66360712 -6.65009308]	-0.7853981633974483	I
745.656	3.414000000000101	trials	747.9662666666667	747.9672666666667	0.0	[ 4.66360712 -4.65009308  6.66360712 -6.65009308]	1.5707963267948966	R
749.322	2.437999999999988	trials	750.7551666666667	750.7561666666667	7.0	[-6.67259884  6.6410656  -4.67259884  4.6410656 ]	2.356194490192345	F
752.011	4.718000000000075	trials	755.5049666666666	755.5059666666667	6.0	[-8.99997711  0.98088819 -6.99997711 -1.01911187]	3.141592653589793	R
756.981	2.9740000000000464	trials	758.7901333333333	758.7911333333333	2.0	[ 6.99999762  1.00637066  8.99999714 -0.9936294 ]	0.0	R
760.207	0.6470000000000482	trials				[nan nan nan nan]		A
761.106	2.572999999999979	trials	762.5815333333334	762.5825333333333	3.0	[ 4.66360712 -4.65009308  6.66360712 -6.65009308]	-0.7853981633974483	R
763.931	2.7049999999999272	trials	765.5699333333333	765.5709666666667	5.0	[-6.64558125 -4.66810465 -4.64558125 -6.66810465]	-2.356194490192345	R
766.887	2.9220000000000255	trials	768.6887	768.6897	1.0	[4.65460157 6.65910625 6.65460157 4.65910625]	0.7853981633974483	R
770.061	2.7409999999999854	trials	771.6711	771.6721	5.0	[4.65460157 6.65910625 6.65460157 4.65910625]	-2.356194490192345	R
773.054	2.572999999999979	trials	774.2695333333334	774.2705333333333	0.0	[-1.  9.  1.  7.]	1.5707963267948966	R
775.879	2.8099999999999454	trials	777.5557	777.5567	2.0	[ 6.99999762  1.00637066  8.99999714 -0.9936294 ]	0.0	R
778.94	0.9689999999999372	trials				[nan nan nan nan]		A
780.16	1.8000000000000682	trials	780.7606666666667	780.7616666666667	3.0	[ 4.66360712 -4.65009308  6.66360712 -6.65009308]	-0.7853981633974483	R
782.211	3.3419999999999845	trials	784.4017	784.4027	6.0	[-8.99997711  0.98088819 -6.99997711 -1.01911187]	3.141592653589793	R
785.804	2.451999999999998	trials	787.1986333333333	787.1996333333333	4.0	[-0.98725879 -6.99998999  1.01274121 -8.99998951]	-1.5707963267948966	R
788.508	2.394999999999982	trials	789.7349333333333	789.7359333333334	1.0	[4.65460157 6.65910625 6.65460157 4.65910625]	0.7853981633974483	R
791.154	3.0670000000000073	trials	793.1554333333333	793.1564333333333	5.0	[4.65460157 6.65910625 6.65460157 4.65910625]	-2.356194490192345	R
794.473	2.649000000000001	trials	796.0305666666667	796.0315666666667	7.0	[-6.67259884  6.6410656  -4.67259884  4.6410656 ]	2.356194490192345	R
797.374	2.9839999999999236	trials	799.2595666666666	799.2606	1.0	[4.65460157 6.65910625 6.65460157 4.65910625]	0.7853981633974483	R
800.61	2.7490000000000236	trials	802.2289666666667	802.2299666666667	6.0	[-8.99997711  0.98088819 -6.99997711 -1.01911187]	3.141592653589793	R
803.61	3.630999999999972	trials	806.1136	806.1146	0.0	[-1.  9.  1.  7.]	1.5707963267948966	R
807.493	2.9739999999999327	trials	809.3045	809.3055	3.0	[ 4.66360712 -4.65009308  6.66360712 -6.65009308]	-0.7853981633974483	R
810.719	0.8889999999998963	trials				[nan nan nan nan]		A
811.86	2.644999999999982	trials	813.3756333333333	813.3766333333333	2.0	[ 6.99999762  1.00637066  8.99999714 -0.9936294 ]	0.0	R
814.757	3.1700000000000728	trials	816.7109	816.7119	2.0	[ 6.99999762  1.00637066  8.99999714 -0.9936294 ]	0.0	R
818.179	10.170000000000073	trials	827.226	827.227	4.0	[-0.98725879 -6.99998999  1.01274121 -8.99998951]	-1.5707963267948966	R
828.6	2.5019999999999527	trials	829.8936333333334	829.8946333333333	0.0	[-1.  9.  1.  7.]	1.5707963267948966	R
831.353	2.7630000000000337	trials	832.859	832.86	7.0	[-6.67259884  6.6410656  -4.67259884  4.6410656 ]	2.356194490192345	R
834.368	2.7749999999999773	trials	836.0479	836.0489	5.0	[-6.64558125 -4.66810465 -4.64558125 -6.66810465]	-2.356194490192345	R
837.394	0.4639999999999418	trials				[nan nan nan nan]		A
838.11	0.46699999999998454	trials				[nan nan nan nan]		A
838.829	2.449000000000069	trials	840.123	840.1240333333334	3.0	[ 4.66360712 -4.65009308  6.66360712 -6.65009308]	-0.7853981633974483	R
841.53	2.994000000000028	trials	843.4202	843.4212	3.0	[ 4.66360712 -4.65009308  6.66360712 -6.65009308]	-0.7853981633974483	R
844.776	2.9540000000000646	trials	846.5930666666667	846.5941	0.0	[-1.  9.  1.  7.]	1.5707963267948966	R
847.982	3.1280000000000427	trials	850.0326	850.0336333333333	6.0	[-8.99997711  0.98088819 -6.99997711 -1.01911187]	3.141592653589793	R
851.362	3.1170000000000755	trials	853.3649	853.3659	2.0	[ 6.99999762  1.00637066  8.99999714 -0.9936294 ]	0.0	R
854.73	0.6879999999999882	trials				[nan nan nan nan]		A
855.67	1.8830000000000382	trials	856.4345	856.4355	5.0	[-6.64558125 -4.66810465 -4.64558125 -6.66810465]	-2.356194490192345	R
857.805	2.6110000000001037	trials	859.2184333333333	859.2194333333333	7.0	[-6.67259884  6.6410656  -4.67259884  4.6410656 ]	2.356194490192345	R
860.668	3.367999999999938	trials	862.9837666666666	862.9847666666667	4.0	[-0.98725879 -6.99998999  1.01274121 -8.99998951]	-1.5707963267948966	R
864.288	2.5499999999999545	trials	865.6884666666666	865.6894666666667	0.0	[-0.98725879 -6.99998999  1.01274121 -8.99998951]	1.5707963267948966	R
867.09	3.0720000000000027	trials	869.0458	869.0468	4.0	[-0.98725879 -6.99998999  1.01274121 -8.99998951]	-1.5707963267948966	R
870.413	2.356999999999971	trials	871.6202	871.6212	7.0	[-6.67259884  6.6410656  -4.67259884  4.6410656 ]	2.356194490192345	R
873.022	2.616999999999962	trials	874.4472333333333	874.4482333333333	6.0	[-8.99997711  0.98088819 -6.99997711 -1.01911187]	3.141592653589793	R
875.891	2.5850000000000364	trials	877.3544333333333	877.3554333333333	2.0	[ 6.99999762  1.00637066  8.99999714 -0.9936294 ]	0.0	R
878.728	0.8029999999999973	trials				[nan nan nan nan]		A
879.782	2.1129999999999427	trials	880.7027666666667	880.7037666666666	5.0	[-6.64558125 -4.66810465 -4.64558125 -6.66810465]	-2.356194490192345	R
882.146	2.062000000000012	trials	883.5618333333333	883.5628666666667	3.0	[ 4.66360712 -4.65009308  6.66360712 -6.65009308]	-0.7853981633974483	I
884.46	3.20799999999997	trials	886.6164333333334	886.6174333333333	5.0	[ 4.66360712 -4.65009308  6.66360712 -6.65009308]	-2.356194490192345	R
887.92	3.11099999999999	trials	889.7803	889.7813	0.0	[-1.  9.  1.  7.]	1.5707963267948966	R
891.283	2.9420000000000073	trials	892.9812333333333	892.9822333333333	7.0	[-6.67259884  6.6410656  -4.67259884  4.6410656 ]	2.356194490192345	R
894.477	2.562000000000012	trials	895.8463333333333	895.8473333333334	4.0	[-0.98725879 -6.99998999  1.01274121 -8.99998951]	-1.5707963267948966	R
897.291	2.5949999999999136	trials	898.7636	898.7646	2.0	[ 6.99999762  1.00637066  8.99999714 -0.9936294 ]	0.0	R
900.138	2.2899999999999636	trials	901.2848333333334	901.2858333333334	6.0	[-8.99997711  0.98088819 -6.99997711 -1.01911187]	3.141592653589793	R
902.679	3.410000000000082	trials	904.8457	904.8467	1.0	[4.65460157 6.65910625 6.65460157 4.65910625]	0.7853981633974483	R
906.34	2.634999999999991	trials	907.8902333333333	907.8912333333334	3.0	[ 4.66360712 -4.65009308  6.66360712 -6.65009308]	-0.7853981633974483	I
909.227	1.2150000000000318	trials				[nan nan nan nan]		A
910.693	2.0310000000000628	trials	911.5543333333334	911.5553333333334	1.0	[4.65460157 6.65910625 6.65460157 4.65910625]	0.7853981633974483	R
912.976	2.592999999999961	trials	914.3683333333333	914.3693333333333	4.0	[-0.98725879 -6.99998999  1.01274121 -8.99998951]	-1.5707963267948966	R
915.821	2.131999999999948	trials	917.1562333333334	917.1572333333334	3.0	[ 4.66360712 -4.65009308  6.66360712 -6.65009308]	-0.7853981633974483	I
918.205	5.477999999999952	trials	922.4864666666666	922.4874666666667	2.0	[ 6.99999762  1.00637066  8.99999714 -0.9936294 ]	0.0	R
923.935	2.688000000000102	trials	925.2603666666666	925.2613666666666	6.0	[-8.99997711  0.98088819 -6.99997711 -1.01911187]	3.141592653589793	R
926.874	2.86099999999999	trials	928.6046666666666	928.6056666666667	5.0	[-6.64558125 -4.66810465 -4.64558125 -6.66810465]	-2.356194490192345	R
929.987	2.771000000000072	trials	931.5790333333333	931.5800333333333	7.0	[-6.67259884  6.6410656  -4.67259884  4.6410656 ]	2.356194490192345	R
933.01	3.355000000000018	trials	935.2381333333333	935.2391333333334	7.0	[-6.67259884  6.6410656  -4.67259884  4.6410656 ]	2.356194490192345	R
936.617	0.013000000000033651	trials				[nan nan nan nan]		R
940.06	3.171000000000049	trials	942.1212	942.1222333333334	3.0	[ 4.66360712 -4.65009308  6.66360712 -6.65009308]	-0.7853981633974483	R
943.483	2.455000000000041	trials	944.7778	944.7788	2.0	[ 6.99999762  1.00637066  8.99999714 -0.9936294 ]	0.0	R
946.189	2.6929999999999836	trials	947.7852666666666	947.7862666666666	1.0	[4.65460157 6.65910625 6.65460157 4.65910625]	0.7853981633974483	R
949.134	0.7139999999999418	trials				[nan nan nan nan]		A
950.1	2.1749999999999545	trials	951.1696666666667	951.1706666666666	6.0	[-8.99997711  0.98088819 -6.99997711 -1.01911187]	3.141592653589793	R
952.527	2.800999999999931	trials	954.2513333333334	954.2523333333334	0.0	[-1.  9.  1.  7.]	1.5707963267948966	R
955.58	3.3069999999999027	trials	957.7620333333333	957.7630333333333	7.0	[-1.  9.  1.  7.]	2.356194490192345	R
959.138	2.73599999999999	trials	960.7825333333334	960.7835333333334	2.0	[ 6.99999762  1.00637066  8.99999714 -0.9936294 ]	0.0	R
962.126	3.34699999999998	trials	964.4045333333333	964.4055333333333	6.0	[-8.99997711  0.98088819 -6.99997711 -1.01911187]	3.141592653589793	R
965.725	3.399000000000001	trials	967.9854	967.9864333333334	3.0	[ 4.66360712 -4.65009308  6.66360712 -6.65009308]	-0.7853981633974483	R
969.376	3.257000000000062	trials	971.445	971.446	0.0	[-1.  9.  1.  7.]	1.5707963267948966	R
972.885	3.20900000000006	trials	975.0439333333334	975.0449333333333	5.0	[-6.64558125 -4.66810465 -4.64558125 -6.66810465]	-2.356194490192345	R
976.345	3.018000000000029	trials	978.1205666666667	978.1215666666667	1.0	[4.65460157 6.65910625 6.65460157 4.65910625]	0.7853981633974483	R
979.614	2.7590000000000146	trials	981.2774	981.2784333333333	4.0	[-0.98725879 -6.99998999  1.01274121 -8.99998951]	-1.5707963267948966	R
982.625	2.481999999999971	trials	984.0342666666667	984.0352666666666	6.0	[-0.98725879 -6.99998999  1.01274121 -8.99998951]	3.141592653589793	R
985.359	2.70799999999997	trials	986.9585333333333	986.9595333333333	1.0	[4.65460157 6.65910625 6.65460157 4.65910625]	0.7853981633974483	R
988.319	0.7409999999999854	trials				[nan nan nan nan]		A
989.311	0.6549999999999727	trials				[nan nan nan nan]		A
990.218	0.32200000000000273	trials				[nan nan nan nan]		A
990.792	2.4529999999999745	trials	992.1293666666667	992.1303666666666	5.0	[-6.64558125 -4.66810465 -4.64558125 -6.66810465]	-2.356194490192345	R
993.497	2.521000000000072	trials	994.8832	994.8842	2.0	[ 6.99999762  1.00637066  8.99999714 -0.9936294 ]	0.0	R
996.27	2.980000000000018	trials	998.1212333333333	998.1222333333334	0.0	[-1.  9.  1.  7.]	1.5707963267948966	R
999.502	3.2250000000000227	trials	1001.6710333333333	1001.6720333333334	6.0	[-1.  9.  1.  7.]	3.141592653589793	R
1002.978	7.02800000000002	trials	1008.8518666666666	1008.8528666666666	3.0	[ 4.66360712 -4.65009308  6.66360712 -6.65009308]	-0.7853981633974483	R
1010.257	3.27800000000002	trials	1012.1771333333334	1012.1781333333333	7.0	[-6.67259884  6.6410656  -4.67259884  4.6410656 ]	2.356194490192345	R
1013.786	2.9560000000000173	trials	1015.9354333333333	1015.9364666666667	1.0	[4.65460157 6.65910625 6.65460157 4.65910625]	0.7853981633974483	I
1016.994	3.2999999999999545	trials	1019.1544333333334	1019.1554333333333	2.0	[ 6.99999762  1.00637066  8.99999714 -0.9936294 ]	0.0	R
1020.546	3.227999999999952	trials	1022.6671666666666	1022.6681666666667	5.0	[-6.64558125 -4.66810465 -4.64558125 -6.66810465]	-2.356194490192345	R
1024.026	3.3350000000000364	trials	1026.2881333333332	1026.2891666666667	4.0	[-0.98725879 -6.99998999  1.01274121 -8.99998951]	-1.5707963267948966	R
1027.612	2.6949999999999363	trials	1029.1643	1029.1653	0.0	[-1.  9.  1.  7.]	1.5707963267948966	R
1030.559	2.7360000000001037	trials	1032.2539666666667	1032.2549666666666	5.0	[-1.  9.  1.  7.]	-2.356194490192345	R
1033.546	2.3150000000000546	trials	1034.7682	1034.7692	4.0	[-0.98725879 -6.99998999  1.01274121 -8.99998951]	-1.5707963267948966	R
1036.113	3.0149999999998727	trials	1037.8588666666667	1037.8598666666667	7.0	[-6.67259884  6.6410656  -4.67259884  4.6410656 ]	2.356194490192345	R
1039.38	3.1429999999998017	trials	1041.4518	1041.4528	1.0	[4.65460157 6.65910625 6.65460157 4.65910625]	0.7853981633974483	R
1042.775	2.314999999999827	trials	1043.947	1043.948	2.0	[ 6.99999762  1.00637066  8.99999714 -0.9936294 ]	0.0	R
1045.341	0.7660000000000764	trials				[nan nan nan nan]		A
1046.359	0.3079999999999927	trials				[nan nan nan nan]		A
1046.918	2.1870000000001255	trials	1047.9559333333334	1047.9569333333334	6.0	[-8.99997711  0.98088819 -6.99997711 -1.01911187]	3.141592653589793	R
1049.356	3.061999999999898	trials	1051.2852	1051.2862	3.0	[-8.99997711  0.98088819 -6.99997711 -1.01911187]	-0.7853981633974483	R
1052.67	2.5399999999999636	trials	1053.9638333333332	1053.9648666666667	0.0	[-1.  9.  1.  7.]	1.5707963267948966	R
1055.462	3.1549999999999727	trials	1057.4916	1057.4926	2.0	[ 6.99999762  1.00637066  8.99999714 -0.9936294 ]	0.0	R
1058.869	12.776000000000067	trials	1070.2964	1070.2974	6.0	[-8.99997711  0.98088819 -6.99997711 -1.01911187]	3.141592653589793	R
1071.896	2.8910000000000764	trials	1073.6046	1073.6056	5.0	[-6.64558125 -4.66810465 -4.64558125 -6.66810465]	-2.356194490192345	R
1075.038	2.6790000000000873	trials	1076.586	1076.587	1.0	[4.65460157 6.65910625 6.65460157 4.65910625]	0.7853981633974483	R
1077.968	0.7999999999999545	trials				[nan nan nan nan]		A
1079.02	2.0679999999999836	trials	1079.9202666666667	1079.9213	4.0	[-0.98725879 -6.99998999  1.01274121 -8.99998951]	-1.5707963267948966	R
1081.34	2.122000000000071	trials	1082.7894	1082.7904	3.0	[-0.98725879 -6.99998999  1.01274121 -8.99998951]	-0.7853981633974483	I
1083.714	2.4120000000000346	trials	1085.0129333333334	1085.0139333333334	6.0	[-8.99997711  0.98088819 -6.99997711 -1.01911187]	3.141592653589793	R
1086.377	3.0730000000000928	trials	1088.2309	1088.2319	0.0	[-1.  9.  1.  7.]	1.5707963267948966	R
1089.702	3.050999999999931	trials	1091.6784666666667	1091.6794666666667	4.0	[-0.98725879 -6.99998999  1.01274121 -8.99998951]	-1.5707963267948966	R
1093.005	2.548000000000002	trials	1094.4724	1094.4734	1.0	[4.65460157 6.65910625 6.65460157 4.65910625]	0.7853981633974483	R
1095.805	2.796000000000049	trials	1097.5219666666667	1097.5229666666667	2.0	[ 6.99999762  1.00637066  8.99999714 -0.9936294 ]	0.0	R
1098.852	6.991999999999962	trials	1104.7890333333332	1104.7900333333334	7.0	[-6.67259884  6.6410656  -4.67259884  4.6410656 ]	2.356194490192345	R
1106.095	2.747000000000071	trials	1107.7543666666666	1107.7554	5.0	[-6.64558125 -4.66810465 -4.64558125 -6.66810465]	-2.356194490192345	R
1109.094	2.9279999999998836	trials	1110.9834	1110.9844	4.0	[-6.64558125 -4.66810465 -4.64558125 -6.66810465]	-1.5707963267948966	R
1112.274	2.3580000000001746	trials	1113.4284666666667	1113.4294666666667	1.0	[4.65460157 6.65910625 6.65460157 4.65910625]	0.7853981633974483	R
1114.884	2.643000000000029	trials	1116.4148666666667	1116.4158666666667	3.0	[ 4.66360712 -4.65009308  6.66360712 -6.65009308]	-0.7853981633974483	R
1117.778	3.2049999999999272	trials	1119.8895	1119.8905	6.0	[-8.99997711  0.98088819 -6.99997711 -1.01911187]	3.141592653589793	R
1121.235	3.00200000000018	trials	1123.0674	1123.0684	0.0	[-1.  9.  1.  7.]	1.5707963267948966	R
1124.489	2.4169999999999163	trials	1125.7941666666666	1125.7951666666668	5.0	[-6.64558125 -4.66810465 -4.64558125 -6.66810465]	-2.356194490192345	R
1127.158	3.4220000000000255	trials	1129.8081333333334	1129.8091333333334	2.0	[ 6.99999762  1.00637066  8.99999714 -0.9936294 ]	0.0	I
1130.832	4.307999999999993	trials	1133.8922666666667	1133.8932666666667	7.0	[-6.67259884  6.6410656  -4.67259884  4.6410656 ]	2.356194490192345	R
1135.392	0.8920000000000528	trials				[nan nan nan nan]		A
1136.536	2.5679999999999836	trials	1137.9734	1137.9744	1.0	[4.65460157 6.65910625 6.65460157 4.65910625]	0.7853981633974483	R
1139.356	3.4190000000000964	trials	1141.6014	1141.6024	2.0	[ 6.99999762  1.00637066  8.99999714 -0.9936294 ]	0.0	R
1143.027	9.205999999999904	trials	1150.9787	1150.9797	7.0	[-6.67259884  6.6410656  -4.67259884  4.6410656 ]	2.356194490192345	R
1152.484	2.9600000000000364	trials	1154.2688666666666	1154.2698666666668	0.0	[-1.  9.  1.  7.]	1.5707963267948966	R
1155.695	2.3980000000001382	trials	1157.4156666666668	1157.4166666666667	6.0	[-8.99997711  0.98088819 -6.99997711 -1.01911187]	3.141592653589793	I
1158.345	2.519999999999982	trials	1159.7584666666667	1159.7594666666666	5.0	[-6.64558125 -4.66810465 -4.64558125 -6.66810465]	-2.356194490192345	R
1161.117	2.61200000000008	trials	1162.5343666666668	1162.5353666666667	3.0	[ 4.66360712 -4.65009308  6.66360712 -6.65009308]	-0.7853981633974483	R
1163.981	2.6649999999999636	trials	1165.5077333333334	1165.5087666666666	0.0	[ 4.66360712 -4.65009308  6.66360712 -6.65009308]	1.5707963267948966	R
1166.897	3.216000000000122	trials	1169.0545666666667	1169.0555666666667	5.0	[-6.64558125 -4.66810465 -4.64558125 -6.66810465]	-2.356194490192345	R
1170.365	2.8599999999999	trials	1172.1823333333334	1172.1833333333334	4.0	[-0.98725879 -6.99998999  1.01274121 -8.99998951]	-1.5707963267948966	R
1173.477	2.298999999999978	trials	1174.6875333333332	1174.6885333333332	1.0	[4.65460157 6.65910625 6.65460157 4.65910625]	0.7853981633974483	R
1176.028	2.258000000000038	trials	1177.1406333333334	1177.1416333333334	2.0	[ 6.99999762  1.00637066  8.99999714 -0.9936294 ]	0.0	R
1178.538	1.9190000000000964	trials	1179.6538666666668	1179.6548666666667	7.0	[-6.67259884  6.6410656  -4.67259884  4.6410656 ]	2.356194490192345	I
1180.709	2.800999999999931	trials	1182.3846333333333	1182.3856333333333	6.0	[-8.99997711  0.98088819 -6.99997711 -1.01911187]	3.141592653589793	R
1183.762	2.4700000000000273	trials	1185.2277	1185.2287	3.0	[ 4.66360712 -4.65009308  6.66360712 -6.65009308]	-0.7853981633974483	F
1186.484	0.9220000000000255	trials				[nan nan nan nan]		A
1187.658	3.37700000000018	trials				[nan nan nan nan]		A
1191.287	10.783999999999878	trials	1201.0660333333333	1201.0670333333333	1.0	[4.65460157 6.65910625 6.65460157 4.65910625]	0.7853981633974483	F
1202.322	6.7120000000002165	trials	1207.8468666666668	1207.8478666666667	4.0	[-0.98725879 -6.99998999  1.01274121 -8.99998951]	-1.5707963267948966	R
1209.285	2.870999999999867	trials	1211.1099666666667	1211.1109666666666	5.0	[-6.64558125 -4.66810465 -4.64558125 -6.66810465]	-2.356194490192345	R
1212.407	2.4139999999999873	trials	1213.6222	1213.6232	7.0	[-6.67259884  6.6410656  -4.67259884  4.6410656 ]	2.356194490192345	R
1215.073	2.953999999999951	trials	1216.8702666666666	1216.8712666666668	2.0	[ 6.99999762  1.00637066  8.99999714 -0.9936294 ]	0.0	R
1218.279	2.66599999999994	trials	1219.8757	1219.8767	6.0	[-8.99997711  0.98088819 -6.99997711 -1.01911187]	3.141592653589793	R
1221.197	2.7280000000000655	trials	1222.6155	1222.6165	0.0	[-8.99997711  0.98088819 -6.99997711 -1.01911187]	1.5707963267948966	R
1224.176	3.1929999999999836	trials	1226.3177	1226.3187	4.0	[-0.98725879 -6.99998999  1.01274121 -8.99998951]	-1.5707963267948966	R
1227.621	2.9809999999999945	trials	1229.4114	1229.4124	7.0	[-6.67259884  6.6410656  -4.67259884  4.6410656 ]	2.356194490192345	R
1230.854	2.515999999999849	trials	1232.3005666666666	1232.3015666666668	6.0	[-8.99997711  0.98088819 -6.99997711 -1.01911187]	3.141592653589793	R
1233.622	2.8719999999998436	trials	1235.301	1235.302	1.0	[4.65460157 6.65910625 6.65460157 4.65910625]	0.7853981633974483	R
1236.746	2.9909999999999854	trials	1238.522	1238.523	5.0	[-6.64558125 -4.66810465 -4.64558125 -6.66810465]	-2.356194490192345	R
1239.989	3.191000000000031	trials	1242.0166666666667	1242.0176666666666	3.0	[ 4.66360712 -4.65009308  6.66360712 -6.65009308]	-0.7853981633974483	R
1243.431	3.06899999999996	trials	1245.3058333333333	1245.3068333333333	2.0	[ 6.99999762  1.00637066  8.99999714 -0.9936294 ]	0.0	R
1246.751	2.9329999999999927	trials	1248.5388666666668	1248.5398666666667	2.0	[ 6.99999762  1.00637066  8.99999714 -0.9936294 ]	0.0	R
1249.935	2.615000000000009	trials	1251.3418333333334	1251.3428333333334	3.0	[ 4.66360712 -4.65009308  6.66360712 -6.65009308]	-0.7853981633974483	R
1252.801	3.038000000000011	trials	1254.6490333333334	1254.6500333333333	0.0	[-1.  9.  1.  7.]	1.5707963267948966	R
1256.091	2.8320000000001073	trials	1257.7998666666667	1257.8008666666667	1.0	[4.65460157 6.65910625 6.65460157 4.65910625]	0.7853981633974483	R
1259.174	3.2350000000001273	trials	1261.2694666666666	1261.2704666666666	5.0	[-6.64558125 -4.66810465 -4.64558125 -6.66810465]	-2.356194490192345	R
1262.661	2.963999999999942	trials	1264.3561333333334	1264.3571333333334	7.0	[-6.67259884  6.6410656  -4.67259884  4.6410656 ]	2.356194490192345	R
1265.877	3.0030000000001564	trials	1267.7856333333334	1267.7866333333334	6.0	[-8.99997711  0.98088819 -6.99997711 -1.01911187]	3.141592653589793	R
1269.132	2.8799999999998818	trials	1270.9244333333334	1270.9254333333333	4.0	[-0.98725879 -6.99998999  1.01274121 -8.99998951]	-1.5707963267948966	R
1272.264	3.201999999999998	trials	1274.2777666666666	1274.2787666666666	3.0	[-0.98725879 -6.99998999  1.01274121 -8.99998951]	-0.7853981633974483	R
1275.717	2.806999999999789	trials	1277.3734333333334	1277.3744333333334	6.0	[-8.99997711  0.98088819 -6.99997711 -1.01911187]	3.141592653589793	R
1278.776	0.724999999999909	trials				[nan nan nan nan]		A
1279.752	0.4190000000000964	trials				[nan nan nan nan]		A
1280.423	0.06400000000007822	trials				[nan nan nan nan]		A
1280.739	2.6299999999998818	trials	1282.2455333333332	1282.2465333333334	7.0	[-6.67259884  6.6410656  -4.67259884  4.6410656 ]	2.356194490192345	R
1283.621	2.6489999999998872	trials	1285.0886	1285.0896	0.0	[-1.  9.  1.  7.]	1.5707963267948966	R
1286.521	2.5930000000000746	trials	1288.0329	1288.0339	4.0	[-0.98725879 -6.99998999  1.01274121 -8.99998951]	-1.5707963267948966	R
1289.365	2.671000000000049	trials	1290.9471333333333	1290.9481333333333	2.0	[-0.98725879 -6.99998999  1.01274121 -8.99998951]	0.0	R
1292.287	2.724999999999909	trials	1293.8664	1293.8674	1.0	[4.65460157 6.65910625 6.65460157 4.65910625]	0.7853981633974483	R
1295.264	1.9080000000001291	trials	1296.4468	1296.4478	5.0	[-6.64558125 -4.66810465 -4.64558125 -6.66810465]	-2.356194490192345	I
1297.423	3.242999999999938	trials	1299.5485	1299.5495	3.0	[ 4.66360712 -4.65009308  6.66360712 -6.65009308]	-0.7853981633974483	R
1300.918	2.522000000000162	trials	1302.1840333333334	1302.1850333333334	7.0	[-6.67259884  6.6410656  -4.67259884  4.6410656 ]	2.356194490192345	R
1303.692	0.7970000000000255	trials				[nan nan nan nan]		A
1304.74	1.7439999999999145	trials	1305.3549	1305.3559	4.0	[-0.98725879 -6.99998999  1.01274121 -8.99998951]	-1.5707963267948966	R
1306.735	2.341000000000122	trials	1307.9263	1307.9273	6.0	[-8.99997711  0.98088819 -6.99997711 -1.01911187]	3.141592653589793	R
1309.328	2.5109999999999673	trials	1310.6921666666667	1310.6931666666667	7.0	[-8.99997711  0.98088819 -6.99997711 -1.01911187]	2.356194490192345	R
1312.091	2.8120000000001255	trials	1313.8099	1313.8109	0.0	[-1.  9.  1.  7.]	1.5707963267948966	R
1315.154	2.546000000000049	trials	1316.8905333333332	1316.8915333333334	3.0	[ 4.66360712 -4.65009308  6.66360712 -6.65009308]	-0.7853981633974483	I
1317.951	3.548999999999978	trials	1320.3501333333334	1320.3511333333333	5.0	[-6.64558125 -4.66810465 -4.64558125 -6.66810465]	-2.356194490192345	R
1321.752	2.3350000000000364	trials	1323.3485666666666	1323.3495666666668	4.0	[-0.98725879 -6.99998999  1.01274121 -8.99998951]	-1.5707963267948966	I
1324.339	2.449000000000069	trials	1325.5791	1325.5801	1.0	[4.65460157 6.65910625 6.65460157 4.65910625]	0.7853981633974483	R
1327.04	2.673000000000002	trials	1328.5835666666667	1328.5845666666667	2.0	[ 6.99999762  1.00637066  8.99999714 -0.9936294 ]	0.0	R
1329.965	2.588000000000193	trials	1331.4126	1331.4136	6.0	[-8.99997711  0.98088819 -6.99997711 -1.01911187]	3.141592653589793	R
1332.805	0.8070000000000164	trials				[nan nan nan nan]		A
1333.864	0.13099999999985812	trials				[nan nan nan nan]		A
1334.247	2.604000000000042	trials	1335.6511	1335.6521333333333	7.0	[-6.67259884  6.6410656  -4.67259884  4.6410656 ]	2.356194490192345	R
1337.103	2.686999999999898	trials	1338.6806333333334	1338.6816333333334	2.0	[ 6.99999762  1.00637066  8.99999714 -0.9936294 ]	0.0	R
1340.042	2.6310000000000855	trials	1341.5978666666667	1341.5988666666667	5.0	[-6.64558125 -4.66810465 -4.64558125 -6.66810465]	-2.356194490192345	R
1342.924	2.5550000000000637	trials	1344.8008333333332	1344.8018333333334	4.0	[-0.98725879 -6.99998999  1.01274121 -8.99998951]	-1.5707963267948966	I
1345.73	3.0519999999999072	trials	1347.7060333333334	1347.7070333333334	6.0	[-8.99997711  0.98088819 -6.99997711 -1.01911187]	3.141592653589793	R
1349.033	2.8079999999999927	trials	1350.7566	1350.7576	0.0	[-1.  9.  1.  7.]	1.5707963267948966	R
1352.093	2.5499999999999545	trials	1353.5355	1353.5365	5.0	[-1.  9.  1.  7.]	-2.356194490192345	R
1354.895	2.285000000000082	trials	1356.0427333333334	1356.0437333333334	1.0	[4.65460157 6.65910625 6.65460157 4.65910625]	0.7853981633974483	R
1357.431	2.796000000000049	trials	1359.1494333333333	1359.1504333333332	2.0	[ 6.99999762  1.00637066  8.99999714 -0.9936294 ]	0.0	R
1360.479	2.5149999999998727	trials	1361.788	1361.789	4.0	[-0.98725879 -6.99998999  1.01274121 -8.99998951]	-1.5707963267948966	R
1363.246	2.992999999999938	trials	1364.9398	1364.9408333333333	7.0	[-6.67259884  6.6410656  -4.67259884  4.6410656 ]	2.356194490192345	R
1366.491	3.2059999999999036	trials	1368.6159333333333	1368.6169333333332	0.0	[-1.  9.  1.  7.]	1.5707963267948966	R
1369.948	3.05399999999986	trials	1371.8961	1371.8971	6.0	[-8.99997711  0.98088819 -6.99997711 -1.01911187]	3.141592653589793	R
1373.253	3.1700000000000728	trials	1375.2484	1375.2494	3.0	[ 4.66360712 -4.65009308  6.66360712 -6.65009308]	-0.7853981633974483	R
1376.675	2.354000000000042	trials	1377.9501	1377.9511333333332	5.0	[ 4.66360712 -4.65009308  6.66360712 -6.65009308]	-2.356194490192345	R
1379.28	2.5820000000001073	trials	1380.7430333333334	1380.7440666666666	0.0	[-1.  9.  1.  7.]	1.5707963267948966	R
1382.113	2.505999999999858	trials	1383.5149333333334	1383.5159333333334	3.0	[ 4.66360712 -4.65009308  6.66360712 -6.65009308]	-0.7853981633974483	R
1384.87	2.8470000000002074	trials	1386.6056	1386.6066	6.0	[-8.99997711  0.98088819 -6.99997711 -1.01911187]	3.141592653589793	R
1387.969	2.592999999999847	trials	1389.4025333333334	1389.4035333333334	1.0	[4.65460157 6.65910625 6.65460157 4.65910625]	0.7853981633974483	R
1390.814	3.1499999999998636	trials	1392.9042333333334	1392.9052333333334	4.0	[-0.98725879 -6.99998999  1.01274121 -8.99998951]	-1.5707963267948966	R
1394.216	2.4370000000001255	trials	1395.5257333333334	1395.5267333333334	2.0	[ 6.99999762  1.00637066  8.99999714 -0.9936294 ]	0.0	R
1396.904	2.814000000000078	trials	1398.5232	1398.5242	7.0	[-6.67259884  6.6410656  -4.67259884  4.6410656 ]	2.356194490192345	R
1399.97	3.2059999999999036	trials	1402.0870333333332	1402.0880333333334	6.0	[-6.67259884  6.6410656  -4.67259884  4.6410656 ]	3.141592653589793	R
1403.427	2.740000000000009	trials	1405.0905	1405.0915	4.0	[-0.98725879 -6.99998999  1.01274121 -8.99998951]	-1.5707963267948966	R
1406.419	2.92899999999986	trials	1408.3014666666666	1408.3024666666668	5.0	[-6.64558125 -4.66810465 -4.64558125 -6.66810465]	-2.356194490192345	R
1409.6	1.3520000000000891	trials				[nan nan nan nan]		A
1411.204	2.6059999999999945	trials	1412.6643	1412.6653	2.0	[ 6.99999762  1.00637066  8.99999714 -0.9936294 ]	0.0	R
1414.062	3.005000000000109	trials	1415.9133666666667	1415.9143666666666	1.0	[4.65460157 6.65910625 6.65460157 4.65910625]	0.7853981633974483	R
1417.319	2.4480000000000928	trials	1418.6491333333333	1418.6501666666666	3.0	[ 4.66360712 -4.65009308  6.66360712 -6.65009308]	-0.7853981633974483	R
1420.019	2.8250000000000455	trials	1421.6596333333334	1421.6606333333334	7.0	[-6.67259884  6.6410656  -4.67259884  4.6410656 ]	2.356194490192345	R
1423.095	3.4049999999999727	trials	1425.4490333333333	1425.4500333333333	1.0	[-6.67259884  6.6410656  -4.67259884  4.6410656 ]	0.7853981633974483	R
1426.751	2.505000000000109	trials	1428.1046333333334	1428.1056333333333	2.0	[ 6.99999762  1.00637066  8.99999714 -0.9936294 ]	0.0	R
1429.508	3.18100000000004	trials	1431.5782333333334	1431.5792333333334	3.0	[ 4.66360712 -4.65009308  6.66360712 -6.65009308]	-0.7853981633974483	R
1432.941	3.2259999999998854	trials	1434.9586333333334	1434.9596333333334	7.0	[-6.67259884  6.6410656  -4.67259884  4.6410656 ]	2.356194490192345	R
1436.418	2.6790000000000873	trials	1437.9851333333334	1437.9861333333333	6.0	[-8.99997711  0.98088819 -6.99997711 -1.01911187]	3.141592653589793	R
1439.349	2.93100000000004	trials	1441.1680333333334	1441.1690333333333	5.0	[-6.64558125 -4.66810465 -4.64558125 -6.66810465]	-2.356194490192345	R
1442.531	2.3479999999999563	trials	1443.7434333333333	1443.7444333333333	0.0	[-1.  9.  1.  7.]	1.5707963267948966	R
1445.131	3.0	trials	1447.0747	1447.0757	4.0	[-0.98725879 -6.99998999  1.01274121 -8.99998951]	-1.5707963267948966	R
1448.383	2.5049999999998818	trials	1449.8496	1449.8506	5.0	[-0.98725879 -6.99998999  1.01274121 -8.99998951]	-2.356194490192345	R
1451.14	2.6159999999999854	trials	1452.6615666666667	1452.6625666666666	6.0	[-8.99997711  0.98088819 -6.99997711 -1.01911187]	3.141592653589793	R
1454.008	3.252999999999929	trials	1456.0921	1456.0931	7.0	[-6.67259884  6.6410656  -4.67259884  4.6410656 ]	2.356194490192345	R
1457.513	2.466000000000122	trials	1458.8589666666667	1458.8599666666667	0.0	[-1.  9.  1.  7.]	1.5707963267948966	R
1460.23	2.9010000000000673	trials	1462.0859666666668	1462.0869666666667	3.0	[ 4.66360712 -4.65009308  6.66360712 -6.65009308]	-0.7853981633974483	R
1463.382	2.29099999999994	trials	1464.4458333333334	1464.4468333333334	1.0	[4.65460157 6.65910625 6.65460157 4.65910625]	0.7853981633974483	R
1465.925	2.91800000000012	trials	1467.7851333333333	1467.7861333333333	4.0	[-0.98725879 -6.99998999  1.01274121 -8.99998951]	-1.5707963267948966	R
1469.094	2.8509999999998854	trials	1470.8296666666668	1470.8307	2.0	[ 6.99999762  1.00637066  8.99999714 -0.9936294 ]	0.0	R
1472.197	2.617000000000189	trials	1473.7138333333332	1473.7148333333334	7.0	[ 6.99999762  1.00637066  8.99999714 -0.9936294 ]	2.356194490192345	R
1475.065	3.3889999999998963	trials	1477.406	1477.407	6.0	[-8.99997711  0.98088819 -6.99997711 -1.01911187]	3.141592653589793	R
1478.705	9.082000000000107	trials				[nan nan nan nan]		A
1488.038	1.94399999999996	trials	1488.8985333333333	1488.8995333333332	5.0	[-6.64558125 -4.66810465 -4.64558125 -6.66810465]	-2.356194490192345	R
1490.234	2.7560000000000855	trials	1491.8528666666666	1491.8538666666666	0.0	[-1.  9.  1.  7.]	1.5707963267948966	R
1493.241	4.940000000000055	trials	1497.0547666666666	1497.0557666666666	1.0	[4.65460157 6.65910625 6.65460157 4.65910625]	0.7853981633974483	R
1498.432	2.3989999999998872	trials	1499.6392	1499.6402	2.0	[ 6.99999762  1.00637066  8.99999714 -0.9936294 ]	0.0	R
1501.083	2.2749999999998636	trials	1502.2597	1502.2607	4.0	[-0.98725879 -6.99998999  1.01274121 -8.99998951]	-1.5707963267948966	R
1503.61	2.3079999999999927	trials	1504.8200666666667	1504.8210666666666	2.0	[-0.98725879 -6.99998999  1.01274121 -8.99998951]	0.0	R
1506.169	0.6559999999999491	trials				[nan nan nan nan]		A
1507.077	1.884999999999991	trials	1507.8977	1507.8987	5.0	[-6.64558125 -4.66810465 -4.64558125 -6.66810465]	-2.356194490192345	R
1509.214	2.324000000000069	trials	1510.443	1510.444	4.0	[-0.98725879 -6.99998999  1.01274121 -8.99998951]	-1.5707963267948966	R
1511.789	2.423999999999978	trials	1513.0916	1513.0926	3.0	[ 4.66360712 -4.65009308  6.66360712 -6.65009308]	-0.7853981633974483	R
1514.465	2.5150000000001	trials	1515.8203666666666	1515.8213666666666	0.0	[-1.  9.  1.  7.]	1.5707963267948966	R
1517.232	3.1369999999999436	trials	1519.2909666666667	1519.2919666666667	1.0	[4.65460157 6.65910625 6.65460157 4.65910625]	0.7853981633974483	R
1520.62	3.0410000000001673	trials	1522.6012	1522.6022	6.0	[-8.99997711  0.98088819 -6.99997711 -1.01911187]	3.141592653589793	R
1523.912	2.7590000000000146	trials	1525.5294666666666	1525.5304666666666	0.0	[-8.99997711  0.98088819 -6.99997711 -1.01911187]	1.5707963267948966	R
1526.923	3.2100000000000364	trials	1529.0682333333334	1529.0692666666666	1.0	[4.65460157 6.65910625 6.65460157 4.65910625]	0.7853981633974483	R
1530.385	3.1800000000000637	trials	1532.3704333333333	1532.3714666666667	2.0	[ 6.99999762  1.00637066  8.99999714 -0.9936294 ]	0.0	R
1533.817	3.259999999999991	trials	1535.8982	1535.8992	7.0	[-6.67259884  6.6410656  -4.67259884  4.6410656 ]	2.356194490192345	R
1537.329	3.7170000000000982	trials	1539.9212	1539.9222	6.0	[-8.99997711  0.98088819 -6.99997711 -1.01911187]	3.141592653589793	R
1541.298	2.757000000000062	trials	1542.9517	1542.9527	5.0	[-6.64558125 -4.66810465 -4.64558125 -6.66810465]	-2.356194490192345	R
1544.307	2.8230000000000928	trials	1546.0484	1546.0494	4.0	[-0.98725879 -6.99998999  1.01274121 -8.99998951]	-1.5707963267948966	R
1547.382	3.1549999999999727	trials	1549.3897	1549.3907	3.0	[ 4.66360712 -4.65009308  6.66360712 -6.65009308]	-0.7853981633974483	R
1550.788	3.134999999999991	trials	1552.6949	1552.6959	7.0	[ 4.66360712 -4.65009308  6.66360712 -6.65009308]	2.356194490192345	R
1554.175	3.1639999999999873	trials	1556.2296666666666	1556.2306666666666	0.0	[-1.  9.  1.  7.]	1.5707963267948966	R
1557.591	2.637000000000171	trials	1559.0456666666666	1559.0466666666666	1.0	[4.65460157 6.65910625 6.65460157 4.65910625]	0.7853981633974483	R
1560.479	2.872000000000071	trials	1562.1854666666666	1562.1864666666668	2.0	[ 6.99999762  1.00637066  8.99999714 -0.9936294 ]	0.0	R
1563.603	2.9869999999998527	trials	1565.5067	1565.5077	4.0	[-0.98725879 -6.99998999  1.01274121 -8.99998951]	-1.5707963267948966	R
1566.842	2.854999999999791	trials	1568.6675666666667	1568.6685666666667	5.0	[-6.64558125 -4.66810465 -4.64558125 -6.66810465]	-2.356194490192345	R
1569.949	3.0470000000000255	trials	1571.8965666666666	1571.8975666666668	6.0	[-8.99997711  0.98088819 -6.99997711 -1.01911187]	3.141592653589793	R
1573.248	2.7000000000000455	trials	1574.7496333333333	1574.7506333333333	3.0	[ 4.66360712 -4.65009308  6.66360712 -6.65009308]	-0.7853981633974483	R
1576.199	2.2349999999999	trials	1577.3471	1577.3481	3.0	[ 4.66360712 -4.65009308  6.66360712 -6.65009308]	-0.7853981633974483	R
1578.685	2.525000000000091	trials	1580.0698666666667	1580.0708666666667	4.0	[-0.98725879 -6.99998999  1.01274121 -8.99998951]	-1.5707963267948966	R
1581.461	2.8279999999999745	trials	1583.1445	1583.1455	6.0	[-8.99997711  0.98088819 -6.99997711 -1.01911187]	3.141592653589793	R
1584.541	2.52800000000002	trials	1585.9494333333334	1585.9504666666667	0.0	[-1.  9.  1.  7.]	1.5707963267948966	R
1587.321	3.16800000000012	trials	1589.3709333333334	1589.3719333333333	2.0	[ 6.99999762  1.00637066  8.99999714 -0.9936294 ]	0.0	R
1590.74	2.6669999999999163	trials	1592.1949666666667	1592.1959666666667	7.0	[-6.67259884  6.6410656  -4.67259884  4.6410656 ]	2.356194490192345	R
1593.659	2.668999999999869	trials	1595.1884	1595.1894	1.0	[4.65460157 6.65910625 6.65460157 4.65910625]	0.7853981633974483	R
1596.58	2.856999999999971	trials	1598.3733	1598.3743	5.0	[-6.64558125 -4.66810465 -4.64558125 -6.66810465]	-2.356194490192345	R
1599.689	0.6219999999998436	trials				[nan nan nan nan]		A
1600.563	2.27599999999984	trials	1601.6664666666666	1601.6674666666668	7.0	[-6.67259884  6.6410656  -4.67259884  4.6410656 ]	2.356194490192345	R
1603.091	3.352000000000089	trials	1605.3486	1605.3496	6.0	[-8.99997711  0.98088819 -6.99997711 -1.01911187]	3.141592653589793	R
1606.695	3.2390000000000327	trials	1608.8543	1608.8553	3.0	[ 4.66360712 -4.65009308  6.66360712 -6.65009308]	-0.7853981633974483	R
1610.186	2.798999999999978	trials	1611.9028666666666	1611.9038666666668	5.0	[-6.64558125 -4.66810465 -4.64558125 -6.66810465]	-2.356194490192345	R
1613.236	2.4659999999998945	trials	1614.6066	1614.6076	4.0	[-0.98725879 -6.99998999  1.01274121 -8.99998951]	-1.5707963267948966	R
1615.954	2.9120000000000346	trials	1617.7353333333333	1617.7363666666668	1.0	[4.65460157 6.65910625 6.65460157 4.65910625]	0.7853981633974483	R
1619.118	2.56899999999996	trials	1620.5483333333334	1620.5493333333334	2.0	[ 6.99999762  1.00637066  8.99999714 -0.9936294 ]	0.0	R
1621.939	3.2289999999998145	trials	1624.0640666666666	1624.0650666666668	6.0	[ 6.99999762  1.00637066  8.99999714 -0.9936294 ]	3.141592653589793	R
1625.419	2.438999999999851	trials	1626.6705333333334	1626.6715333333334	2.0	[ 6.99999762  1.00637066  8.99999714 -0.9936294 ]	0.0	R
1628.11	3.0860000000000127	trials	1630.1161	1630.1171	3.0	[ 4.66360712 -4.65009308  6.66360712 -6.65009308]	-0.7853981633974483	R
1631.447	3.3890000000001237	trials	1633.6769333333334	1633.6779333333334	0.0	[-1.  9.  1.  7.]	1.5707963267948966	R
1635.087	0.9359999999999218	trials				[nan nan nan nan]		A
1636.274	1.9730000000001837	trials	1637.0613333333333	1637.0623333333333	7.0	[-6.67259884  6.6410656  -4.67259884  4.6410656 ]	2.356194490192345	R
1638.499	2.9220000000000255	trials	1640.3815666666667	1640.3825666666667	4.0	[-0.98725879 -6.99998999  1.01274121 -8.99998951]	-1.5707963267948966	R
1641.673	2.6400000000001	trials	1643.2567	1643.2577	1.0	[4.65460157 6.65910625 6.65460157 4.65910625]	0.7853981633974483	R
1644.565	2.7819999999999254	trials	1646.1759666666667	1646.1769666666667	3.0	[4.65460157 6.65910625 6.65460157 4.65910625]	-0.7853981633974483	R
1647.599	3.2590000000000146	trials	1649.6766333333333	1649.6776333333332	7.0	[-6.67259884  6.6410656  -4.67259884  4.6410656 ]	2.356194490192345	R
1651.109	0.8810000000000855	trials				[nan nan nan nan]		A
1652.242	2.4449999999999363	trials	1653.5963666666667	1653.5973666666666	1.0	[4.65460157 6.65910625 6.65460157 4.65910625]	0.7853981633974483	R
1654.939	2.69399999999996	trials	1656.5356666666667	1656.5366666666666	6.0	[-8.99997711  0.98088819 -6.99997711 -1.01911187]	3.141592653589793	R
1657.885	3.2360000000001037	trials	1660.0885	1660.0895	5.0	[-6.64558125 -4.66810465 -4.64558125 -6.66810465]	-2.356194490192345	R
1661.373	2.8050000000000637	trials	1663.1250333333332	1663.1260333333332	4.0	[-0.98725879 -6.99998999  1.01274121 -8.99998951]	-1.5707963267948966	R
1664.429	2.6429999999998017	trials	1665.9069333333334	1665.9079333333334	2.0	[ 6.99999762  1.00637066  8.99999714 -0.9936294 ]	0.0	R
1667.323	2.3659999999999854	trials	1668.5585333333333	1668.5595333333333	5.0	[ 6.99999762  1.00637066  8.99999714 -0.9936294 ]	-2.356194490192345	R
1669.941	3.117999999999938	trials	1671.9188666666666	1671.9198666666666	7.0	[-6.67259884  6.6410656  -4.67259884  4.6410656 ]	2.356194490192345	R
1673.31	2.6230000000000473	trials	1674.7799666666667	1674.7809666666667	3.0	[ 4.66360712 -4.65009308  6.66360712 -6.65009308]	-0.7853981633974483	R
1676.184	3.081000000000131	trials	1678.1072	1678.1082333333334	0.0	[-1.  9.  1.  7.]	1.5707963267948966	R
1679.517	3.2059999999999036	trials	1681.6971333333333	1681.6981333333333	6.0	[-8.99997711  0.98088819 -6.99997711 -1.01911187]	3.141592653589793	R
1682.974	2.910000000000082	trials	1684.6835333333333	1684.6845333333333	4.0	[-0.98725879 -6.99998999  1.01274121 -8.99998951]	-1.5707963267948966	R
1686.135	3.2609999999999673	trials	1688.2774666666667	1688.2784666666666	1.0	[4.65460157 6.65910625 6.65460157 4.65910625]	0.7853981633974483	R
1689.648	2.5670000000000073	trials	1691.0884333333333	1691.0894333333333	2.0	[ 6.99999762  1.00637066  8.99999714 -0.9936294 ]	0.0	R
1692.467	2.433999999999969	trials	1693.731	1693.732	4.0	[ 6.99999762  1.00637066  8.99999714 -0.9936294 ]	-1.5707963267948966	R
1695.153	2.5540000000000873	trials	1696.6031333333333	1696.6041333333333	0.0	[-1.  9.  1.  7.]	1.5707963267948966	R
1697.959	8.8599999999999	trials	1705.6957	1705.6967	6.0	[-8.99997711  0.98088819 -6.99997711 -1.01911187]	3.141592653589793	R
1707.07	2.8900000000001	trials	1708.9287333333334	1708.9297333333334	1.0	[4.65460157 6.65910625 6.65460157 4.65910625]	0.7853981633974483	R
1710.212	0.7419999999999618	trials				[nan nan nan nan]		A
1711.205	1.7290000000000418	trials	1711.7968333333333	1711.7978333333333	5.0	[-6.64558125 -4.66810465 -4.64558125 -6.66810465]	-2.356194490192345	R
1713.185	2.5340000000001055	trials	1714.5567	1714.5577	7.0	[-6.67259884  6.6410656  -4.67259884  4.6410656 ]	2.356194490192345	R
1715.97	3.436999999999898	trials	1718.2619	1718.2629	3.0	[ 4.66360712 -4.65009308  6.66360712 -6.65009308]	-0.7853981633974483	R
1719.658	2.57100000000014	trials	1721.1310333333333	1721.1320333333333	6.0	[ 4.66360712 -4.65009308  6.66360712 -6.65009308]	3.141592653589793	R
1722.48	3.1369999999999436	trials	1724.5254333333332	1724.5264333333334	2.0	[ 6.99999762  1.00637066  8.99999714 -0.9936294 ]	0.0	R
1725.869	2.4470000000001164	trials	1727.1810333333333	1727.1820333333333	0.0	[-1.  9.  1.  7.]	1.5707963267948966	R
1728.567	2.9610000000000127	trials	1730.4341	1730.4351	7.0	[-6.67259884  6.6410656  -4.67259884  4.6410656 ]	2.356194490192345	R
1731.779	3.530999999999949	trials	1734.1824	1734.1834	4.0	[-0.98725879 -6.99998999  1.01274121 -8.99998951]	-1.5707963267948966	R
1735.562	2.6820000000000164	trials	1737.1347333333333	1737.1357333333333	1.0	[4.65460157 6.65910625 6.65460157 4.65910625]	0.7853981633974483	R
1738.495	2.2100000000000364	trials	1739.6109	1739.6119	3.0	[ 4.66360712 -4.65009308  6.66360712 -6.65009308]	-0.7853981633974483	R
1740.956	2.790000000000191	trials	1742.5121	1742.5131	5.0	[-6.64558125 -4.66810465 -4.64558125 -6.66810465]	-2.356194490192345	R
1743.998	2.588999999999942	trials	1745.4524	1745.4534	3.0	[-6.64558125 -4.66810465 -4.64558125 -6.66810465]	-0.7853981633974483	R
1746.839	2.581000000000131	trials	1748.3375666666666	1748.3385666666666	1.0	[4.65460157 6.65910625 6.65460157 4.65910625]	0.7853981633974483	R
1749.672	2.2339999999999236	trials	1750.8247333333334	1750.8257333333333	2.0	[ 6.99999762  1.00637066  8.99999714 -0.9936294 ]	0.0	R
1752.158	3.2610000000001946	trials	1754.3745333333334	1754.3755333333334	4.0	[-0.98725879 -6.99998999  1.01274121 -8.99998951]	-1.5707963267948966	R
1755.671	2.3209999999999127	trials	1756.9679666666666	1756.9689666666666	5.0	[-6.64558125 -4.66810465 -4.64558125 -6.66810465]	-2.356194490192345	R
1758.243	3.15300000000002	trials	1760.2491333333332	1760.2501333333332	7.0	[-6.67259884  6.6410656  -4.67259884  4.6410656 ]	2.356194490192345	R
1761.648	3.512000000000171	trials	1764.0656	1764.0666	0.0	[-1.  9.  1.  7.]	1.5707963267948966	R
1765.412	2.951000000000022	trials	1767.2926	1767.2936	6.0	[-8.99997711  0.98088819 -6.99997711 -1.01911187]	3.141592653589793	R
1768.615	2.8589999999999236	trials	1770.2469333333333	1770.2479333333333	3.0	[-8.99997711  0.98088819 -6.99997711 -1.01911187]	-0.7853981633974483	R
1771.726	2.3099999999999454	trials	1772.8213333333333	1772.8223333333333	7.0	[-6.67259884  6.6410656  -4.67259884  4.6410656 ]	2.356194490192345	R
1774.288	3.066000000000031	trials	1776.2719	1776.2729	6.0	[-8.99997711  0.98088819 -6.99997711 -1.01911187]	3.141592653589793	R
1777.605	3.7480000000000473	trials	1780.2387333333334	1780.2397333333333	2.0	[ 6.99999762  1.00637066  8.99999714 -0.9936294 ]	0.0	R
1781.604	42.096000000000004	trials				[nan nan nan nan]		A
1823.951	0.4130000000000109	trials				[nan nan nan nan]		A
1824.616	0.20800000000008367	trials				[nan nan nan nan]		A
1825.076	0.21499999999991815	trials				[nan nan nan nan]		A
1825.542	2.1639999999999873	trials	1826.5246333333334	1826.5256333333334	6.0	[-1.  9.  1.  7.]	3.141592653589793	R
1827.957	2.70699999999988	trials	1829.4378666666667	1829.4388666666666	0.0	[-1.  9.  1.  7.]	1.5707963267948966	R
1830.916	2.258000000000038	trials	1832.4543666666666	1832.4553666666666	5.0	[-6.64558125 -4.66810465 -4.64558125 -6.66810465]	-2.356194490192345	I
1833.426	3.4450000000001637	trials	1835.7164666666667	1835.7174666666667	1.0	[4.65460157 6.65910625 6.65460157 4.65910625]	0.7853981633974483	R
1837.123	2.6749999999999545	trials	1838.7309333333333	1838.7319333333332	4.0	[-0.98725879 -6.99998999  1.01274121 -8.99998951]	-1.5707963267948966	R
1840.049	2.520999999999958	trials	1841.4547	1841.4557	2.0	[ 6.99999762  1.00637066  8.99999714 -0.9936294 ]	0.0	R
1842.822	3.1420000000000528	trials	1844.7659333333334	1844.7669333333333	3.0	[ 4.66360712 -4.65009308  6.66360712 -6.65009308]	-0.7853981633974483	R
1846.216	2.730000000000018	trials	1847.7734	1847.7744	7.0	[-6.67259884  6.6410656  -4.67259884  4.6410656 ]	2.356194490192345	R
1849.198	2.9149999999999636	trials	1851.0104333333334	1851.0114333333333	3.0	[-6.67259884  6.6410656  -4.67259884  4.6410656 ]	-0.7853981633974483	R
1852.365	2.946999999999889	trials	1854.2715333333333	1854.2725333333333	5.0	[-6.64558125 -4.66810465 -4.64558125 -6.66810465]	-2.356194490192345	R
1855.564	2.563999999999851	trials	1856.9351333333334	1856.9361333333334	7.0	[-6.67259884  6.6410656  -4.67259884  4.6410656 ]	2.356194490192345	R
1858.38	3.2489999999997963	trials	1860.5671333333332	1860.5681666666667	6.0	[-8.99997711  0.98088819 -6.99997711 -1.01911187]	3.141592653589793	R
1861.88	2.5909999999998945	trials	1863.3530666666666	1863.3540666666668	4.0	[-0.98725879 -6.99998999  1.01274121 -8.99998951]	-1.5707963267948966	R
1864.722	3.058999999999969	trials	1866.6723	1866.6733	1.0	[4.65460157 6.65910625 6.65460157 4.65910625]	0.7853981633974483	R
1868.033	2.9170000000001437	trials	1869.8461666666667	1869.8472	2.0	[ 6.99999762  1.00637066  8.99999714 -0.9936294 ]	0.0	R
1871.202	0.8360000000000127	trials				[nan nan nan nan]		A
1872.289	1.7819999999999254	trials	1872.8676666666668	1872.8686666666667	6.0	[-1.  9.  1.  7.]	3.141592653589793	R
1874.322	2.9020000000000437	trials	1876.1428	1876.1438	0.0	[-1.  9.  1.  7.]	1.5707963267948966	R
1877.475	3.4470000000001164	trials	1879.7497666666666	1879.7507666666668	1.0	[4.65460157 6.65910625 6.65460157 4.65910625]	0.7853981633974483	R
1881.173	2.946999999999889	trials	1883.065	1883.066	5.0	[-6.64558125 -4.66810465 -4.64558125 -6.66810465]	-2.356194490192345	R
1884.371	3.0269999999998163	trials	1886.2589333333333	1886.2599333333333	2.0	[ 6.99999762  1.00637066  8.99999714 -0.9936294 ]	0.0	R
1887.649	2.9370000000001255	trials	1889.4197666666666	1889.4207666666666	7.0	[-6.67259884  6.6410656  -4.67259884  4.6410656 ]	2.356194490192345	R
1890.837	2.675999999999931	trials	1892.4402666666667	1892.4412666666667	4.0	[-0.98725879 -6.99998999  1.01274121 -8.99998951]	-1.5707963267948966	R
1893.765	2.880999999999858	trials	1895.4677666666666	1895.4688	3.0	[ 4.66360712 -4.65009308  6.66360712 -6.65009308]	-0.7853981633974483	R
1896.897	2.747000000000071	trials	1898.5083333333334	1898.5093333333334	0.0	[ 4.66360712 -4.65009308  6.66360712 -6.65009308]	1.5707963267948966	R
1899.896	2.6269999999999527	trials	1901.4586666666667	1901.4596666666666	1.0	[4.65460157 6.65910625 6.65460157 4.65910625]	0.7853981633974483	R
1902.775	2.4739999999999327	trials	1904.0761666666667	1904.0771666666667	3.0	[ 4.66360712 -4.65009308  6.66360712 -6.65009308]	-0.7853981633974483	R
1905.501	2.553000000000111	trials	1906.9092	1906.9102	7.0	[-6.67259884  6.6410656  -4.67259884  4.6410656 ]	2.356194490192345	R
1908.306	0.9479999999998654	trials				[nan nan nan nan]		A
1909.506	2.384999999999991	trials	1910.8158666666666	1910.8169	5.0	[-6.64558125 -4.66810465 -4.64558125 -6.66810465]	-2.356194490192345	R
1912.142	2.240000000000009	trials	1913.2559333333334	1913.2569333333333	6.0	[-8.99997711  0.98088819 -6.99997711 -1.01911187]	3.141592653589793	R
1914.633	2.4400000000000546	trials	1916.0057666666667	1916.0067666666666	4.0	[-0.98725879 -6.99998999  1.01274121 -8.99998951]	-1.5707963267948966	R
1917.325	3.0399999999999636	trials	1919.1275	1919.1285333333333	4.0	[-0.98725879 -6.99998999  1.01274121 -8.99998951]	-1.5707963267948966	R
1920.616	2.3789999999999054	trials	1921.8643	1921.8653	2.0	[ 6.99999762  1.00637066  8.99999714 -0.9936294 ]	0.0	R
1923.247	2.7349999999999	trials	1924.8467	1924.8477	0.0	[-1.  9.  1.  7.]	1.5707963267948966	R
1926.233	2.5720000000001164	trials	1927.7178333333334	1927.7188333333334	1.0	[4.65460157 6.65910625 6.65460157 4.65910625]	0.7853981633974483	R
1929.056	2.759999999999991	trials	1930.6741666666667	1930.6752	7.0	[-6.67259884  6.6410656  -4.67259884  4.6410656 ]	2.356194490192345	R
1932.068	3.2690000000000055	trials	1934.1458	1934.1468	3.0	[ 4.66360712 -4.65009308  6.66360712 -6.65009308]	-0.7853981633974483	R
1935.588	2.8630000000000564	trials	1937.3928666666666	1937.3938666666666	5.0	[-6.64558125 -4.66810465 -4.64558125 -6.66810465]	-2.356194490192345	R
1938.703	3.0170000000000528	trials	1940.6359	1940.6369	6.0	[-8.99997711  0.98088819 -6.99997711 -1.01911187]	3.141592653589793	R
1941.971	3.2609999999999673	trials	1943.9802	1943.9812	0.0	[-8.99997711  0.98088819 -6.99997711 -1.01911187]	1.5707963267948966	R
1945.484	2.609000000000151	trials	1947.0338	1947.0348	5.0	[-6.64558125 -4.66810465 -4.64558125 -6.66810465]	-2.356194490192345	R
1948.345	2.673000000000002	trials	1949.8818666666666	1949.8828666666666	7.0	[-6.67259884  6.6410656  -4.67259884  4.6410656 ]	2.356194490192345	R
1951.269	3.240000000000009	trials	1953.4407	1953.4417	4.0	[-0.98725879 -6.99998999  1.01274121 -8.99998951]	-1.5707963267948966	R
1954.761	2.644999999999982	trials	1956.2927666666667	1956.2937666666667	3.0	[ 4.66360712 -4.65009308  6.66360712 -6.65009308]	-0.7853981633974483	R
1957.657	2.490000000000009	trials	1959.0165333333334	1959.0175333333334	2.0	[ 6.99999762  1.00637066  8.99999714 -0.9936294 ]	0.0	R
1960.399	3.258000000000038	trials	1962.4791333333333	1962.4801333333332	1.0	[4.65460157 6.65910625 6.65460157 4.65910625]	0.7853981633974483	R
1963.909	3.1219999999998436	trials	1965.9557666666667	1965.9567666666667	6.0	[-8.99997711  0.98088819 -6.99997711 -1.01911187]	3.141592653589793	R
1967.283	2.5450000000000728	trials	1968.7066	1968.7076	0.0	[-8.99997711  0.98088819 -6.99997711 -1.01911187]	1.5707963267948966	R
1970.08	2.7970000000000255	trials	1971.7651666666666	1971.7661666666668	5.0	[-6.64558125 -4.66810465 -4.64558125 -6.66810465]	-2.356194490192345	R
1973.129	2.90300000000002	trials	1974.8879333333334	1974.8889333333334	1.0	[4.65460157 6.65910625 6.65460157 4.65910625]	0.7853981633974483	R
1976.283	3.230000000000018	trials	1978.4287333333334	1978.4297333333334	6.0	[-8.99997711  0.98088819 -6.99997711 -1.01911187]	3.141592653589793	R
1979.765	3.0960000000000036	trials	1981.6808	1981.6818	7.0	[-6.67259884  6.6410656  -4.67259884  4.6410656 ]	2.356194490192345	R
1983.112	3.6419999999998254	trials	1985.6225666666667	1985.6236	2.0	[ 6.99999762  1.00637066  8.99999714 -0.9936294 ]	0.0	R
1987.006	2.668999999999869	trials	1988.5829333333334	1988.5839333333333	4.0	[-0.98725879 -6.99998999  1.01274121 -8.99998951]	-1.5707963267948966	R
1989.926	2.647000000000162	trials	1991.4891333333333	1991.4901333333332	3.0	[ 4.66360712 -4.65009308  6.66360712 -6.65009308]	-0.7853981633974483	R
1992.824	2.4829999999999472	trials	1994.2179333333333	1994.2189333333333	1.0	[ 4.66360712 -4.65009308  6.66360712 -6.65009308]	0.7853981633974483	R
1995.558	2.44399999999996	trials	1996.9266333333333	1996.9276333333332	5.0	[-6.64558125 -4.66810465 -4.64558125 -6.66810465]	-2.356194490192345	R
1998.254	2.400000000000091	trials	1999.5481666666667	1999.5491666666667	4.0	[-0.98725879 -6.99998999  1.01274121 -8.99998951]	-1.5707963267948966	R
2000.906	2.9860000000001037	trials	2002.7631333333334	2002.7641333333333	2.0	[ 6.99999762  1.00637066  8.99999714 -0.9936294 ]	0.0	R
2004.144	0.7339999999999236	trials				[nan nan nan nan]		A
2005.13	2.4329999999999927	trials	2006.5034	2006.5044333333333	6.0	[-8.99997711  0.98088819 -6.99997711 -1.01911187]	3.141592653589793	R
2007.815	3.0039999999999054	trials	2009.6993333333332	2009.7003333333334	3.0	[ 4.66360712 -4.65009308  6.66360712 -6.65009308]	-0.7853981633974483	R
2011.071	3.0030000000001564	trials	2012.9464	2012.9474	0.0	[-1.  9.  1.  7.]	1.5707963267948966	R
2014.326	2.4269999999999072	trials	2015.6721666666667	2015.6731666666667	4.0	[-1.  9.  1.  7.]	-1.5707963267948966	R
2017.004	0.9470000000001164	trials				[nan nan nan nan]		A
2018.202	2.6849999999999454	trials	2019.7352666666666	2019.7362666666668	3.0	[ 4.66360712 -4.65009308  6.66360712 -6.65009308]	-0.7853981633974483	R
2021.139	2.7040000000001783	trials	2022.6775666666667	2022.6785666666667	7.0	[-6.67259884  6.6410656  -4.67259884  4.6410656 ]	2.356194490192345	R
2024.095	2.910000000000082	trials	2025.9386666666667	2025.9396666666667	5.0	[-6.64558125 -4.66810465 -4.64558125 -6.66810465]	-2.356194490192345	R
2027.257	2.9459999999999127	trials	2029.0413666666666	2029.0423666666666	0.0	[-1.  9.  1.  7.]	1.5707963267948966	R
2030.455	3.536000000000058	trials	2032.8829	2032.8839	2.0	[ 6.99999762  1.00637066  8.99999714 -0.9936294 ]	0.0	R
2034.242	7.3969999999999345	trials	2040.5399	2040.5409	6.0	[-8.99997711  0.98088819 -6.99997711 -1.01911187]	3.141592653589793	R
2041.89	1.8209999999999127	trials	2043.1092666666666	2043.1103	2.0	[-8.99997711  0.98088819 -6.99997711 -1.01911187]	0.0	I
2043.962	3.1130000000000564	trials	2045.9984666666667	2045.9994666666666	5.0	[-6.64558125 -4.66810465 -4.64558125 -6.66810465]	-2.356194490192345	R
2047.327	2.6360000000001946	trials	2048.7904	2048.7914	1.0	[4.65460157 6.65910625 6.65460157 4.65910625]	0.7853981633974483	R
2050.215	2.257000000000062	trials	2051.636433333333	2051.6374666666666	0.0	[-1.  9.  1.  7.]	1.5707963267948966	I
2052.723	3.338000000000193	trials				[nan nan nan nan]		A
2056.313	0.3579999999997199	trials				[nan nan nan nan]		A
2056.923	2.288000000000011	trials	2057.9942333333333	2057.9952333333335	3.0	[ 4.66360712 -4.65009308  6.66360712 -6.65009308]	-0.7853981633974483	R
2059.463	2.5649999999996	trials	2060.9235	2060.9245	6.0	[-8.99997711  0.98088819 -6.99997711 -1.01911187]	3.141592653589793	R
2062.28	3.2849999999998545	trials	2064.4322	2064.4332	2.0	[-8.99997711  0.98088819 -6.99997711 -1.01911187]	0.0	R
2065.817	2.387000000000171	trials	2067.0236333333332	2067.0246333333334	3.0	[ 4.66360712 -4.65009308  6.66360712 -6.65009308]	-0.7853981633974483	R
2068.455	2.2339999999999236	trials	2069.579	2069.58	1.0	[4.65460157 6.65910625 6.65460157 4.65910625]	0.7853981633974483	R
2070.94	2.355000000000018	trials	2072.211533333333	2072.2125333333333	4.0	[-0.98725879 -6.99998999  1.01274121 -8.99998951]	-1.5707963267948966	R
2073.547	2.2919999999999163	trials	2074.7468	2074.7478333333333	6.0	[-8.99997711  0.98088819 -6.99997711 -1.01911187]	3.141592653589793	R
2076.09	3.199999999999818	trials	2078.1603	2078.1613	5.0	[-6.64558125 -4.66810465 -4.64558125 -6.66810465]	-2.356194490192345	R
2079.542	2.8780000000001564	trials	2081.2319	2081.232933333333	0.0	[-1.  9.  1.  7.]	1.5707963267948966	R
2082.671	2.481000000000222	trials	2083.9546666666665	2083.9556666666667	7.0	[-6.67259884  6.6410656  -4.67259884  4.6410656 ]	2.356194490192345	R
2085.403	3.6030000000000655	trials	2087.9516	2087.9526	5.0	[-6.67259884  6.6410656  -4.67259884  4.6410656 ]	-2.356194490192345	R
2089.258	0.5570000000002437	trials				[nan nan nan nan]		A
2090.067	0.3200000000001637	trials				[nan nan nan nan]		A
2090.638	2.4900000000002365	trials	2092.0277	2092.0287333333335	0.0	[-1.  9.  1.  7.]	1.5707963267948966	R
2093.38	3.4919999999997344	trials	2095.7609666666667	2095.7619666666665	2.0	[ 6.99999762  1.00637066  8.99999714 -0.9936294 ]	0.0	R
2097.123	3.0540000000000873	trials	2099.087233333333	2099.0882333333334	4.0	[-0.98725879 -6.99998999  1.01274121 -8.99998951]	-1.5707963267948966	R
2100.429	2.592999999999847	trials	2101.9724	2101.9734	1.0	[4.65460157 6.65910625 6.65460157 4.65910625]	0.7853981633974483	R
2103.274	3.0590000000001965	trials	2105.2515333333336	2105.2525333333333	6.0	[-8.99997711  0.98088819 -6.99997711 -1.01911187]	3.141592653589793	R
2106.585	3.375	trials	2108.8815666666665	2108.8825666666667	2.0	[-8.99997711  0.98088819 -6.99997711 -1.01911187]	0.0	R
2110.212	2.242000000000189	trials	2111.728633333333	2111.7296333333334	1.0	[4.65460157 6.65910625 6.65460157 4.65910625]	0.7853981633974483	I
2112.706	17.172000000000025	trials				[nan nan nan nan]		A
2130.129	0.07999999999992724	trials				[nan nan nan nan]		A
2130.46	2.8789999999999054	trials	2132.199433333333	2132.2004333333334	5.0	[-6.64558125 -4.66810465 -4.64558125 -6.66810465]	-2.356194490192345	R
2133.591	1.6539999999999964	trials				[nan nan nan nan]		A
2135.497	2.5219999999999345	trials	2136.857	2136.858	7.0	[-6.67259884  6.6410656  -4.67259884  4.6410656 ]	2.356194490192345	R
2138.271	11.56899999999996	trials	2148.7615333333333	2148.7625333333335	0.0	[-1.  9.  1.  7.]	1.5707963267948966	R
2150.092	2.9400000000000546	trials	2151.9594666666667	2151.9605	0.0	[-1.  9.  1.  7.]	1.5707963267948966	R
2153.284	3.3460000000000036	trials	2155.528333333333	2155.5293333333334	2.0	[ 6.99999762  1.00637066  8.99999714 -0.9936294 ]	0.0	R
2156.882	2.8209999999999127	trials	2158.6531	2158.6541	5.0	[-6.64558125 -4.66810465 -4.64558125 -6.66810465]	-2.356194490192345	R
2159.954	3.08199999999988	trials	2161.9863666666665	2161.9873666666667	1.0	[4.65460157 6.65910625 6.65460157 4.65910625]	0.7853981633974483	R
2163.288	2.6080000000001746	trials	2164.7672666666667	2164.7682666666665	7.0	[-6.67259884  6.6410656  -4.67259884  4.6410656 ]	2.356194490192345	R
2166.148	3.3979999999996835	trials	2168.4474333333333	2168.4484333333335	6.0	[-8.99997711  0.98088819 -6.99997711 -1.01911187]	3.141592653589793	R
2169.798	3.1330000000002656	trials	2171.6594	2171.6604	3.0	[ 4.66360712 -4.65009308  6.66360712 -6.65009308]	-0.7853981633974483	R
2173.182	2.242000000000189	trials	2174.3480666666665	2174.3490666666667	4.0	[-0.98725879 -6.99998999  1.01274121 -8.99998951]	-1.5707963267948966	R
2175.675	2.967999999999847	trials	2177.5329666666667	2177.533966666667	7.0	[-0.98725879 -6.99998999  1.01274121 -8.99998951]	2.356194490192345	R
2178.894	3.2650000000003274	trials	2181.0477	2181.0487	2.0	[ 6.99999762  1.00637066  8.99999714 -0.9936294 ]	0.0	R
2182.411	2.98299999999972	trials	2184.3599	2184.3609333333334	1.0	[4.65460157 6.65910625 6.65460157 4.65910625]	0.7853981633974483	R
2185.645	2.2289999999998145	trials	2186.7328	2186.7338	3.0	[ 4.66360712 -4.65009308  6.66360712 -6.65009308]	-0.7853981633974483	R
2188.125	2.657000000000153	trials	2189.6821333333332	2189.6831333333334	0.0	[-1.  9.  1.  7.]	1.5707963267948966	R
2191.033	2.825000000000273	trials	2192.7838333333334	2192.784833333333	4.0	[-0.98725879 -6.99998999  1.01274121 -8.99998951]	-1.5707963267948966	R
2194.109	0.7080000000000837	trials				[nan nan nan nan]		A
2195.069	1.9410000000002583	trials	2195.9236	2195.9246333333335	5.0	[-6.64558125 -4.66810465 -4.64558125 -6.66810465]	-2.356194490192345	R
2197.262	2.605000000000018	trials	2198.685466666667	2198.6864666666665	3.0	[-6.64558125 -4.66810465 -4.64558125 -6.66810465]	-0.7853981633974483	R
2200.119	2.9409999999998035	trials	2201.865366666667	2201.8663666666666	2.0	[ 6.99999762  1.00637066  8.99999714 -0.9936294 ]	0.0	R
2203.312	2.7840000000001055	trials	2205.0803666666666	2205.081366666667	4.0	[-0.98725879 -6.99998999  1.01274121 -8.99998951]	-1.5707963267948966	R
2206.348	2.605000000000018	trials	2207.7860666666666	2207.7870666666668	7.0	[-6.67259884  6.6410656  -4.67259884  4.6410656 ]	2.356194490192345	R
2209.205	3.3270000000002256	trials	2211.4130666666665	2211.4140666666667	1.0	[4.65460157 6.65910625 6.65460157 4.65910625]	0.7853981633974483	R
2212.783	2.604000000000269	trials	2214.3293	2214.3303	5.0	[-6.64558125 -4.66810465 -4.64558125 -6.66810465]	-2.356194490192345	R
2215.639	2.5270000000000437	trials	2217.0651	2217.0661	0.0	[-1.  9.  1.  7.]	1.5707963267948966	R
2218.417	2.3789999999999054	trials	2219.664566666667	2219.6655666666666	6.0	[-8.99997711  0.98088819 -6.99997711 -1.01911187]	3.141592653589793	R
2221.048	2.756000000000313	trials	2222.7492	2222.7502	5.0	[-8.99997711  0.98088819 -6.99997711 -1.01911187]	-2.356194490192345	R
2224.055	2.1140000000000327	trials	2225.083	2225.084	6.0	[-8.99997711  0.98088819 -6.99997711 -1.01911187]	3.141592653589793	R
2226.42	3.230000000000018	trials	2228.563633333333	2228.5646333333334	0.0	[-1.  9.  1.  7.]	1.5707963267948966	R
2229.902	2.800999999999931	trials	2231.5410333333334	2231.542033333333	1.0	[4.65460157 6.65910625 6.65460157 4.65910625]	0.7853981633974483	R
2232.955	2.7380000000002838	trials	2234.575566666667	2234.5765666666666	3.0	[ 4.66360712 -4.65009308  6.66360712 -6.65009308]	-0.7853981633974483	R
2235.945	3.1119999999996253	trials	2238.0211	2238.0221333333334	4.0	[-0.98725879 -6.99998999  1.01274121 -8.99998951]	-1.5707963267948966	R
2239.308	2.6419999999998254	trials	2240.8371	2240.8381	2.0	[ 6.99999762  1.00637066  8.99999714 -0.9936294 ]	0.0	R
2242.202	3.338999999999942	trials	2244.3368	2244.3378	7.0	[-6.67259884  6.6410656  -4.67259884  4.6410656 ]	2.356194490192345	R
2245.792	2.568000000000211	trials	2247.6771	2247.6781	5.0	[-6.67259884  6.6410656  -4.67259884  4.6410656 ]	-2.356194490192345	I
2248.611	2.2200000000002547	trials	2249.7091333333333	2249.7101333333335	4.0	[-0.98725879 -6.99998999  1.01274121 -8.99998951]	-1.5707963267948966	R
2251.083	2.7039999999997235	trials	2252.6925333333334	2252.693533333333	3.0	[ 4.66360712 -4.65009308  6.66360712 -6.65009308]	-0.7853981633974483	R
2254.039	2.5299999999997453	trials	2255.4884666666667	2255.4895	2.0	[ 6.99999762  1.00637066  8.99999714 -0.9936294 ]	0.0	R
2256.821	3.1790000000000873	trials	2258.8077333333335	2258.8087333333333	0.0	[-1.  9.  1.  7.]	1.5707963267948966	R
2260.251	0.6459999999997308	trials				[nan nan nan nan]		A
2261.149	1.8710000000000946	trials	2261.913433333333	2261.9144333333334	6.0	[-8.99997711  0.98088819 -6.99997711 -1.01911187]	3.141592653589793	R
2263.272	2.7359999999998763	trials	2264.9279	2264.9289	7.0	[-6.67259884  6.6410656  -4.67259884  4.6410656 ]	2.356194490192345	R
2266.259	3.387000000000171	trials	2268.5188333333335	2268.5198333333333	2.0	[-6.67259884  6.6410656  -4.67259884  4.6410656 ]	0.0	R
2269.897	2.9830000000001746	trials	2271.7739	2271.7749	1.0	[4.65460157 6.65910625 6.65460157 4.65910625]	0.7853981633974483	R
2273.131	2.46100000000024	trials	2274.487633333333	2274.4886333333334	5.0	[-6.64558125 -4.66810465 -4.64558125 -6.66810465]	-2.356194490192345	R
2275.844	2.338999999999942	trials	2277.0630333333334	2277.0640333333336	0.0	[-1.  9.  1.  7.]	1.5707963267948966	R
2278.434	3.10799999999972	trials	2280.3993333333333	2280.4003333333335	7.0	[-6.67259884  6.6410656  -4.67259884  4.6410656 ]	2.356194490192345	R
2281.794	2.999000000000251	trials	2283.7175666666667	2283.7185666666664	6.0	[-8.99997711  0.98088819 -6.99997711 -1.01911187]	3.141592653589793	R
2285.045	3.657000000000153	trials	2287.6252666666664	2287.6262666666667	4.0	[-0.98725879 -6.99998999  1.01274121 -8.99998951]	-1.5707963267948966	R
2288.954	2.576000000000022	trials	2290.4312	2290.4322333333334	3.0	[ 4.66360712 -4.65009308  6.66360712 -6.65009308]	-0.7853981633974483	R
2291.782	2.7289999999998145	trials	2293.4286666666667	2293.429666666667	7.0	[ 4.66360712 -4.65009308  6.66360712 -6.65009308]	2.356194490192345	R
2294.763	3.0390000000002146	trials	2296.7108	2296.7118	4.0	[-0.98725879 -6.99998999  1.01274121 -8.99998951]	-1.5707963267948966	R
2298.054	0.6909999999998035	trials				[nan nan nan nan]		A
2298.996	2.4420000000000073	trials	2300.3388	2300.3398333333334	1.0	[4.65460157 6.65910625 6.65460157 4.65910625]	0.7853981633974483	R
2301.689	2.312000000000353	trials	2302.9041666666667	2302.9051666666664	6.0	[-8.99997711  0.98088819 -6.99997711 -1.01911187]	3.141592653589793	R
2304.253	2.580999999999676	trials	2305.702133333333	2305.7031333333334	2.0	[ 6.99999762  1.00637066  8.99999714 -0.9936294 ]	0.0	R
2307.086	2.6260000000002037	trials	2308.6243666666664	2308.6254	0.0	[-1.  9.  1.  7.]	1.5707963267948966	R
2309.964	2.88799999999992	trials	2311.718066666667	2311.7190666666665	5.0	[-6.64558125 -4.66810465 -4.64558125 -6.66810465]	-2.356194490192345	R
2313.104	3.1820000000002437	trials	2315.1746333333335	2315.1756333333333	2.0	[-6.64558125 -4.66810465 -4.64558125 -6.66810465]	0.0	R
2316.538	2.5790000000001783	trials	2318.0828666666666	2318.083866666667	5.0	[-6.64558125 -4.66810465 -4.64558125 -6.66810465]	-2.356194490192345	R
2319.369	3.4669999999996435	trials	2321.7750333333333	2321.7760333333335	1.0	[4.65460157 6.65910625 6.65460157 4.65910625]	0.7853981633974483	R
2323.087	2.530999999999949	trials	2324.368466666667	2324.3694666666665	3.0	[ 4.66360712 -4.65009308  6.66360712 -6.65009308]	-0.7853981633974483	R
2325.869	2.3989999999998872	trials	2327.0922333333333	2327.0932333333335	0.0	[-1.  9.  1.  7.]	1.5707963267948966	R
2328.52	3.0979999999999563	trials	2330.4726	2330.4736333333335	7.0	[-6.67259884  6.6410656  -4.67259884  4.6410656 ]	2.356194490192345	R
2331.87	2.9390000000003056	trials	2333.7517666666668	2333.7527666666665	6.0	[-8.99997711  0.98088819 -6.99997711 -1.01911187]	3.141592653589793	R
2335.061	2.4529999999999745	trials	2336.4524666666666	2336.453466666667	4.0	[-0.98725879 -6.99998999  1.01274121 -8.99998951]	-1.5707963267948966	R
2337.766	2.269999999999982	trials	2338.9416333333334	2338.9426333333336	3.0	[-0.98725879 -6.99998999  1.01274121 -8.99998951]	-0.7853981633974483	R
2340.288	2.8470000000002074	trials	2342.0573666666664	2342.0583666666666	5.0	[-6.64558125 -4.66810465 -4.64558125 -6.66810465]	-2.356194490192345	R
2343.387	2.7549999999996544	trials	2344.9124666666667	2344.913466666667	1.0	[4.65460157 6.65910625 6.65460157 4.65910625]	0.7853981633974483	R
2346.393	2.5549999999998363	trials	2347.8467333333333	2347.8477333333335	0.0	[-1.  9.  1.  7.]	1.5707963267948966	R
2349.2	3.143000000000029	trials	2351.2381666666665	2351.2391666666667	6.0	[-8.99997711  0.98088819 -6.99997711 -1.01911187]	3.141592653589793	R
2352.595	3.2070000000003347	trials	2354.702766666667	2354.7037666666665	4.0	[-0.98725879 -6.99998999  1.01274121 -8.99998951]	-1.5707963267948966	R
2356.054	2.493999999999687	trials	2357.3884333333335	2357.3894333333333	7.0	[-6.67259884  6.6410656  -4.67259884  4.6410656 ]	2.356194490192345	R
2358.8	2.8899999999998727	trials	2360.570333333333	2360.5713333333333	2.0	[ 6.99999762  1.00637066  8.99999714 -0.9936294 ]	0.0	R
2361.942	2.6950000000001637	trials	2363.518633333333	2363.5196333333333	5.0	[ 6.99999762  1.00637066  8.99999714 -0.9936294 ]	-2.356194490192345	R
2364.889	2.188999999999851	trials	2366.0389	2366.0399	4.0	[-0.98725879 -6.99998999  1.01274121 -8.99998951]	-1.5707963267948966	R
2367.33	2.8150000000000546	trials	2368.9120333333335	2368.9130333333333	1.0	[4.65460157 6.65910625 6.65460157 4.65910625]	0.7853981633974483	R
2370.397	7.239000000000033	trials	2376.478833333333	2376.4798333333333	0.0	[-1.  9.  1.  7.]	1.5707963267948966	R
2377.887	3.2719999999999345	trials	2380.0787666666665	2380.0797666666667	6.0	[-8.99997711  0.98088819 -6.99997711 -1.01911187]	3.141592653589793	R
2381.411	2.257999999999811	trials				[nan nan nan nan]		A
2383.92	0.13499999999976353	trials				[nan nan nan nan]		A
2384.306	2.7480000000000473	trials	2386.0495666666666	2386.050566666667	3.0	[ 4.66360712 -4.65009308  6.66360712 -6.65009308]	-0.7853981633974483	F
2387.306	2.7210000000000036	trials	2388.9447666666665	2388.9457666666667	1.0	[ 4.66360712 -4.65009308  6.66360712 -6.65009308]	0.7853981633974483	R
2390.279	1.3400000000001455	trials				[nan nan nan nan]		A
2391.871	2.493999999999687	trials	2393.2464333333332	2393.2474333333334	3.0	[ 4.66360712 -4.65009308  6.66360712 -6.65009308]	-0.7853981633974483	R
2394.617	2.7479999999995925	trials	2396.2559	2396.2569	4.0	[-0.98725879 -6.99998999  1.01274121 -8.99998951]	-1.5707963267948966	R
2397.616	2.894000000000233	trials	2399.3927	2399.3937	2.0	[ 6.99999762  1.00637066  8.99999714 -0.9936294 ]	0.0	R
2400.762	2.6299999999996544	trials	2402.0112	2402.0122	5.0	[-6.64558125 -4.66810465 -4.64558125 -6.66810465]	-2.356194490192345	R
2403.643	2.8029999999998836	trials	2405.411633333333	2405.4126333333334	0.0	[-1.  9.  1.  7.]	1.5707963267948966	R
2406.698	3.1480000000001382	trials	2408.6627	2408.6637	7.0	[-6.67259884  6.6410656  -4.67259884  4.6410656 ]	2.356194490192345	R
2410.097	1.3239999999996144	trials				[nan nan nan nan]		A
2411.672	6.686999999999898	trials	2417.2500333333332	2417.2510333333335	5.0	[-6.64558125 -4.66810465 -4.64558125 -6.66810465]	-2.356194490192345	R
2418.61	2.5	trials	2420.0309333333335	2420.031933333333	6.0	[-8.99997711  0.98088819 -6.99997711 -1.01911187]	3.141592653589793	R
2421.361	2.7580000000002656	trials	2422.9622	2422.9632	0.0	[-1.  9.  1.  7.]	1.5707963267948966	R
2424.371	3.2660000000000764	trials	2426.504	2426.505	7.0	[-6.67259884  6.6410656  -4.67259884  4.6410656 ]	2.356194490192345	R
2427.888	3.451000000000022	trials	2430.2513	2430.2523	4.0	[-0.98725879 -6.99998999  1.01274121 -8.99998951]	-1.5707963267948966	R
2431.591	2.71100000000024	trials	2433.2076333333334	2433.208633333333	3.0	[ 4.66360712 -4.65009308  6.66360712 -6.65009308]	-0.7853981633974483	R
2434.554	0.737999999999829	trials				[nan nan nan nan]		A
2435.543	2.4409999999998035	trials	2436.7524333333336	2436.7534333333333	1.0	[4.65460157 6.65910625 6.65460157 4.65910625]	0.7853981633974483	R
2438.235	0.7359999999998763	trials				[nan nan nan nan]		A
2439.223	0.30700000000024374	trials				[nan nan nan nan]		A
2439.782	1.9229999999997744	trials	2440.4867	2440.4877	7.0	[-6.67259884  6.6410656  -4.67259884  4.6410656 ]	2.356194490192345	R
2441.956	3.45699999999988	trials	2444.3312333333333	2444.3322333333335	6.0	[-8.99997711  0.98088819 -6.99997711 -1.01911187]	3.141592653589793	R
2445.665	2.438000000000102	trials	2446.9888333333333	2446.9898333333335	0.0	[-1.  9.  1.  7.]	1.5707963267948966	R
2448.354	10.151000000000295	trials				[nan nan nan nan]		A
2458.757	2.630999999999858	trials	2460.2377333333334	2460.238733333333	5.0	[-6.64558125 -4.66810465 -4.64558125 -6.66810465]	-2.356194490192345	R
2461.639	3.1920000000000073	trials	2463.5178666666666	2463.518866666667	7.0	[-6.64558125 -4.66810465 -4.64558125 -6.66810465]	2.356194490192345	R
2465.083	2.7339999999999236	trials	2466.5494	2466.5504	1.0	[4.65460157 6.65910625 6.65460157 4.65910625]	0.7853981633974483	R
2468.068	2.9329999999999927	trials	2469.9077333333335	2469.908733333333	5.0	[-6.64558125 -4.66810465 -4.64558125 -6.66810465]	-2.356194490192345	R
2471.253	3.1720000000000255	trials	2473.1608	2473.1618	6.0	[-8.99997711  0.98088819 -6.99997711 -1.01911187]	3.141592653589793	R
2474.677	2.455999999999676	trials	2475.9998666666665	2476.0008666666668	4.0	[-0.98725879 -6.99998999  1.01274121 -8.99998951]	-1.5707963267948966	R
2477.384	0.45699999999987995	trials				[nan nan nan nan]		A
2478.093	0.22600000000011278	trials				[nan nan nan nan]		A
2478.57	0.24499999999989086	trials				[nan nan nan nan]		A
2479.066	1.9440000000004147	trials	2479.9256	2479.9266	5.0	[ 4.66360712 -4.65009308  6.66360712 -6.65009308]	-2.356194490192345	R
2481.262	2.9409999999998035	trials	2483.1015	2483.1025	7.0	[-6.67259884  6.6410656  -4.67259884  4.6410656 ]	2.356194490192345	R
2484.455	3.08600000000024	trials	2486.4528	2486.4538	6.0	[-8.99997711  0.98088819 -6.99997711 -1.01911187]	3.141592653589793	R
2487.792	3.0570000000002437	trials	2489.8191666666667	2489.820166666667	1.0	[4.65460157 6.65910625 6.65460157 4.65910625]	0.7853981633974483	R
2491.1	3.019999999999982	trials	2493.0381666666667	2493.0391666666665	4.0	[-0.98725879 -6.99998999  1.01274121 -8.99998951]	-1.5707963267948966	R
2494.371	0.54300000000012	trials				[nan nan nan nan]		A
2495.165	1.8279999999999745	trials	2495.9884666666667	2495.989466666667	3.0	[ 4.66360712 -4.65009308  6.66360712 -6.65009308]	-0.7853981633974483	F
2497.245	2.8029999999998836	trials				[nan nan nan nan]		A
2500.299	3.1239999999997963	trials	2502.7312333333334	2502.732233333333	5.0	[-1.  9.  1.  7.]	-2.356194490192345	I
2503.675	4.975999999999658	trials	2507.5331333333334	2507.5341333333336	1.0	[4.65460157 6.65910625 6.65460157 4.65910625]	0.7853981633974483	R
2508.903	2.729000000000269	trials	2510.4744333333333	2510.4754333333335	3.0	[ 4.66360712 -4.65009308  6.66360712 -6.65009308]	-0.7853981633974483	R
2511.884	2.755000000000109	trials	2513.540033333333	2513.5410666666667	6.0	[-8.99997711  0.98088819 -6.99997711 -1.01911187]	3.141592653589793	R
2514.89	2.9420000000000073	trials	2516.7771	2516.7781	4.0	[-0.98725879 -6.99998999  1.01274121 -8.99998951]	-1.5707963267948966	R
2518.083	2.394999999999982	trials	2519.3204	2519.3214	7.0	[-6.67259884  6.6410656  -4.67259884  4.6410656 ]	2.356194490192345	R
2520.73	2.7770000000000437	trials	2522.4181	2522.4191	2.0	[ 6.99999762  1.00637066  8.99999714 -0.9936294 ]	0.0	R
2523.758	2.730000000000018	trials	2525.3894666666665	2525.3904666666667	0.0	[-1.  9.  1.  7.]	1.5707963267948966	R
2526.74	2.350000000000364	trials	2528.027	2528.028	4.0	[-1.  9.  1.  7.]	-1.5707963267948966	R
2529.341	1.236000000000331	trials				[nan nan nan nan]		A
2530.829	0.38899999999966894	trials				[nan nan nan nan]		A
2531.47	3.907000000000153	trials	2534.2083666666667	2534.2093666666665	2.0	[ 6.99999762  1.00637066  8.99999714 -0.9936294 ]	0.0	R
2535.629	0.943000000000211	trials				[nan nan nan nan]		A
2536.824	1.9229999999997744	trials	2537.5997666666667	2537.6007666666665	3.0	[ 4.66360712 -4.65009308  6.66360712 -6.65009308]	-0.7853981633974483	R
2538.998	3.3049999999998363	trials	2541.0563666666667	2541.0573666666664	7.0	[-6.67259884  6.6410656  -4.67259884  4.6410656 ]	2.356194490192345	R
2542.555	2.46100000000024	trials	2543.865333333333	2543.8663333333334	6.0	[-8.99997711  0.98088819 -6.99997711 -1.01911187]	3.141592653589793	R
2545.268	3.0920000000000982	trials	2547.2497333333336	2547.2507333333333	0.0	[-8.99997711  0.98088819 -6.99997711 -1.01911187]	1.5707963267948966	R
2548.612	3.337999999999738	trials	2550.8988	2550.8998	4.0	[-0.98725879 -6.99998999  1.01274121 -8.99998951]	-1.5707963267948966	R
2552.202	2.588999999999942	trials	2553.6897	2553.6907	6.0	[-8.99997711  0.98088819 -6.99997711 -1.01911187]	3.141592653589793	R
2555.043	24.860999999999876	trials	2578.8331333333335	2578.8341333333333	5.0	[-6.64558125 -4.66810465 -4.64558125 -6.66810465]	-2.356194490192345	R
2580.155	3.5279999999997926	trials	2582.6786666666667	2582.679666666667	2.0	[ 6.99999762  1.00637066  8.99999714 -0.9936294 ]	0.0	F
2583.935	2.5280000000002474	trials	2585.2580666666668	2585.2590666666665	1.0	[4.65460157 6.65910625 6.65460157 4.65910625]	0.7853981633974483	R
2586.715	2.5949999999998	trials	2588.1402333333335	2588.1412333333333	7.0	[-6.67259884  6.6410656  -4.67259884  4.6410656 ]	2.356194490192345	R
2589.562	3.30600000000004	trials	2591.7552	2591.7562	3.0	[ 4.66360712 -4.65009308  6.66360712 -6.65009308]	-0.7853981633974483	R
2593.12	0.4450000000001637	trials				[nan nan nan nan]		A
2593.816	14.296000000000276	trials	2607.0191	2607.0201	4.0	[-0.98725879 -6.99998999  1.01274121 -8.99998951]	-1.5707963267948966	R
2608.363	2.7140000000003965	trials	2609.9443666666666	2609.945366666667	0.0	[-1.  9.  1.  7.]	1.5707963267948966	R
2611.329	2.6239999999997963	trials	2612.797433333333	2612.7984333333334	1.0	[4.65460157 6.65910625 6.65460157 4.65910625]	0.7853981633974483	R
2614.205	2.2539999999999054	trials	2615.304666666667	2615.3056666666666	6.0	[-8.99997711  0.98088819 -6.99997711 -1.01911187]	3.141592653589793	R
2616.71	2.66399999999976	trials	2618.1928333333335	2618.1938333333333	7.0	[-6.67259884  6.6410656  -4.67259884  4.6410656 ]	2.356194490192345	R
2619.625	2.6210000000000946	trials	2621.085	2621.086	3.0	[ 4.66360712 -4.65009308  6.66360712 -6.65009308]	-0.7853981633974483	R
2622.498	2.1239999999997963	trials	2623.9361	2623.9371	5.0	[-6.64558125 -4.66810465 -4.64558125 -6.66810465]	-2.356194490192345	I
2624.873	2.4540000000001783	trials	2626.255833333333	2626.2568333333334	5.0	[-6.64558125 -4.66810465 -4.64558125 -6.66810465]	-2.356194490192345	R
2627.578	2.438000000000102	trials	2629.2954	2629.2964	6.0	[-8.99997711  0.98088819 -6.99997711 -1.01911187]	3.141592653589793	I
2630.268	3.144999999999982	trials	2632.3169	2632.3179	2.0	[ 6.99999762  1.00637066  8.99999714 -0.9936294 ]	0.0	R
2633.664	2.474999999999909	trials	2635.0196	2635.0206	3.0	[ 4.66360712 -4.65009308  6.66360712 -6.65009308]	-0.7853981633974483	R
2636.391	2.4859999999998763	trials	2637.8326	2637.8336	4.0	[-0.98725879 -6.99998999  1.01274121 -8.99998951]	-1.5707963267948966	R
2639.129	2.57300000000032	trials	2640.6104666666665	2640.6115	1.0	[4.65460157 6.65910625 6.65460157 4.65910625]	0.7853981633974483	R
2641.954	2.9109999999996035	trials	2643.7994	2643.8004	0.0	[-1.  9.  1.  7.]	1.5707963267948966	R
2645.117	2.95699999999988	trials	2646.832933333333	2646.8339333333333	7.0	[-6.67259884  6.6410656  -4.67259884  4.6410656 ]	2.356194490192345	R
2648.326	2.8780000000001564	trials	2650.0920333333333	2650.0930333333336	5.0	[-6.67259884  6.6410656  -4.67259884  4.6410656 ]	-2.356194490192345	R
2651.455	3.076000000000022	trials	2653.5095	2653.5105	1.0	[4.65460157 6.65910625 6.65460157 4.65910625]	0.7853981633974483	R
2654.783	2.8609999999998763	trials	2656.6041666666665	2656.6052	6.0	[-8.99997711  0.98088819 -6.99997711 -1.01911187]	3.141592653589793	R
2657.895	2.617999999999938	trials	2659.3891	2659.3901	2.0	[ 6.99999762  1.00637066  8.99999714 -0.9936294 ]	0.0	R
2660.765	0.6720000000000255	trials				[nan nan nan nan]		A
2661.689	2.4140000000002146	trials	2662.9138333333335	2662.9148333333333	7.0	[-6.67259884  6.6410656  -4.67259884  4.6410656 ]	2.356194490192345	R
2664.354	2.581000000000131	trials	2665.6717	2665.6727	3.0	[ 4.66360712 -4.65009308  6.66360712 -6.65009308]	-0.7853981633974483	R
2667.186	2.70699999999988	trials	2668.795433333333	2668.7964333333334	0.0	[-1.  9.  1.  7.]	1.5707963267948966	R
2670.145	2.713999999999942	trials	2671.7768666666666	2671.777866666667	5.0	[-1.  9.  1.  7.]	-2.356194490192345	R
2673.11	2.4989999999997963	trials	2674.505633333333	2674.5066333333334	3.0	[ 4.66360712 -4.65009308  6.66360712 -6.65009308]	-0.7853981633974483	R
2675.861	2.856999999999971	trials	2677.6384	2677.6394	6.0	[-8.99997711  0.98088819 -6.99997711 -1.01911187]	3.141592653589793	R
2678.97	2.575000000000273	trials	2680.4955	2680.4965	2.0	[ 6.99999762  1.00637066  8.99999714 -0.9936294 ]	0.0	R
2681.797	3.1030000000000655	trials	2683.8247666666666	2683.825766666667	7.0	[-6.67259884  6.6410656  -4.67259884  4.6410656 ]	2.356194490192345	R
2685.152	2.8659999999999854	trials	2686.9455	2686.9465	4.0	[-0.98725879 -6.99998999  1.01274121 -8.99998951]	-1.5707963267948966	R
2688.27	2.5970000000002074	trials	2689.7494666666666	2689.750466666667	1.0	[4.65460157 6.65910625 6.65460157 4.65910625]	0.7853981633974483	R
2691.119	2.5049999999996544	trials	2692.9634333333333	2692.9644333333335	0.0	[-1.  9.  1.  7.]	1.5707963267948966	I
2693.876	2.7859999999996035	trials	2695.4656333333332	2695.4666666666667	7.0	[-1.  9.  1.  7.]	2.356194490192345	R
2696.913	2.40099999999984	trials	2698.1483	2698.1493	6.0	[-8.99997711  0.98088819 -6.99997711 -1.01911187]	3.141592653589793	R
2699.566	2.7600000000002183	trials	2701.2199333333333	2701.2209333333335	5.0	[-6.64558125 -4.66810465 -4.64558125 -6.66810465]	-2.356194490192345	R
2702.577	2.5919999999996435	trials	2704.541166666667	2704.5421666666666	4.0	[-0.98725879 -6.99998999  1.01274121 -8.99998951]	-1.5707963267948966	I
2705.42	3.1799999999998363	trials	2707.421333333333	2707.4223333333334	0.0	[-1.  9.  1.  7.]	1.5707963267948966	R
2708.852	2.4570000000003347	trials	2710.2042333333334	2710.205233333333	2.0	[ 6.99999762  1.00637066  8.99999714 -0.9936294 ]	0.0	R
2711.561	3.0799999999999272	trials	2713.5415333333335	2713.5425333333333	3.0	[ 4.66360712 -4.65009308  6.66360712 -6.65009308]	-0.7853981633974483	R
2714.893	2.6269999999999527	trials	2716.3565	2716.3575	1.0	[4.65460157 6.65910625 6.65460157 4.65910625]	0.7853981633974483	R
2717.772	3.0850000000000364	trials	2719.767966666667	2719.7689666666665	3.0	[4.65460157 6.65910625 6.65460157 4.65910625]	-0.7853981633974483	R
2721.108	3.0529999999998836	trials	2723.0742	2723.0752	1.0	[4.65460157 6.65910625 6.65460157 4.65910625]	0.7853981633974483	R
2724.413	2.4220000000000255	trials	2725.755833333333	2725.7568333333334	4.0	[-0.98725879 -6.99998999  1.01274121 -8.99998951]	-1.5707963267948966	R
2727.086	2.106000000000222	trials	2728.1197	2728.1207	5.0	[-6.64558125 -4.66810465 -4.64558125 -6.66810465]	-2.356194490192345	R
2729.444	2.737999999999829	trials	2731.0740333333333	2731.0750333333335	7.0	[-6.67259884  6.6410656  -4.67259884  4.6410656 ]	2.356194490192345	R
2732.433	3.7049999999999272	trials	2734.892533333333	2734.8935333333334	0.0	[-1.  9.  1.  7.]	1.5707963267948966	R
2736.389	0.8119999999998981	trials				[nan nan nan nan]		A
2737.453	1.8919999999998254	trials	2738.2418333333335	2738.2428333333332	2.0	[ 6.99999762  1.00637066  8.99999714 -0.9936294 ]	0.0	R
2739.596	2.518000000000029	trials	2740.987666666667	2740.9886666666666	1.0	[ 6.99999762  1.00637066  8.99999714 -0.9936294 ]	0.7853981633974483	R
2742.366	2.5590000000001965	trials	2743.806666666667	2743.8076666666666	7.0	[-6.67259884  6.6410656  -4.67259884  4.6410656 ]	2.356194490192345	R
2745.177	3.1410000000000764	trials	2747.2482	2747.2492	4.0	[-0.98725879 -6.99998999  1.01274121 -8.99998951]	-1.5707963267948966	R
2748.569	3.2220000000002074	trials	2750.6977666666667	2750.698766666667	0.0	[-1.  9.  1.  7.]	1.5707963267948966	R
2752.043	24.156999999999698	trials	2775.0622333333336	2775.0632333333333	3.0	[ 4.66360712 -4.65009308  6.66360712 -6.65009308]	-0.7853981633974483	R
2776.452	3.7229999999999563	trials	2779.0120333333334	2779.013066666667	5.0	[-6.64558125 -4.66810465 -4.64558125 -6.66810465]	-2.356194490192345	R
2780.427	5.7289999999998145	trials	2785.0731	2785.0741	6.0	[-8.99997711  0.98088819 -6.99997711 -1.01911187]	3.141592653589793	R
2786.407	2.800999999999931	trials	2788.1216666666664	2788.1226666666666	2.0	[ 6.99999762  1.00637066  8.99999714 -0.9936294 ]	0.0	R
2789.46	0.724999999999909	trials				[nan nan nan nan]		A
2790.436	0.25999999999976353	trials				[nan nan nan nan]		A
2790.948	2.506000000000313	trials	2792.340133333333	2792.3411333333333	0.0	[-1.  9.  1.  7.]	1.5707963267948966	R
2793.706	2.7669999999998254	trials	2795.4438333333333	2795.4448333333335	1.0	[4.65460157 6.65910625 6.65460157 4.65910625]	0.7853981633974483	R
2796.725	3.22400000000016	trials	2798.8914	2798.8924	6.0	[-8.99997711  0.98088819 -6.99997711 -1.01911187]	3.141592653589793	R
2800.201	3.201000000000022	trials	2802.3519666666666	2802.352966666667	5.0	[-6.64558125 -4.66810465 -4.64558125 -6.66810465]	-2.356194490192345	R
2803.653	2.205000000000382	trials	2805.2662333333333	2805.2672333333335	3.0	[ 4.66360712 -4.65009308  6.66360712 -6.65009308]	-0.7853981633974483	I
2806.109	1.55600000000004	trials				[nan nan nan nan]		A
2807.917	2.1979999999998654	trials	2809.1127666666666	2809.113766666667	5.0	[-6.67259884  6.6410656  -4.67259884  4.6410656 ]	-2.356194490192345	R
2810.367	2.65099999999984	trials	2811.8976666666667	2811.8986666666665	3.0	[ 4.66360712 -4.65009308  6.66360712 -6.65009308]	-0.7853981633974483	R
2813.27	3.005000000000109	trials	2815.1828333333333	2815.1838333333335	1.0	[4.65460157 6.65910625 6.65460157 4.65910625]	0.7853981633974483	R
2816.526	3.2200000000002547	trials	2818.626366666667	2818.6274	7.0	[-6.67259884  6.6410656  -4.67259884  4.6410656 ]	2.356194490192345	R
2819.998	2.3339999999998327	trials	2821.2238333333335	2821.224833333333	4.0	[-0.98725879 -6.99998999  1.01274121 -8.99998951]	-1.5707963267948966	R
2822.583	2.9529999999999745	trials	2824.4177666666665	2824.4187666666667	6.0	[-8.99997711  0.98088819 -6.99997711 -1.01911187]	3.141592653589793	R
2825.787	2.818000000000211	trials	2827.5325	2827.5335	2.0	[ 6.99999762  1.00637066  8.99999714 -0.9936294 ]	0.0	R
2828.857	0.6889999999998508	trials				[nan nan nan nan]		A
2829.797	0.17799999999988358	trials				[nan nan nan nan]		A
2830.226	43.261999999999716	trials	2872.1272	2872.1282	1.0	[4.65460157 6.65910625 6.65460157 4.65910625]	0.7853981633974483	R
2873.739	4.463000000000193	trials	2876.9301	2876.9311	6.0	[-8.99997711  0.98088819 -6.99997711 -1.01911187]	3.141592653589793	R
2878.454	2.562999999999647	trials	2879.9165333333335	2879.9175333333333	3.0	[ 4.66360712 -4.65009308  6.66360712 -6.65009308]	-0.7853981633974483	R
2881.269	3.1340000000000146	trials	2883.2327666666665	2883.2337666666667	7.0	[-6.67259884  6.6410656  -4.67259884  4.6410656 ]	2.356194490192345	R
2884.654	2.561000000000149	trials	2886.145	2886.146	2.0	[ 6.99999762  1.00637066  8.99999714 -0.9936294 ]	0.0	R
2887.466	1.0260000000002947	trials				[nan nan nan nan]		A
2888.743	2.367999999999938	trials	2890.0075666666667	2890.008566666667	5.0	[-6.64558125 -4.66810465 -4.64558125 -6.66810465]	-2.356194490192345	R
2891.363	2.4670000000000982	trials	2892.7864666666665	2892.7874666666667	4.0	[-6.64558125 -4.66810465 -4.64558125 -6.66810465]	-1.5707963267948966	R
2894.082	1.0419999999999163	trials				[nan nan nan nan]		A
2895.376	0.47699999999986176	trials				[nan nan nan nan]		A
2896.105	13.99200000000019	trials	2908.9576333333334	2908.958633333333	3.0	[ 4.66360712 -4.65009308  6.66360712 -6.65009308]	-0.7853981633974483	R
2910.349	2.355999999999767	trials	2911.6483	2911.6493	5.0	[-6.64558125 -4.66810465 -4.64558125 -6.66810465]	-2.356194490192345	R
2912.957	2.825000000000273	trials	2914.757	2914.758	6.0	[-8.99997711  0.98088819 -6.99997711 -1.01911187]	3.141592653589793	R
2916.033	3.1260000000002037	trials	2917.9649666666664	2917.9659666666666	7.0	[-6.67259884  6.6410656  -4.67259884  4.6410656 ]	2.356194490192345	R
2919.411	2.8899999999998727	trials	2921.216033333333	2921.2170333333333	2.0	[ 6.99999762  1.00637066  8.99999714 -0.9936294 ]	0.0	R
2922.552	3.0299999999997453	trials	2924.417	2924.418	3.0	[ 6.99999762  1.00637066  8.99999714 -0.9936294 ]	-0.7853981633974483	R
2925.834	2.649000000000342	trials	2927.3522666666668	2927.3532666666665	1.0	[4.65460157 6.65910625 6.65460157 4.65910625]	0.7853981633974483	R
2928.735	2.8519999999998618	trials	2930.4790333333335	2930.4800333333333	5.0	[-6.64558125 -4.66810465 -4.64558125 -6.66810465]	-2.356194490192345	R
2931.838	3.0549999999998363	trials	2933.8233333333333	2933.8243333333335	6.0	[-8.99997711  0.98088819 -6.99997711 -1.01911187]	3.141592653589793	R
2935.145	2.8609999999998763	trials	2936.8919666666666	2936.892966666667	2.0	[ 6.99999762  1.00637066  8.99999714 -0.9936294 ]	0.0	R
2938.257	2.880000000000109	trials	2940.0107	2940.0117	0.0	[-1.  9.  1.  7.]	1.5707963267948966	R
2941.388	2.64200000000028	trials	2942.8597666666665	2942.8607666666667	7.0	[-6.67259884  6.6410656  -4.67259884  4.6410656 ]	2.356194490192345	R
2944.281	3.4099999999998545	trials	2946.544933333333	2946.5459333333333	4.0	[-0.98725879 -6.99998999  1.01274121 -8.99998951]	-1.5707963267948966	R
2947.942	2.675000000000182	trials	2949.4681666666665	2949.4691666666668	3.0	[-0.98725879 -6.99998999  1.01274121 -8.99998951]	-0.7853981633974483	R
2950.869	3.156999999999698	trials	2952.9057	2952.9067	7.0	[-6.67259884  6.6410656  -4.67259884  4.6410656 ]	2.356194490192345	R
2954.277	3.28899999999976	trials	2956.4956333333334	2956.496633333333	2.0	[ 6.99999762  1.00637066  8.99999714 -0.9936294 ]	0.0	R
2957.818	3.1099999999996726	trials	2959.7316666666666	2959.732666666667	0.0	[-1.  9.  1.  7.]	1.5707963267948966	R
2961.179	2.6669999999999163	trials	2962.692	2962.693	6.0	[-8.99997711  0.98088819 -6.99997711 -1.01911187]	3.141592653589793	R
2964.098	2.8279999999999745	trials	2965.862866666667	2965.8638666666666	1.0	[4.65460157 6.65910625 6.65460157 4.65910625]	0.7853981633974483	R
2967.177	2.661000000000058	trials	2968.7691	2968.7701	4.0	[-0.98725879 -6.99998999  1.01274121 -8.99998951]	-1.5707963267948966	R
2970.089	2.2899999999999636	trials	2971.2683	2971.2693	5.0	[-6.64558125 -4.66810465 -4.64558125 -6.66810465]	-2.356194490192345	R
2972.631	3.0640000000003056	trials	2974.5284	2974.5294	7.0	[-6.64558125 -4.66810465 -4.64558125 -6.66810465]	2.356194490192345	R
2975.947	2.944999999999709	trials	2977.807533333333	2977.8085333333333	6.0	[-8.99997711  0.98088819 -6.99997711 -1.01911187]	3.141592653589793	R
2979.144	2.5660000000002583	trials	2980.6766333333335	2980.6776666666665	4.0	[-0.98725879 -6.99998999  1.01274121 -8.99998951]	-1.5707963267948966	R
2981.962	2.5700000000001637	trials	2983.4976666666666	2983.498666666667	5.0	[-6.64558125 -4.66810465 -4.64558125 -6.66810465]	-2.356194490192345	R
2984.784	2.694999999999709	trials	2986.3487333333333	2986.3497333333335	2.0	[ 6.99999762  1.00637066  8.99999714 -0.9936294 ]	0.0	R
2987.73	3.0590000000001965	trials	2989.6890333333336	2989.6900333333333	0.0	[-1.  9.  1.  7.]	1.5707963267948966	R
2991.04	0.9020000000000437	trials				[nan nan nan nan]		A
2992.193	2.1409999999996217	trials	2993.2458666666666	2993.246866666667	1.0	[4.65460157 6.65910625 6.65460157 4.65910625]	0.7853981633974483	R
2994.585	2.5520000000001346	trials	2996.0588333333335	2996.0598333333332	5.0	[4.65460157 6.65910625 6.65460157 4.65910625]	-2.356194490192345	R
2997.389	3.038000000000011	trials	2999.2507666666666	2999.2517666666668	7.0	[-6.67259884  6.6410656  -4.67259884  4.6410656 ]	2.356194490192345	R
3000.678	3.155999999999949	trials	3002.7865333333334	3002.787533333333	1.0	[4.65460157 6.65910625 6.65460157 4.65910625]	0.7853981633974483	R
3004.086	2.4390000000003056	trials	3005.3839666666668	3005.3849666666665	2.0	[ 6.99999762  1.00637066  8.99999714 -0.9936294 ]	0.0	R
3006.776	3.1720000000000255	trials	3008.9648666666667	3008.9658666666664	4.0	[-0.98725879 -6.99998999  1.01274121 -8.99998951]	-1.5707963267948966	R
3010.2	2.7229999999999563	trials	3011.7618	3011.762833333333	6.0	[-8.99997711  0.98088819 -6.99997711 -1.01911187]	3.141592653589793	R
3013.174	2.8209999999999127	trials	3015.0159	3015.0169	3.0	[ 4.66360712 -4.65009308  6.66360712 -6.65009308]	-0.7853981633974483	I
3016.247	2.394000000000233	trials	3017.4679666666666	3017.468966666667	0.0	[-1.  9.  1.  7.]	1.5707963267948966	R
3018.893	3.4149999999999636	trials	3021.0278	3021.0288333333333	7.0	[-1.  9.  1.  7.]	2.356194490192345	R
3022.56	3.1489999999998872	trials	3024.672866666667	3024.6738666666665	1.0	[4.65460157 6.65910625 6.65460157 4.65910625]	0.7853981633974483	R
3025.961	3.068000000000211	trials	3027.9129	3027.9139	6.0	[-8.99997711  0.98088819 -6.99997711 -1.01911187]	3.141592653589793	R
3029.28	3.243999999999687	trials	3031.4376666666667	3031.4386666666664	0.0	[-1.  9.  1.  7.]	1.5707963267948966	R
3032.776	3.2200000000002547	trials	3034.8501333333334	3034.851133333333	3.0	[ 4.66360712 -4.65009308  6.66360712 -6.65009308]	-0.7853981633974483	R
3036.248	2.918999999999869	trials	3038.0982	3038.0992	5.0	[-6.64558125 -4.66810465 -4.64558125 -6.66810465]	-2.356194490192345	R
3039.418	2.980999999999767	trials	3041.337233333333	3041.3382333333334	4.0	[-0.98725879 -6.99998999  1.01274121 -8.99998951]	-1.5707963267948966	R
3042.651	3.0450000000000728	trials	3044.619366666667	3044.6203666666665	2.0	[ 6.99999762  1.00637066  8.99999714 -0.9936294 ]	0.0	R
3045.948	2.4410000000002583	trials	3047.2238333333335	3047.224833333333	7.0	[ 6.99999762  1.00637066  8.99999714 -0.9936294 ]	2.356194490192345	R
3048.64	3.007000000000062	trials	3050.5932	3050.5942	6.0	[-8.99997711  0.98088819 -6.99997711 -1.01911187]	3.141592653589793	R
3051.898	3.0799999999999272	trials	3053.8683333333333	3053.8693333333335	1.0	[4.65460157 6.65910625 6.65460157 4.65910625]	0.7853981633974483	R
3055.23	2.7649999999998727	trials	3056.9339333333332	3056.9349666666667	5.0	[-6.64558125 -4.66810465 -4.64558125 -6.66810465]	-2.356194490192345	R
3058.246	0.058999999999741704	trials				[nan nan nan nan]		R
3061.186	3.0989999999997053	trials	3063.1754333333333	3063.1764333333335	3.0	[ 4.66360712 -4.65009308  6.66360712 -6.65009308]	-0.7853981633974483	R
3064.537	2.854000000000269	trials	3066.273133333333	3066.2741333333333	2.0	[ 6.99999762  1.00637066  8.99999714 -0.9936294 ]	0.0	R
3067.643	2.701000000000022	trials	3069.175333333333	3069.1763333333333	0.0	[-1.  9.  1.  7.]	1.5707963267948966	R
3070.596	2.5729999999998654	trials	3072.0524666666665	3072.0534666666667	5.0	[-1.  9.  1.  7.]	-2.356194490192345	R
3073.421	2.537000000000262	trials	3074.9166	3074.9176	2.0	[ 6.99999762  1.00637066  8.99999714 -0.9936294 ]	0.0	R
3076.21	2.7210000000000036	trials	3077.8659	3077.8669	0.0	[-1.  9.  1.  7.]	1.5707963267948966	R
3079.182	2.800000000000182	trials	3080.7390333333333	3080.7400333333335	7.0	[-6.67259884  6.6410656  -4.67259884  4.6410656 ]	2.356194490192345	R
3082.234	3.019999999999982	trials	3084.197633333333	3084.1986333333334	1.0	[4.65460157 6.65910625 6.65460157 4.65910625]	0.7853981633974483	R
3085.506	2.5650000000000546	trials	3086.986533333333	3086.9875333333334	4.0	[-0.98725879 -6.99998999  1.01274121 -8.99998951]	-1.5707963267948966	R
3088.323	2.4850000000001273	trials	3089.637133333333	3089.6381333333334	3.0	[ 4.66360712 -4.65009308  6.66360712 -6.65009308]	-0.7853981633974483	R
3091.06	2.961999999999989	trials	3092.9142666666667	3092.915266666667	6.0	[-8.99997711  0.98088819 -6.99997711 -1.01911187]	3.141592653589793	R
3094.274	3.2049999999999272	trials	3096.3277333333335	3096.3287333333333	5.0	[-8.99997711  0.98088819 -6.99997711 -1.01911187]	-2.356194490192345	R
3097.73	2.8299999999999272	trials	3099.442466666667	3099.4434666666666	0.0	[-1.  9.  1.  7.]	1.5707963267948966	R
3100.812	3.0270000000000437	trials	3102.7918	3102.7928	1.0	[4.65460157 6.65910625 6.65460157 4.65910625]	0.7853981633974483	R
3104.091	3.3640000000000327	trials	3106.3426	3106.3436	6.0	[-8.99997711  0.98088819 -6.99997711 -1.01911187]	3.141592653589793	R
3107.707	3.005000000000109	trials	3109.6498	3109.6508	2.0	[ 6.99999762  1.00637066  8.99999714 -0.9936294 ]	0.0	R
3110.964	2.7089999999998327	trials	3112.4076333333333	3112.4086666666667	3.0	[ 4.66360712 -4.65009308  6.66360712 -6.65009308]	-0.7853981633974483	R
3113.924	2.5960000000000036	trials	3115.2737666666667	3115.274766666667	7.0	[-6.67259884  6.6410656  -4.67259884  4.6410656 ]	2.356194490192345	R
3116.772	1.3890000000001237	trials				[nan nan nan nan]		A
3118.413	0.5219999999999345	trials				[nan nan nan nan]		A
3119.186	1.8399999999996908	trials	3119.8541333333333	3119.8551333333335	6.0	[-8.99997711  0.98088819 -6.99997711 -1.01911187]	3.141592653589793	R
3121.278	2.6720000000000255	trials	3122.8124666666668	3122.8135	0.0	[-1.  9.  1.  7.]	1.5707963267948966	R
3124.202	3.0349999999998545	trials	3126.0866	3126.0876	7.0	[-6.67259884  6.6410656  -4.67259884  4.6410656 ]	2.356194490192345	R
3127.489	6.773999999999887	trials				[nan nan nan nan]		A
3134.515	0.7800000000002001	trials				[nan nan nan nan]		A
3135.547	0.35599999999976717	trials				[nan nan nan nan]		A
3136.155	0.6769999999996799	trials				[nan nan nan nan]		A
3137.084	1.8960000000001855	trials	3137.7896666666666	3137.7906666666668	0.0	[ 6.99999762  1.00637066  8.99999714 -0.9936294 ]	1.5707963267948966	R
3139.231	3.0119999999997162	trials	3141.1891	3141.1901	5.0	[-6.64558125 -4.66810465 -4.64558125 -6.66810465]	-2.356194490192345	R
3142.494	3.0729999999998654	trials	3144.4832666666666	3144.484266666667	7.0	[-6.67259884  6.6410656  -4.67259884  4.6410656 ]	2.356194490192345	R
3145.819	3.0239999999998872	trials	3147.6882333333333	3147.6892333333335	1.0	[4.65460157 6.65910625 6.65460157 4.65910625]	0.7853981633974483	R
3149.095	3.4570000000003347	trials	3151.3874	3151.3884333333335	6.0	[-8.99997711  0.98088819 -6.99997711 -1.01911187]	3.141592653589793	R
3152.804	2.8479999999999563	trials	3154.4931333333334	3154.494133333333	4.0	[-0.98725879 -6.99998999  1.01274121 -8.99998951]	-1.5707963267948966	R
3155.904	2.9450000000001637	trials	3157.7522	3157.7532	2.0	[ 6.99999762  1.00637066  8.99999714 -0.9936294 ]	0.0	R
3159.101	0.6739999999999782	trials				[nan nan nan nan]		A
3160.027	2.2979999999997744	trials	3161.217833333333	3161.2188333333334	4.0	[ 4.66360712 -4.65009308  6.66360712 -6.65009308]	-1.5707963267948966	R
3162.576	3.237999999999829	trials	3164.6764	3164.6774	1.0	[4.65460157 6.65910625 6.65460157 4.65910625]	0.7853981633974483	R
3166.066	2.8270000000002256	trials	3167.8663333333334	3167.867333333333	0.0	[-1.  9.  1.  7.]	1.5707963267948966	R
3169.145	3.56899999999996	trials	3171.6336666666666	3171.634666666667	2.0	[ 6.99999762  1.00637066  8.99999714 -0.9936294 ]	0.0	R
3172.966	1.219000000000051	trials				[nan nan nan nan]		A
3174.437	3.450000000000273	trials	3176.7544	3176.7553666666668	6.0	[-8.99997711  0.98088819 -6.99997711 -1.01911187]	3.141592653589793	R
3178.139	1.8949999999999818	trials				[nan nan nan nan]		A
3180.285	2.463000000000193	trials	3181.7167	3181.7177	3.0	[ 4.66360712 -4.65009308  6.66360712 -6.65009308]	-0.7853981633974483	I
3183.0	2.550000000000182	trials	3184.422433333333	3184.4234333333334	3.0	[ 4.66360712 -4.65009308  6.66360712 -6.65009308]	-0.7853981633974483	R
3185.802	3.4429999999997563	trials	3188.2058	3188.2068	4.0	[-0.98725879 -6.99998999  1.01274121 -8.99998951]	-1.5707963267948966	R
3189.497	2.9400000000000546	trials	3191.314533333333	3191.3155333333334	1.0	[4.65460157 6.65910625 6.65460157 4.65910625]	0.7853981633974483	R
3192.689	2.530999999999949	trials	3194.0864	3194.0874	2.0	[ 6.99999762  1.00637066  8.99999714 -0.9936294 ]	0.0	R
3195.472	2.2739999999998872	trials	3197.0898666666667	3197.0908666666664	5.0	[-6.64558125 -4.66810465 -4.64558125 -6.66810465]	-2.356194490192345	I
3197.997	2.106999999999971	trials				[nan nan nan nan]		A
3200.356	23.229999999999563	trials	3222.2302666666665	3222.2312666666667	6.0	[-8.99997711  0.98088819 -6.99997711 -1.01911187]	3.141592653589793	R
3223.837	0.5599999999999454	trials				[nan nan nan nan]		A
3224.648	3.3910000000000764	trials	3226.9419666666668	3226.9429666666665	6.0	[-1.  9.  1.  7.]	3.141592653589793	R
3228.29	2.7229999999999563	trials	3229.8522	3229.8532	0.0	[-1.  9.  1.  7.]	1.5707963267948966	R
3231.265	2.5799999999999272	trials	3233.1534	3233.1544	1.0	[4.65460157 6.65910625 6.65460157 4.65910625]	0.7853981633974483	I
3234.097	4.74599999999964	trials	3237.5823666666665	3237.5834	7.0	[-6.67259884  6.6410656  -4.67259884  4.6410656 ]	2.356194490192345	R
3239.094	0.9090000000001055	trials				[nan nan nan nan]		A
3240.255	2.424999999999727	trials	3241.5753	3241.5763	4.0	[-0.98725879 -6.99998999  1.01274121 -8.99998951]	-1.5707963267948966	R
3242.932	2.326000000000022	trials	3244.2238666666667	3244.2248666666665	2.0	[ 6.99999762  1.00637066  8.99999714 -0.9936294 ]	0.0	R
3245.51	2.893999999999778	trials	3247.3065333333334	3247.307533333333	3.0	[ 4.66360712 -4.65009308  6.66360712 -6.65009308]	-0.7853981633974483	R
3248.656	2.744000000000142	trials	3250.2698666666665	3250.2708666666667	0.0	[ 4.66360712 -4.65009308  6.66360712 -6.65009308]	1.5707963267948966	R
3251.651	3.14200000000028	trials	3253.6502666666665	3253.6512666666667	2.0	[ 6.99999762  1.00637066  8.99999714 -0.9936294 ]	0.0	R
3255.045	3.074999999999818	trials	3257.0336666666667	3257.0346666666665	1.0	[4.65460157 6.65910625 6.65460157 4.65910625]	0.7853981633974483	R
3258.372	2.6460000000001855	trials	3259.8546666666666	3259.855666666667	7.0	[-6.67259884  6.6410656  -4.67259884  4.6410656 ]	2.356194490192345	R
3261.269	3.913000000000011	trials	3263.9037333333335	3263.9047333333333	3.0	[ 4.66360712 -4.65009308  6.66360712 -6.65009308]	-0.7853981633974483	R
3265.434	9.876999999999953	trials	3274.135133333333	3274.1361333333334	6.0	[-8.99997711  0.98088819 -6.99997711 -1.01911187]	3.141592653589793	R
3275.563	3.3220000000001164	trials	3277.7892	3277.7902	4.0	[-0.98725879 -6.99998999  1.01274121 -8.99998951]	-1.5707963267948966	R
3279.137	2.355999999999767	trials	3280.4608333333335	3280.4618333333333	5.0	[-6.64558125 -4.66810465 -4.64558125 -6.66810465]	-2.356194490192345	R
3281.745	2.4149999999999636	trials	3282.9209333333333	3282.9219333333335	7.0	[-6.64558125 -4.66810465 -4.64558125 -6.66810465]	2.356194490192345	R
3284.412	2.848000000000411	trials	3286.1459333333332	3286.1469333333334	3.0	[ 4.66360712 -4.65009308  6.66360712 -6.65009308]	-0.7853981633974483	R
3287.511	2.5019999999999527	trials	3288.9088	3288.9098	2.0	[ 6.99999762  1.00637066  8.99999714 -0.9936294 ]	0.0	R
3290.264	3.188000000000102	trials	3292.1578666666665	3292.1588666666667	1.0	[4.65460157 6.65910625 6.65460157 4.65910625]	0.7853981633974483	R
3293.704	2.6609999999996035	trials	3295.2515333333336	3295.2525333333333	6.0	[-8.99997711  0.98088819 -6.99997711 -1.01911187]	3.141592653589793	R
3296.617	3.1679999999996653	trials	3298.689066666667	3298.6900666666666	5.0	[-6.64558125 -4.66810465 -4.64558125 -6.66810465]	-2.356194490192345	R
3300.036	3.1280000000001564	trials	3302.0925333333334	3302.093533333333	0.0	[-1.  9.  1.  7.]	1.5707963267948966	R
3303.416	3.3719999999998436	trials	3305.7476	3305.7486	4.0	[-0.98725879 -6.99998999  1.01274121 -8.99998951]	-1.5707963267948966	R
3307.04	3.0419999999999163	trials	3308.948533333333	3308.9495333333334	3.0	[-0.98725879 -6.99998999  1.01274121 -8.99998951]	-0.7853981633974483	R
3310.334	3.218000000000302	trials	3312.3890666666666	3312.3901	7.0	[-6.67259884  6.6410656  -4.67259884  4.6410656 ]	2.356194490192345	R
3313.804	3.375999999999749	trials	3316.0942666666665	3316.0952666666667	6.0	[-8.99997711  0.98088819 -6.99997711 -1.01911187]	3.141592653589793	R
3317.432	3.118000000000393	trials	3319.2451	3319.2461	5.0	[-6.64558125 -4.66810465 -4.64558125 -6.66810465]	-2.356194490192345	R
3320.802	3.463999999999942	trials	3323.1467666666667	3323.1477666666665	0.0	[-1.  9.  1.  7.]	1.5707963267948966	R
3324.517	3.3600000000001273	trials	3326.7577333333334	3326.758733333333	4.0	[-0.98725879 -6.99998999  1.01274121 -8.99998951]	-1.5707963267948966	R
3328.128	2.7480000000000473	trials	3329.7642	3329.7652	2.0	[ 6.99999762  1.00637066  8.99999714 -0.9936294 ]	0.0	R
3331.128	3.5779999999999745	trials	3333.3220333333334	3333.323033333333	1.0	[4.65460157 6.65910625 6.65460157 4.65910625]	0.7853981633974483	R
3334.958	46.38099999999986	trials	3380.2706	3380.2716	3.0	[4.65460157 6.65910625 6.65460157 4.65910625]	-0.7853981633974483	R
3381.591	2.5790000000001783	trials	3383.123666666667	3383.1246666666666	4.0	[-0.98725879 -6.99998999  1.01274121 -8.99998951]	-1.5707963267948966	R
3384.422	2.686999999999898	trials	3386.4359	3386.4369	5.0	[-6.64558125 -4.66810465 -4.64558125 -6.66810465]	-2.356194490192345	I
3387.36	4.132999999999811	trials	3390.399733333333	3390.4007333333334	1.0	[4.65460157 6.65910625 6.65460157 4.65910625]	0.7853981633974483	R
3391.745	2.9540000000001783	trials	3393.5565666666666	3393.557566666667	0.0	[-1.  9.  1.  7.]	1.5707963267948966	R
3394.951	3.0960000000000036	trials	3396.9119	3396.9129	6.0	[-8.99997711  0.98088819 -6.99997711 -1.01911187]	3.141592653589793	R
3398.298	3.0850000000000364	trials	3400.579	3400.58	7.0	[-6.67259884  6.6410656  -4.67259884  4.6410656 ]	2.356194490192345	I
3401.635	4.3969999999999345	trials	3404.8195333333333	3404.8205333333335	2.0	[ 6.99999762  1.00637066  8.99999714 -0.9936294 ]	0.0	R
3406.283	2.7730000000001382	trials	3407.8711	3407.8721	2.0	[ 6.99999762  1.00637066  8.99999714 -0.9936294 ]	0.0	R
3409.308	4.119000000000142	trials				[nan nan nan nan]		A
3413.679	0.14399999999977808	trials				[nan nan nan nan]		A
3414.075	2.8400000000001455	trials	3415.8669333333332	3415.8679666666667	7.0	[-6.67259884  6.6410656  -4.67259884  4.6410656 ]	2.356194490192345	I
