onset	duration	nwb_table	go_cue_time_array	target_id	num_targets	num_attempted	target_dir	target_size	result	target_1_x_position	target_1_y_position	target_2_x_position	target_2_y_position	target_3_x_position	target_3_y_position	target_4_x_position	target_4_y_position
4.473	3.088	trials	[4.57376667 5.25443333 6.09353333 6.9727    ]	[1. 1. 1. 1.]	4	4.0	0.7853981633974483	2.0	R	2.8772737979888916	-3.268965721130371	7.145165920257568	1.3826699256896973	1.0193859338760376	-8.957162857055664	4.981015682220459	-5.90667200088501
8.565	4.027000000000001	trials	[ 8.6659     10.58466667 11.42676667 12.1215    ]	[1. 1. 1. 1.]	4	4.0	0.7853981633974483	2.0	R	0.6897706985473633	3.9521586894989014	6.715773105621338	8.411258697509766	4.671973705291748	-1.4413508176803589	8.538324356079102	1.7290323972702026
13.595	2.9380000000000006	trials	[13.6964     14.4192     15.17406667 15.95      ]	[1. 1. 1. 1.]	4	4.0	0.7853981633974483	2.0	R	4.961170673370361	5.222450256347656	7.841405391693115	-0.3081294894218445	5.44858455657959	4.0821332931518555	3.0263218879699707	8.456221580505371
17.537	3.405000000000001	trials	[17.63816667 18.35396667 19.3785     20.0211    ]	[1. 1. 1. 1.]	4	4.0	0.7853981633974483	2.0	R	-1.5156822204589844	6.365719318389893	-0.3977454900741577	1.492300033569336	3.7151193618774414	-1.350998044013977	-7.782088756561279	6.547977447509766
21.946	2.3059999999999974	trials	[22.04713333 22.75086667 23.66813333         nan]	[ 1.  1.  1. nan]	4	3.0	0.7853981633974483	2.0	A	-3.0757088661193848	4.859786033630371	-0.1389756053686142	-5.0466227531433105	1.841859221458435	1.5544674396514893	5.115218639373779	5.574203014373779
25.255	3.025000000000002	trials	[25.35633333 26.08213333 26.85003333 27.77836667]	[1. 1. 1. 1.]	4	4.0	0.7853981633974483	2.0	R	1.8872098922729492	-3.445326805114746	-3.011878252029419	5.487024307250977	-7.789119720458984	4.011232376098633	-5.709349155426025	-1.655425786972046
29.283	3.7149999999999963	trials	[29.38433333 30.23143333 31.27403333 32.48003333]	[1. 1. 1. 1.]	4	4.0	0.7853981633974483	2.0	R	6.20800256729126	-3.959908962249756	-3.907022476196289	4.204350471496582	8.886548042297363	7.252261638641357	4.402947902679443	5.039270877838135
34.002	2.2319999999999993	trials	[34.10306667 34.30656667 34.92106667 35.64686667]	[1. 1. 1. 1.]	4	4.0	0.7853981633974483	2.0	R	0.8252127170562744	1.546447992324829	1.585816740989685	7.448148250579834	-5.284315586090088	8.950464248657227	-6.506234169006348	3.862107753753662
37.238	3.0799999999999983	trials	[37.3391     38.10096667 39.03026667 39.73503333]	[1. 1. 1. 1.]	4	4.0	0.7853981633974483	2.0	R	1.1383994817733765	-1.5799450874328613	4.842155933380127	8.799723625183105	-2.838270902633667	6.246396064758301	-7.536282539367676	4.535055160522461
41.322	3.1189999999999998	trials	[41.42323333 42.02873333 42.81166667 43.68183333]	[1. 1. 1. 1.]	4	4.0	0.7853981633974483	2.0	R	-2.6498446464538574	5.5946431159973145	-7.619949817657471	6.1405863761901855	-8.492581367492676	1.2173237800598145	2.866323232650757	-7.489598751068115
45.444	2.533999999999999	trials	[45.54546667 46.168      46.80256667 47.47926667]	[1. 1. 1. 1.]	4	4.0	0.7853981633974483	2.0	R	0.559870719909668	-3.0533530712127686	3.650519609451294	0.8770272135734558	6.647363185882568	7.8407087326049805	4.95745325088501	3.134945869445801
48.982	3.0960000000000036	trials	[49.08323333 50.04663333 50.7263     51.5233    ]	[1. 1. 1. 1.]	4	4.0	0.7853981633974483	2.0	R	6.12445068359375	-4.257829666137695	8.7990083694458	-0.03328963369131088	-3.092545986175537	-7.497611045837402	-0.027836119756102562	-3.546971559524536
53.081	2.9779999999999944	trials	[53.1824     54.13476667 54.8756     55.53123333]	[1. 1. 1. 1.]	4	4.0	0.7853981633974483	2.0	R	3.8557701110839844	-6.696194171905518	6.929415702819824	-1.0605238676071167	6.38517951965332	3.909768581390381	2.511528253555298	7.07122802734375
57.062	2.852000000000004	trials	[57.1633 57.9362 58.6169 59.3056]	[1. 1. 1. 1.]	4	4.0	0.7853981633974483	2.0	R	5.886999607086182	0.659506618976593	5.189844131469727	7.692364692687988	0.1921965479850769	7.539010047912598	-2.3179898262023926	3.21478009223938
60.918	3.1270000000000024	trials	[61.01886667 62.09053333 62.7702     63.55113333]	[1. 1. 1. 1.]	4	4.0	0.7853981633974483	2.0	R	2.854118824005127	7.002600193023682	-2.115510940551758	7.552854537963867	-7.855437755584717	-2.656540870666504	-4.1239142417907715	-5.984562873840332
65.049	2.2789999999999964	trials	[65.15013333 65.35363333 66.06136667 66.8002    ]	[1. 1. 1. 1.]	4	4.0	0.7853981633974483	2.0	R	-0.8970707058906555	-2.1652069091796875	5.648370265960693	-3.229271411895752	2.8763372898101807	0.9319581985473633	-1.527428150177002	3.299837112426758
68.331	3.2279999999999944	trials	[68.43226667 69.54503333 70.39813333 71.0247    ]	[1. 1. 1. 1.]	4	4.0	0.7853981633974483	2.0	R	-6.454758644104004	2.4504759311676025	6.033405780792236	-1.4246554374694824	6.952551364898682	3.490135669708252	3.5934038162231445	7.193665027618408
72.563	2.820999999999998	trials	[72.66376667 73.61613333 74.2457     74.83816667]	[1. 1. 1. 1.]	4	4.0	0.7853981633974483	2.0	R	-8.71643352508545	8.126198768615723	-5.6630659103393555	4.1667866706848145	-5.510716438293457	-0.8308917880058289	-0.5269992351531982	-0.42770254611968994
76.387	3.1629999999999967	trials	[76.48826667 77.35743333 78.16543333 78.92833333]	[1. 1. 1. 1.]	4	4.0	0.7853981633974483	2.0	R	3.5670254230499268	2.4426567554473877	-1.2087507247924805	3.923184394836426	6.585482597351074	6.637662410736084	3.9912829399108887	2.3633053302764893
80.553	3.2690000000000055	trials	[nan nan nan nan]	[nan nan nan nan]	4				R	0.0	0.0	0.0	0.0	0.0	0.0	0.0	0.0
84.826	3.0760000000000076	trials	[84.9272     85.75026667 86.4159     87.3823    ]	[1. 1. 1. 1.]	4	4.0	0.7853981633974483	2.0	R	-3.2496824264526367	7.3086395263671875	-7.80897855758667	5.256124019622803	0.17331503331661224	-2.0719680786132812	-0.17237570881843567	-8.38077449798584
88.905	2.3640000000000043	trials	[89.00633333 89.20983333 90.083      90.66043333]	[1. 1. 1. 1.]	4	4.0	0.7853981633974483	2.0	R	0.8502758145332336	-3.486473321914673	6.572479248046875	3.870203971862793	3.369934320449829	7.709957599639893	3.9076316356658936	1.4041175842285156
92.272	2.022999999999996	trials	[92.3737     93.1777     93.79423333         nan]	[ 1.  1.  1. nan]	4	3.0	0.7853981633974483	2.0	A	-7.78271484375	1.626916527748108	-3.0152971744537354	3.1341423988342285	0.032355897128582	-0.829670250415802	-6.695738315582275	0.12626589834690094
95.299	3.122	trials	[95.4002     96.37563333 97.2498     97.92446667]	[1. 1. 1. 1.]	4	4.0	0.7853981633974483	2.0	R	-4.78200626373291	-2.179454803466797	4.519888877868652	3.2616496086120605	-4.96929931640625	2.3033993244171143	0.030687563121318817	2.291998863220215
99.424	2.6119999999999948	trials	[ 99.52543333 100.33646667 100.9159     101.5605    ]	[1. 1. 1. 1.]	4	4.0	0.7853981633974483	2.0	R	1.8263764381408691	7.489649295806885	-1.6847624778747559	3.9298877716064453	-6.659598350524902	3.4288833141326904	-2.4775025844573975	0.40066713094711304
103.039	2.597999999999999	trials	[103.14043333 103.83816667 104.52086667 105.1394    ]	[1. 1. 1. 1.]	4	4.0	0.7853981633974483	2.0	R	-5.644667148590088	-3.4683210849761963	-2.3662667274475098	0.3068732023239136	-2.213033437728882	5.360188961029053	-5.74400520324707	1.8200987577438354
106.64	2.9279999999999973	trials	[106.74136667 107.39396667 108.34033333 109.07213333]	[1. 1. 1. 1.]	4	4.0	0.7853981633974483	2.0	R	-0.7606298923492432	1.412705421447754	-3.8683812618255615	8.092981338500977	-3.359410524368286	3.1189539432525635	-8.340673446655273	3.5514068603515625
110.572	3.0150000000000006	trials	[110.67313333 111.428      112.37736667 112.97183333]	[1. 1. 1. 1.]	4	4.0	0.7853981633974483	2.0	R	-6.801135063171387	-1.205674409866333	-0.2824656367301941	-7.027446269989014	1.7632557153701782	-2.4650979042053223	1.408905267715454	5.528079509735107
114.591	2.906000000000006	trials	[114.6921     115.31866667 116.36223333 116.96673333]	[1. 1. 1. 1.]	4	4.0	0.7853981633974483	2.0	R	-1.0072020292282104	1.150588870048523	2.651308298110962	-7.694303035736084	1.1742218732833862	-2.917461395263672	2.1518733501434326	-7.820949554443359
118.501	3.304000000000002	trials	[118.6018     119.70153333 120.5316     121.25136667]	[1. 1. 1. 1.]	4	4.0	0.7853981633974483	2.0	R	6.545769691467285	2.1437633004636094e-32	2.0301745466596825e-32	-2.2239955436284076e+27	4.880296075952251e-32	2.0696392715630453e-33	-3.6264932525696684e+35	2.5602000400310344e-38
122.808	3.3939999999999912	trials	[122.9095     123.80773333 124.82123333 125.62423333]	[1. 1. 1. 1.]	4	4.0	0.7853981633974483	2.0	R	3.6742405891418457	-1.9864047765731812	-4.908439636230469	5.274086952209473	4.249386787414551	8.565106391906738	0.6481987237930298	5.096468925476074
127.205	3.471999999999994	trials	[127.3064     128.5876     129.33443333 130.0372    ]	[1. 1. 1. 1.]	4	4.0	0.7853981633974483	2.0	R	8.330207824707031	3.157661199569702	7.8244476318359375	8.791254997253418	4.340277194976807	5.2050933837890625	2.2691431045532227	0.1486564427614212
131.68	3.070999999999998	trials	[131.78153333 132.91033333 133.5499     134.22356667]	[1. 1. 1. 1.]	4	4.0	0.7853981633974483	2.0	R	7.0215864181518555	2.2967112064361572	4.760091781616211	6.756043434143066	1.940596103668213	0.6134661436080933	-2.355421781539917	-2.242302417755127
135.754	3.0340000000000202	trials	[135.85563333 136.87516667 137.58593333 138.26763333]	[1. 1. 1. 1.]	4	4.0	0.7853981633974483	2.0	R	4.0535569190979	6.722940444946289	0.44613268971443176	3.260789155960083	2.924619436264038	-6.293513298034668	4.791135311126709	-0.3870987594127655
139.791	3.1769999999999925	trials	[139.89266667 140.81593333 141.66406667 142.39086667]	[1. 1. 1. 1.]	4	4.0	0.7853981633974483	2.0	R	3.757948398590088	4.504989147186279	1.2931925058364868	8.855274200439453	-3.657323122024536	8.153565406799316	-7.844608306884766	5.42104959487915
143.972	2.9369999999999834	trials	[144.07303333 144.83993333 145.73113333 146.4038    ]	[1. 1. 1. 1.]	4	4.0	0.7853981633974483	2.0	R	-7.772313594818115	-1.3835208415985107	-5.497854709625244	-5.836254596710205	-0.4980732500553131	-5.789500713348389	2.218461751937866	-1.5918301343917847
147.913	2.691999999999979	trials	[148.0138     148.83586667 149.43533333 150.04686667]	[1. 1. 1. 1.]	4	4.0	0.7853981633974483	2.0	R	4.3990960121154785	-6.091256141662598	2.307567834854126	-1.5497244596481323	-2.6330342292785645	-2.318131685256958	-6.670525550842285	-5.267481803894043
151.609	2.515999999999991	trials	[151.71       151.9125     152.49493333 153.47936667]	[1. 1. 1. 1.]	4	4.0	0.7853981633974483	2.0	R	-2.7726850509643555	-1.4347476959228516	-0.3858366310596466	-5.82826042175293	7.229564666748047	3.649294376373291	-1.909102439880371	-4.511287689208984
155.128	3.873000000000019	trials	[155.22973333 156.79763333 157.69986667 158.35046667]	[1. 1. 1. 1.]	4	4.0	0.7853981633974483	2.0	R	0.5833858251571655	-8.845743179321289	3.520958185195923	5.015064716339111	-0.18324394524097443	8.373470306396484	-1.4354217052459717	3.532803773880005
160.005	3.2350000000000136	trials	[160.10583333 161.22863333 161.88223333 162.68623333]	[1. 1. 1. 1.]	4	4.0	0.7853981633974483	2.0	R	-0.5227043032646179	-8.090380668640137	2.833904266357422	-4.38455057144165	-5.268104076385498	0.2857719659805298	-0.048355843871831894	-0.23577319085597992
164.243	3.2930000000000064	trials	[164.34436667 165.2516     165.94333333 166.69316667]	[1. 1. 1. 1.]	4	4.0	0.7853981633974483	2.0	R	1.3538341522216797	4.563587665557861	-5.427945137023926	1.2893937826156616	5.218022346496582	4.080725193023682	-6.566371440887451	7.824963092803955
168.54	2.3689999999999998	trials	[168.64103333 169.034      169.65353333 170.35626667]	[1. 1. 1. 1.]	4	4.0	0.7853981633974483	2.0	R	-3.616818904876709	3.7876200675964355	0.46832695603370667	7.6403117179870605	-5.374746322631836	4.377567291259766	-0.42231932282447815	3.6894774436950684
171.912	2.7630000000000052	trials	[172.0134     172.84243333 173.52916667 174.21183333]	[1. 1. 1. 1.]	4	4.0	0.7853981633974483	2.0	R	0.9534705877304077	8.496472358703613	-3.086912155151367	5.551084995269775	2.226538896560669	8.32257080078125	0.015622095204889774	3.8379476070404053
175.679	3.0829999999999984	trials	[175.77973333 176.59676667 177.42983333 178.0564    ]	[1. 1. 1. 1.]	4	4.0	0.7853981633974483	2.0	R	1.833253026008606	-0.8199723362922668	2.2395424842834473	-7.959126949310303	5.776154518127441	-4.424671649932861	8.462190628051758	-8.641922950744629
179.766	2.8310000000000173	trials	[179.86686667 180.54856667 181.1661     182.10143333]	[1. 1. 1. 1.]	4	4.0	0.7853981633974483	2.0	R	3.998159646987915	-6.389718532562256	6.815426349639893	-2.258979082107544	-1.0965133905410767	4.079294681549072	-5.9443888664245605	2.855323553085327
183.6	2.849000000000018	trials	[183.7014     184.48736667 185.3154     185.94796667]	[1. 1. 1. 1.]	4	4.0	0.7853981633974483	2.0	R	-0.2872288227081299	-1.3133063316345215	5.638306140899658	-8.848200798034668	2.7218613624572754	-4.786877155303955	2.8859622478485107	0.21042923629283905
187.453	2.758999999999986	trials	[187.55396667 188.4502     189.04566667 189.73036667]	[1. 1. 1. 1.]	4	4.0	0.7853981633974483	2.0	R	7.819714069366455	1.0216577053070068	3.1506268978118896	2.8104066848754883	1.9428859949111938	7.662350654602051	-2.0589582920074463	2.3023695945739746
191.215	3.0509999999999877	trials	[191.3163     192.06716667 192.8381     193.54783333]	[1. 1. 1. 1.]	4	4.0	0.7853981633974483	2.0	R	-6.254366397857666	5.022397041320801	-5.581225872039795	0.06791622191667557	-1.7384700775146484	-3.1310253143310547	-2.401207447052002	8.812973022460938
195.269	2.7819999999999823	trials	[195.37036667 196.1122     196.78286667 197.4816    ]	[1. 1. 1. 1.]	4	4.0	0.7853981633974483	2.0	R	0.6427649259567261	-0.6019988656044006	-2.2418811321258545	-4.685969352722168	2.6600003242492676	-3.7002933025360107	-3.0409557819366455	-7.639529705047607
199.055	2.829999999999984	trials	[199.15576667 200.02793333 200.7347     201.31713333]	[1. 1. 1. 1.]	4	4.0	0.7853981633974483	2.0	R	8.13355541229248	-6.785892009735107	5.972320079803467	-2.2771155834198	2.813894271850586	1.5990095138549805	5.997885227203369	5.454162120819092
202.888	2.8160000000000025	trials	[202.98926667 203.7161     204.5301     205.2148    ]	[1. 1. 1. 1.]	4	4.0	0.7853981633974483	2.0	R	-3.5918667316436768	2.3434619903564453	-8.590412139892578	2.2228751182556152	-4.143625259399414	-0.06318791210651398	-8.548030853271484	2.303499937057495
206.708	0.25200000000000955	trials	[206.80876667          nan          nan          nan]	[ 1. nan nan nan]	4	1.0	0.7853981633974483	2.0	A	-3.796340227127075	0.747403621673584	-5.300107955932617	-4.021105766296387	-1.4027330875396729	-7.15327262878418	-0.18753200769424438	-2.303191661834717
207.964	2.6430000000000007	trials	[208.06486667 208.85283333 209.41523333 210.09693333]	[1. 1. 1. 1.]	4	4.0	0.7853981633974483	2.0	R	1.3065816164016724	3.3579726219177246	0.06763740628957748	-1.597480058670044	-4.8792009353637695	-0.8703005909919739	0.11946041136980057	-0.9859914779663086
211.611	2.859000000000009	trials	[211.71193333 212.548      213.2708     213.8773    ]	[1. 1. 1. 1.]	4	4.0	0.7853981633974483	2.0	R	4.756074905395508	-2.8573029041290283	3.761045455932617	2.0426886081695557	3.661104917526245	7.041689395904541	-0.9863906502723694	8.885810852050781
215.473	0.907999999999987	trials	[215.57453333          nan          nan          nan]	[ 1. nan nan nan]	4	1.0	0.7853981633974483	2.0	A	7.9160966873168945	7.701466083526611	-4.723672866821289	7.2941484451293945	-5.75031852722168	2.4006834030151367	-0.9990553259849548	7.911508083343506
217.384	3.1000000000000227	trials	[217.48526667 218.7063     219.32083333 220.0015    ]	[1. 1. 1. 1.]	4	4.0	0.7853981633974483	2.0	R	8.857281684875488	2.6398942470550537	4.0032782554626465	1.440456748008728	8.847009658813477	0.2001868486404419	4.217831611633301	2.0898189544677734
221.487	3.2050000000000125	trials	[221.58846667 222.5709     223.51723333 224.1418    ]	[1. 1. 1. 1.]	4	4.0	0.7853981633974483	2.0	R	0.7786506414413452	5.719149112701416	5.05837345123291	-7.595088005065918	2.6500473022460938	-3.213311195373535	6.820992946624756	2.5411956310272217
225.696	2.9720000000000084	trials	[nan nan nan nan]	[nan nan nan nan]	4				R	0.0	0.0	0.0	0.0	0.0	0.0	0.0	0.0
229.672	2.646000000000015	trials	[229.77276667 230.4244     231.18826667 231.8349    ]	[1. 1. 1. 1.]	4	4.0	0.7853981633974483	2.0	R	-0.8313930630683899	2.1758430004119873	-5.818788528442383	2.530648946762085	-3.7540695667266846	-2.0231335163116455	-6.359710216522217	2.9488019943237305
233.322	3.4420000000000073	trials	[233.42283333 234.27996667 235.0168     235.6323    ]	[1. 1. 1. 1.]	4	4.0	0.7853981633974483	2.0	R	5.334997653961182	-5.6761651039123535	2.3293919563293457	-1.680375337600708	-1.708635687828064	-7.207550525665283	-7.656371116638184	5.381047248840332
237.768	3.0190000000000055	trials	[237.86886667 238.91946667 239.62423333 240.32096667]	[1. 1. 1. 1.]	4	4.0	0.7853981633974483	2.0	R	6.444450378417969	7.232613563537598	0.7178860902786255	7.278799533843994	-2.468116521835327	2.6128783226013184	-1.4001291990280151	-2.271730422973633
241.791	10.305000000000007	trials	[241.89183333 250.2065     250.8531     251.54883333]	[1. 1. 1. 1.]	4	4.0	0.7853981633974483	2.0	R	3.596859931945801	-2.0982346534729004	8.173416137695312	-0.08449944108724594	8.0542631149292	4.914080619812012	3.9560506343841553	7.778456687927246
253.1	2.9170000000000016	trials	[253.20093333 253.85053333 254.50116667 255.19186667]	[1. 1. 1. 1.]	4	4.0	0.7853981633974483	2.0	R	0.5488675832748413	-0.9461345076560974	-0.9040798544883728	4.080178737640381	-5.945274353027344	0.8833280205726624	0.22859901189804077	8.642294883728027
257.02	2.164000000000044	trials	[257.12166667 257.32516667 257.96676667 258.64043333]	[1. 1. 1. 1.]	4	4.0	0.7853981633974483	2.0	R	-3.3118295669555664	5.111662864685059	-3.1158745288848877	-2.1842117309570312	0.6205459237098694	4.128985404968262	-2.771859645843506	7.802074432373047
260.187	3.1619999999999777	trials	[260.28853333 261.0123     262.12506667 262.81276667]	[1. 1. 1. 1.]	4	4.0	0.7853981633974483	2.0	R	-5.868556976318359	3.876457691192627	-5.591822147369385	-8.878405570983887	-0.6354824900627136	-8.21908950805664	1.1030361652374268	-3.53106689453125
264.353	2.909999999999968	trials	[264.45386667 265.13553333 265.93953333 266.69943333]	[1. 1. 1. 1.]	4	4.0	0.7853981633974483	2.0	R	3.5001182556152344	0.8568710088729858	-8.014897346496582	1.1295273303985596	3.8102660179138184	1.2563321590423584	8.542816162109375	-0.35704055428504944
268.266	3.36099999999999	trials	[nan nan nan nan]	[nan nan nan nan]	4				R	0.0	0.0	0.0	0.0	0.0	0.0	0.0	0.0
272.63	3.0500000000000114	trials	[272.7314     273.59856667 274.3795     275.1925    ]	[1. 1. 1. 1.]	4	4.0	0.7853981633974483	2.0	R	-2.282104969024658	7.665698528289795	1.1467297077178955	3.8804728984832764	8.929957389831543	3.6215155124664307	4.396303653717041	5.730064868927002
276.683	2.4920000000000186	trials	[276.78446667 277.37793333 277.98646667 278.6521    ]	[1. 1. 1. 1.]	4	4.0	0.7853981633974483	2.0	R	-0.28084108233451843	-0.48659130930900574	-4.11539888381958	-4.437938213348389	0.8842533230781555	-4.3789777755737305	4.792860507965088	-7.497117042541504
280.179	3.098000000000013	trials	[280.28013333 281.15833333 281.89816667 282.78436667]	[1. 1. 1. 1.]	4	4.0	0.7853981633974483	2.0	R	6.242931842803955	-2.712005376815796	2.512619972229004	0.6173752546310425	2.813065528869629	8.499176979064941	-0.7861151099205017	5.028456687927246
284.28	2.847000000000037	trials	[284.38133333 284.9758     285.9021     286.56173333]	[1. 1. 1. 1.]	4	4.0	0.7853981633974483	2.0	R	0.40752217173576355	-0.09774293005466461	2.890737771987915	4.4753546714782715	-1.910202980041504	3.0785841941833496	-5.0308427810668945	-4.647675037384033
288.131	2.751000000000033	trials	[288.23186667 289.0459     289.67246667 290.3351    ]	[1. 1. 1. 1.]	4	4.0	0.7853981633974483	2.0	R	-2.4355380535125732	-8.921360969543457	2.187206506729126	-7.0160441398620605	2.13559889793396	-2.016310691833496	0.5853711366653442	2.737297773361206
291.886	3.7379999999999995	trials	[291.9872     293.6393     294.35106667 295.0919    ]	[1. 1. 1. 1.]	4	4.0	0.7853981633974483	2.0	R	-3.573925018310547	5.512231349945068	-8.228349685668945	7.33879280090332	-7.8476152420043945	2.3533096313476562	-3.5069072246551514	-0.12827350199222565
296.628	3.2789999999999964	trials	[nan nan nan nan]	[nan nan nan nan]	4				R	0.0	0.0	0.0	0.0	0.0	0.0	0.0	0.0
300.91	2.9939999999999714	trials	[301.0116     301.6913     302.40306667 303.11183333]	[1. 1. 1. 1.]	4	4.0	0.7853981633974483	2.0	R	-1.0449602603912354	-2.5777199268341064	-3.080490827560425	1.9891843795776367	-7.7429680824279785	3.795093059539795	5.826056480407715	6.961488246917725
304.907	3.0270000000000437	trials	[305.00853333 305.6832     306.43306667 307.3684    ]	[1. 1. 1. 1.]	4	4.0	0.7853981633974483	2.0	R	1.0752062797546387	5.402828693389893	-7.7161478996276855	5.558077335357666	-7.677348613739014	0.5582280158996582	-8.29047966003418	-5.025094985961914
308.937	2.8629999999999995	trials	[309.03853333 309.76433333 310.50116667 311.29713333]	[1. 1. 1. 1.]	4	4.0	0.7853981633974483	2.0	R	-3.4489738941192627	-6.274021148681641	-8.451951026916504	0.7908433675765991	-3.599984884262085	-0.41680920124053955	-3.4650566577911377	-5.4149885177612305
312.804	2.9950000000000045	trials	[312.90513333 313.74723333 314.48103333 315.24896667]	[1. 1. 1. 1.]	4	4.0	0.7853981633974483	2.0	R	3.7600932121276855	-4.628727436065674	-0.6798720955848694	-2.3294432163238525	-6.242043495178223	3.8319907188415527	-5.733621597290039	-1.1420928239822388
316.803	2.785000000000025	trials	[316.90406667 317.77523333 318.42483333 319.0554    ]	[1. 1. 1. 1.]	4	4.0	0.7853981633974483	2.0	R	3.0042648315429688	-3.7450194358825684	7.945760726928711	-2.982381582260132	4.411202430725098	0.5541274547576904	4.6815643310546875	5.546812534332275
320.591	2.9950000000000045	trials	[320.69246667 321.41826667 322.33353333 322.95106667]	[1. 1. 1. 1.]	4	4.0	0.7853981633974483	2.0	R	-0.16423113644123077	6.77899169921875	-0.7959122657775879	1.8190542459487915	-5.029976844787598	-0.8404000997543335	3.8966281414031982	0.2601335942745209
324.589	3.122000000000014	trials	[nan nan nan nan]	[nan nan nan nan]	4				R	0.0	0.0	0.0	0.0	0.0	0.0	0.0	0.0
328.714	3.007000000000005	trials	[328.81563333 329.64366667 330.4206     331.24666667]	[1. 1. 1. 1.]	4	4.0	0.7853981633974483	2.0	R	-8.370892524719238	7.2495832443237305	-5.717231750488281	3.0118846893310547	-3.9386041164398193	-1.6610677242279053	-2.80375337600708	-6.530576229095459
332.724	2.91700000000003	trials	[332.82556667 333.5574     334.45363333 335.15536667]	[1. 1. 1. 1.]	4	4.0	0.7853981633974483	2.0	R	2.8443119525909424	-3.785308361053467	-3.0939908027648926	4.894758224487305	-5.337584018707275	0.4263926148414612	-6.148207664489746	-4.507458686828613
336.644	3.358000000000004	trials	[336.7453     337.84303333 338.46556667 339.434     ]	[1. 1. 1. 1.]	4	4.0	0.7853981633974483	2.0	R	-2.8682613372802734	-8.281310081481934	2.1057980060577393	-7.772651195526123	-8.200546264648438	2.185675621032715	-8.970541000366211	-2.7546794414520264
341.006	3.1340000000000146	trials	[341.10713333 341.96526667 342.75023333 343.6745    ]	[1. 1. 1. 1.]	4	4.0	0.7853981633974483	2.0	R	-5.18925142288208	-6.847375869750977	5.07041072845459	-5.729130744934082	1.3317458629608154	5.150854587554932	-3.624694585800171	4.118280410766602
345.143	0.7150000000000318	trials	[345.2444      nan      nan      nan]	[ 1. nan nan nan]	4	1.0	0.7853981633974483	2.0	A	-2.5756101608276367	-5.289830684661865	-8.415950775146484	0.19027172029018402	-5.5287957191467285	-3.891925811767578	-5.936471939086914	-8.87527847290039
346.861	3.025000000000034	trials	[346.96266667 347.82583333 348.41126667 349.38266667]	[1. 1. 1. 1.]	4	4.0	0.7853981633974483	2.0	R	-8.63833999633789	-1.6424109935760498	-5.472559928894043	-5.5125322341918945	6.6590895652771	-5.660678863525391	6.511760234832764	-0.6628497242927551
350.889	2.8149999999999977	trials	[350.99066667 351.77963333 352.51846667 353.16906667]	[1. 1. 1. 1.]	4	4.0	0.7853981633974483	2.0	R	3.4476983547210693	3.288292407989502	7.470109939575195	6.258175373077393	2.6284780502319336	7.506614685058594	0.21851064264774323	3.1257407665252686
354.708	3.141999999999996	trials	[354.80916667 355.68933333 356.63066667 357.2793    ]	[1. 1. 1. 1.]	4	4.0	0.7853981633974483	2.0	R	3.6835882663726807	-7.653265476226807	-8.699373245239258	-6.623695373535156	-6.281620025634766	-2.2471132278442383	-8.09549331665039	-6.906497478485107
358.853	3.2040000000000077	trials	[358.95443333 359.59103333 360.52833333 361.40353333]	[1. 1. 1. 1.]	4	4.0	0.7853981633974483	2.0	R	-3.323531150817871	-5.413722515106201	-0.41308310627937317	6.062993049621582	-7.963044166564941	7.74138879776001	-3.0519185066223145	6.802855014801025
363.061	3.3640000000000327	trials	[363.1619     363.75836667 364.76286667 365.55283333]	[1. 1. 1. 1.]	4	4.0	0.7853981633974483	2.0	R	-3.7948811054229736	1.8583626747131348	-8.036567687988281	-8.389853477478027	2.434283971786499	-5.572259902954102	6.858582496643066	4.675572872161865
367.428	0.24200000000001864	trials	[367.52973333          nan          nan          nan]	[ 1. nan nan nan]	4	1.0	0.7853981633974483	2.0	A	2.306609630584717	2.6068673133850098	2.747880697250366	7.587357521057129	0.10252700001001358	3.344468832015991	-4.721938133239746	4.657684326171875
368.674	2.7789999999999964	trials	[368.77483333 369.60486667 370.23143333 370.9452    ]	[1. 1. 1. 1.]	4	4.0	0.7853981633974483	2.0	R	3.336092233657837	7.9257636070251465	-1.2545613050460815	5.944375514984131	-6.211432456970215	5.289068222045898	-2.486409902572632	1.9537714719772339
372.457	2.923000000000002	trials	[372.5582     373.25693333 373.94163333 374.8499    ]	[1. 1. 1. 1.]	4	4.0	0.7853981633974483	2.0	R	2.4900808334350586	2.43806529045105	6.200885772705078	5.789173126220703	1.7089208364486694	7.985135078430176	-1.247726559638977	3.9529848098754883
376.384	3.1859999999999786	trials	[376.48496667 377.21076667 378.2353     378.8799    ]	[1. 1. 1. 1.]	4	4.0	0.7853981633974483	2.0	R	-3.716367483139038	-2.020566701889038	0.9747834801673889	-3.7506251335144043	5.933762550354004	-4.389785289764404	8.885236740112305	-8.425724029541016
380.573	2.872000000000014	trials	[380.67436667 381.3731     382.11793333 382.93696667]	[1. 1. 1. 1.]	4	4.0	0.7853981633974483	2.0	R	7.115379810333252	-3.7494425773620605	4.585010528564453	1.9006891250610352	0.5542274117469788	8.230807304382324	-4.346646785736084	7.240134239196777
384.449	3.098000000000013	trials	[384.54996667 385.39406667 386.171      386.8196    ]	[1. 1. 1. 1.]	4	4.0	0.7853981633974483	2.0	R	-2.7405171394348145	-1.4582552909851074	5.800488471984863	0.6929632425308228	-0.13738757371902466	-1.2745471000671387	-8.929760932922363	2.323092222213745
388.551	2.230000000000018	trials	[388.65216667 389.4331     390.20803333          nan]	[ 1.  1.  1. nan]	4	3.0	0.7853981633974483	2.0	A	-3.9315757751464844	2.1884002685546875	4.39045524597168	-1.028826117515564	7.931859970092773	-4.5584797859191895	5.519324779510498	-0.17901916801929474
391.785	2.8589999999999804	trials	[391.8862     392.6962     393.32676667 394.09866667]	[1. 1. 1. 1.]	4	4.0	0.7853981633974483	2.0	R	-1.2619987726211548	-3.903048038482666	2.706662654876709	-0.8617116808891296	-4.005483627319336	7.534325122833252	-7.536384105682373	1.4789767265319824
395.648	3.0469999999999686	trials	[395.74876667 396.53173333 397.43696667 398.12466667]	[1. 1. 1. 1.]	4	4.0	0.7853981633974483	2.0	R	-8.98671817779541	-3.3060555458068848	5.602849960327148	-1.4286348819732666	-3.9360551834106445	0.3771456182003021	-8.749778747558594	-0.9749124646186829
399.699	2.998999999999967	trials	[399.79983333 400.49756667 401.49906667 402.1998    ]	[1. 1. 1. 1.]	4	4.0	0.7853981633974483	2.0	R	-4.6342291831970215	-3.8143227100372314	-8.330829620361328	5.702145576477051	-3.392465114593506	4.919483661651611	-0.570172905921936	0.7921764850616455
403.702	2.8170000000000073	trials	[403.80276667 404.62783333 405.3797     406.0233    ]	[1. 1. 1. 1.]	4	4.0	0.7853981633974483	2.0	R	-7.715330600738525	4.48158597946167	-5.014549255371094	0.27376195788383484	-8.543959617614746	-3.2678844928741455	-3.976229429244995	-5.301560878753662
407.522	3.0889999999999986	trials	[407.62326667 408.6107     409.40066667 410.0984    ]	[1. 1. 1. 1.]	4	4.0	0.7853981633974483	2.0	R	-7.886735916137695	4.514708042144775	-8.535406112670898	-0.44303616881370544	0.32993781566619873	-1.2883758544921875	-7.091750144958496	1.0177298784255981
411.614	2.521000000000015	trials	[411.7154     412.45726667 413.0818     413.6452    ]	[1. 1. 1. 1.]	4	4.0	0.7853981633974483	2.0	R	-0.2079639434814453	-2.006727457046509	0.5801588892936707	2.9307680130004883	-0.08522502332925797	-2.0247604846954346	4.307519435882568	-4.413022994995117
415.139	3.4180000000000064	trials	[415.24016667 416.28776667 416.97146667 417.92083333]	[1. 1. 1. 1.]	4	4.0	0.7853981633974483	2.0	R	7.227768421173096	-8.471611976623535	4.3110270500183105	-4.410501480102539	-8.452008247375488	3.176802158355713	-5.75144624710083	-1.0311622619628906
419.561	2.882000000000005	trials	[419.66213333 420.408      421.03856667 421.9398    ]	[1. 1. 1. 1.]	4	4.0	0.7853981633974483	2.0	R	-3.0310099124908447	3.163980722427368	-7.951017379760742	4.054782867431641	-5.227077960968018	-7.980077266693115	-2.0945355892181396	-4.083004474639893
423.447	2.641999999999996	trials	[423.5478     424.39286667 424.97433333 425.59886667]	[1. 1. 1. 1.]	4	4.0	0.7853981633974483	2.0	R	-0.1558239758014679	-8.69184398651123	3.2727227210998535	-5.05246639251709	5.644524574279785	-0.6508126258850098	2.348217487335205	3.1087563037872314
427.093	2.6469999999999914	trials	[427.19383333 427.8234     428.53916667 429.13263333]	[1. 1. 1. 1.]	4	4.0	0.7853981633974483	2.0	R	-2.644826650619507	3.372403383255005	1.5579166412353516	0.6637229323387146	1.622795820236206	-4.335855960845947	7.750122547149658	-6.830146789550781
430.744	3.1359999999999673	trials	[430.8449 431.69   432.5431 433.2158]	[1. 1. 1. 1.]	4	4.0	0.7853981633974483	2.0	R	8.872831344604492	-1.9578242301940918	-1.7494856119155884	4.077354907989502	3.231112480163574	3.637305974960327	-0.8593312501907349	0.7618460059165955
434.884	2.7579999999999814	trials	[nan nan nan nan]	[nan nan nan nan]	4				R	0.0	0.0	0.0	0.0	0.0	0.0	0.0	0.0
438.645	2.8810000000000286	trials	[438.7465     439.5485     440.3565     440.97906667]	[1. 1. 1. 1.]	4	4.0	0.7853981633974483	2.0	R	-7.411592960357666	-2.5772547721862793	1.5258485078811646	-5.459009647369385	5.409026622772217	-8.608759880065918	6.859265327453613	-3.8236992359161377
442.53	2.7670000000000528	trials	[442.63116667 443.4963     444.12286667 444.7805    ]	[1. 1. 1. 1.]	4	4.0	0.7853981633974483	2.0	R	7.901927947998047	1.066378116607666	3.186863422393799	2.7301595211029053	6.338157653808594	7.635084629058838	1.515290379524231	8.954156875610352
446.3	3.4839999999999804	trials	[nan nan nan nan]	[nan nan nan nan]	4				R	0.0	0.0	0.0	0.0	0.0	0.0	0.0	0.0
450.787	3.18100000000004	trials	[450.88866667 451.72873333 452.53373333 453.18636667]	[1. 1. 1. 1.]	4	4.0	0.7853981633974483	2.0	R	-6.354105472564697	7.517454624176025	-3.461949586868286	3.438798666000366	-8.237139701843262	4.921215057373047	3.8153982162475586	-0.9587692618370056
454.972	3.6240000000000236	trials	[455.07303333 456.60283333 457.32463333 458.01233333]	[1. 1. 1. 1.]	4	4.0	0.7853981633974483	2.0	R	6.437048435211182	3.2988061904907227	1.4968717098236084	2.527667999267578	6.322957992553711	1.2204228639602661	2.988626718521118	4.946310043334961
459.599	0.7610000000000241	trials	[459.70053333          nan          nan          nan]	[ 1. nan nan nan]	4	1.0	0.7853981633974483	2.0	A	-2.9102652072906494	-1.457468867301941	8.33424186706543	-1.6712952852249146	-5.237209320068359	-6.95894718170166	-0.4938577115535736	-5.377614498138428
461.364	2.795000000000016	trials	[461.4649     462.2679     462.9957     463.64633333]	[1. 1. 1. 1.]	4	4.0	0.7853981633974483	2.0	R	5.730835437774658	-5.18128776550293	7.489075183868408	-0.5006262063980103	6.2431864738464355	4.341662406921387	1.2657639980316162	4.816284656524658
465.162	0.8140000000000214	trials	[465.26333333          nan          nan          nan]	[ 1. nan nan nan]	4	1.0	0.7853981633974483	2.0	A	-2.958282709121704	7.491621971130371	-8.854353904724121	3.988929033279419	-3.1728785037994385	5.976992607116699	-0.43424805998802185	0.7785388827323914
466.98	3.1899999999999977	trials	[467.08083333 467.81866667 468.84923333 469.53393333]	[1. 1. 1. 1.]	4	4.0	0.7853981633974483	2.0	R	-2.024559497833252	7.876213550567627	-8.32509708404541	-0.5854897499084473	-6.207479953765869	5.342785358428955	-2.1807994842529297	2.3786933422088623
471.173	2.8449999999999704	trials	[471.27426667 472.03313333 472.776      473.43863333]	[1. 1. 1. 1.]	4	4.0	0.7853981633974483	2.0	R	-6.075260162353516	5.514482498168945	-4.872605323791504	0.6612752676010132	-7.652202129364014	-3.494905710220337	-3.337928533554077	-6.022165298461914
475.022	3.4669999999999845	trials	[475.1228     475.89173333 476.99246667 477.67213333]	[1. 1. 1. 1.]	4	4.0	0.7853981633974483	2.0	R	0.8164370059967041	-3.239856004714966	8.80722427368164	-8.53031063079834	6.336103439331055	-4.183638095855713	2.844994068145752	3.8744611740112305
479.493	3.3170000000000073	trials	[479.5939     480.42496667 481.33123333 482.0109    ]	[1. 1. 1. 1.]	4	4.0	0.7853981633974483	2.0	R	-4.51660680770874	6.619322776794434	-8.005840301513672	-5.191860198974609	-3.0414671897888184	-5.7876763343811035	-3.466700553894043	7.6297993659973145
483.813	3.0740000000000123	trials	[483.91463333 484.72766667 485.68603333 486.3507    ]	[1. 1. 1. 1.]	4	4.0	0.7853981633974483	2.0	R	-7.838442802429199	5.203306198120117	-8.538898468017578	0.2526131868362427	-3.57928729057312	0.8868511915206909	1.3370795249938965	1.7975302934646606
487.89	3.090000000000032	trials	[487.99176667 488.7717     489.65286667 490.4298    ]	[1. 1. 1. 1.]	4	4.0	0.7853981633974483	2.0	R	2.171175003051758	-3.1324071884155273	8.932735443115234	0.46477389335632324	-1.1218026876449585	-5.4982757568359375	3.5418357849121094	-7.301183700561523
491.984	2.730000000000018	trials	[492.08493333 492.78766667 493.45933333 494.131     ]	[1. 1. 1. 1.]	4	4.0	0.7853981633974483	2.0	R	3.3523380756378174	-2.3047759532928467	3.8080430030822754	2.6744139194488525	0.15188181400299072	6.085057258605957	-7.243300437927246	6.785287380218506
495.718	2.58299999999997	trials	[495.8192     496.5089     497.05526667 497.78506667]	[1. 1. 1. 1.]	4	4.0	0.7853981633974483	2.0	R	-0.05245811864733696	0.9035117626190186	-0.6555599570274353	-4.059981822967529	-4.089786529541016	2.4457740783691406	-8.049798011779785	5.4983649253845215
499.305	2.6999999999999886	trials	[499.4061     500.1339     500.87473333 501.48426667]	[1. 1. 1. 1.]	4	4.0	0.7853981633974483	2.0	R	-4.9396538734436035	-1.903486728668213	5.922592639923096	2.3423471450805664	0.9474008679389954	2.8398075103759766	-3.711203098297119	1.0239307880401611
503.008	3.473000000000013	trials	[nan nan nan nan]	[nan nan nan nan]	4				R	0.0	0.0	0.0	0.0	0.0	0.0	0.0	0.0
507.484	3.2390000000000327	trials	[507.5854     508.3523     509.1954     510.10363333]	[1. 1. 1. 1.]	4	4.0	0.7853981633974483	2.0	R	-8.115490913391113	5.689866065979004	1.3338805437088013	5.313701152801514	-7.101395606994629	0.30591076612472534	0.035965874791145325	-0.054669950157403946
511.727	3.3350000000000364	trials	[511.82793333 512.97676667 513.9141     514.52763333]	[1. 1. 1. 1.]	4	4.0	0.7853981633974483	2.0	R	4.71881103515625	7.2161359786987305	8.56960391998291	-4.267887115478516	5.763173580169678	-0.12977789342403412	2.7005975246429443	3.8225162029266357
516.065	2.95799999999997	trials	[516.1667     517.02683333 517.7356     518.3802    ]	[1. 1. 1. 1.]	4	4.0	0.7853981633974483	2.0	R	1.0841262340545654	8.554008483886719	-2.59995698928833	5.1735453605651855	-1.854664921760559	0.2294033169746399	5.554676055908203	-4.530644416809082
520.026	2.619000000000028	trials	[520.12753333 520.93853333 521.53403333 522.11346667]	[1. 1. 1. 1.]	4	4.0	0.7853981633974483	2.0	R	-2.4579572677612305	-5.690063953399658	-0.16299644112586975	-1.2478625774383545	-5.107301712036133	-1.9920706748962402	-0.8808059692382812	1.6608961820602417
523.648	2.689999999999941	trials	[523.74953333 524.44926667 525.20313333 525.81666667]	[1. 1. 1. 1.]	4	4.0	0.7853981633974483	2.0	R	-4.085174560546875	-4.9710564613342285	0.4987913966178894	-6.967867851257324	5.308854103088379	-5.602842807769775	-1.3894354104995728	-2.7550790309906006
527.341	2.6620000000000346	trials	[527.4427     528.14343333 528.8532     529.46873333]	[1. 1. 1. 1.]	4	4.0	0.7853981633974483	2.0	R	0.40391823649406433	1.9122416973114014	1.5099736452102661	-5.047092437744141	5.924713611602783	-2.6997385025024414	8.588214874267578	-6.931258678436279
531.007	3.243000000000052	trials	[531.1078     531.8827     532.90323333 533.54283333]	[1. 1. 1. 1.]	4	4.0	0.7853981633974483	2.0	R	3.6236002445220947	-6.337456703186035	-4.2929911613464355	0.9149001836776733	-0.8383424282073975	-3.730616569519043	5.66293478012085	5.72710657119751
535.253	3.033999999999992	trials	[535.35433333 536.2686     536.89416667 537.58486667]	[1. 1. 1. 1.]	4	4.0	0.7853981633974483	2.0	R	-3.862536668777466	6.063124656677246	-3.984510660171509	1.0646127462387085	-1.7096164226531982	-4.492347240447998	-6.187535285949707	6.0761399269104
539.29	2.6560000000000628	trials	[539.39133333 540.2194     540.88706667 541.4585    ]	[1. 1. 1. 1.]	4	4.0	0.7853981633974483	2.0	R	-4.196237564086914	1.4897762537002563	-1.6005078554153442	-2.783651828765869	1.0245606899261475	1.4718170166015625	0.26368457078933716	-3.7342867851257324
542.949	2.8500000000000227	trials	[543.05043333 543.9617     544.63936667 545.30003333]	[1. 1. 1. 1.]	4	4.0	0.7853981633974483	2.0	R	6.809442520141602	-2.4218006134033203	2.7870430946350098	0.5480991005897522	3.7510623931884766	-4.358087539672852	5.958883285522461	0.12806078791618347
546.803	3.05499999999995	trials	[546.904      548.00273333 548.6724     549.28993333]	[1. 1. 1. 1.]	4	4.0	0.7853981633974483	2.0	R	8.737228393554688	4.285078525543213	2.1393611431121826	-2.8983235359191895	-2.9906997680664062	-3.0835342407226562	3.9587223529815674	-2.1124401092529297
550.862	3.13900000000001	trials	[550.96306667 551.73096667 552.81866667 553.4322    ]	[1. 1. 1. 1.]	4	4.0	0.7853981633974483	2.0	R	-2.3773317337036133	-2.2396719455718994	5.566384315490723	-7.698817253112793	3.807295083999634	-3.01847505569458	5.7971601486206055	-8.374369621276855
555.004	0.20699999999999363	trials	[555.10536667          nan          nan          nan]	[ 1. nan nan nan]	4	1.0	0.7853981633974483	2.0	A	2.8739981651306152	-4.317877769470215	7.815229892730713	-3.5535292625427246	8.477664947509766	2.9389569759368896	-4.763039588928223	-2.7463653087615967
556.214	4.377999999999929	trials	[nan nan nan nan]	[nan nan nan nan]	4				R	0.0	0.0	0.0	0.0	0.0	0.0	0.0	0.0
561.595	3.201999999999998	trials	[561.69673333 562.5308     563.23053333 564.04956667]	[1. 1. 1. 1.]	4	4.0	0.7853981633974483	2.0	R	6.52356481552124	-2.2434439659118652	-0.18414317071437836	-4.608018398284912	8.655274391174316	-8.848925590515137	0.041367195546627045	-4.1279401779174805
565.801	2.937999999999988	trials	[565.90216667 566.5247     567.15526667 567.82693333]	[1. 1. 1. 1.]	4	4.0	0.7853981633974483	2.0	R	4.068904876708984	-1.1650124788284302	8.040139198303223	-4.202988147735596	7.723653793334961	0.7869853973388672	3.392484188079834	-1.7112078666687012
569.743	2.8159999999999172	trials	[569.84393333 570.66396667 571.33766667 572.0424    ]	[1. 1. 1. 1.]	4	4.0	0.7853981633974483	2.0	R	8.37684440612793	-1.3160521984100342	4.432608604431152	1.7568939924240112	4.594064235687256	6.754286289215088	-0.09130647778511047	8.499938011169434
573.562	2.447999999999979	trials	[573.66343333 574.0504     574.72306667 575.3797    ]	[1. 1. 1. 1.]	4	4.0	0.7853981633974483	2.0	R	1.105527400970459	2.4932117462158203	3.6606154441833496	-2.7961864471435547	7.5300822257995605	0.37039345502853394	4.650630950927734	4.458028793334961
577.014	2.7340000000000373	trials	[577.115      577.8879     578.54553333 579.2102    ]	[1. 1. 1. 1.]	4	4.0	0.7853981633974483	2.0	R	-1.3885406255722046	4.827359199523926	-6.096729278564453	3.144219160079956	-2.838547468185425	-0.6484383940696716	1.4572196006774902	2.8520569801330566
580.751	3.586999999999989	trials	[580.85226667 582.0763     582.73896667 583.52893333]	[1. 1. 1. 1.]	4	4.0	0.7853981633974483	2.0	R	5.472148895263672	6.751705646514893	1.094106912612915	2.741210460662842	-6.545680046081543	7.14495849609375	3.9236185550689697	3.6474485397338867
585.341	2.869000000000028	trials	[585.44266667 586.23263333 586.9103     587.5499    ]	[1. 1. 1. 1.]	4	4.0	0.7853981633974483	2.0	R	1.4005640745162964	-8.059004783630371	1.5204923152923584	-3.06044340133667	-3.2533583641052246	-1.5737190246582031	8.000235557556152	-3.280496120452881
589.213	3.175000000000068	trials	[589.31426667 590.14333333 590.9383     591.618     ]	[1. 1. 1. 1.]	4	4.0	0.7853981633974483	2.0	R	-5.085980415344238	-2.166802406311035	3.2821242809295654	4.479528427124023	5.655867576599121	-1.503817081451416	3.976966619491577	8.49441146850586
593.391	2.671000000000049	trials	[nan nan nan nan]	[nan nan nan nan]	4				R	0.0	0.0	0.0	0.0	0.0	0.0	0.0	0.0
597.066	3.0979999999999563	trials	[597.16676667 597.9848     598.61936667 599.24693333]	[1. 1. 1. 1.]	4	4.0	0.7853981633974483	2.0	R	-3.8637194633483887	-7.861586093902588	-1.1501617431640625	-3.6619904041290283	1.375196099281311	-7.977377891540527	1.5980885028839111	6.226274490356445
601.168	2.881999999999948	trials	[601.26896667 601.96566667 602.67743333 603.39023333]	[1. 1. 1. 1.]	4	4.0	0.7853981633974483	2.0	R	1.8324156999588013	-2.612060308456421	6.831363677978516	-2.7146108150482178	7.317208766937256	2.2617287635803223	7.809650897979736	7.237419605255127
605.053	2.8579999999999472	trials	[605.1546     605.91246667 606.78966667 607.38313333]	[1. 1. 1. 1.]	4	4.0	0.7853981633974483	2.0	R	2.8358209133148193	-3.120648145675659	-2.755679130554199	6.778515815734863	-7.620078086853027	5.621959209442139	-4.74130916595459	1.5338433980941772
608.915	3.25100000000009	trials	[609.0162     609.92443333 610.8718     611.60763333]	[1. 1. 1. 1.]	4	4.0	0.7853981633974483	2.0	R	-7.833929538726807	6.525670528411865	2.1108994483947754	7.499926567077637	0.06955961883068085	2.9356160163879395	-4.8785200119018555	2.2169318199157715
613.17	2.691000000000031	trials	[613.27073333 613.96446667 614.63313333 615.2637    ]	[1. 1. 1. 1.]	4	4.0	0.7853981633974483	2.0	R	-0.011518273502588272	3.362485408782959	-4.340371131896973	0.8602796196937561	-8.62779712677002	-1.7122628688812256	-7.073428153991699	-6.464519023895264
616.865	0.26699999999993906	trials	[616.96593333          nan          nan          nan]	[ 1. nan nan nan]	4	1.0	0.7853981633974483	2.0	A	-4.677163600921631	-2.07613468170166	3.9865570068359375	-5.41704797744751	8.787273406982422	-4.019505500793457	0.6727058291435242	8.258906364440918
618.136	2.868000000000052	trials	[618.23706667 618.99696667 619.6616     620.4566    ]	[1. 1. 1. 1.]	4	4.0	0.7853981633974483	2.0	R	-3.0889787673950195	-6.992506504058838	0.6765275597572327	-3.7029833793640137	8.37674617767334	3.3877322673797607	5.100732803344727	-6.482569694519043
622.007	2.6350000000001046	trials	[622.1087     622.76533333 623.47406667 624.1678    ]	[1. 1. 1. 1.]	4	4.0	0.7853981633974483	2.0	R	4.772660732269287	-0.5751018524169922	3.9868037700653076	4.362754821777344	0.29716354608535767	-0.27900955080986023	4.697975158691406	-2.6523735523223877
625.645	3.197999999999979	trials	[625.74673333 626.69206667 627.62036667 628.37423333]	[1. 1. 1. 1.]	4	4.0	0.7853981633974483	2.0	R	-4.599048137664795	4.403872013092041	6.519796371459961	4.833920478820801	-1.1728029251098633	4.010088920593262	0.21984946727752686	-0.7920478582382202
629.847	3.644999999999982	trials	[nan nan nan nan]	[nan nan nan nan]	4				R	0.0	0.0	0.0	0.0	0.0	0.0	0.0	0.0
634.495	3.1960000000000264	trials	[634.5967     635.2844     636.1265     636.81116667]	[1. 1. 1. 1.]	4	4.0	0.7853981633974483	2.0	R	-2.480231761932373	2.2741494178771973	-5.4213151931762695	-1.7693672180175781	-4.029902458190918	3.6113123893737793	-6.1579766273498535	-0.9132097959518433
638.695	3.245999999999981	trials	[nan nan nan nan]	[nan nan nan nan]	4				R	0.0	0.0	0.0	0.0	0.0	0.0	0.0	0.0
642.944	3.1210000000000946	trials	[643.04566667 643.994      644.7589     645.5198    ]	[1. 1. 1. 1.]	4	4.0	0.7853981633974483	2.0	R	4.176037788391113	-8.47048282623291	-5.898804664611816	-8.86780071258545	-3.7282843589782715	-4.363486289978027	1.2397104501724243	-3.798661470413208
647.069	3.233000000000061	trials	[647.1699     648.08816667 648.80896667 649.5879    ]	[1. 1. 1. 1.]	4	4.0	0.7853981633974483	2.0	R	4.278263092041016	6.470634937286377	3.0701515674591064	-4.861553192138672	8.01708698272705	-4.135035514831543	5.644759178161621	4.95878267288208
651.305	3.786000000000058	trials	[nan nan nan nan]	[nan nan nan nan]	4				R	0.0	0.0	0.0	0.0	0.0	0.0	0.0	0.0
656.094	2.6569999999999254	trials	[656.1953     656.88703333 657.55666667 658.23436667]	[1. 1. 1. 1.]	4	4.0	0.7853981633974483	2.0	R	-4.32837438583374	-0.6775997877120972	-0.7090325951576233	2.7720906734466553	-4.803974628448486	5.641140937805176	-4.0376296043396	0.7002184987068176
659.754	2.7649999999999864	trials	[659.8554     660.7446     661.3451     662.04583333]	[1. 1. 1. 1.]	4	4.0	0.7853981633974483	2.0	R	0.6529259085655212	-6.667976379394531	3.957968235015869	-2.9160842895507812	5.458898067474365	1.8533194065093994	0.4823169410228729	1.3699536323547363
663.523	3.1820000000000164	trials	[663.62373333 664.42173333 665.0523     666.03473333]	[1. 1. 1. 1.]	4	4.0	0.7853981633974483	2.0	R	1.9565781354904175	-5.7285661697387695	5.31517219543457	-2.0245354175567627	1.5953818559646606	7.703710556030273	-1.5968279838562012	2.914280891418457
667.709	2.741000000000099	trials	[667.81013333 668.55496667 669.2527     669.94843333]	[1. 1. 1. 1.]	4	4.0	0.7853981633974483	2.0	R	1.7703744173049927	-0.7819263339042664	2.041813611984253	4.210700511932373	-1.8448374271392822	1.065236210823059	-6.622457981109619	-0.40932953357696533
671.453	6.836000000000013	trials	[671.55443333 675.87213333 676.58793333 677.4641    ]	[1. 1. 1. 1.]	4	4.0	0.7853981633974483	2.0	R	-6.7292094230651855	-6.917006015777588	-1.7604255676269531	-6.359163761138916	3.2392189502716064	-6.29953670501709	-4.400622367858887	5.452568054199219
679.293	3.0950000000000273	trials	[679.3939     680.2069     681.27356667 681.856     ]	[1. 1. 1. 1.]	4	4.0	0.7853981633974483	2.0	R	-8.485753059387207	2.569565534591675	0.9430485963821411	-4.361462116241455	5.5334601402282715	-2.3795135021209717	1.514883279800415	0.5955560803413391
683.392	3.15199999999993	trials	[683.49306667 684.65293333 685.42586667 686.03536667]	[1. 1. 1. 1.]	4	4.0	0.7853981633974483	2.0	R	8.530603408813477	1.90311861038208	-0.18044529855251312	-3.551469087600708	2.580401659011841	-7.720128536224365	-4.965052604675293	-5.347133636474609
687.547	3.0799999999999272	trials	[687.64836667 688.4233     689.13706667 690.0273    ]	[1. 1. 1. 1.]	4	4.0	0.7853981633974483	2.0	R	-7.1002678871154785	1.3958864212036133	-6.808464527130127	-3.5955913066864014	4.84843111038208	2.550629138946533	-3.367762565612793	-5.792956829071045
691.63	3.2469999999999573	trials	[691.73153333 692.88336667 693.67033333 694.347     ]	[1. 1. 1. 1.]	4	4.0	0.7853981633974483	2.0	R	-7.478278636932373	8.17249584197998	-5.877662658691406	3.4356157779693604	-2.2635087966918945	-2.90415358543396	-3.0670101642608643	2.030862808227539
695.881	0.88900000000001	trials	[695.98206667          nan          nan          nan]	[ 1. nan nan nan]	4	1.0	0.7853981633974483	2.0	A	-7.747391700744629	3.7898471355438232	-6.9846930503845215	-1.151639461517334	-5.627198696136475	-5.963833332061768	-1.78432297706604	-2.765035629272461
697.774	3.145999999999958	trials	[697.87476667 698.50633333 699.27123333 700.23663333]	[1. 1. 1. 1.]	4	4.0	0.7853981633974483	2.0	R	-5.193350791931152	-0.534146785736084	-0.6268287897109985	-2.570535182952881	-0.375171422958374	7.628621578216553	-3.5570902824401855	3.771758794784546
701.924	2.9809999999999945	trials	[702.02506667 703.09773333 703.66413333 704.2887    ]	[1. 1. 1. 1.]	4	4.0	0.7853981633974483	2.0	R	-1.598695993423462	8.372268676757812	-5.38082218170166	5.10186767578125	-5.241615295410156	0.10380597412586212	0.05764885991811752	-3.1719725131988525
705.909	2.894999999999982	trials	[706.00996667 706.68963333 707.40843333 708.25553333]	[1. 1. 1. 1.]	4	4.0	0.7853981633974483	2.0	R	0.4180130660533905	1.815024495124817	-4.973677635192871	4.653793811798096	6.570044040679932	5.803979873657227	2.8228347301483154	-1.813071370124817
709.807	3.033999999999992	trials	[709.90863333 710.8209     711.59283333 712.24843333]	[1. 1. 1. 1.]	4	4.0	0.7853981633974483	2.0	R	-6.6252593994140625	-2.297334671020508	-5.111298084259033	-8.898550987243652	-1.0648781061172485	-5.96146297454834	-5.7862467765808105	1.9726089239120483
713.844	3.2889999999999873	trials	[nan nan nan nan]	[nan nan nan nan]	4				R	0.0	0.0	0.0	0.0	0.0	0.0	0.0	0.0
718.136	3.1280000000000427	trials	[nan nan nan nan]	[nan nan nan nan]	4				R	0.0	0.0	0.0	0.0	0.0	0.0	0.0	0.0
722.267	3.127999999999929	trials	[722.36856667 723.20766667 724.08083333 724.7565    ]	[1. 1. 1. 1.]	4	4.0	0.7853981633974483	2.0	R	-1.622499942779541	-8.682024002075195	1.9177974462509155	1.3686153888702393	3.57326340675354	6.086605548858643	3.1276209354400635	-6.012704849243164
726.399	2.875	trials	[726.49983333 727.39706667 728.07773333 728.7464    ]	[1. 1. 1. 1.]	4	4.0	0.7853981633974483	2.0	R	7.263436794281006	-8.822513580322266	3.72831654548645	-5.286566257476807	3.444401741027832	0.5160170197486877	3.785428524017334	5.504373550415039
730.277	3.2549999999999955	trials	[nan nan nan nan]	[nan nan nan nan]	4				R	0.0	0.0	0.0	0.0	0.0	0.0	0.0	0.0
734.536	3.338000000000079	trials	[734.63703333 735.38186667 736.46256667 737.29863333]	[1. 1. 1. 1.]	4	4.0	0.7853981633974483	2.0	R	5.0884928703308105	4.693811893463135	-8.804463386535645	8.5839204788208	-4.886780738830566	5.4771928787231445	-7.987851142883301	-4.251825332641602
738.878	3.1639999999999873	trials	[738.9788     740.20586667 740.84843333 741.5171    ]	[1. 1. 1. 1.]	4	4.0	0.7853981633974483	2.0	R	-4.852453231811523	-8.146601676940918	-3.9073634147644043	-3.2367331981658936	1.0891520977020264	-3.0500967502593994	5.208799362182617	-5.883558750152588
743.046	2.905999999999949	trials	[743.14716667 744.0484     744.7421     745.4158    ]	[1. 1. 1. 1.]	4	4.0	0.7853981633974483	2.0	R	6.344520568847656	0.15286383032798767	4.363485336303711	4.7436699867248535	-0.2487010508775711	2.8129355907440186	-3.524674654006958	-0.9643645882606506
746.956	2.824999999999932	trials	[747.05686667 747.80973333 748.51446667 749.19016667]	[1. 1. 1. 1.]	4	4.0	0.7853981633974483	2.0	R	0.5933308601379395	-4.3461527824401855	3.9188337326049805	-8.07992172241211	3.1782901287078857	-3.135066270828247	1.824873924255371	4.38603401184082
750.784	2.7830000000000155	trials	[750.88536667 751.71543333 752.37906667 752.98056667]	[1. 1. 1. 1.]	4	4.0	0.7853981633974483	2.0	R	4.737759113311768	-3.9452972412109375	4.167826175689697	1.0221142768859863	0.41974490880966187	4.331477642059326	-6.150277614593506	2.47114634513855
754.571	2.812000000000012	trials	[754.67176667 755.4958     756.16946667 756.87023333]	[1. 1. 1. 1.]	4	4.0	0.7853981633974483	2.0	R	3.1744906902313232	5.787276744842529	-1.3408310413360596	7.934803485870361	-2.281247615814209	3.0240378379821777	-7.155862331390381	1.911324381828308
758.386	2.8040000000000873	trials	[nan nan nan nan]	[nan nan nan nan]	4				R	0.0	0.0	0.0	0.0	0.0	0.0	0.0	0.0
762.193	2.8350000000000364	trials	[762.2947     763.1869     763.85656667 764.431     ]	[1. 1. 1. 1.]	4	4.0	0.7853981633974483	2.0	R	4.041432857513428	-3.309971570968628	-2.0175304412841797	-3.5734684467315674	2.8079142570495605	-4.88308048248291	7.480587482452393	-3.103720188140869
766.032	2.6469999999999345	trials	[766.1332     766.86403333 767.5036     768.1392    ]	[1. 1. 1. 1.]	4	4.0	0.7853981633974483	2.0	R	2.5946474075317383	-4.165599822998047	2.733091115951538	0.8324832916259766	-2.243263006210327	1.3181781768798828	-7.243175983428955	1.3476552963256836
769.682	3.0399999999999636	trials	[769.78326667 770.69253333 771.37523333 772.0148    ]	[1. 1. 1. 1.]	4	4.0	0.7853981633974483	2.0	R	-8.146611213684082	-5.966665267944336	-3.962817668914795	-3.228806257247925	-5.886889934539795	-7.843775749206543	2.2885794639587402	-6.9384894371032715
773.725	3.127999999999929	trials	[773.8263     774.70046667 775.61776667 776.3556    ]	[1. 1. 1. 1.]	4	4.0	0.7853981633974483	2.0	R	-0.23856554925441742	5.918308258056641	7.811861515045166	5.4771952629089355	-0.20117127895355225	2.522158622741699	-1.134689211845398	7.434239864349365
777.856	7.273000000000025	trials	[777.95756667 783.43316667 784.02863333 784.63513333]	[1. 1. 1. 1.]	4	4.0	0.7853981633974483	2.0	R	0.7879526019096375	2.818674087524414	-0.4731331169605255	-2.019679069519043	0.13493280112743378	2.943208694458008	-0.3875627815723419	-2.029416084289551
786.133	1.5489999999999782	trials	[786.2341 786.989       nan      nan]	[ 1.  1. nan nan]	4	2.0	0.7853981633974483	2.0	A	-0.29196950793266296	-7.028502464294434	-2.55045747756958	-0.6337812542915344	-0.9697228670120239	4.109769821166992	-4.760556697845459	7.370073318481445
788.685	2.8220000000000027	trials	[788.78643333 789.6877     790.3413     790.9839    ]	[1. 1. 1. 1.]	4	4.0	0.7853981633974483	2.0	R	-6.4611945152282715	-7.62567663192749	-3.5139989852905273	-3.5866127014160156	-1.1340093612670898	0.8106194734573364	-5.678452968597412	-1.2745745182037354
792.511	2.2830000000000155	trials	[792.61193333 792.81443333 793.57033333 794.2019    ]	[1. 1. 1. 1.]	4	4.0	0.7853981633974483	2.0	R	-1.1298240423202515	0.8014736175537109	5.243232727050781	-4.682522296905518	4.763805866241455	0.2944396138191223	0.057102832943201065	1.9817290306091309
795.798	2.782000000000039	trials	[795.8991     796.8274     797.43693333 798.12163333]	[1. 1. 1. 1.]	4	4.0	0.7853981633974483	2.0	R	4.31845235824585	6.815578460693359	3.9347102642059326	1.7459311485290527	6.253698825836182	-5.432467460632324	7.808435440063477	-0.680331826210022
799.583	3.312000000000012	trials	[nan nan nan nan]	[nan nan nan nan]	4				R	0.0	0.0	0.0	0.0	0.0	0.0	0.0	0.0
803.899	2.8460000000000036	trials	[804.0002     804.69593333 805.49293333 806.13953333]	[1. 1. 1. 1.]	4	4.0	0.7853981633974483	2.0	R	-3.9688520431518555	-0.2541477680206299	-1.2377426624298096	-4.442350387573242	-4.2513933181762695	-8.432075500488281	0.5175532698631287	-6.9296956062316895
807.749	2.6480000000000246	trials	[807.84976667 808.45526667 809.21416667 809.93193333]	[1. 1. 1. 1.]	4	4.0	0.7853981633974483	2.0	R	-1.405604600906372	-2.314344882965088	5.310666084289551	-1.6961679458618164	7.308042049407959	2.887551784515381	2.49902081489563	1.5188617706298828
811.401	2.9880000000000564	trials	[811.50183333 812.27073333 813.2171     813.9038    ]	[1. 1. 1. 1.]	4	4.0	0.7853981633974483	2.0	R	2.2349863052368164	6.511885643005371	-7.122068881988525	-2.8206517696380615	-2.1341729164123535	-3.1683473587036133	-1.0437300205230713	-8.047992706298828
815.393	2.8339999999999463	trials	[815.49373333 816.2406     816.89423333 817.608     ]	[1. 1. 1. 1.]	4	4.0	0.7853981633974483	2.0	R	2.492462396621704	-4.51311731338501	-1.56284499168396	-1.5883126258850098	-0.7530027031898499	4.781667709350586	6.000053405761719	1.9946128129959106
819.23	3.102999999999952	trials	[819.33126667 820.09116667 821.0766     821.74126667]	[1. 1. 1. 1.]	4	4.0	0.7853981633974483	2.0	R	-1.6859322786331177	3.541004180908203	8.743759155273438	0.02153676748275757	5.146834850311279	3.4945952892303467	-5.737738609313965	3.999774217605591
823.336	2.9969999999999573	trials	[823.43746667 824.14823333 824.96426667 825.79533333]	[1. 1. 1. 1.]	4	4.0	0.7853981633974483	2.0	R	-3.434749126434326	-0.43827024102211	0.17032992839813232	7.662215232849121	1.2813023328781128	-5.902451992034912	0.511755108833313	-0.9620272517204285
827.336	2.867999999999938	trials	[827.4374     828.23236667 828.98023333 829.59776667]	[1. 1. 1. 1.]	4	4.0	0.7853981633974483	2.0	R	-3.730314254760742	-4.545607566833496	1.2524746656417847	-4.131100654602051	5.811741828918457	-2.0785210132598877	2.320566177368164	6.313979148864746
831.208	2.9580000000000837	trials	[831.309      832.13606667 832.81273333 833.5586    ]	[1. 1. 1. 1.]	4	4.0	0.7853981633974483	2.0	R	-3.7175981998443604	7.440314769744873	-2.158047676086426	2.6897568702697754	3.390871047973633	-4.5216569900512695	7.763312816619873	-6.946889400482178
835.17	2.6980000000000928	trials	[835.27083333 835.97256667 836.60816667 837.34196667]	[1. 1. 1. 1.]	4	4.0	0.7853981633974483	2.0	R	2.869866132736206	-5.920156955718994	-0.13625125586986542	-1.9247523546218872	7.602327823638916	0.7168716788291931	3.306680679321289	3.275663375854492
838.872	3.34800000000007	trials	[838.97303333 839.79906667 840.50383333 841.30683333]	[1. 1. 1. 1.]	4	4.0	0.7853981633974483	2.0	R	8.342337608337402	2.3432071208953857	3.6672003269195557	4.116082668304443	-7.929776668548584	6.3822340965271	-6.3175506591796875	-8.082082748413086
843.224	2.967999999999961	trials	[843.32483333 844.18696667 844.88873333 845.67266667]	[1. 1. 1. 1.]	4	4.0	0.7853981633974483	2.0	R	-1.3322725296020508	-8.465487480163574	0.6533701419830322	-3.8766727447509766	6.0110087394714355	-3.9909071922302246	1.3758736848831177	-2.115933895111084
847.195	3.350999999999999	trials	[847.2967     848.19293333 849.32773333 849.9543    ]	[1. 1. 1. 1.]	4	4.0	0.7853981633974483	2.0	R	8.54666805267334	-6.377130508422852	-5.576628684997559	-5.267096519470215	-1.2960538864135742	-2.683169364929199	-3.823484420776367	3.2497715950012207
851.549	2.941000000000031	trials	[851.6505     852.48056667 853.12716667 853.7848    ]	[1. 1. 1. 1.]	4	4.0	0.7853981633974483	2.0	R	-3.0991668701171875	-7.991652011871338	-0.41833409667015076	-3.2580766677856445	-0.11043673753738403	3.9531564712524414	4.430335521697998	-5.480466842651367
855.493	3.0419999999999163	trials	[nan nan nan nan]	[nan nan nan nan]	4				R	0.0	0.0	0.0	0.0	0.0	0.0	0.0	0.0
859.538	3.0879999999999654	trials	[nan nan nan nan]	[nan nan nan nan]	4				R	0.0	0.0	0.0	0.0	0.0	0.0	0.0	0.0
863.629	3.102999999999952	trials	[nan nan nan nan]	[nan nan nan nan]	4				R	0.0	0.0	0.0	0.0	0.0	0.0	0.0	0.0
867.735	2.9180000000000064	trials	[867.83666667 868.57853333 869.19406667 870.00106667]	[1. 1. 1. 1.]	4	4.0	0.7853981633974483	2.0	R	6.349456310272217	0.8220840692520142	8.76414680480957	5.200356483459473	-1.1989152431488037	-2.8638722896575928	-6.511042594909668	5.161477565765381
871.656	2.814000000000078	trials	[871.7574     872.58546667 873.22103333 873.85663333]	[1. 1. 1. 1.]	4	4.0	0.7853981633974483	2.0	R	6.167620658874512	3.046992301940918	2.999317169189453	-0.8210629820823669	7.89537239074707	0.19315634667873383	5.0374836921691895	6.497316837310791
875.474	2.8209999999999127	trials	[875.5749     876.37086667 877.04153333 877.6701    ]	[1. 1. 1. 1.]	4	4.0	0.7853981633974483	2.0	R	0.297148197889328	8.087668418884277	0.9723346829414368	3.1334662437438965	2.7512447834014893	8.239476203918457	-0.5669719576835632	4.49923038482666
879.298	2.645999999999958	trials	[879.3994     880.15826667 880.83193333 881.42943333]	[1. 1. 1. 1.]	4	4.0	0.7853981633974483	2.0	R	-4.95010232925415	2.0933690071105957	1.2227357625961304	5.118035793304443	-3.6905617713928223	4.1909403800964355	-1.2413688898086548	8.879270553588867
882.947	3.038000000000011	trials	[883.04843333 883.85043333 884.74766667 885.53763333]	[1. 1. 1. 1.]	4	4.0	0.7853981633974483	2.0	R	-6.231975078582764	8.572920799255371	5.09467887878418	6.54925537109375	6.802376747131348	-4.630545139312744	2.5138845443725586	-2.059779644012451
886.988	2.8159999999999172	trials	[887.08946667 887.92556667 888.5942     889.28393333]	[1. 1. 1. 1.]	4	4.0	0.7853981633974483	2.0	R	7.710789203643799	-3.626798629760742	3.615154266357422	0.8691279888153076	8.360506057739258	2.4444479942321777	4.579115867614746	5.715699195861816
890.808	2.59699999999998	trials	[890.90896667 891.4453     892.19716667 892.87983333]	[1. 1. 1. 1.]	4	4.0	0.7853981633974483	2.0	R	2.7852728366851807	1.0485665798187256	-7.389523506164551	4.940242290496826	-2.906916856765747	2.7252392768859863	-7.733970642089844	4.0289082527160645
894.409	2.866999999999962	trials	[894.5099     895.363      896.05673333 896.71036667]	[1. 1. 1. 1.]	4	4.0	0.7853981633974483	2.0	R	3.2395570278167725	1.6835339069366455	5.358518600463867	7.05625057220459	0.761998176574707	5.088510990142822	-2.7216744422912598	8.675156593322754
898.279	2.951999999999998	trials	[898.3805     899.19853333 899.88523333 900.73636667]	[1. 1. 1. 1.]	4	4.0	0.7853981633974483	2.0	R	-7.054063320159912	6.179078102111816	-7.315451622009277	1.185915231704712	3.2290594577789307	6.573184967041016	-0.27283811569213867	3.004331588745117
902.234	2.8869999999999436	trials	[902.33533333 903.0561     903.7318     904.5037    ]	[1. 1. 1. 1.]	4	4.0	0.7853981633974483	2.0	R	-5.260970115661621	2.660034418106079	-7.821617126464844	-1.6345070600509644	0.25080177187919617	-8.217144012451172	6.298637390136719	-1.9523285627365112
906.125	2.768000000000029	trials	[906.22596667 906.9969     907.69763333 908.35526667]	[1. 1. 1. 1.]	4	4.0	0.7853981633974483	2.0	R	6.2294230461120605	5.129792213439941	1.2580242156982422	4.595757007598877	-3.3440167903900146	2.640963315963745	-7.990767002105713	4.486962795257568
909.896	2.758000000000038	trials	[909.99733333 910.73016667 911.41686667 912.13263333]	[1. 1. 1. 1.]	4	4.0	0.7853981633974483	2.0	R	-0.3039887547492981	0.5430828332901001	-5.2480034828186035	1.2892197370529175	2.470834970474243	-3.6541218757629395	0.048291679471731186	0.7198103666305542
913.657	3.006999999999948	trials	[913.75866667 914.6138     915.27043333 915.99323333]	[1. 1. 1. 1.]	4	4.0	0.7853981633974483	2.0	R	3.337614059448242	5.848088264465332	-1.5785231590270996	4.9361701011657715	-8.825404167175293	-0.4387245774269104	-7.328850269317627	6.998109817504883
917.667	3.1159999999999854	trials	[917.76863333 918.9666     919.64026667 920.31596667]	[1. 1. 1. 1.]	4	4.0	0.7853981633974483	2.0	R	3.0015292167663574	7.144255638122559	-1.6478513479232788	5.304892063140869	-6.278651714324951	3.419239044189453	-6.198070526123047	-1.5801115036010742
921.787	8.882999999999925	trials	[921.88786667 928.76993333 929.48773333 930.15236667]	[1. 1. 1. 1.]	4	4.0	0.7853981633974483	2.0	R	4.8880133628845215	2.4981188774108887	3.596956729888916	7.328561305999756	-1.1788530349731445	5.848142147064209	-4.648635387420654	2.2480576038360596
931.673	3.0739999999999554	trials	[931.7744     932.72376667 933.49866667 934.16533333]	[1. 1. 1. 1.]	4	4.0	0.7853981633974483	2.0	R	8.092127799987793	0.9310091733932495	3.323636054992676	3.802297353744507	4.481551647186279	8.666373252868652	3.2594919204711914	3.8180153369903564
935.75	3.018000000000029	trials	[935.85153333 936.74273333 937.55776667 938.1392    ]	[1. 1. 1. 1.]	4	4.0	0.7853981633974483	2.0	R	2.0435407161712646	8.667908668518066	1.1681344509124756	3.74513840675354	0.13354244828224182	8.636929512023926	-7.983728408813477	3.9599149227142334
939.771	3.0270000000000437	trials	[939.8725     940.7176     941.42436667 942.1221    ]	[1. 1. 1. 1.]	4	4.0	0.7853981633974483	2.0	R	-3.7883269786834717	1.2398767471313477	-6.672430515289307	-5.4438605308532715	-1.6724369525909424	-5.451990127563477	-3.2929494380950928	4.2448201179504395
943.801	2.6959999999999127	trials	[943.9025     944.6193     945.23983333 945.9957    ]	[1. 1. 1. 1.]	4	4.0	0.7853981633974483	2.0	R	-4.256824970245361	-0.6613948345184326	-5.759220123291016	-5.430336952209473	-1.145764946937561	-3.502635955810547	2.92159104347229	-8.42841911315918
947.5	3.0579999999999927	trials	[947.6017     948.32246667 949.04826667 949.95453333]	[1. 1. 1. 1.]	4	4.0	0.7853981633974483	2.0	R	3.860306739807129	-1.2666983604431152	6.829461097717285	2.7562508583068848	-4.1435723304748535	-1.1262485980987549	-0.031865525990724564	-4.165738105773926
951.562	3.1580000000000155	trials	[nan nan nan nan]	[nan nan nan nan]	4				R	0.0	0.0	0.0	0.0	0.0	0.0	0.0	0.0
955.724	2.7719999999999345	trials	[955.8251     956.69026667 957.32183333 957.97243333]	[1. 1. 1. 1.]	4	4.0	0.7853981633974483	2.0	R	7.122247219085693	5.137374401092529	2.342280387878418	3.6704330444335938	-2.447270393371582	2.2350916862487793	-2.6317977905273438	-2.7615020275115967
959.499	1.2730000000000246	trials	[959.60046667 960.28316667          nan          nan]	[ 1.  1. nan nan]	4	2.0	0.7853981633974483	2.0	A	1.87825608253479	-0.6029345989227295	-1.7908034324645996	-3.9996981620788574	1.4130350351333618	-0.16102394461631775	-3.0110065937042236	-2.490799903869629
961.776	3.1700000000000728	trials	[961.87713333 962.8355     963.53223333 964.30716667]	[1. 1. 1. 1.]	4	4.0	0.7853981633974483	2.0	R	2.0953941345214844	-7.145722389221191	8.967061042785645	-6.841403484344482	7.5401482582092285	-2.04933500289917	3.1369659900665283	0.31962770223617554
965.949	2.38900000000001	trials	[966.0505     966.83343333 967.48103333 967.68856667]	[1. 1. 1. 1.]	4	4.0	0.7853981633974483	2.0	A	7.572005271911621	-1.9891437292099	1.537441372871399	2.9030885696411133	-2.780613899230957	-1.0612150430679321	-4.809789180755615	-5.630946636199951
969.342	2.969000000000051	trials	[969.4429     970.22586667 970.8454     971.64136667]	[1. 1. 1. 1.]	4	4.0	0.7853981633974483	2.0	R	-7.265900611877441	-5.475747585296631	-5.608654499053955	-0.7583825588226318	4.675411701202393	-6.255711078643799	8.714705467224121	-3.3088314533233643
973.315	1.7099999999999227	trials	[973.41576667 974.1125              nan          nan]	[ 1.  1. nan nan]	4	2.0	0.7853981633974483	2.0	A	6.707248210906982	1.2704823017120361	-4.697333812713623	-4.499608516693115	0.2553418278694153	-3.8133108615875244	-2.9182558059692383	8.441433906555176
976.028	2.80499999999995	trials	[976.1295     976.94953333 977.6633     978.2678    ]	[1. 1. 1. 1.]	4	4.0	0.7853981633974483	2.0	R	-8.900768280029297	-7.207215309143066	-3.918224573135376	-6.789777755737305	0.7669181227684021	-5.043513298034668	4.788198947906494	-2.072099208831787
979.837	2.8700000000000045	trials	[979.93796667 980.8432     981.5239     982.1725    ]	[1. 1. 1. 1.]	4	4.0	0.7853981633974483	2.0	R	4.657337188720703	2.9261879920959473	4.386364459991455	-6.846043586730957	8.611659049987793	-4.172677040100098	7.047621726989746	0.576405942440033
983.71	3.038000000000011	trials	[983.81156667 984.49926667 985.189      986.10626667]	[1. 1. 1. 1.]	4	4.0	0.7853981633974483	2.0	R	3.6620748043060303	4.255817890167236	7.510061740875244	-0.6383614540100098	-5.610865116119385	1.27586829662323	-4.649536609649658	-4.390442848205566
987.751	2.754000000000019	trials	[987.8526     988.59243333 989.29116667 989.9849    ]	[1. 1. 1. 1.]	4	4.0	0.7853981633974483	2.0	R	2.3605384826660156	-1.130412220954895	6.838905334472656	-3.3539743423461914	5.607387065887451	1.4919891357421875	6.4285664558410645	6.4240946769714355
991.509	2.7169999999999845	trials	[991.60993333 992.37883333 993.17583333 993.79536667]	[1. 1. 1. 1.]	4	4.0	0.7853981633974483	2.0	R	1.6297328472137451	7.828087329864502	-5.069626331329346	4.285062313079834	-5.076117992401123	-0.7149333953857422	-2.6232354640960693	-5.071924209594727
995.23	2.7889999999999873	trials	[995.33116667 996.01486667 996.7938     997.50056667]	[1. 1. 1. 1.]	4	4.0	0.7853981633974483	2.0	R	-0.4958021938800812	1.7757161855697632	4.357527256011963	6.804222106933594	-0.5229238271713257	7.891050815582275	-4.569942474365234	4.954787731170654
999.022	2.8029999999999973	trials	[ 999.1236      999.7792     1000.58623333 1001.25086667]	[1. 1. 1. 1.]	4	4.0	0.7853981633974483	2.0	R	-1.0373492240905762	0.4654301106929779	3.327547073364258	-6.725861549377441	7.014469623565674	-3.3484954833984375	8.5401029586792	1.4130635261535645
1002.829	3.0720000000000027	trials	[1002.93003333 1003.70996667 1004.41573333 1005.18263333]	[1. 1. 1. 1.]	4	4.0	0.7853981633974483	2.0	R	-3.4157886505126953	5.356538772583008	1.9000132083892822	4.948172092437744	-6.087770938873291	7.10390567779541	-2.932593822479248	3.2251358032226562
1006.905	2.1720000000000255	trials	[1007.00616667 1007.88133333 1008.54496667           nan]	[ 1.  1.  1. nan]	4	3.0	0.7853981633974483	2.0	A	-6.129183769226074	7.06984806060791	-4.3387250900268555	2.4014158248901367	0.9626935124397278	3.938220500946045	5.915557861328125	4.62315559387207
1010.081	2.7889999999999873	trials	[1010.18203333 1010.8938     1011.6156     1012.35243333]	[1. 1. 1. 1.]	4	4.0	0.7853981633974483	2.0	R	-0.499860554933548	-0.8430905342102051	-7.233144760131836	-6.534369945526123	4.334558010101318	-2.145362615585327	1.5429613590240479	2.002768039703369
1013.873	2.65199999999993	trials	[1013.97446667 1014.73333333 1015.403      1016.02053333]	[1. 1. 1. 1.]	4	4.0	0.7853981633974483	2.0	R	-1.2865612506866455	6.1251220703125	-3.489656686782837	1.6366511583328247	-4.0486907958984375	-5.479621887207031	-4.362607002258301	-0.48948580026626587
1017.528	2.6920000000000073	trials	[1017.62953333 1018.3092     1018.95783333 1019.68363333]	[1. 1. 1. 1.]	4	4.0	0.7853981633974483	2.0	R	0.6372710466384888	-0.454569935798645	-3.905038595199585	-2.544408082962036	0.9584560394287109	-6.506756782531738	2.892656087875366	-1.8960224390029907
1021.223	2.5120000000000573	trials	[1021.3247     1022.2179     1023.00886667           nan]	[ 1.  1.  1. nan]	4	3.0	0.7853981633974483	2.0	A	5.868001461029053	7.59385347366333	-4.798577785491943	0.07549981772899628	4.955646514892578	4.473886489868164	-7.163053035736084	2.8987600803375244
1024.738	3.2269999999998618	trials	[1024.83943333 1025.81183333 1026.67196667 1027.3707    ]	[1. 1. 1. 1.]	4	4.0	0.7853981633974483	2.0	R	0.4157024621963501	6.568858623504639	7.10334587097168	4.750150203704834	-2.1971588134765625	1.971181035041809	4.090593338012695	-2.073897361755371
1028.969	3.370999999999867	trials	[nan nan nan nan]	[nan nan nan nan]	4				R	0.0	0.0	0.0	0.0	0.0	0.0	0.0	0.0
1033.344	2.1749999999999545	trials	[1033.4448     1033.6483     1034.23876667 1034.91343333]	[1. 1. 1. 1.]	4	4.0	0.7853981633974483	2.0	R	0.2218990921974182	1.5368648767471313	1.5152608156204224	-3.2929606437683105	6.436614513397217	-4.176294803619385	5.434767723083496	0.7223074436187744
1036.522	3.150000000000091	trials	[1036.62366667 1037.53593333 1038.25373333 1038.93743333]	[1. 1. 1. 1.]	4	4.0	0.7853981633974483	2.0	R	4.909785747528076	-7.858745098114014	2.407503604888916	-3.5299365520477295	-2.426158905029297	0.4595121741294861	8.064682960510254	-1.4837373495101929
1040.676	2.83400000000006	trials	[1040.777      1041.40453333 1042.09626667 1042.90426667]	[1. 1. 1. 1.]	4	4.0	0.7853981633974483	2.0	R	3.134338140487671	-0.6520524621009827	-0.5228988528251648	2.757436752319336	-8.153924942016602	2.873377799987793	-3.511263847351074	1.0171180963516235
1044.513	2.913000000000011	trials	[1044.6145     1045.44156667 1046.0942     1046.83803333]	[1. 1. 1. 1.]	4	4.0	0.7853981633974483	2.0	R	6.7630839347839355	-4.035754680633545	2.394422769546509	-1.603718638420105	0.5976966023445129	5.127099990844727	-3.764214277267456	7.571221828460693
1048.429	2.867999999999938	trials	[1048.53023333 1049.38836667 1050.06906667 1050.70163333]	[1. 1. 1. 1.]	4	4.0	0.7853981633974483	2.0	R	5.131373882293701	-2.5156033039093018	3.1680080890655518	2.082787275314331	8.167490005493164	2.010791063308716	2.6807684898376465	-5.792318344116211
1052.301	2.9680000000000746	trials	[1052.40183333 1053.1076     1054.05896667 1054.73863333]	[1. 1. 1. 1.]	4	4.0	0.7853981633974483	2.0	R	0.4501219391822815	-1.3174759149551392	-3.6969780921936035	8.693429946899414	-6.624477863311768	4.6400675773620605	-3.785154104232788	0.5244582295417786
1056.272	2.8780000000001564	trials	[1056.3737     1057.08646667 1057.66993333 1058.5922    ]	[1. 1. 1. 1.]	4	4.0	0.7853981633974483	2.0	R	-6.070342540740967	-4.586715221405029	-1.437934160232544	-2.7050161361694336	-8.578536033630371	-0.6410210728645325	-4.9940972328186035	-4.1269636154174805
1060.153	3.6829999999999927	trials	[nan nan nan nan]	[nan nan nan nan]	4				R	0.0	0.0	0.0	0.0	0.0	0.0	0.0	0.0
1064.84	3.158000000000129	trials	[1064.94096667 1065.7971     1066.86976667 1067.4933    ]	[1. 1. 1. 1.]	4	4.0	0.7853981633974483	2.0	R	8.117253303527832	1.2842683792114258	-1.2703436613082886	-1.0558873414993286	3.451371908187866	-2.700697898864746	1.0313066244125366	1.6746060848236084
1069.001	2.8910000000000764	trials	[1069.1023     1069.85716667 1070.5549     1071.25766667]	[1. 1. 1. 1.]	4	4.0	0.7853981633974483	2.0	R	-3.7146506309509277	3.2481017112731934	-1.8954079151153564	-1.4091888666152954	2.7572574615478516	-8.214860916137695	7.5895609855651855	-6.930787563323975
1072.896	0.21199999999998909	trials	[1072.99696667           nan           nan           nan]	[ 1. nan nan nan]	4	1.0	0.7853981633974483	2.0	A	4.2903594970703125	-3.1737582683563232	8.284714698791504	-6.181269645690918	4.7299723625183105	-2.6650493144989014	4.519349098205566	2.540741443634033
1074.112	2.7669999999998254	trials	[1074.213      1075.11423333 1075.76483333 1076.38436667]	[1. 1. 1. 1.]	4	4.0	0.7853981633974483	2.0	R	5.373440742492676	6.992648124694824	1.6152187585830688	3.694805145263672	2.5875298976898193	-2.6878819465637207	-0.10015416890382767	2.1411802768707275
1077.882	2.793999999999869	trials	[1077.98333333 1078.75126667 1079.44196667 1080.1387    ]	[1. 1. 1. 1.]	4	4.0	0.7853981633974483	2.0	R	-5.033330917358398	2.9558980464935303	-7.617275238037109	7.236462593078613	-4.815462112426758	3.0952258110046387	-0.4697575867176056	0.6224027276039124
1081.68	3.477999999999838	trials	[1081.78076667 1082.53363333 1083.30956667 1084.09753333]	[1. 1. 1. 1.]	4	4.0	0.7853981633974483	2.0	R	-4.443369388580322	-2.4124627113342285	1.5729243755340576	5.329723358154297	8.123261451721191	8.999943733215332	3.2102856636047363	8.07114315032959
1086.162	2.6959999999999127	trials	[1086.2629     1086.9436     1087.69546667 1088.33603333]	[1. 1. 1. 1.]	4	4.0	0.7853981633974483	2.0	R	-0.826493501663208	5.120818614959717	-5.421308517456055	3.149099588394165	-0.44340696930885315	2.679527759552002	-5.431700706481934	2.3375847339630127
1089.862	2.9169999999999163	trials	[1089.9631     1090.83323333 1091.6252     1092.3119    ]	[1. 1. 1. 1.]	4	4.0	0.7853981633974483	2.0	R	-8.177093505859375	-1.8412693738937378	-6.3224968910217285	-6.484594821929932	-3.321413993835449	-2.485407590866089	1.6353658437728882	-1.8294086456298828
1093.783	2.836999999999989	trials	[1093.88383333 1094.6798     1095.39056667 1096.0963    ]	[1. 1. 1. 1.]	4	4.0	0.7853981633974483	2.0	R	-4.667415142059326	3.6260459423065186	-2.727684736251831	-0.982364296913147	5.381833076477051	2.273683547973633	-1.7106250524520874	4.2611894607543945
1097.623	6.378999999999905	trials	[1097.72436667 1101.98093333 1102.87013333 1103.52273333]	[1. 1. 1. 1.]	4	4.0	0.7853981633974483	2.0	R	-3.7919626235961914	-0.28502145409584045	-7.899421215057373	-3.1361236572265625	-3.2268102169036865	-1.3565995693206787	-3.207991123199463	-6.606122970581055
1105.005	2.724999999999909	trials	[1105.10666667 1105.78736667 1106.59136667 1107.249     ]	[1. 1. 1. 1.]	4	4.0	0.7853981633974483	2.0	R	0.23770348727703094	-2.9829769134521484	-7.342951774597168	0.630496621131897	-2.6688129901885986	-1.1450108289718628	-2.9724185466766357	-6.537651538848877
1108.734	3.1420000000000528	trials	[1108.83493333 1109.68303333 1110.58726667 1111.33913333]	[1. 1. 1. 1.]	4	4.0	0.7853981633974483	2.0	R	2.72245454788208	-6.042788028717041	6.907236576080322	-3.3064401149749756	1.3938556909561157	-1.1648509502410889	0.6398057341575623	3.7779629230499268
1112.88	2.9299999999998363	trials	[1112.98123333 1113.8925     1114.63133333 1115.27793333]	[1. 1. 1. 1.]	4	4.0	0.7853981633974483	2.0	R	-2.5169975757598877	7.655409336090088	1.4591368436813354	4.623849868774414	-5.314807891845703	0.10579685121774673	-6.5833635330200195	-4.730603218078613
1116.814	2.7229999999999563	trials	[1116.915      1117.721      1118.35656667 1118.99916667]	[1. 1. 1. 1.]	4	4.0	0.7853981633974483	2.0	R	2.4563944339752197	-1.3727205991744995	-2.4201128482818604	-2.4771101474761963	2.527343511581421	-3.2000732421875	7.408652305603027	-2.1171040534973145
1120.54	2.588999999999942	trials	[1120.64123333 1121.3079     1121.9144     1122.53693333]	[1. 1. 1. 1.]	4	4.0	0.7853981633974483	2.0	R	2.8109288215637207	-0.1521775722503662	-1.2980875968933105	-3.0010342597961426	-6.109864711761475	-1.6420645713806152	-1.1742852926254272	-2.4420981407165527
1124.133	3.0960000000000036	trials	[1124.23416667 1125.07926667 1125.9474     1126.61206667]	[1. 1. 1. 1.]	4	4.0	0.7853981633974483	2.0	R	-3.7866358757019043	-6.8579583168029785	2.2585136890411377	-2.7620208263397217	-5.284372329711914	-8.855608940124512	-1.4228235483169556	-5.679378509521484
1128.232	2.82100000000014	trials	[1128.33333333 1129.05713333 1129.8962     1130.4967    ]	[1. 1. 1. 1.]	4	4.0	0.7853981633974483	2.0	R	-5.2712483406066895	1.7830710411071777	2.5482900142669678	-3.3205931186676025	5.717128753662109	0.5470237731933594	0.28082481026649475	0.49654287099838257
1132.057	2.83199999999988	trials	[1132.15783333 1133.05103333 1133.70066667 1134.33423333]	[1. 1. 1. 1.]	4	4.0	0.7853981633974483	2.0	R	0.7568088173866272	5.473834991455078	-3.5630972385406494	2.9562149047851562	-1.1100927591323853	-1.4007072448730469	0.9077765345573425	-8.722323417663574
1135.892	2.9149999999999636	trials	[1135.99336667 1136.80836667 1137.5402     1138.23693333]	[1. 1. 1. 1.]	4	4.0	0.7853981633974483	2.0	R	3.8312764167785645	-4.666075229644775	8.755075454711914	-5.535676956176758	6.984484672546387	-0.8596733808517456	4.84279727935791	3.6584208011627197
1139.811	2.408000000000129	trials	[1139.91206667 1140.8123     1141.54813333           nan]	[ 1.  1.  1. nan]	4	3.0	0.7853981633974483	2.0	A	-2.1075425148010254	7.030936241149902	2.1980721950531006	-0.5999870300292969	1.959712028503418	7.082972049713135	-6.580117702484131	6.446783065795898
1143.222	3.1970000000001164	trials	[nan nan nan nan]	[nan nan nan nan]	4				R	0.0	0.0	0.0	0.0	0.0	0.0	0.0	0.0
1147.423	3.1469999999999345	trials	[1147.52396667 1148.47433333 1149.35553333 1150.09436667]	[1. 1. 1. 1.]	4	4.0	0.7853981633974483	2.0	R	4.951557159423828	8.996946334838867	8.734944343566895	-3.219632625579834	1.990052580833435	3.3763458728790283	2.2134878635406494	-1.618659257888794
1151.573	3.1699999999998454	trials	[1151.67426667 1152.46023333 1153.2201     1153.96796667]	[1. 1. 1. 1.]	4	4.0	0.7853981633974483	2.0	R	6.896728992462158	-3.3700172901153564	2.0225656032562256	0.8555430173873901	2.8704748153686523	-6.287970066070557	-2.0787017345428467	4.703732967376709
1155.746	2.91599999999994	trials	[1155.84763333 1156.5544     1157.4847     1158.15636667]	[1. 1. 1. 1.]	4	4.0	0.7853981633974483	2.0	R	-6.851765155792236	3.2144827842712402	-0.19386087357997894	-7.944354057312012	-0.19085261225700378	-2.944354772567749	-5.093946933746338	-3.9239799976348877
1159.665	2.7970000000000255	trials	[1159.76636667 1160.6245     1161.3543     1161.9608    ]	[1. 1. 1. 1.]	4	4.0	0.7853981633974483	2.0	R	2.328453302383423	3.3189537525177	5.401760578155518	7.262908935546875	4.400100231170654	2.3642685413360596	0.26651281118392944	-0.44881778955459595
1163.466	2.7560000000000855	trials	[1163.5668     1164.30363333 1165.02643333 1165.72416667]	[1. 1. 1. 1.]	4	4.0	0.7853981633974483	2.0	R	4.759281635284424	-2.643134832382202	8.700592041015625	3.4722940921783447	3.8481905460357666	2.266392469406128	5.339937686920166	7.038675785064697
1167.226	2.588999999999942	trials	[1167.32713333 1167.97976667 1168.58626667 1169.2128    ]	[1. 1. 1. 1.]	4	4.0	0.7853981633974483	2.0	R	0.7454010248184204	5.066308975219727	-3.0371031761169434	1.7963452339172363	-7.683631420135498	3.6429033279418945	-7.119562149047852	-1.3251774311065674
1170.819	2.7490000000000236	trials	[1170.92006667 1171.69396667 1172.45186667 1173.1125    ]	[1. 1. 1. 1.]	4	4.0	0.7853981633974483	2.0	R	-6.2047119140625	4.6844072341918945	-8.759077072143555	0.38612639904022217	-4.388726234436035	-2.042872428894043	-5.731684684753418	-6.859143257141113
1174.571	2.678000000000111	trials	[1174.67236667 1175.3661     1176.0518     1176.72646667]	[1. 1. 1. 1.]	4	4.0	0.7853981633974483	2.0	R	-1.48186457157135	-3.9727694988250732	-3.655604124069214	0.5299915075302124	-6.916304111480713	-3.2605013847351074	-2.526857614517212	-5.654819488525391
1178.252	2.9780000000000655	trials	[1178.3535     1179.26276667 1180.0407     1180.75246667]	[1. 1. 1. 1.]	4	4.0	0.7853981633974483	2.0	R	-6.408552169799805	7.565380573272705	-4.589926242828369	2.907849073410034	4.058313369750977	-1.3717588186264038	-0.08861373364925385	-4.1651434898376465
1182.233	2.8940000000000055	trials	[1182.3344     1183.0642     1183.69076667 1184.34636667]	[1. 1. 1. 1.]	4	4.0	0.7853981633974483	2.0	R	4.470643520355225	-2.112541675567627	-1.828627586364746	-4.419884204864502	4.487340927124023	-2.829160213470459	7.5685882568359375	6.094570159912109
1186.131	3.036999999999807	trials	[1186.23206667 1187.38293333 1188.00246667 1188.60896667]	[1. 1. 1. 1.]	4	4.0	0.7853981633974483	2.0	R	2.9636192321777344	8.042455673217773	0.8074719309806824	3.5312440395355225	-0.4607195258140564	8.3677396774292	-4.262643337249756	5.120375633239746
1190.172	2.7639999999998963	trials	[1190.2731     1190.98086667 1191.6485     1192.3643    ]	[1. 1. 1. 1.]	4	4.0	0.7853981633974483	2.0	R	-1.2070319652557373	1.1626945734024048	-5.249238967895508	-4.3448638916015625	-0.2663908004760742	-3.9310734272003174	-2.6913259029388428	0.4415333867073059
1193.939	3.050999999999931	trials	[1194.04043333 1195.0319     1195.89506667 1196.4344    ]	[1. 1. 1. 1.]	4	4.0	0.7853981633974483	2.0	R	-8.236258506774902	6.432508945465088	-4.213754177093506	3.462751865386963	-0.13139933347702026	-1.3834469318389893	4.680345058441162	-2.742532968521118
1197.993	3.435000000000173	trials	[nan nan nan nan]	[nan nan nan nan]	4				R	0.0	0.0	0.0	0.0	0.0	0.0	0.0	0.0
1202.431	3.0879999999999654	trials	[1202.53253333 1203.23026667 1203.90593333 1205.02773333]	[1. 1. 1. 1.]	4	4.0	0.7853981633974483	2.0	R	-2.1204628944396973	2.5256481170654297	2.8312971591949463	1.8327752351760864	-5.731475353240967	1.2632825374603271	-8.495561599731445	-2.9032301902770996
1206.522	2.685000000000173	trials	[1206.62366667 1207.17706667 1207.87176667 1208.57953333]	[1. 1. 1. 1.]	4	4.0	0.7853981633974483	2.0	R	-0.6159700751304626	-0.6700679063796997	4.359654426574707	-0.17695674300193787	2.9793033599853516	4.628730773925781	5.540216445922852	8.923113822937012
1210.211	2.9680000000000746	trials	[1210.31183333 1211.0998     1211.87873333 1212.6266    ]	[1. 1. 1. 1.]	4	4.0	0.7853981633974483	2.0	R	0.5930185317993164	8.198382377624512	-4.402388572692871	7.984126567840576	-2.5592257976531982	3.3362505435943604	2.895977020263672	6.649656772613525
1214.182	3.1900000000000546	trials	[nan nan nan nan]	[nan nan nan nan]	4				R	0.0	0.0	0.0	0.0	0.0	0.0	0.0	0.0
1218.376	3.241999999999962	trials	[1218.4771     1219.18786667 1220.29463333 1221.06753333]	[1. 1. 1. 1.]	4	4.0	0.7853981633974483	2.0	R	3.344639539718628	5.214824199676514	-1.654306173324585	5.317498207092285	4.812884330749512	1.3745183944702148	1.9851385354995728	5.498091220855713
1222.621	2.852999999999838	trials	[1222.72263333 1223.0635     1223.9517     1224.85593333]	[1. 1. 1. 1.]	4	4.0	0.7853981633974483	2.0	R	0.19783833622932434	0.8284491896629333	7.530821323394775	3.921642780303955	5.8436431884765625	-8.11679458618164	4.574241638183594	-3.280616283416748
1226.478	2.9529999999999745	trials	[1226.57923333 1227.35013333 1228.05286667 1228.7466    ]	[1. 1. 1. 1.]	4	4.0	0.7853981633974483	2.0	R	6.325518608093262	1.402654767036438	1.9940035343170166	3.9002487659454346	-1.1848535537719727	7.7596354484558105	-4.84882116317749	-4.738820552825928
1230.435	3.158000000000129	trials	[1230.53603333 1231.43426667 1232.24226667 1232.91593333]	[1. 1. 1. 1.]	4	4.0	0.7853981633974483	2.0	R	-0.6084750890731812	-7.388247489929199	-8.438572883605957	-3.916163444519043	-3.505971908569336	-3.097968101501465	2.373159885406494	6.612696647644043
1234.596	9.016000000000076	trials	[1234.69736667 1241.66766667 1242.34336667 1243.03606667]	[1. 1. 1. 1.]	4	4.0	0.7853981633974483	2.0	R	-0.5787684917449951	2.577090263366699	-5.143099308013916	4.618385314941406	-3.8545033931732178	-0.21271391212940216	1.4266756772994995	-2.3333752155303955
1244.615	2.9860000000001037	trials	[1244.71623333 1245.55833333 1246.2631     1247.0761    ]	[1. 1. 1. 1.]	4	4.0	0.7853981633974483	2.0	R	-3.966643810272217	1.6754194498062134	0.9823921918869019	2.387489080429077	4.836456775665283	-4.679906368255615	-0.8892937302589417	-5.6296491622924805
1248.605	3.336999999999989	trials	[1248.70613333 1249.38783333 1250.2109     1250.99883333]	[1. 1. 1. 1.]	4	4.0	0.7853981633974483	2.0	R	3.0099782943725586	-2.4998443126678467	-4.07291841506958	2.871539354324341	4.489902496337891	-3.273735284805298	-3.158475399017334	-5.467453479766846
1252.946	2.7870000000000346	trials	[1253.04693333 1253.73763333 1254.46243333 1255.15416667]	[1. 1. 1. 1.]	4	4.0	0.7853981633974483	2.0	R	1.7269258499145508	-0.45217934250831604	-2.930955410003662	-2.269909143447876	4.77325439453125	-2.6799919605255127	6.473564624786377	2.0220229625701904
1256.736	2.9729999999999563	trials	[1256.83733333 1257.90396667 1258.52853333 1259.18216667]	[1. 1. 1. 1.]	4	4.0	0.7853981633974483	2.0	R	-8.24709701538086	0.5055938363075256	-8.54369068145752	-4.485601425170898	-6.604763507843018	0.9260566830635071	-5.446949005126953	-3.9380431175231934
1260.713	3.086999999999989	trials	[1260.8142     1261.60716667 1262.44223333 1263.12493333]	[1. 1. 1. 1.]	4	4.0	0.7853981633974483	2.0	R	2.270336389541626	-8.758084297180176	-4.009407997131348	-4.77373743057251	-7.707717418670654	2.4564127922058105	-2.817021369934082	1.416656732559204
1264.803	2.8859999999999673	trials	[1264.90436667 1265.63516667 1266.26373333 1266.95343333]	[1. 1. 1. 1.]	4	4.0	0.7853981633974483	2.0	R	-4.789401054382324	-3.177874803543091	-2.597177267074585	-7.671665668487549	2.287623405456543	-8.738775253295898	5.809963703155518	-5.190096378326416
1268.693	2.6959999999999127	trials	[1268.794      1269.4777     1270.16843333 1270.78696667]	[1. 1. 1. 1.]	4	4.0	0.7853981633974483	2.0	R	-1.8451952934265137	-1.3957440853118896	2.9005744457244873	4.058869361877441	-2.0819764137268066	3.641514778137207	-6.234402179718018	6.426718711853027
1272.393	2.606999999999971	trials	[1272.4942     1273.1388     1273.79143333 1274.44503333]	[1. 1. 1. 1.]	4	4.0	0.7853981633974483	2.0	R	-2.5642144680023193	2.5305492877960205	-7.5550971031188965	2.832359552383423	-3.3071441650390625	0.19514620304107666	0.7959377765655518	6.711898326873779
1276.004	3.009999999999991	trials	[1276.10516667 1276.81493333 1277.59586667 1278.3367    ]	[1. 1. 1. 1.]	4	4.0	0.7853981633974483	2.0	R	2.262516736984253	1.9318203926086426	-8.601215362548828	-5.192445755004883	-8.986258506774902	2.3661251068115234	-8.465910911560059	-2.606724977493286
1280.018	2.6469999999999345	trials	[1280.11913333 1280.84693333 1281.53663333 1282.18726667]	[1. 1. 1. 1.]	4	4.0	0.7853981633974483	2.0	R	-4.703853130340576	-5.900191783905029	-0.7515736818313599	-2.8375964164733887	-0.245965838432312	2.723879814147949	0.7737205624580383	-4.050443172454834
1283.669	10.09699999999998	trials	[1283.7702     1292.2683     1293.15046667           nan]	[ 1.  1.  1. nan]	4	3.0	0.7853981633974483	2.0	A	4.4227070808410645	-0.6321253776550293	-6.217186450958252	0.8133971095085144	-6.652235984802246	-4.167640209197998	-1.8777663707733154	-2.6829049587249756
1294.77	3.227000000000089	trials	[1294.87073333 1296.0256     1296.72636667 1297.41006667]	[1. 1. 1. 1.]	4	4.0	0.7853981633974483	2.0	R	-4.547362804412842	5.670558929443359	-0.8275463581085205	2.329456329345703	-3.7210817337036133	6.472230911254883	-8.395979881286621	4.69872522354126
1299.0	3.1030000000000655	trials	[1299.10123333 1299.30476667 1300.27516667 1301.3328    ]	[1. 1. 1. 1.]	4	4.0	0.7853981633974483	2.0	R	-3.578403949737549	3.3604578971862793	-8.230953216552734	1.5291224718093872	-6.979789733886719	8.153130531311035	1.6588984727859497	7.5525736808776855
1303.106	2.729000000000042	trials	[1303.20743333 1303.84203333 1304.62596667 1305.2816    ]	[1. 1. 1. 1.]	4	4.0	0.7853981633974483	2.0	R	-1.7009987831115723	3.849724531173706	-6.407808780670166	2.162733316421509	-2.95709228515625	-1.4556303024291992	2.0307118892669678	-1.106616497039795
1306.838	2.9980000000000473	trials	[1306.9397     1307.8269     1308.50056667 1309.2364    ]	[1. 1. 1. 1.]	4	4.0	0.7853981633974483	2.0	R	6.425911903381348	-5.925507068634033	3.6865622997283936	-1.7426892518997192	8.566694259643555	-0.6544268727302551	6.479340076446533	3.8890247344970703
1310.839	3.188000000000102	trials	[1310.94063333 1311.74063333 1312.5356     1313.4619    ]	[1. 1. 1. 1.]	4	4.0	0.7853981633974483	2.0	R	3.34924578666687	7.788064479827881	-4.045022964477539	3.738377094268799	8.140792846679688	4.40688943862915	3.3290719985961914	1.9534130096435547
1315.031	2.9980000000000473	trials	[1315.13203333 1315.98116667 1316.74906667 1317.51196667]	[1. 1. 1. 1.]	4	4.0	0.7853981633974483	2.0	R	3.3689115047454834	6.953254222869873	-1.6080135107040405	6.473443984985352	-5.995926856994629	8.870570182800293	-5.023260116577148	3.9660911560058594
1319.033	3.2789999999999964	trials	[1319.13396667 1320.16753333 1321.0738     1321.8437    ]	[1. 1. 1. 1.]	4	4.0	0.7853981633974483	2.0	R	8.31348705291748	0.8751213550567627	3.5754995346069336	2.472454309463501	-2.002840757369995	-2.1053404808044434	-2.6816534996032715	3.3292899131774902
1323.315	2.894999999999982	trials	[1323.4166     1324.16046667 1325.03963333 1325.68423333]	[1. 1. 1. 1.]	4	4.0	0.7853981633974483	2.0	R	1.8470807075500488	7.6571125984191895	0.38993948698043823	2.8741490840911865	-3.548008441925049	-0.2068518102169037	-3.028286933898926	-5.179767608642578
1327.213	2.3420000000000982	trials	[1327.3143 1327.5168 1328.2817 1328.8902]	[1. 1. 1. 1.]	4	4.0	0.7853981633974483	2.0	R	-0.9093338847160339	-0.6509664058685303	-0.23199592530727386	-7.5792999267578125	4.5410661697387695	-6.09004545211792	3.1970291137695312	-1.2740755081176758
1330.558	2.900000000000091	trials	[1330.6596     1331.32723333 1332.25253333 1332.81793333]	[1. 1. 1. 1.]	4	4.0	0.7853981633974483	2.0	R	3.8243634700775146	3.686413526535034	-6.373010635375977	-0.7456855773925781	-2.7254011631011963	2.6741015911102295	4.4835309982299805	-1.525142788887024
1334.461	2.8589999999999236	trials	[1334.56226667 1335.30813333 1335.9878     1336.80183333]	[1. 1. 1. 1.]	4	4.0	0.7853981633974483	2.0	R	-3.1385996341705322	-1.1800835132598877	-5.037257671356201	3.4453999996185303	8.087949752807617	3.157788038253784	4.724148273468018	6.857090950012207
1338.324	3.078999999999951	trials	[1338.42486667 1339.31406667 1340.15516667 1340.92206667]	[1. 1. 1. 1.]	4	4.0	0.7853981633974483	2.0	R	-0.13796357810497284	8.023223876953125	-8.241717338562012	5.692625522613525	-3.5685153007507324	3.9146535396575928	-5.107306957244873	-0.8426693081855774
1342.407	3.310000000000173	trials	[1342.508      1343.6328     1344.38466667 1345.23276667]	[1. 1. 1. 1.]	4	4.0	0.7853981633974483	2.0	R	4.969318389892578	7.949089050292969	-0.02482292428612709	8.191061019897461	7.101806163787842	0.5396271347999573	6.751646995544434	5.527350902557373
1346.72	2.769999999999982	trials	[1346.8217     1347.51743333 1348.16203333 1348.8327    ]	[1. 1. 1. 1.]	4	4.0	0.7853981633974483	2.0	R	1.9057785272598267	6.759242534637451	-0.73610919713974	2.514195203781128	-4.488429546356201	-0.7903612852096558	4.727834701538086	-4.701200485229492
1350.494	3.41800000000012	trials	[1350.59506667 1351.55146667 1352.3815     1353.3439    ]	[1. 1. 1. 1.]	4	4.0	0.7853981633974483	2.0	R	-1.898041844367981	7.864819049835205	-4.612983226776123	-5.305785179138184	2.7568161487579346	-3.167161226272583	5.008034706115723	1.2973673343658447
1354.916	2.9950000000001182	trials	[1355.01706667 1355.7158     1356.5669     1357.32376667]	[1. 1. 1. 1.]	4	4.0	0.7853981633974483	2.0	R	-3.76789927482605	-0.45979875326156616	7.91095495223999	1.0042060613632202	5.998338222503662	5.623935222625732	1.3502510786056519	3.7813057899475098
1358.915	2.951999999999998	trials	[1359.01596667 1359.68363333 1360.4375     1361.0781    ]	[1. 1. 1. 1.]	4	4.0	0.7853981633974483	2.0	R	-3.129085063934326	1.5596964359283447	-0.08397333323955536	-2.406068801879883	-0.2965972125530243	-7.774595737457275	2.7888455390930176	1.711808681488037
1362.871	2.7569999999998345	trials	[1362.9718     1363.7026     1364.38933333 1365.1101    ]	[1. 1. 1. 1.]	4	4.0	0.7853981633974483	2.0	R	3.7650375366210938	-3.1919703483581543	2.7130539417266846	1.6961101293563843	2.3324012756347656	7.040531635284424	-2.656705141067505	7.3704047203063965
1366.632	3.17899999999986	trials	[1366.73313333 1367.477      1368.09953333 1369.10403333]	[1. 1. 1. 1.]	4	4.0	0.7853981633974483	2.0	R	4.10959529876709	4.134844779968262	5.16458797454834	-0.7525870203971863	-6.7117533683776855	-2.424692153930664	-5.7504563331604	8.834879875183105
1370.814	3.0019999999999527	trials	[1370.91553333 1371.62126667 1372.53653333 1373.2383    ]	[1. 1. 1. 1.]	4	4.0	0.7853981633974483	2.0	R	-1.3866350650787354	6.39417028427124	7.611149311065674	2.468301296234131	3.141132116317749	4.708602428436279	-1.2552443742752075	7.090171813964844
1374.819	3.0009999999999764	trials	[1374.92046667 1375.79263333 1376.6227     1377.2673    ]	[1. 1. 1. 1.]	4	4.0	0.7853981633974483	2.0	R	-6.161404132843018	6.126016616821289	-6.0803351402282715	-3.3216054439544678	-1.6417526006698608	-1.0196529626846313	3.7278828620910645	-6.871840476989746
1378.823	3.321999999999889	trials	[1378.9244     1379.72236667 1380.89026667 1381.579     ]	[1. 1. 1. 1.]	4	4.0	0.7853981633974483	2.0	R	-2.921165704727173	4.443556785583496	2.0102877616882324	-8.443822860717773	6.603215217590332	-6.467710494995117	4.439423561096191	-1.9601606130599976
1383.149	2.7650000000001	trials	[1383.25013333 1383.9158     1384.58646667 1385.3313    ]	[1. 1. 1. 1.]	4	4.0	0.7853981633974483	2.0	R	-0.16023123264312744	-3.920562505722046	4.724752426147461	-2.8542916774749756	3.6253414154052734	2.0233404636383057	-3.0290706157684326	0.809594452381134
1386.917	3.199000000000069	trials	[1387.0185     1388.0691     1388.7538     1389.40943333]	[1. 1. 1. 1.]	4	4.0	0.7853981633974483	2.0	R	-7.272848606109619	-8.155998229980469	-2.2866828441619873	-7.784309387207031	2.6911938190460205	-8.254141807556152	4.198629379272461	-3.486790895462036
1391.12	2.36200000000008	trials	[1391.22093333 1391.42343333 1392.07403333 1392.79883333]	[1. 1. 1. 1.]	4	4.0	0.7853981633974483	2.0	R	1.0176876783370972	0.37087804079055786	-2.141404151916504	4.246460437774658	-7.141239643096924	4.205904483795166	2.342010736465454	-1.2590241432189941
1394.485	3.0490000000002055	trials	[1394.58626667 1395.51356667 1396.15616667 1396.91306667]	[1. 1. 1. 1.]	4	4.0	0.7853981633974483	2.0	R	4.497649192810059	7.476960182189941	2.9360246658325195	2.727083444595337	-7.2070770263671875	4.292296409606934	-3.268764019012451	1.2117623090744019
1398.537	3.0109999999999673	trials	[1398.63833333 1399.68893333 1400.36663333 1401.0343    ]	[1. 1. 1. 1.]	4	4.0	0.7853981633974483	2.0	R	-5.752951622009277	-3.127455472946167	-3.199869155883789	-7.4264984130859375	-0.07110240310430527	-3.526393413543701	-5.1701459884643555	-7.319474220275879
1402.551	3.2910000000001673	trials	[1402.6523     1403.56956667 1404.5019     1405.1495    ]	[1. 1. 1. 1.]	4	4.0	0.7853981633974483	2.0	R	-6.9359130859375	3.7810261249542236	5.700432300567627	-2.8613998889923096	7.824145317077637	2.6617324352264404	-1.7356526851654053	-4.91861629486084
1406.846	3.2590000000000146	trials	[1406.94696667 1407.6838     1408.66423333 1409.34893333]	[1. 1. 1. 1.]	4	4.0	0.7853981633974483	2.0	R	2.63264799118042	-7.35129976272583	-7.964502334594727	-5.207598686218262	-2.1018786430358887	-8.986465454101562	5.736327648162842	-6.2538957595825195
1411.108	2.383000000000038	trials	[1411.20953333 1411.46116667 1412.20703333 1412.8757    ]	[1. 1. 1. 1.]	4	4.0	0.7853981633974483	2.0	R	2.04591703414917	-2.880341053009033	-3.3961596488952637	-0.9131401777267456	-1.7868998050689697	3.820809841156006	-6.957876682281494	4.528968811035156
1414.495	0.8280000000002019	trials	[1414.59596667           nan           nan           nan]	[ 1. nan nan nan]	4	1.0	0.7853981633974483	2.0	A	5.32150411605835	4.787958145141602	2.0442535877227783	8.5641508102417	0.7119572758674622	3.744920015335083	-5.404326438903809	6.324639320373535
1416.326	2.990000000000009	trials	[1416.4275     1417.30466667 1417.97433333 1418.66506667]	[1. 1. 1. 1.]	4	4.0	0.7853981633974483	2.0	R	7.398853778839111	-6.772328853607178	4.2908101081848145	-2.855689525604248	3.4117305278778076	3.6390371322631836	5.829505920410156	8.015606880187988
1420.319	2.966000000000122	trials	[1420.4204     1421.15723333 1422.2349     1422.80033333]	[1. 1. 1. 1.]	4	4.0	0.7853981633974483	2.0	R	2.217930316925049	4.557786464691162	-2.6222100257873535	3.303576707839966	-2.4298572540283203	-1.6927220821380615	-2.982715129852295	-6.662062644958496
1424.288	2.8969999999999345	trials	[1424.38926667 1424.99776667 1425.83386667 1426.68496667]	[1. 1. 1. 1.]	4	4.0	0.7853981633974483	2.0	R	1.2288353443145752	-3.9670965671539307	-5.516097545623779	4.813540458679199	6.455179214477539	-3.366251230239868	2.211956024169922	-0.7214344143867493
1428.189	3.05399999999986	trials	[1428.28993333 1429.02276667 1429.76863333 1430.6899    ]	[1. 1. 1. 1.]	4	4.0	0.7853981633974483	2.0	R	-4.317908763885498	-5.466487407684326	1.2019630670547485	-6.2011847496032715	-5.744915962219238	3.1462106704711914	-3.185284376144409	-2.9316484928131104
1432.247	2.836999999999989	trials	[1432.34803333 1432.97356667 1433.68833333 1434.3901    ]	[1. 1. 1. 1.]	4	4.0	0.7853981633974483	2.0	R	1.1419962644577026	-0.4267248213291168	1.1182857751846313	4.573218822479248	-1.2339322566986084	8.985369682312012	-4.929587364196777	5.617560863494873
1436.087	2.8610000000001037	trials	[1436.18856667 1436.94243333 1437.68926667 1438.39203333]	[1. 1. 1. 1.]	4	4.0	0.7853981633974483	2.0	R	-3.9042205810546875	-6.504479885101318	0.7171435952186584	-8.413142204284668	2.1442294120788574	-3.6211254596710205	7.140472888946533	-3.4273386001586914
1439.952	2.7260000000001128	trials	[1440.05313333 1440.8331     1441.50476667 1442.11826667]	[1. 1. 1. 1.]	4	4.0	0.7853981633974483	2.0	R	5.527924537658691	-8.52796459197998	2.60809063911438	-4.469076633453369	-2.9452316761016846	-5.727824687957764	-4.104747295379639	0.2335456907749176
1443.681	2.6579999999999018	trials	[1443.7824     1444.4701     1445.13276667 1445.74126667]	[1. 1. 1. 1.]	4	4.0	0.7853981633974483	2.0	R	0.6156703233718872	-1.4149866104125977	-2.1594645977020264	4.501492023468018	-6.148099422454834	7.5165863037109375	-0.9494251012802124	8.333724975585938
1447.342	2.9039999999999964	trials	[1447.4435     1448.044      1448.7798     1449.55373333]	[1. 1. 1. 1.]	4	4.0	0.7853981633974483	2.0	R	-0.7801507115364075	3.029292583465576	2.28731369972229	8.651470184326172	-2.6994054317474365	8.287283897399902	7.448474407196045	-0.6328279376029968
1451.25	2.93100000000004	trials	[1451.3512     1452.08803333 1452.7677     1453.62383333]	[1. 1. 1. 1.]	4	4.0	0.7853981633974483	2.0	R	4.224794387817383	3.1891984939575195	7.193422317504883	7.212536811828613	2.2248077392578125	6.653189659118652	2.0701375007629395	-2.399958372116089
1455.185	2.9329999999999927	trials	[nan nan nan nan]	[nan nan nan nan]	4				R	0.0	0.0	0.0	0.0	0.0	0.0	0.0	0.0
1459.122	3.6269999999999527	trials	[1459.22273333 1460.00666667 1460.9059     1461.60163333]	[1. 1. 1. 1.]	4	4.0	0.7853981633974483	2.0	R	-7.716724872589111	2.1492838859558105	-2.7205379009246826	-8.957465171813965	2.2553493976593018	-8.467010498046875	7.188004016876221	-7.649137020111084
1463.753	2.5920000000000982	trials	[1463.85423333 1464.51286667 1465.13743333 1465.90433333]	[1. 1. 1. 1.]	4	4.0	0.7853981633974483	2.0	R	3.5862836837768555	-4.1810526847839355	7.1608381271362305	-7.677130699157715	2.6267616748809814	-5.569489002227783	6.473184108734131	-2.3749568462371826
1467.349	2.856999999999971	trials	[1467.45016667 1468.24713333 1468.9519     1469.58746667]	[1. 1. 1. 1.]	4	4.0	0.7853981633974483	2.0	R	-1.7445915937423706	5.748985290527344	-1.4202500581741333	0.7595161199569702	-6.389907360076904	1.3095223903656006	2.3244752883911133	-5.9872870445251465
1471.21	2.9020000000000437	trials	[1471.31073333 1472.16186667 1472.92476667 1473.5533    ]	[1. 1. 1. 1.]	4	4.0	0.7853981633974483	2.0	R	7.24614953994751	-6.868832111358643	3.1670541763305664	-3.9772961139678955	6.991219997406006	-0.7561540603637695	2.5107429027557373	-4.631844520568848
1475.115	5.883000000000038	trials	[1475.21643333 1478.6981     1479.7116     1480.4805    ]	[1. 1. 1. 1.]	4	4.0	0.7853981633974483	2.0	R	-2.8363759517669678	8.265117645263672	2.4856441020965576	-5.162708282470703	7.361365795135498	-6.270561695098877	3.3127024173736572	-3.083569049835205
1482.001	3.155999999999949	trials	[1482.10253333 1482.8975     1483.60526667 1484.41526667]	[1. 1. 1. 1.]	4	4.0	0.7853981633974483	2.0	R	-3.1934921741485596	2.1519758701324463	-7.736800670623779	4.239642143249512	-0.9482776522636414	-4.7947468757629395	3.40067720413208	7.160796642303467
1486.161	0.7980000000000018	trials	[1486.26186667           nan           nan           nan]	[ 1. nan nan nan]	4	1.0	0.7853981633974483	2.0	A	7.183083534240723	-0.3529592454433441	8.497223854064941	4.471254348754883	-5.079155445098877	-0.6888741850852966	-5.403613090515137	-5.758018970489502
1487.962	3.058999999999969	trials	[1488.06333333 1488.9706     1489.7435     1490.3921    ]	[1. 1. 1. 1.]	4	4.0	0.7853981633974483	2.0	R	8.762124061584473	-8.604707717895508	6.200529098510742	-4.310731410980225	3.184638500213623	-0.32269880175590515	-7.039981842041016	-8.753169059753418
1492.024	2.9710000000000036	trials	[1492.1254     1492.90536667 1493.72136667 1494.36796667]	[1. 1. 1. 1.]	4	4.0	0.7853981633974483	2.0	R	-7.608273506164551	0.0902380496263504	-0.9706613421440125	-1.2491074800491333	-0.6661922931671143	-6.239828586578369	6.628607273101807	-7.684462070465088
1495.998	2.826999999999998	trials	[1496.09926667 1496.8291     1497.6        1498.30476667]	[1. 1. 1. 1.]	4	4.0	0.7853981633974483	2.0	R	6.085685729980469	-2.7140259742736816	0.16860225796699524	-1.1784343719482422	2.1878771781921387	-6.1154255867004395	7.000912189483643	-7.469934463500977
1499.829	2.0540000000000873	trials	[1499.9298     1500.70573333 1501.32323333           nan]	[ 1.  1.  1. nan]	4	3.0	0.7853981633974483	2.0	A	6.334996700286865	-2.514477491378784	1.5851120948791504	-4.076078414916992	3.8864798545837402	0.36280736327171326	0.00813973881304264	3.5185129642486572
1502.886	5.621000000000095	trials	[1502.98736667 1506.47303333 1507.21086667 1507.93966667]	[1. 1. 1. 1.]	4	4.0	0.7853981633974483	2.0	R	8.522015571594238	-1.5111733675003052	5.006808757781982	2.0445709228515625	0.3972381353378296	0.10759884864091873	-7.138232231140137	-7.43849515914917
1509.511	2.6870000000001255	trials	[1509.61183333 1510.2855     1511.0574     1511.71003333]	[1. 1. 1. 1.]	4	4.0	0.7853981633974483	2.0	R	-1.4772487878799438	-6.459883213043213	5.541873455047607	-2.784069061279297	2.3352415561676025	1.0522716045379639	-1.8303345441818237	-1.7132258415222168
1513.202	2.8379999999999654	trials	[1513.303      1514.12       1514.8749     1515.50043333]	[1. 1. 1. 1.]	4	4.0	0.7853981633974483	2.0	R	7.944532871246338	-1.843672513961792	-2.8145384788513184	3.041563034057617	-0.5789265036582947	7.628834247589111	-2.485677480697632	3.006680965423584
1517.043	3.6980000000000928	trials	[1517.14453333 1518.05176667 1519.2317     1519.9605    ]	[1. 1. 1. 1.]	4	4.0	0.7853981633974483	2.0	R	8.881046295166016	-2.6835882663726807	-1.3570054769515991	-4.486701011657715	3.9086356163024902	5.693664073944092	-6.586768627166748	8.482406616210938
1521.745	2.69600000000014	trials	[1521.8462     1522.56596667 1523.15846667 1523.9083    ]	[1. 1. 1. 1.]	4	4.0	0.7853981633974483	2.0	R	-6.1204328536987305	3.5042009353637695	-5.283875465393066	-1.4253194332122803	-3.414200782775879	6.184754371643066	-7.452666759490967	3.236739158630371
1525.444	2.671000000000049	trials	[1525.54536667 1526.2441     1526.8466     1527.59846667]	[1. 1. 1. 1.]	4	4.0	0.7853981633974483	2.0	R	-4.353888034820557	-0.6872346997261047	-4.439905643463135	-5.686494827270508	-8.774516105651855	-8.178712844848633	-7.553040027618408	-3.3302085399627686
1529.118	1.6210000000000946	trials	[1529.2195 1530.0215       nan       nan]	[ 1.  1. nan nan]	4	2.0	0.7853981633974483	2.0	A	-8.745848655700684	-8.185845375061035	-5.392017364501953	-4.477500915527344	1.3070399761199951	5.572369575500488	-3.2108407020568848	3.4302315711975098
1531.743	2.7129999999999654	trials	[1531.844      1532.6891     1533.33973333 1533.91716667]	[1. 1. 1. 1.]	4	4.0	0.7853981633974483	2.0	R	-2.8485453128814697	-8.78223705291748	0.8872969746589661	-5.4590630531311035	4.669548034667969	-2.1888070106506348	-1.1946913003921509	-7.89939022064209
1535.459	2.7329999999999472	trials	[nan nan nan nan]	[nan nan nan nan]	4				R	0.0	0.0	0.0	0.0	0.0	0.0	0.0	0.0
1539.195	2.8630000000000564	trials	[1539.2965     1539.99926667 1540.76013333 1541.45386667]	[1. 1. 1. 1.]	4	4.0	0.7853981633974483	2.0	R	-1.5385240316390991	4.444226264953613	2.0539371967315674	-5.938144207000732	-0.5209835767745972	0.6915954351425171	-6.441593647003174	1.05500066280365
1543.062	2.6490000000001146	trials	[1543.1631     1543.82976667 1544.45733333 1545.13      ]	[1. 1. 1. 1.]	4	4.0	0.7853981633974483	2.0	R	-3.929863214492798	-3.2683324813842773	1.019843578338623	-2.5609400272369385	-0.10372357070446014	2.3111844062805176	-4.047874450683594	-5.497776508331299
1546.715	2.7810000000001764	trials	[1546.81616667 1547.44673333 1548.04123333 1548.8813    ]	[1. 1. 1. 1.]	4	4.0	0.7853981633974483	2.0	R	-0.11479173600673676	-2.410566806793213	3.2727363109588623	1.2670211791992188	-5.554910182952881	7.164302349090576	-1.997276782989502	3.6510069370269775
1550.499	2.8409999999998945	trials	[1550.60056667 1551.47373333 1552.0542     1552.72686667]	[1. 1. 1. 1.]	4	4.0	0.7853981633974483	2.0	R	-5.577306270599365	7.141478061676025	-8.516178131103516	3.096353054046631	-3.7479610443115234	4.601048946380615	0.8498498797416687	-4.64608097076416
1554.344	3.0850000000000364	trials	[1554.44513333 1555.23306667 1555.8897     1556.79093333]	[1. 1. 1. 1.]	4	4.0	0.7853981633974483	2.0	R	5.801485538482666	-5.339842796325684	4.338997840881348	-0.5585113763809204	-3.31988263130188	4.856313705444336	-2.7733373641967773	-0.11372556537389755
1558.432	2.83199999999988	trials	[1558.53326667 1559.31923333 1559.9909     1560.71166667]	[1. 1. 1. 1.]	4	4.0	0.7853981633974483	2.0	R	6.782124042510986	2.4459917545318604	2.2815113067626953	4.624175548553467	8.036666870117188	6.400412082672119	3.6828670501708984	8.858953475952148
1562.268	2.8450000000000273	trials	[1562.3688     1563.19583333 1563.9447     1564.5833    ]	[1. 1. 1. 1.]	4	4.0	0.7853981633974483	2.0	R	-3.2717127799987793	7.644703388214111	-8.098223686218262	6.339026927947998	-3.1891438961029053	5.389852046966553	-8.163158416748047	5.898946285247803
1566.116	2.844000000000051	trials	[1566.21733333 1567.03936667 1567.66393333 1568.30653333]	[1. 1. 1. 1.]	4	4.0	0.7853981633974483	2.0	R	0.5737611651420593	-3.835292339324951	-1.215842843055725	0.833467423915863	0.25048890709877014	5.613621234893799	8.376173973083496	-5.217732906341553
1569.964	3.0779999999999745	trials	[1570.0649     1570.74356667 1571.56863333 1572.1591    ]	[1. 1. 1. 1.]	4	4.0	0.7853981633974483	2.0	R	3.703953742980957	-3.4371817111968994	-6.008540153503418	-1.2378952503204346	-7.932721138000488	-5.852819919586182	0.422870010137558	5.117835521697998
1574.046	2.7339999999999236	trials	[1574.14703333 1574.89386667 1575.59463333 1576.2743    ]	[1. 1. 1. 1.]	4	4.0	0.7853981633974483	2.0	R	-4.54059362411499	4.51448917388916	-0.593504786491394	1.4452080726623535	-5.51679801940918	2.3176651000976562	0.14811202883720398	2.09183406829834
1577.783	2.8230000000000928	trials	[1577.8843     1578.66223333 1579.32186667 1580.11886667]	[1. 1. 1. 1.]	4	4.0	0.7853981633974483	2.0	R	6.678526878356934	1.3516050577163696	2.9960055351257324	4.733769416809082	-2.419236898422241	7.727787494659424	-2.993192195892334	0.2865239977836609
1581.61	3.0140000000001237	trials	[1581.7108     1582.66516667 1583.42206667 1584.10173333]	[1. 1. 1. 1.]	4	4.0	0.7853981633974483	2.0	R	-1.328719139099121	-5.3365702629089355	0.0726756900548935	1.569496750831604	4.9044647216796875	0.28348904848098755	2.195572853088379	4.486095905303955
1585.628	3.394999999999982	trials	[nan nan nan nan]	[nan nan nan nan]	4				R	0.0	0.0	0.0	0.0	0.0	0.0	0.0	0.0
1590.026	5.864000000000033	trials	[1590.1277     1593.8339     1594.48753333 1595.30656667]	[1. 1. 1. 1.]	4	4.0	0.7853981633974483	2.0	R	4.748824596405029	-8.219483375549316	8.055158615112305	-4.468729496002197	3.254392623901367	-3.071359872817993	7.586121082305908	-7.736769199371338
1596.893	3.3099999999999454	trials	[1596.99473333 1598.1416     1598.85136667 1599.62226667]	[1. 1. 1. 1.]	4	4.0	0.7853981633974483	2.0	R	-3.2542459964752197	-2.374126672744751	-4.992905139923096	2.3138434886932373	6.030867099761963	-5.426902770996094	0.7961910367012024	0.2784857749938965
1601.206	2.9340000000001965	trials	[1601.30743333 1602.2518     1602.9435     1603.7485    ]	[1. 1. 1. 1.]	4	4.0	0.7853981633974483	2.0	R	0.04184543341398239	5.221254348754883	-4.262667179107666	7.765103816986084	-6.862764835357666	3.4943320751190186	-3.2159996032714844	0.07364431023597717
1605.144	2.5679999999999836	trials	[1605.24523333 1605.96       1606.61563333 1607.2061    ]	[1. 1. 1. 1.]	4	4.0	0.7853981633974483	2.0	R	-5.148495197296143	-4.53780460357666	-1.2603994607925415	-7.681482315063477	3.544827938079834	-6.299530506134033	6.776115417480469	-2.483933687210083
1608.716	0.2820000000001528	trials	[1608.8171       nan       nan       nan]	[ 1. nan nan nan]	4	1.0	0.7853981633974483	2.0	A	2.785872220993042	0.5290315747261047	-2.123636245727539	1.4759877920150757	-5.256960868835449	-2.4204564094543457	-0.9163669943809509	-4.902238845825195
1610.001	2.1010000000001128	trials	[1610.1023 1610.3058 1610.9945 1611.5629]	[1. 1. 1. 1.]	4	4.0	0.7853981633974483	2.0	R	0.0	0.0	-2.4962291717529297	4.332302093505859	-5.937993049621582	0.33202290534973145	-5.751287460327148	-4.664490222930908
1613.106	2.6059999999999945	trials	[1613.207      1613.8546     1614.48816667 1615.15283333]	[1. 1. 1. 1.]	4	4.0	0.7853981633974483	2.0	R	-0.9842022061347961	-3.1562139987945557	3.052635431289673	-0.20596961677074432	-1.9233386516571045	0.283603310585022	-0.2745455801486969	-4.436723232269287
1616.716	3.178000000000111	trials	[1616.81696667 1617.60893333 1618.4821     1619.1377    ]	[1. 1. 1. 1.]	4	4.0	0.7853981633974483	2.0	R	0.42946159839630127	6.393352508544922	8.127117156982422	0.8166676759719849	8.760977745056152	5.776327133178711	4.342299461364746	3.436394453048706
1620.897	3.5679999999999836	trials	[1620.99833333 1621.9166     1622.7206     1623.6088    ]	[1. 1. 1. 1.]	4	4.0	0.7853981633974483	2.0	R	-3.188649892807007	7.915586471557617	-6.443012237548828	4.119650840759277	6.919915199279785	8.296351432800293	-0.4684869945049286	-0.36887359619140625
1625.468	2.6879999999998745	trials	[1625.56966667 1626.3075     1627.03933333 1627.60973333]	[1. 1. 1. 1.]	4	4.0	0.7853981633974483	2.0	R	-5.047449588775635	1.6393845081329346	-1.318990707397461	-1.6920706033706665	3.641065835952759	-1.0613256692886353	8.379414558410645	0.5349360704421997
1629.16	2.536999999999807	trials	[1629.26083333 1629.9305     1630.64426667 1631.20066667]	[1. 1. 1. 1.]	4	4.0	0.7853981633974483	2.0	R	3.455650568008423	-0.33486208319664	-2.784843921661377	-6.262913227081299	-0.5274057984352112	-1.8015260696411133	-3.4713428020477295	-5.842966079711914
1632.7	2.8029999999998836	trials	[1632.80163333 1633.5154     1634.1129     1634.73243333]	[1. 1. 1. 1.]	4	4.0	0.7853981633974483	2.0	R	1.5007672309875488	-5.315593719482422	6.097775459289551	-3.3489930629730225	2.621615171432495	0.2449338287115097	4.557290554046631	4.855048656463623
1636.507	14.656999999999925	trials	[1636.60806667 1649.04796667 1649.9131     1650.6379    ]	[1. 1. 1. 1.]	4	4.0	0.7853981633974483	2.0	R	0.9570497274398804	8.324668884277344	-1.9983718395233154	-1.9292770624160767	2.456592321395874	0.3408098518848419	7.403646945953369	-0.38489842414855957
1652.168	2.9860000000001037	trials	[1652.26896667 1653.10803333 1653.78673333 1654.699     ]	[1. 1. 1. 1.]	4	4.0	0.7853981633974483	2.0	R	0.7919794321060181	-7.559573650360107	5.76926326751709	-8.035645484924316	1.9528813362121582	-2.016766309738159	3.3233144283294678	-6.825291156768799
1656.158	2.796000000000049	trials	[1656.25886667 1657.08693333 1657.77363333 1658.44026667]	[1. 1. 1. 1.]	4	4.0	0.7853981633974483	2.0	R	5.454334735870361	2.8710196018218994	0.7981888055801392	1.0488488674163818	2.2299633026123047	5.8394670486450195	-1.7291051149368286	8.893280982971191
1659.957	0.7489999999997963	trials	[1660.0583       nan       nan       nan]	[ 1. nan nan nan]	4	1.0	0.7853981633974483	2.0	A	-3.9953086376190186	4.436339855194092	2.786198377609253	5.941983699798584	-1.6658552885055542	3.666194200515747	5.15377950668335	-3.5720019340515137
1661.709	2.7000000000000455	trials	[1661.81063333 1662.50436667 1663.2462     1663.90083333]	[1. 1. 1. 1.]	4	4.0	0.7853981633974483	2.0	R	-2.9062335924198044e+34	2.562231464972071e-33	2.1925477899824477e-35	3.6299896922428324e-35	3.599864933009035e-31	-1.9375543835926836e+28	1.1313281880675426e-29	1.4582894920185347e-32
1665.413	2.7049999999999272	trials	[1665.51383333 1666.19253333 1666.92633333 1667.56193333]	[1. 1. 1. 1.]	4	4.0	0.7853981633974483	2.0	R	-4.2486186027526855	-1.54365074634552	-3.1520614624023438	-6.4219255447387695	-6.4400315284729	-1.7139334678649902	-5.831355571746826	-6.676746368408203
1669.122	2.963999999999942	trials	[1669.22303333 1670.0481     1670.86913333 1671.48866667]	[1. 1. 1. 1.]	4	4.0	0.7853981633974483	2.0	R	5.091636657714844	-8.213926315307617	-4.275851726531982	-3.0243313312530518	0.5872718691825867	-1.862423062324524	-6.746333122253418	4.891091346740723
1673.09	2.8500000000001364	trials	[1673.1909     1673.9929     1674.73373333 1675.46553333]	[1. 1. 1. 1.]	4	4.0	0.7853981633974483	2.0	R	-7.481826305389404	-0.05451793968677521	3.0607898235321045	-4.563987731933594	-5.269803047180176	-4.856239318847656	-0.8886540532112122	-2.4467718601226807
1676.943	3.1720000000000255	trials	[1677.04446667 1677.85246667 1678.9201     1679.57173333]	[1. 1. 1. 1.]	4	4.0	0.7853981633974483	2.0	R	0.6325868964195251	-7.965382099151611	-8.950056076049805	2.970606803894043	-4.1291327476501465	1.6444487571716309	0.19011719524860382	-3.7620885372161865
1681.119	3.0260000000000673	trials	[1681.21983333 1682.1361     1682.8188     1683.49846667]	[1. 1. 1. 1.]	4	4.0	0.7853981633974483	2.0	R	4.632786750793457	3.2881195545196533	3.5964949131011963	8.179551124572754	-1.3734102249145508	8.727313041687012	-7.857433319091797	3.966111183166504
1685.149	2.574000000000069	trials	[1685.24983333 1685.9185     1686.6042     1687.19766667]	[1. 1. 1. 1.]	4	4.0	0.7853981633974483	2.0	R	2.0399653911590576	2.560443639755249	-2.959092378616333	2.657505750656128	-5.279123783111572	-1.7716537714004517	-8.34235954284668	-5.7234368324279785
1688.726	2.992999999999938	trials	[1688.8277     1689.57156667 1690.26526667 1691.16653333]	[1. 1. 1. 1.]	4	4.0	0.7853981633974483	2.0	R	1.9205548763275146	-3.814709186553955	4.539101600646973	-8.074193954467773	1.7699629068374634	1.9870928525924683	5.993596076965332	-1.1381944417953491
1692.722	2.8350000000000364	trials	[1692.82363333 1693.55746667 1694.2562     1694.9088    ]	[1. 1. 1. 1.]	4	4.0	0.7853981633974483	2.0	R	3.7772388458251953	-6.278811931610107	0.03415839746594429	-1.011604905128479	4.431758880615234	-3.390913963317871	-3.411288261413574	-5.26746940612793
1696.561	3.2100000000000364	trials	[1696.66216667 1697.63656667 1698.3343     1699.0932    ]	[1. 1. 1. 1.]	4	4.0	0.7853981633974483	2.0	R	-7.122932434082031	-8.617648124694824	-5.166872978210449	-4.016144752502441	5.95250129699707	-5.537860870361328	-7.533517360687256	-2.8707215785980225
1700.774	2.8050000000000637	trials	[1700.87563333 1701.53023333 1702.20993333 1702.98686667]	[1. 1. 1. 1.]	4	4.0	0.7853981633974483	2.0	R	-2.6248667240142822	-3.822115898132324	1.5909541845321655	-6.510396957397461	1.8647582530975342	-1.5178993940353394	0.5437315702438354	7.2298102378845215
1704.583	2.7229999999999563	trials	[1704.68406667 1705.36776667 1705.9803     1706.81136667]	[1. 1. 1. 1.]	4	4.0	0.7853981633974483	2.0	R	-3.544800043106079	4.351632118225098	-7.5408830642700195	7.356848239898682	2.914006471633911	-3.153555154800415	2.4782750606536865	-8.134532928466797
1708.309	2.839999999999918	trials	[1708.41033333 1709.1712     1709.9261     1710.5817    ]	[1. 1. 1. 1.]	4	4.0	0.7853981633974483	2.0	R	5.839555263519287	-4.432939052581787	6.735651969909668	0.4861064851284027	-0.6142129898071289	-1.0153732299804688	5.2367682456970215	-3.1301310062408447
1712.153	3.0850000000000364	trials	[1712.25386667 1713.13203333 1714.0403     1714.67686667]	[1. 1. 1. 1.]	4	4.0	0.7853981633974483	2.0	R	7.7045135498046875	1.218458890914917	2.0254461765289307	-5.003639221191406	-2.118014335632324	0.3206649720668793	5.106880187988281	1.4951653480529785
1716.242	3.519999999999982	trials	[1716.343      1717.75753333 1718.48433333 1719.17003333]	[1. 1. 1. 1.]	4	4.0	0.7853981633974483	2.0	R	-6.9090657234191895	0.20276784896850586	-1.990311622619629	4.180233001708984	-6.486540794372559	0.8058654069900513	2.172898292541504	1.8380380868911743
1720.765	2.8789999999999054	trials	[1720.86623333 1721.54993333 1722.2146     1722.87723333]	[1. 1. 1. 1.]	4	4.0	0.7853981633974483	2.0	R	-1.6209827661514282	-5.243641376495361	3.229218006134033	-4.0289177894592285	7.411864757537842	-6.768527984619141	-6.552798748016357	-1.5631794929504395
1724.648	2.634999999999991	trials	[1724.74886667 1725.43256667 1726.18443333 1726.7649    ]	[1. 1. 1. 1.]	4	4.0	0.7853981633974483	2.0	R	-3.3043322563171387	2.237802505493164	-0.6053386330604553	-1.9711681604385376	0.44867509603500366	2.9164750576019287	-2.7456393241882324	6.763078212738037
1728.287	2.7369999999998527	trials	[1728.3879     1729.1047     1729.79843333 1730.46606667]	[1. 1. 1. 1.]	4	4.0	0.7853981633974483	2.0	R	1.786595106124878	-1.272032380104065	6.58914041519165	0.11921188980340958	2.21091628074646	2.5339903831481934	-1.5610724687576294	5.816078186035156
1732.028	2.882000000000062	trials	[1732.1292     1732.8129     1733.66803333 1734.35273333]	[1. 1. 1. 1.]	4	4.0	0.7853981633974483	2.0	R	-4.962963581085205	2.1517727375030518	5.275857448577881	8.638153076171875	4.543619632720947	3.6920604705810547	-0.012022685259580612	1.6314483880996704
1735.914	3.048000000000002	trials	[1736.01483333 1736.73063333 1737.54363333 1738.38873333]	[1. 1. 1. 1.]	4	4.0	0.7853981633974483	2.0	R	0.2464970499277115	6.624760627746582	-3.0086138248443604	2.8294670581817627	7.322328567504883	-4.837815761566162	-2.1379106044769287	-5.197941780090332
1739.966	3.048000000000002	trials	[1740.0669     1740.7877     1741.41926667 1742.17813333]	[1. 1. 1. 1.]	4	4.0	0.7853981633974483	2.0	R	2.127737283706665	-7.806437015533447	6.833463668823242	-6.116425037384033	3.1228175163269043	-1.1415159702301025	-7.6736040115356445	8.445076942443848
1744.018	2.7829999999999018	trials	[1744.11896667 1744.7736     1745.49336667 1746.17206667]	[1. 1. 1. 1.]	4	4.0	0.7853981633974483	2.0	R	0.6699691414833069	4.627847194671631	5.855588912963867	5.298498153686523	1.2020460367202759	3.4696900844573975	-7.4097723960876465	4.947403907775879
1747.804	2.2189999999998236	trials	[1747.90536667 1748.10786667 1748.77253333 1749.51736667]	[1. 1. 1. 1.]	4	4.0	0.7853981633974483	2.0	R	-2.888951301574707	2.811478614807129	-3.7728757858276367	7.732726097106934	-3.4564452171325684	-4.38396692276001	1.4848264455795288	-3.619875907897949
1751.026	2.76299999999992	trials	[1751.12736667 1751.9113     1752.56693333 1753.2005    ]	[1. 1. 1. 1.]	4	4.0	0.7853981633974483	2.0	R	6.333348751068115	-2.3984711170196533	2.168825626373291	0.368611603975296	-2.2784857749938965	-1.9164310693740845	-2.1530864238739014	4.597132682800293
1754.792	2.928000000000111	trials	[1754.8937     1755.66663333 1756.3734     1757.19943333]	[1. 1. 1. 1.]	4	4.0	0.7853981633974483	2.0	R	0.8562905192375183	0.6041824817657471	0.8351703882217407	-8.182589530944824	-1.9368218183517456	0.8891918063163757	3.025768280029297	0.2787010371685028
1758.723	2.8170000000000073	trials	[1758.82446667 1759.69863333 1760.34523333 1760.9768    ]	[1. 1. 1. 1.]	4	4.0	0.7853981633974483	2.0	R	5.755284309387207	4.467942237854004	0.7633851170539856	4.183435916900635	-4.2220282554626465	3.8017871379852295	-1.7369455099105835	-0.5369181632995605
1762.544	2.145999999999958	trials	[1762.64496667 1763.35773333 1764.0314               nan]	[ 1.  1.  1. nan]	4	3.0	0.7853981633974483	2.0	A	2.9562315940856934	1.9961127042770386	6.950257778167725	-5.425634384155273	5.502320766448975	-0.6398764252662659	7.119027137756348	4.091535568237305
1765.694	2.9710000000000036	trials	[1765.79476667 1766.5747     1767.2103     1768.0263    ]	[1. 1. 1. 1.]	4	4.0	0.7853981633974483	2.0	R	4.932614326477051	4.327560901641846	1.8235169649124146	8.243364334106445	-0.35954517126083374	3.7451155185699463	6.702768325805664	7.045651435852051
1769.668	2.675000000000182	trials	[1769.76963333 1770.52953333 1771.21623333 1771.8819    ]	[1. 1. 1. 1.]	4	4.0	0.7853981633974483	2.0	R	1.7050557136535645	7.196876525878906	4.7365546226501465	2.6970880031585693	0.30508238077163696	5.012698650360107	1.1159415245056152	0.07888603955507278
1773.347	3.26299999999992	trials	[1773.44776667 1774.51343333 1775.17706667 1775.86576667]	[1. 1. 1. 1.]	4	4.0	0.7853981633974483	2.0	R	-5.333771228790283	2.411515235900879	-1.9604591131210327	-1.2791167497634888	2.7501931190490723	-2.9553494453430176	8.280404090881348	4.680668354034424
1777.613	2.566000000000031	trials	[1777.71436667 1778.4101     1779.05066667 1779.63413333]	[1. 1. 1. 1.]	4	4.0	0.7853981633974483	2.0	R	3.494584321975708	3.2329354286193848	4.130051136016846	-1.7265185117721558	0.6323661208152771	1.8464632034301758	0.016159692779183388	6.808346748352051
1781.183	3.2490000000000236	trials	[1781.28423333 1782.1614     1783.1248     1783.71426667]	[1. 1. 1. 1.]	4	4.0	0.7853981633974483	2.0	R	7.670508861541748	6.875124454498291	2.5167901515960693	6.209598064422607	-1.9264225959777832	3.916595458984375	7.096329689025879	3.9127984046936035
1785.436	2.716000000000122	trials	[1785.53676667 1786.49716667 1787.0746     1787.66306667]	[1. 1. 1. 1.]	4	4.0	0.7853981633974483	2.0	R	4.311136722564697	8.065231323242188	2.095409393310547	3.5829830169677734	-2.6993532180786133	5.0008158683776855	-4.574551582336426	0.36577191948890686
1789.156	2.951000000000022	trials	[1789.25703333 1790.02593333 1790.6976     1791.45846667]	[1. 1. 1. 1.]	4	4.0	0.7853981633974483	2.0	R	-1.0336356163024902	-3.164371967315674	-3.374601364135742	1.2537589073181152	-1.0588744884828286e+34	1.6736480175369216e-29	1.7316130988548487e-38	3.740774754266804e-34
1793.111	2.894999999999982	trials	[1793.21183333 1794.0449     1794.8489     1795.47846667]	[1. 1. 1. 1.]	4	4.0	0.7853981633974483	2.0	R	-6.739556312561035	6.053894519805908	-1.2694815397262573	3.6693432331085205	3.6354691982269287	4.639630317687988	-1.1741292476654053	3.2729697227478027
1797.009	2.9549999999999272	trials	[1797.1105     1797.93256667 1798.65736667 1799.4002    ]	[1. 1. 1. 1.]	4	4.0	0.7853981633974483	2.0	R	-6.171902179718018	3.422189474105835	-2.1062614917755127	0.5117658376693726	-5.274993896484375	5.244171142578125	-8.952877044677734	8.631379127502441
1800.967	2.9099999999998545	trials	[1801.06833333 1801.8122     1802.64223333 1803.40513333]	[1. 1. 1. 1.]	4	4.0	0.7853981633974483	2.0	R	-5.3532514572143555	5.1611199378967285	1.9499452114105225	-7.481866359710693	4.02861213684082	-2.934433698654175	5.1828107833862305	1.9305251836776733
1804.881	2.5009999999999764	trials	[1804.98206667 1805.764      1806.34243333 1806.88176667]	[1. 1. 1. 1.]	4	4.0	0.7853981633974483	2.0	R	2.139902114868164	6.568990707397461	-0.5374497175216675	2.3462204933166504	-1.590389609336853	-2.541654109954834	2.1557235717773438	0.7699372172355652
1808.386	3.574000000000069	trials	[1808.48676667 1809.29776667 1810.71126667 1811.4431    ]	[1. 1. 1. 1.]	4	4.0	0.7853981633974483	2.0	R	7.935844421386719	2.6194894313812256	8.41981315612793	7.596011638641357	3.7281250953674316	5.8674116134643555	-1.1821578741073608	4.924479007720947
1812.964	3.0160000000000764	trials	[1813.06513333 1814.13776667 1814.8315     1815.41093333]	[1. 1. 1. 1.]	4	4.0	0.7853981633974483	2.0	R	2.5080673694610596	1.5507216453552246	-1.1860557794570923	-3.213433027267456	-1.1869738101959229	-8.213433265686035	3.4800865650177	-6.4194016456604
1816.984	0.8260000000000218	trials	[1817.0851       nan       nan       nan]	[ 1. nan nan nan]	4	1.0	0.7853981633974483	2.0	A	-5.466549873352051	-1.538572907447815	-2.863837957382202	-5.8077521324157715	8.66474723815918	-1.3590723276138306	4.286274433135986	5.420011520385742
1818.813	2.8509999999998854	trials	[1818.91463333 1819.59133333 1820.3492     1821.10006667]	[1. 1. 1. 1.]	4	4.0	0.7853981633974483	2.0	R	-3.325012683868408	-6.418794631958008	1.599269151687622	-7.285656452178955	0.7138673067092896	-2.3646745681762695	-3.8624157905578613	-0.3503178656101227
1822.668	2.7690000000000055	trials	[1822.7692     1823.66143333 1824.38623333 1824.93256667]	[1. 1. 1. 1.]	4	4.0	0.7853981633974483	2.0	R	-8.46206283569336	3.637873888015747	-3.943432569503784	1.4973187446594238	-2.1775290966033936	-3.1804568767547607	-6.62861967086792	-5.458128929138184
1826.44	3.1489999999998872	trials	[1826.54156667 1827.25233333 1828.01323333 1829.0117    ]	[1. 1. 1. 1.]	4	4.0	0.7853981633974483	2.0	R	-1.6743625402450562	-6.1329145431518555	2.725830554962158	-3.758404016494751	-5.432917594909668	-7.773265361785889	-0.8553580641746521	-5.761810779571533
1830.593	3.2549999999998818	trials	[1830.69386667 1831.93196667 1832.57353333 1833.25823333]	[1. 1. 1. 1.]	4	4.0	0.7853981633974483	2.0	R	3.1911516189575195	-2.8248465061187744	6.048294544219971	1.2784125804901123	-0.559502124786377	5.089956760406494	2.790799379348755	-4.300093173980713
1834.851	2.6679999999998927	trials	[1834.95246667 1835.573      1836.23363333 1836.88123333]	[1. 1. 1. 1.]	4	4.0	0.7853981633974483	2.0	R	1.8905766010284424	0.6181989312171936	-2.320651054382324	3.313669204711914	-5.984335899353027	-7.088565826416016	4.097571849822998	1.4383589029312134
1838.522	2.879000000000133	trials	[1838.62356667 1839.58296667 1840.2095     1840.91123333]	[1. 1. 1. 1.]	4	4.0	0.7853981633974483	2.0	R	-1.6415013074874878	6.2175679206848145	-4.229324817657471	1.9393473863601685	4.156283378601074	3.119028091430664	2.4489212036132812	7.818487167358398
1842.405	2.5850000000000364	trials	[nan nan nan nan]	[nan nan nan nan]	4				R	0.0	0.0	0.0	0.0	0.0	0.0	0.0	0.0
1845.994	3.018000000000029	trials	[1846.0951     1846.9753     1847.7863     1848.49706667]	[1. 1. 1. 1.]	4	4.0	0.7853981633974483	2.0	R	-6.982841968536377	8.031569480895996	-2.1059224605560303	6.929001331329346	-6.475090503692627	4.497875213623047	-7.182980060577393	-0.45176029205322266
1850.016	2.7799999999999727	trials	[1850.1171     1850.85793333 1851.71506667 1852.27043333]	[1. 1. 1. 1.]	4	4.0	0.7853981633974483	2.0	R	-7.268499851226807	-5.451028823852539	-3.7464146614074707	7.8877410888671875	-6.651531219482422	3.8183064460754395	-2.388451337814331	1.2056162357330322
1853.799	2.97199999999998	trials	[1853.9005     1854.72753333 1855.38716667 1856.0739    ]	[1. 1. 1. 1.]	4	4.0	0.7853981633974483	2.0	R	6.8882927894592285	-2.166520833969116	4.859071254730225	2.4031903743743896	7.0760626792907715	6.8848137855529785	-3.4083268642425537	2.42441463470459
1857.774	2.818000000000211	trials	[1857.87536667 1858.64926667 1859.346      1860.09786667]	[1. 1. 1. 1.]	4	4.0	0.7853981633974483	2.0	R	6.395872116088867	0.3838028311729431	2.0012152194976807	-2.000938653945923	-4.888331890106201	3.7756009101867676	-7.561130523681641	-0.4500526487827301
1861.596	2.8070000000000164	trials	[nan nan nan nan]	[nan nan nan nan]	4				R	0.0	0.0	0.0	0.0	0.0	0.0	0.0	0.0
1865.406	2.8279999999999745	trials	[1865.5073     1866.36143333 1867.02606667 1867.6817    ]	[1. 1. 1. 1.]	4	4.0	0.7853981633974483	2.0	R	1.1355623006820679	-1.5217907428741455	-0.18248584866523743	4.087584495544434	-4.050846576690674	-1.5741302967071533	0.9387874007225037	4.745579719543457
1869.238	2.7269999999998618	trials	[1869.3388     1870.0536     1870.7473     1871.43803333]	[1. 1. 1. 1.]	4	4.0	0.7853981633974483	2.0	R	5.7590250968933105	-0.6300956010818481	0.9162684082984924	-1.87416410446167	-7.708779811859131	1.7351725101470947	-2.6559975147247314	0.759605884552002
1872.969	2.9969999999998436	trials	[1873.07006667 1873.87706667 1874.55576667 1875.39283333]	[1. 1. 1. 1.]	4	4.0	0.7853981633974483	2.0	R	-5.493120193481445	-7.329318523406982	0.004477588925510645	-7.765955924987793	1.2029951810836792	2.511549472808838	-8.169760704040527	0.2221422642469406
1876.97	2.9980000000000473	trials	[1877.071      1877.70156667 1878.3973     1879.18126667]	[1. 1. 1. 1.]	4	4.0	0.7853981633974483	2.0	R	-3.997685432434082	-2.533541440963745	-7.248401165008545	-6.332600116729736	0.2540796399116516	-3.8132457733154297	-7.035151958465576	7.309911251068115
1880.972	3.2439999999999145	trials	[1881.07293333 1881.95313333 1882.61576667 1883.60723333]	[1. 1. 1. 1.]	4	4.0	0.7853981633974483	2.0	R	6.541104316711426	7.806478023529053	4.989557266235352	3.053299903869629	8.891759872436523	6.179450035095215	4.33233642578125	8.231681823730469
1885.219	2.808999999999969	trials	[nan nan nan nan]	[nan nan nan nan]	4				R	0.0	0.0	0.0	0.0	0.0	0.0	0.0	0.0
1889.032	0.8900000000001	trials	[1889.13296667           nan           nan           nan]	[ 1. nan nan nan]	4	1.0	0.7853981633974483	2.0	A	7.01887845993042	-0.5099294781684875	7.694914817810059	7.839803218841553	-0.12094022333621979	-2.8009495735168457	5.8208327293396	-6.913895130157471
1890.925	2.9260000000001583	trials	[1891.02666667 1891.95093333 1892.54443333 1893.2983    ]	[1. 1. 1. 1.]	4	4.0	0.7853981633974483	2.0	R	6.535872459411621	8.369417190551758	4.852893352508545	3.6611709594726562	-3.8367600440979004	4.226109981536865	-1.2894376516342163	-6.560393333435059
1894.854	2.703999999999951	trials	[1894.9554     1895.65916667 1896.3198     1897.03856667]	[1. 1. 1. 1.]	4	4.0	0.7853981633974483	2.0	R	-3.776641845703125	1.9134571552276611	-5.595893383026123	-2.7438299655914307	1.817806601524353	-5.525903224945068	6.117033958435059	-8.078675270080566
1898.561	2.8730000000000473	trials	[1898.6626     1899.3824     1900.09416667 1900.88813333]	[1. 1. 1. 1.]	4	4.0	0.7853981633974483	2.0	R	4.7578325271606445	-3.266963243484497	6.575243949890137	1.3910422325134277	-1.7509301900863647	6.638278484344482	-6.717416763305664	7.216216087341309
1902.437	2.824000000000069	trials	[1902.53823333 1903.1648     1904.08606667 1904.70863333]	[1. 1. 1. 1.]	4	4.0	0.7853981633974483	2.0	R	-4.136402606964111	2.933884382247925	-7.393494606018066	-3.9629106521606445	-2.7388486862182617	-5.788909912109375	-0.8384764790534973	-1.1641302108764648
1906.264	2.7000000000000455	trials	[1906.36573333 1907.0845     1907.7602     1908.42683333]	[1. 1. 1. 1.]	4	4.0	0.7853981633974483	2.0	R	-3.316087484359741	-5.507106781005859	1.4314435720443726	-7.075847625732422	1.471771001815796	-2.076010227203369	-2.4583358764648438	2.7941436767578125
1909.968	2.7059999999999036	trials	[1910.06893333 1910.84183333 1911.48843333 1912.00073333]	[1. 1. 1. 1.]	4	4.0	0.7853981633974483	2.0	R	-5.363583087921143	-1.2751977443695068	-0.4042428433895111	-0.63884437084198	-1.7112900018692017	-5.46498441696167	-0.12099181860685349	2.644486904144287
1913.678	3.0759999999997945	trials	[1913.77913333 1914.39766667 1915.2528     1916.16506667]	[1. 1. 1. 1.]	4	4.0	0.7853981633974483	2.0	R	-1.6611788272857666	-2.112384557723999	-7.790624141693115	-8.611095428466797	-7.653367042541504	5.8233866691589355	-3.1449146270751953	3.6614761352539062
1917.757	2.770999999999958	trials	[1917.85826667 1918.7545     1919.43216667 1920.02063333]	[1. 1. 1. 1.]	4	4.0	0.7853981633974483	2.0	R	-0.33149969577789307	-6.117488861083984	4.15927267074585	-3.91908860206604	4.630632400512695	1.0586436986923218	2.9949445724487305	5.783527374267578
1921.531	2.780999999999949	trials	[1921.63263333 1922.2652     1923.06016667 1923.76793333]	[1. 1. 1. 1.]	4	4.0	0.7853981633974483	2.0	R	-1.997699499130249	5.5124101638793945	-4.7921342849731445	-5.708066940307617	-8.776530265808105	2.7796289920806885	-8.278762817382812	-2.1955320835113525
1925.316	3.0109999999999673	trials	[1925.41703333 1926.0065     1926.84856667 1927.77286667]	[1. 1. 1. 1.]	4	4.0	0.7853981633974483	2.0	R	-3.294668674468994	-1.797027826309204	2.238034725189209	-7.518728256225586	-8.934992790222168	-0.9013349413871765	-5.989130973815918	-4.941371440887451
1929.331	2.59900000000016	trials	[1929.432      1930.1257     1930.75026667 1931.4129    ]	[1. 1. 1. 1.]	4	4.0	0.7853981633974483	2.0	R	-1.0287504196166992	-5.569564342498779	3.9360954761505127	-4.977698802947998	8.931291580200195	-5.19681453704834	4.019101142883301	-4.2638726234436035
1932.934	2.4880000000000564	trials	[1933.03493333 1933.23843333 1934.12763333 1934.8384    ]	[1. 1. 1. 1.]	4	4.0	0.7853981633974483	2.0	R	0.7042932510375977	-0.5206053853034973	-0.7793779969215393	8.059552192687988	-5.7758049964904785	8.24853515625	-5.404430866241455	3.2623465061187744
1936.425	2.9010000000000673	trials	[1936.5266     1937.39776667 1938.16466667 1938.83933333]	[1. 1. 1. 1.]	4	4.0	0.7853981633974483	2.0	R	-6.593297958374023	8.686911582946777	-5.700981140136719	3.767179012298584	-1.235201358795166	-5.1690216064453125	3.215772867202759	-2.8911213874816895
1940.329	2.691000000000031	trials	[1940.4303     1941.26336667 1941.89493333 1942.51246667]	[1. 1. 1. 1.]	4	4.0	0.7853981633974483	2.0	R	5.857844352722168	1.3538118600845337	3.680870771408081	5.855010032653809	-1.2546157836914062	6.6556172370910645	-6.2400641441345215	6.2744293212890625
1944.023	2.744000000000142	trials	[1944.12446667 1944.88836667 1945.6703     1946.25173333]	[1. 1. 1. 1.]	4	4.0	0.7853981633974483	2.0	R	-1.767969012260437	8.667448997497559	-2.3160531520843506	3.6975791454315186	-1.9202395677566528	-1.2867294549942017	4.52602481842041	-0.6673128604888916
1947.771	1.1269999999999527	trials	[1947.87176667 1948.63266667           nan           nan]	[ 1.  1. nan nan]	4	2.0	0.7853981633974483	2.0	A	6.033241271972656	5.360421657562256	1.0536929368972778	4.908652305603027	1.0639537572860718	-8.206007957458496	-1.0222593545913696	-3.388655185699463
1949.902	3.0389999999999873	trials	[1950.00306667 1950.87523333 1951.64513333 1952.4391    ]	[1. 1. 1. 1.]	4	4.0	0.7853981633974483	2.0	R	-4.349035739898682	5.311968803405762	-7.051856517791748	1.105454444885254	6.253777503967285	0.9091888666152954	8.198906898498535	5.515322685241699
1953.945	2.935000000000173	trials	[1954.0461     1954.79293333 1955.52876667 1956.20946667]	[1. 1. 1. 1.]	4	4.0	0.7853981633974483	2.0	R	4.640522003173828	2.002788782119751	-0.26065894961357117	1.0136361122131348	6.4483489990234375	-3.514023780822754	-4.523092269897461	-8.276962280273438
1957.884	2.576999999999998	trials	[1957.98486667 1958.53723333 1959.3312     1959.94073333]	[1. 1. 1. 1.]	4	4.0	0.7853981633974483	2.0	R	-1.7780027389526367	-4.097909927368164	-3.5829484462738037	-8.760760307312012	-0.05268408730626106	-5.219964504241943	5.221883296966553	-6.423742771148682
1961.465	2.803000000000111	trials	[1961.56576667 1962.36976667 1963.0745     1963.73613333]	[1. 1. 1. 1.]	4	4.0	0.7853981633974483	2.0	R	-1.8317513465881348	-7.607916831970215	-0.2875910997390747	-2.8523340225219727	-0.2992178499698639	-8.452313423156738	2.1995370388031006	-4.121467113494873
1965.272	2.428000000000111	trials	[1965.3732     1965.78723333 1966.44286667 1967.16566667]	[1. 1. 1. 1.]	4	4.0	0.7853981633974483	2.0	R	-0.3496859669685364	0.1798652559518814	-4.396119117736816	3.1169352531433105	0.5429648160934448	3.895042896270752	-3.9666950702667236	6.054433345794678
1968.703	2.8530000000000655	trials	[1968.80473333 1969.66986667 1970.39666667 1971.0543    ]	[1. 1. 1. 1.]	4	4.0	0.7853981633974483	2.0	R	8.20361614227295	4.822581768035889	3.2293765544891357	5.329479217529297	-1.4644603729248047	7.052237033843994	-6.118483543395996	5.224651336669922
1972.559	2.6849999999999454	trials	[1972.6603     1973.35303333 1973.97656667 1974.65726667]	[1. 1. 1. 1.]	4	4.0	0.7853981633974483	2.0	R	-4.181347370147705	0.6151500940322876	-8.968183517456055	-0.8292194604873657	-4.583495140075684	-3.232240676879883	-6.746060371398926	-7.7403788566589355
1976.247	0.20699999999987995	trials	[1976.34846667           nan           nan           nan]	[ 1. nan nan nan]	4	1.0	0.7853981633974483	2.0	A	-3.9338881969451904	-3.6061694622039795	-5.864696025848389	-8.2183256149292	-1.3415333032608032	-6.0873637199401855	-8.465657234191895	-8.407906532287598
1977.457	3.0389999999999873	trials	[1977.55846667 1978.32036667 1979.19953333 1979.96343333]	[1. 1. 1. 1.]	4	4.0	0.7853981633974483	2.0	R	0.0	0.0	1.3425462245941162	8.374445915222168	-1.4929112195968628	4.256171703338623	-3.850243091583252	8.665592193603516
1981.499	0.8640000000000327	trials	[1981.6005       nan       nan       nan]	[ 1. nan nan nan]	4	1.0	0.7853981633974483	2.0	A	-8.845281600952148	8.442904472351074	-4.595394611358643	5.808809280395508	7.726200103759766	8.827427864074707	3.918067693710327	1.9610676765441895
1983.367	3.008000000000038	trials	[1983.46813333 1984.36436667 1985.04906667 1985.76783333]	[1. 1. 1. 1.]	4	4.0	0.7853981633974483	2.0	R	0.0	0.0	4.998713493347168	0.11342521756887436	3.471266269683838	4.8744025230407715	-3.095318555831909	-4.0781378746032715
1987.379	0.7580000000000382	trials	[1987.4801       nan       nan       nan]	[ 1. nan nan nan]	4	1.0	0.7853981633974483	2.0	A	-7.992391586303711	-5.087433338165283	-4.513515949249268	-8.678731918334961	-1.5019510984420776	-4.687431812286377	-7.528293609619141	-6.043822288513184
1989.14	2.713999999999942	trials	[1989.24146667 1990.11363333 1990.72413333 1991.33966667]	[1. 1. 1. 1.]	4	4.0	0.7853981633974483	2.0	R	-3.5259852409362793	-8.40359115600586	-0.7349768877029419	-4.255064487457275	-2.974604606628418	-8.725419044494629	-2.555180072784424	-3.7430412769317627
1992.857	4.198000000000093	trials	[nan nan nan nan]	[nan nan nan nan]	4				R	0.0	0.0	0.0	0.0	0.0	0.0	0.0	0.0
1998.058	2.9220000000000255	trials	[nan nan nan nan]	[nan nan nan nan]	4				R	0.0	0.0	0.0	0.0	0.0	0.0	0.0	0.0
2001.983	3.451999999999998	trials	[2002.08433333 2003.2312     2004.0452     2004.83516667]	[1. 1. 1. 1.]	4	4.0	0.7853981633974483	2.0	R	-7.333622455596924	-1.9436947107315063	4.720460414886475	0.34363430738449097	3.0999765396118164	7.599557876586914	1.5727664232254028	-4.0007500648498535
2006.438	7.086999999999989	trials	[2006.5394     2010.8531     2011.51976667 2012.5443    ]	[1. 1. 1. 1.]	4	4.0	0.7853981633974483	2.0	R	2.7748382091522217	-8.85410213470459	4.68583345413208	-4.233702182769775	-1.0052151679992676	8.221312522888184	-5.4840474128723145	5.998687744140625
2014.528	2.5629999999998745	trials	[2014.6295     2014.89513333 2015.61193333 2016.49813333]	[1. 1. 1. 1.]	4	4.0	0.7853981633974483	2.0	R	-2.044666290283203	2.3695473670959473	-3.6134772300720215	7.117055416107178	6.202761173248291	7.027736663818359	1.7064448595046997	4.840697765350342
2018.094	2.8589999999999236	trials	[2018.19533333 2018.96523333 2019.64393333 2020.3948    ]	[1. 1. 1. 1.]	4	4.0	0.7853981633974483	2.0	R	-2.9255130290985107	6.72350549697876	-2.8960201740264893	1.7235925197601318	-6.2597551345825195	5.422955513000488	-2.154090404510498	-1.6262485980987549
2021.957	2.729999999999791	trials	[2022.05793333 2022.88296667 2023.56366667 2024.13606667]	[1. 1. 1. 1.]	4	4.0	0.7853981633974483	2.0	R	-7.708597660064697	-6.1067795753479	-1.2608952522277832	-3.975188970565796	2.079328775405884	-0.2545837163925171	6.440929889678955	2.190091371536255
2025.691	2.83199999999988	trials	[2025.7922     2026.4819     2027.2468     2027.94553333]	[1. 1. 1. 1.]	4	4.0	0.7853981633974483	2.0	R	3.255760908126831	6.0442705154418945	-1.1215687990188599	8.46066951751709	0.7708497047424316	3.832630157470703	-4.082071304321289	2.6288206577301025
2029.526	2.8940000000000055	trials	[2029.6277     2030.60213333 2031.3149     2031.94646667]	[1. 1. 1. 1.]	4	4.0	0.7853981633974483	2.0	R	-1.6007614135742188	-1.7120435237884521	-8.639609336853027	-6.8196611404418945	-5.710207939147949	-2.767672538757324	-0.710223913192749	-2.7802846431732178
2033.423	2.643000000000029	trials	[2033.5244     2034.27626667 2034.9449     2035.5474    ]	[1. 1. 1. 1.]	4	4.0	0.7853981633974483	2.0	R	0.5569461584091187	-7.6170477867126465	2.374739646911621	-2.9591915607452393	6.055951118469238	0.4243984818458557	1.843126654624939	3.117372751235962
2037.069	2.744000000000142	trials	[2037.17043333 2037.93033333 2038.58393333 2039.23456667]	[1. 1. 1. 1.]	4	4.0	0.7853981633974483	2.0	R	4.0837602615356445	7.587223052978516	-0.5019131302833557	5.594335556030273	-5.465138912200928	6.199638366699219	-5.239370822906494	1.2047380208969116
2040.816	2.9149999999999636	trials	[2040.91773333 2041.79593333 2042.49466667 2043.26856667]	[1. 1. 1. 1.]	4	4.0	0.7853981633974483	2.0	R	4.688571453094482	1.0293036699295044	4.4132609367370605	6.021718502044678	-1.076192021369934	-3.9643280506134033	1.0000207424163818	0.5842254757881165
2044.734	2.7870000000000346	trials	[2044.83546667 2045.5803     2046.24496667 2046.9056    ]	[1. 1. 1. 1.]	4	4.0	0.7853981633974483	2.0	R	-3.5139260292053223	-1.5661894083023071	2.2089271545410156	-6.164226531982422	6.623524188995361	-8.511850357055664	-1.865285873413086	-7.7226176261901855
2048.525	2.336999999999989	trials	[2048.62586667 2048.82836667 2049.485      2050.19476667]	[1. 1. 1. 1.]	4	4.0	0.7853981633974483	2.0	R	0.2932250499725342	-3.2125368118286133	-4.383983612060547	-1.4451326131820679	-4.114388942718506	-6.437859058380127	6.066401958465576	-6.29374361038208
2051.866	3.1219999999998436	trials	[2051.96716667 2053.7576     2054.40723333           nan]	[ 1.  1.  1. nan]	4	3.0	0.7853981633974483	2.0	A	-4.642512321472168	-0.6979333758354187	1.5595519542694092	-2.4609193801879883	-2.9778730869293213	-0.3604971766471863	-1.859894871711731	5.242117881774902
2055.991	3.3789999999999054	trials	[2056.0924     2057.40066667 2058.0984     2058.76806667]	[1. 1. 1. 1.]	4	4.0	0.7853981633974483	2.0	R	8.449728965759277	-2.2261831760406494	4.711472988128662	1.0942747592926025	8.797141075134277	-1.7879670858383179	3.9330408573150635	-0.6301539540290833
2060.373	2.824000000000069	trials	[2060.4743     2061.2001     2061.8888     2062.67473333]	[1. 1. 1. 1.]	4	4.0	0.7853981633974483	2.0	R	4.660553455352783	4.883040428161621	-0.36176249384880066	4.770057201385498	-3.860990524291992	-8.406094551086426	-1.3179564476013184	-4.101099967956543
2064.201	2.7829999999999018	trials	[2064.3018     2065.01053333 2065.7183     2066.36993333]	[1. 1. 1. 1.]	4	4.0	0.7853981633974483	2.0	R	1.7710076570510864	-0.16939538717269897	6.672419548034668	0.8186144828796387	2.7643423080444336	3.93741774559021	4.4718462286749964e-29	2.083782966528933e-32
2067.988	3.048999999999978	trials	[2068.0892     2068.9383     2069.71923333 2070.36986667]	[1. 1. 1. 1.]	4	4.0	0.7853981633974483	2.0	R	3.337100028991699	-7.629643440246582	7.281630516052246	1.2952784299850464	4.052184104919434	5.112433910369873	-1.5355579853057861	7.798535346984863
2072.04	2.3519999999998618	trials	[2072.14126667 2073.0535     2073.70413333           nan]	[ 1.  1.  1. nan]	4	3.0	0.7853981633974483	2.0	A	-4.3657002449035645	3.6766068935394287	-7.16156530380249	-1.0572420358657837	-0.15920084714889526	1.015041470527649	-4.917637825012207	-0.5203010439872742
2075.395	5.148999999999887	trials	[2075.49656667 2078.35066667 2079.23286667 2080.0118    ]	[1. 1. 1. 1.]	4	4.0	0.7853981633974483	2.0	R	1.9242879152297974	-5.0904221534729	8.190790176391602	1.7301870584487915	3.2893826961517334	0.7421566247940063	8.058695793151855	-0.759060800075531
2081.548	2.8270000000002256	trials	[2081.64886667 2082.32553333 2082.96813333 2083.77613333]	[1. 1. 1. 1.]	4	4.0	0.7853981633974483	2.0	R	3.585158348083496	-5.075157165527344	8.572294235229492	-5.433589458465576	4.3314642906188965	-2.7849369049072266	0.4717589020729065	-8.786799430847168
2085.378	2.5909999999998945	trials	[2085.47936667 2086.0217     2086.65726667 2087.36803333]	[1. 1. 1. 1.]	4	4.0	0.7853981633974483	2.0	R	1.7584495544433594	-3.9551920890808105	6.680840015411377	-7.677641868591309	0.7877413034439087	-6.896818161010742	4.818506240844727	-0.6920952200889587
2088.972	2.8659999999999854	trials	[2089.07326667 2089.91936667 2090.62213333 2091.22663333]	[1. 1. 1. 1.]	4	4.0	0.7853981633974483	2.0	R	8.67213249206543	2.4937429428100586	3.7191152572631836	1.8099161386489868	4.7243242263793945	6.707829475402832	0.2098463922739029	4.558529376983643
2092.842	2.70699999999988	trials	[2092.9429     2093.7479     2094.34436667 2095.06113333]	[1. 1. 1. 1.]	4	4.0	0.7853981633974483	2.0	R	-5.326887130737305	4.4777398109436035	-7.610327243804932	0.029605017974972725	-4.3047261238098145	-3.721795082092285	0.5292962789535522	-4.999381065368652
2096.553	2.811000000000149	trials	[2096.6541     2097.36986667 2097.97536667 2098.78236667]	[1. 1. 1. 1.]	4	4.0	0.7853981633974483	2.0	R	4.632900238037109	-2.142733573913574	0.3772676885128021	0.48206987977027893	5.995020866394043	8.296394348144531	1.437484860420227	6.239973545074463
2100.367	3.026999999999589	trials	[2100.46856667 2101.19436667 2101.91816667 2102.50463333]	[1. 1. 1. 1.]	4	4.0	0.7853981633974483	2.0	R	0.7755803465843201	-5.763981819152832	5.096976280212402	-3.24891996383667	5.282595634460449	-8.808891296386719	1.926506519317627	4.946388244628906
2104.397	2.744000000000142	trials	[2104.49856667 2105.1492     2105.84693333 2106.58473333]	[1. 1. 1. 1.]	4	4.0	0.7853981633974483	2.0	R	-2.4288666248321533	2.4906349182128906	-6.242816925048828	5.723865985870361	-3.117220640182495	1.821219801902771	1.6408069133758545	3.3578312397003174
2108.145	2.855000000000018	trials	[2108.24586667 2108.88646667 2109.75763333 2110.38116667]	[1. 1. 1. 1.]	4	4.0	0.7853981633974483	2.0	R	-3.34944486618042	3.6699013710021973	6.240760803222656	5.263576984405518	2.4973647594451904	1.948914647102356	-6.996798038482666	-7.445194721221924
2112.003	2.625999999999749	trials	[2112.10446667 2112.7701     2113.39766667 2114.03726667]	[1. 1. 1. 1.]	4	4.0	0.7853981633974483	2.0	R	-2.21459698677063	-5.985553741455078	2.4663443565368652	-4.2280592918396	2.0461673736572266	0.7542547583580017	7.032398223876953	3.063509702682495
2115.632	2.8220000000001164	trials	[nan nan nan nan]	[nan nan nan nan]	4				R	0.0	0.0	0.0	0.0	0.0	0.0	0.0	0.0
2119.458	3.0329999999999018	trials	[2119.55896667 2120.31783333 2121.04663333 2121.74436667]	[1. 1. 1. 1.]	4	4.0	0.7853981633974483	2.0	R	-6.261234760284424	-3.38057541847229	-5.789463043212891	-8.358268737792969	-1.1294949054718018	-6.545896053314209	-1.7351274490356445	4.980534076690674
2123.495	2.787000000000262	trials	[2123.59596667 2124.42403333 2125.20996667 2125.83053333]	[1. 1. 1. 1.]	4	4.0	0.7853981633974483	2.0	R	-6.363613128662109	6.871860980987549	-7.826181411743164	2.0905539989471436	-7.689180374145508	-2.9075686931610107	-3.599745035171509	-5.784462928771973
2127.285	2.6260000000002037	trials	[2127.3864     2128.06706667 2128.78886667 2129.38233333]	[1. 1. 1. 1.]	4	4.0	0.7853981633974483	2.0	R	-5.965053081512451	3.7079620361328125	-2.0494871139526367	0.5985658764839172	-5.963062763214111	3.7104663848876953	-4.876916885375977	-1.1701366901397705
2130.914	3.0289999999999964	trials	[2131.0154     2131.92966667 2132.5853     2133.17976667]	[1. 1. 1. 1.]	4	4.0	0.7853981633974483	2.0	R	4.157469272613525	6.924052715301514	3.5007407665252686	-0.9092928171157837	6.60380744934082	-4.82987642288208	5.547412872314453	2.477447509765625
2134.946	2.7090000000002874	trials	[2135.0474     2135.90453333 2136.54813333 2137.16966667]	[1. 1. 1. 1.]	4	4.0	0.7853981633974483	2.0	R	-6.421030521392822	2.5203027725219727	-3.4247171878814697	-1.482459545135498	-4.531952381134033	-6.358321666717529	-0.4977748990058899	-3.4044406414031982
2138.658	6.166000000000167	trials	[2138.75963333 2142.83173333 2143.56153333 2144.154     ]	[1. 1. 1. 1.]	4	4.0	0.7853981633974483	2.0	R	-0.31347745656967163	-8.401042938232422	4.9462890625	-1.9900941848754883	6.673396587371826	2.702144145965576	-4.526298999786377	6.282899379730225
2145.827	2.9589999999998327	trials	[2145.9284     2146.77853333 2147.55043333 2148.175     ]	[1. 1. 1. 1.]	4	4.0	0.7853981633974483	2.0	R	7.191876411437988	6.465946197509766	2.4493911266326904	4.882016181945801	-2.364002227783203	6.235250949859619	-7.271088123321533	5.275818824768066
2149.789	2.6920000000000073	trials	[2149.89023333 2150.57596667 2151.17543333 2151.91226667]	[1. 1. 1. 1.]	4	4.0	0.7853981633974483	2.0	R	-2.627946615219116	3.4207613468170166	-6.1661810874938965	6.953592777252197	-3.5047216415405273	2.7207882404327393	-8.311650276184082	1.3447664976119995
2153.484	2.6720000000000255	trials	[2153.58543333 2154.1869     2155.00996667 2155.6706    ]	[1. 1. 1. 1.]	4	4.0	0.7853981633974483	2.0	R	-4.666418552398682	-2.077554702758789	-2.2196404933929443	-6.437976360321045	3.5093741416931152	-3.5532689094543457	3.49778151512146	1.4467177391052246
2157.159	3.1799999999998363	trials	[2157.26053333 2158.14773333 2158.9307     2159.68356667]	[1. 1. 1. 1.]	4	4.0	0.7853981633974483	2.0	R	8.01484203338623	5.965019226074219	3.0847036838531494	5.132114410400391	-1.1461501121520996	7.796673774719238	-5.613411903381348	-2.9188072681427
2161.343	2.968000000000302	trials	[2161.44393333 2162.18376667 2163.09703333 2163.78773333]	[1. 1. 1. 1.]	4	4.0	0.7853981633974483	2.0	R	-2.3943779468536377	-6.744747638702393	1.4374831914901733	7.054233551025391	1.2465876340866089	2.0578789710998535	0.06121983006596565	6.915337562561035
2165.315	2.811999999999898	trials	[2165.4158     2166.1075     2166.714      2167.50396667]	[1. 1. 1. 1.]	4	4.0	0.7853981633974483	2.0	R	-3.399691104888916	3.3067233562469482	-8.046257972717285	1.4602630138397217	-6.5964674949646	8.77257251739502	-5.271125793457031	3.9514243602752686
2169.13	2.8779999999997017	trials	[2169.23126667 2169.92196667 2170.55656667 2171.49286667]	[1. 1. 1. 1.]	4	4.0	0.7853981633974483	2.0	R	-1.8786190748214722	0.27842849493026733	-3.7924840450286865	4.897640705108643	-8.752340316772461	4.265320777893066	-3.3584961891174316	2.91381573677063
2173.012	2.7590000000000146	trials	[2173.1129     2173.8457     2174.4783     2175.29833333]	[1. 1. 1. 1.]	4	4.0	0.7853981633974483	2.0	R	-7.275586128234863	-0.19366027414798737	-3.1973471641540527	-3.0864040851593018	3.2419278621673584	5.569194316864014	3.6298534870147705	0.5842655897140503
2176.774	2.8070000000002437	trials	[2176.87523333 2177.6612     2178.3148     2178.97243333]	[1. 1. 1. 1.]	4	4.0	0.7853981633974483	2.0	R	7.423624038696289	-5.681032657623291	4.0840044021606445	-1.959884524345398	3.2013628482818604	2.9615931510925293	-1.5938667058944702	1.545339584350586
2180.584	5.945000000000164	trials	[nan nan nan nan]	[nan nan nan nan]	4				R	0.0	0.0	0.0	0.0	0.0	0.0	0.0	0.0
2187.533	2.630000000000109	trials	[2187.63393333 2188.2996     2188.97926667 2189.57176667]	[1. 1. 1. 1.]	4	4.0	0.7853981633974483	2.0	R	0.3714558780193329	-3.975681781768799	4.772389888763428	-1.602544903755188	4.39020299911499	3.382827043533325	2.4138357639312744	-1.2099905014038086
2191.167	1.9169999999999163	trials	[2191.26796667 2192.1331     2192.8198               nan]	[ 1.  1.  1. nan]	4	3.0	0.7853981633974483	2.0	A	-8.304343223571777	-4.467168807983398	6.018271446228027	-5.866861820220947	3.236760139465332	-1.7119619846343994	2.308056354522705	3.2010319232940674
2194.088	2.9849999999996726	trials	[2194.1892     2194.97616667 2195.74006667 2196.47086667]	[1. 1. 1. 1.]	4	4.0	0.7853981633974483	2.0	R	6.143758296966553	-0.868436872959137	5.108248233795166	4.023159980773926	1.5070602893829346	7.491796970367432	-3.4875576496124268	7.259865760803223
2198.077	2.6219999999998436	trials	[2198.1781     2198.8929     2199.5074     2200.19913333]	[1. 1. 1. 1.]	4	4.0	0.7853981633974483	2.0	R	0.3057957589626312	-1.4590330123901367	2.2179548740386963	3.1608855724334717	-1.932685375213623	5.948749542236328	-6.900526523590088	5.3825764656066895
2201.703	2.8589999999999236	trials	[2201.80413333 2202.5289     2203.24066667 2203.92136667]	[1. 1. 1. 1.]	4	4.0	0.7853981633974483	2.0	R	-2.6730098724365234	2.712725877761841	4.372603893280029	-0.16343969106674194	8.120363235473633	-3.4731671810150146	2.7640626430511475	3.373800277709961
2205.565	2.9290000000000873	trials	[2205.6667     2206.35943333 2206.98296667 2207.75086667]	[1. 1. 1. 1.]	4	4.0	0.7853981633974483	2.0	R	0.38170215487480164	-5.061485290527344	4.538048267364502	-7.8408355712890625	3.5688071250915527	-2.935678005218506	1.2713240385055542	7.973878860473633
2209.497	2.788000000000011	trials	[2209.59846667 2210.3764     2211.0972     2211.75783333]	[1. 1. 1. 1.]	4	4.0	0.7853981633974483	2.0	R	-3.625821590423584	6.964936256408691	-6.076275825500488	-2.948833703994751	-7.673901557922363	-7.686722755432129	-5.238546848297119	-3.3199105262756348
2213.289	2.737999999999829	trials	[nan nan nan nan]	[nan nan nan nan]	4				R	0.0	0.0	0.0	0.0	0.0	0.0	0.0	0.0
2217.031	2.8859999999999673	trials	[2217.13216667 2217.97526667 2218.6419     2219.25543333]	[1. 1. 1. 1.]	4	4.0	0.7853981633974483	2.0	R	0.6713504195213318	6.335137367248535	-2.951707363128662	2.8893496990203857	-7.9390387535095215	3.2450547218322754	-5.402649879455566	-1.0638586282730103
2220.921	2.8840000000000146	trials	[nan nan nan nan]	[nan nan nan nan]	4				R	0.0	0.0	0.0	0.0	0.0	0.0	0.0	0.0
2224.808	0.7950000000000728	trials	[2224.90946667           nan           nan           nan]	[ 1. nan nan nan]	4	1.0	0.7853981633974483	2.0	A	-4.1042799949646	3.9508848190307617	-2.099240779876709	-0.8257818222045898	4.825613498687744	5.251838684082031	0.7732672095298767	2.3229329586029053
2226.607	2.612999999999829	trials	[2226.70793333 2227.47183333 2228.15253333 2228.73796667]	[1. 1. 1. 1.]	4	4.0	0.7853981633974483	2.0	R	1.5480031967163086	4.151870250701904	-1.8664360046386719	7.804486274719238	-4.979392051696777	3.8917503356933594	-5.554669380187988	-1.0750449895858765
2230.224	2.711999999999989	trials	[2230.3249     2231.03766667 2231.6923     2232.42213333]	[1. 1. 1. 1.]	4	4.0	0.7853981633974483	2.0	R	-3.353261709213257	-5.5643439292907715	0.6893519163131714	-2.622019052505493	8.536706924438477	-2.535025119781494	4.547049045562744	0.47871482372283936
2233.94	3.0779999999999745	trials	[nan nan nan nan]	[nan nan nan nan]	4				R	0.0	0.0	0.0	0.0	0.0	0.0	0.0	0.0
2238.021	2.9209999999998217	trials	[2238.12226667 2238.9383     2239.69716667 2240.3568    ]	[1. 1. 1. 1.]	4	4.0	0.7853981633974483	2.0	R	1.8457825183868408	8.335670471191406	7.443202972412109	7.444509506225586	3.5472829341888428	4.31053352355957	-0.22068428993225098	7.597237586975098
2241.946	2.5660000000002583	trials	[2242.047      2242.84096667 2243.44046667 2244.04696667]	[1. 1. 1. 1.]	4	4.0	0.7853981633974483	2.0	R	-5.193899154663086	7.080386161804199	-7.972965240478516	2.9238505363464355	-3.3031444549560547	1.137016773223877	1.2249888181686401	-0.9833625555038452
2245.516	2.757000000000062	trials	[2245.61686667 2246.33966667 2246.94816667 2247.7161    ]	[1. 1. 1. 1.]	4	4.0	0.7853981633974483	2.0	R	2.4530537128448486	-5.830202579498291	6.294190883636475	-2.629317283630371	1.7476909160614014	1.038349986076355	4.660717487335205	-3.025426149368286
2249.277	2.77599999999984	trials	[2249.3782     2250.1782     2250.8248     2251.44733333]	[1. 1. 1. 1.]	4	4.0	0.7853981633974483	2.0	R	7.692931175231934	2.308647632598877	3.4670040607452393	-1.8131208419799805	5.283160209655762	-6.471615791320801	2.9035112857818604	-2.074199676513672
2253.056	3.074999999999818	trials	[2253.1576     2253.97763333 2254.6473     2255.3019    ]	[1. 1. 1. 1.]	4	4.0	0.7853981633974483	2.0	R	7.1584391593933105	-4.700145244598389	2.750413417816162	-2.3402066230773926	5.120504856109619	2.062368392944336	-7.936433792114258	0.35465890169143677
2257.134	2.8279999999999745	trials	[2257.2357     2257.98056667 2258.7154     2259.368     ]	[1. 1. 1. 1.]	4	4.0	0.7853981633974483	2.0	R	-3.2857396602630615	2.190699338912964	0.5666831135749817	-0.9965938925743103	-2.9820456504821777	2.52569580078125	1.8635883331298828	1.2928811311721802
2260.966	3.2339999999999236	trials	[2261.06723333 2261.80206667 2262.56093333 2263.22156667]	[1. 1. 1. 1.]	4	4.0	0.7853981633974483	2.0	R	-4.361368656158447	2.5339057445526123	-8.67966079711914	-4.1205315589904785	-4.137237548828125	-7.458824634552002	5.024108409881592	4.104856014251709
2265.204	2.7899999999999636	trials	[2265.30473333 2265.98643333 2266.63403333 2267.33276667]	[1. 1. 1. 1.]	4	4.0	0.7853981633974483	2.0	R	0.4582977294921875	2.066873550415039	4.92246150970459	7.239835262298584	0.6323171257972717	4.67182731628418	-8.284771919250488	-4.813961982727051
2268.998	2.882000000000062	trials	[nan nan nan nan]	[nan nan nan nan]	4				R	0.0	0.0	0.0	0.0	0.0	0.0	0.0	0.0
2272.884	2.9340000000001965	trials	[2272.9848     2273.9021     2274.5928     2275.18326667]	[1. 1. 1. 1.]	4	4.0	0.7853981633974483	2.0	R	-7.768632888793945	0.7041941285133362	-3.144742965698242	2.6067302227020264	-5.176773548126221	-1.9617326259613037	-4.464469909667969	-6.910735130310059
2276.821	5.585000000000036	trials	[2276.92256667 2280.4744     2281.09193333 2281.7666    ]	[1. 1. 1. 1.]	4	4.0	0.7853981633974483	2.0	R	0.43165138363838196	-7.924635410308838	2.073824644088745	-3.2020020484924316	4.9709153175354	3.893775701522827	-4.7177324295043945	5.7532758712768555
2283.41	3.3160000000002583	trials	[nan nan nan nan]	[nan nan nan nan]	4				R	0.0	0.0	0.0	0.0	0.0	0.0	0.0	0.0
2287.729	3.330000000000382	trials	[nan nan nan nan]	[nan nan nan nan]	4				R	0.0	0.0	0.0	0.0	0.0	0.0	0.0	0.0
2292.062	3.242000000000189	trials	[2292.1634     2293.0075     2294.0912     2294.66563333]	[1. 1. 1. 1.]	4	4.0	0.7853981633974483	2.0	R	-6.603235721588135	-4.8689751625061035	-3.93406081199646	8.384819030761719	-6.244661808013916	3.950732707977295	-6.046242713928223	-1.0453288555145264
2296.308	2.831000000000131	trials	[2296.40896667 2297.38036667 2298.034      2298.6395    ]	[1. 1. 1. 1.]	4	4.0	0.7853981633974483	2.0	R	-6.08107328414917	-6.045207500457764	-1.311077356338501	-4.54616117477417	3.631279230117798	-3.789120674133301	4.225469589233398	-8.75368881225586
2300.142	2.1710000000002765	trials	[2300.24346667 2300.9793     2301.68806667           nan]	[ 1.  1.  1. nan]	4	3.0	0.7853981633974483	2.0	A	5.763577938079834	-3.996145009994507	7.698462963104248	0.6143017411231995	8.288902282714844	5.579317569732666	3.764892101287842	3.4501545429229736
2303.316	3.5340000000001055	trials	[2303.41736667 2304.69753333 2305.50753333 2306.2604    ]	[1. 1. 1. 1.]	4	4.0	0.7853981633974483	2.0	R	5.542027950286865	1.4014374017715454	-6.6753082275390625	0.9426467418670654	-0.8032392859458923	-6.489188194274902	3.583656072616577	-4.090198993682861
2307.853	3.125	trials	[2307.9546     2309.0413     2309.69393333 2310.38766667]	[1. 1. 1. 1.]	4	4.0	0.7853981633974483	2.0	R	-4.2802863121032715	8.661014556884766	-7.70432186126709	5.017393112182617	-8.783184051513672	0.13517481088638306	-2.9835805892944336	-7.823880672454834
2311.982	2.65099999999984	trials	[2312.08286667 2312.6944     2313.39913333 2314.10186667]	[1. 1. 1. 1.]	4	4.0	0.7853981633974483	2.0	R	0.9799289703369141	-4.775833606719971	5.936987400054932	-4.12194299697876	2.6113882064819336	-0.38826000690460205	1.5421347618103027	-5.272592067718506
2315.637	2.4089999999996508	trials	[2315.73793333 2316.47876667 2317.2938               nan]	[ 1.  1.  1. nan]	4	3.0	0.7853981633974483	2.0	A	-2.047396659851074	1.385089635848999	-7.174999713897705	8.529582023620605	-7.128912925720215	3.5297939777374268	4.518980026245117	4.1079535484313965
2319.049	3.4659999999998945	trials	[2319.1504     2320.09476667 2320.9569     2321.808     ]	[1. 1. 1. 1.]	4	4.0	0.7853981633974483	2.0	R	2.629328727722168	2.8445634841918945	8.792278289794922	1.4185845851898193	5.337665557861328	5.033228397369385	1.9131824970245361	8.676429748535156
2323.518	2.6579999999999018	trials	[2323.6195     2324.29116667 2325.04303333 2325.65153333]	[1. 1. 1. 1.]	4	4.0	0.7853981633974483	2.0	R	-1.7159861326217651	5.237078666687012	0.23158149421215057	-5.437212944030762	5.755207061767578	-4.388969421386719	7.791215896606445	0.17772166430950165
2327.179	2.701000000000022	trials	[2327.2806     2327.9693     2328.63393333 2329.36976667]	[1. 1. 1. 1.]	4	4.0	0.7853981633974483	2.0	R	3.614530324935913	2.9264116287231445	5.385883808135986	7.602126121520996	2.398331642150879	3.592820644378662	0.4636099934577942	8.203335762023926
2330.884	2.7339999999999236	trials	[2330.98476667 2331.81183333 2332.47246667 2333.14513333]	[1. 1. 1. 1.]	4	4.0	0.7853981633974483	2.0	R	-8.516987800598145	-1.8741759061813354	-1.6564475297927856	-8.624726295471191	1.931779384613037	-5.1426825523376465	5.872055530548096	-2.064659833908081
2334.622	2.6469999999999345	trials	[2334.72306667 2335.40576667 2336.12856667 2336.74206667]	[1. 1. 1. 1.]	4	4.0	0.7853981633974483	2.0	R	4.1808671951293945	2.640643835067749	-4.377718925476074	-0.3407731056213379	-6.776588439941406	-4.859943866729736	-2.1716861724853516	-6.807987213134766
2338.273	2.8449999999998	trials	[2338.37413333 2339.22323333 2339.98613333 2340.63073333]	[1. 1. 1. 1.]	4	4.0	0.7853981633974483	2.0	R	5.384769916534424	-7.056901454925537	-2.262934446334839	-1.6971442699432373	2.709249973297119	-2.2238166332244873	7.101433277130127	0.16547705233097076
2342.121	2.6709999999998217	trials	[2342.22266667 2342.9585     2343.57903333 2344.26976667]	[1. 1. 1. 1.]	4	4.0	0.7853981633974483	2.0	R	0.5044692158699036	0.7949047684669495	2.4957215785980225	-3.7914786338806152	-2.8244500160217285	-7.648773193359375	0.5216894745826721	-3.9334867000579834
2345.796	2.744000000000142	trials	[2345.8968     2346.67473333 2347.35943333 2348.01003333]	[1. 1. 1. 1.]	4	4.0	0.7853981633974483	2.0	R	5.48867130279541	-3.3598215579986572	4.459366798400879	1.533084750175476	-0.3565422594547272	0.18883000314235687	-4.030727863311768	-3.202387809753418
2349.544	3.242000000000189	trials	[2349.6451     2350.37993333 2351.4155     2352.1393    ]	[1. 1. 1. 1.]	4	4.0	0.7853981633974483	2.0	R	0.32951027154922485	-5.6494927406311035	6.718744277954102	5.278475284576416	1.7466185092926025	5.805698394775391	8.29148006439209	2.967041254043579
2353.789	3.406999999999698	trials	[nan nan nan nan]	[nan nan nan nan]	4				R	0.0	0.0	0.0	0.0	0.0	0.0	0.0	0.0
2358.199	6.288000000000011	trials	[2358.3006     2362.26043333 2362.86593333 2363.4574    ]	[1. 1. 1. 1.]	4	4.0	0.7853981633974483	2.0	R	-6.953732013702393	0.9549307227134705	-3.192641019821167	-2.339639663696289	1.0973289012908936	-4.907938480377197	6.263803958892822	7.712865829467773
2365.49	2.8840000000000146	trials	[2365.5917     2366.2363     2366.93303333 2367.8162    ]	[1. 1. 1. 1.]	4	4.0	0.7853981633974483	2.0	R	4.163050651550293	3.1755943298339844	1.6617082357406616	7.504945755004883	-2.1095097064971924	4.221972465515137	-2.9999237060546875	-0.6981052756309509
2369.377	2.7580000000002656	trials	[2369.47833333 2370.12996667 2370.7505     2371.55046667]	[1. 1. 1. 1.]	4	4.0	0.7853981633974483	2.0	R	3.5468950271606445	1.0624549388885498	-1.3338428735733032	2.1479949951171875	-8.840826034545898	6.11253547668457	-6.854396820068359	1.5240610837936401
2373.138	0.2110000000002401	trials	[2373.23966667           nan           nan           nan]	[ 1. nan nan nan]	4	1.0	0.7853981633974483	2.0	A	1.9919339418411255	0.2450742870569229	-0.3656851649284363	-5.126960277557373	4.6013946533203125	-5.699774742126465	-7.7324628829956055	-4.1341328620910645
2374.352	3.01299999999992	trials	[2374.4537     2375.24263333 2375.9033     2376.6321    ]	[1. 1. 1. 1.]	4	4.0	0.7853981633974483	2.0	R	-0.15283869206905365	6.5311994552612305	-2.9776358604431152	2.4056057929992676	-2.83158278465271	-8.62852954864502	-2.4860951900482178	3.272273063659668
2378.368	5.2150000000001455	trials	[2378.46966667 2381.5904     2382.234      2382.87156667]	[1. 1. 1. 1.]	4	4.0	0.7853981633974483	2.0	R	-3.765638828277588	-1.5612317323684692	-4.152909755706787	-6.546211242675781	-1.2369813919067383	-1.2614134550094604	-6.2839508056640625	-8.248261451721191
2384.587	3.0039999999999054	trials	[2384.6881     2385.56926667 2386.27903333 2387.01486667]	[1. 1. 1. 1.]	4	4.0	0.7853981633974483	2.0	R	7.124788284301758	-8.069022178649902	4.71909761428833	-3.685797691345215	8.359021186828613	-0.25783148407936096	3.410396099090576	0.45708534121513367
2388.595	2.9650000000001455	trials	[2388.69603333 2389.7306     2390.43033333 2391.0519    ]	[1. 1. 1. 1.]	4	4.0	0.7853981633974483	2.0	R	4.290591716766357	5.379001140594482	0.20632129907608032	2.494779348373413	5.127109527587891	1.608302354812622	4.377382278442383	7.065884113311768
2392.564	2.824000000000069	trials	[nan nan nan nan]	[nan nan nan nan]	4				R	0.0	0.0	0.0	0.0	0.0	0.0	0.0	0.0
2396.391	9.29300000000012	trials	[2396.4924     2403.19303333 2404.12433333 2405.12683333]	[1. 1. 1. 1.]	4	4.0	0.7853981633974483	2.0	R	1.15351140499115	-4.880373954772949	-2.4498488903045654	0.10669060796499252	-0.34976667165756226	-4.430891990661621	3.0048091411590576	-8.138562202453613
2406.688	2.9020000000000437	trials	[2406.78896667 2407.616      2408.2947     2409.04656667]	[1. 1. 1. 1.]	4	4.0	0.7853981633974483	2.0	R	7.297685146331787	-5.5751237869262695	7.5056352615356445	-0.25711432099342346	2.5061192512512207	-0.3266935348510742	-2.391852855682373	0.678229033946991
2410.593	3.074000000000069	trials	[2410.69463333 2411.61193333 2412.30363333 2412.96326667]	[1. 1. 1. 1.]	4	4.0	0.7853981633974483	2.0	R	-7.181483745574951	2.1133031845092773	-3.7065021991729736	-1.481763482093811	-5.766642093658447	-6.037619590759277	6.727141380310059	-5.793783664703369
2414.671	2.5260000000002947	trials	[nan nan nan nan]	[nan nan nan nan]	4				R	0.0	0.0	0.0	0.0	0.0	0.0	0.0	0.0
2418.2	2.86200000000008	trials	[2418.30153333 2419.2118     2419.95663333 2420.59923333]	[1. 1. 1. 1.]	4	4.0	0.7853981633974483	2.0	R	4.516866207122803	-2.4243874549865723	-3.3194241523742676	4.613598346710205	-1.0021390914916992	-0.34629154205322266	-3.3046340942382812	-4.784592628479004
2422.066	2.97400000000016	trials	[2422.16713333 2423.01123333 2423.6428     2424.30043333]	[1. 1. 1. 1.]	4	4.0	0.7853981633974483	2.0	R	1.4330939054489136	4.130605697631836	-3.9170868396759033	-0.07545863091945648	0.31868988275527954	-2.7321853637695312	-0.2650223970413208	8.556225776672363
2426.044	2.6140000000000327	trials	[2426.145      2426.64926667 2427.34296667 2427.96953333]	[1. 1. 1. 1.]	4	4.0	0.7853981633974483	2.0	R	-0.7491942644119263	3.579723596572876	3.6043574810028076	-1.0747541189193726	5.358668804168701	3.6073813438415527	-5.25394344329834	-0.3045348525047302
2429.662	2.7480000000000473	trials	[2429.76296667 2430.55696667 2431.20956667 2431.85616667]	[1. 1. 1. 1.]	4	4.0	0.7853981633974483	2.0	R	-3.0487682819366455	-4.7919840812683105	-7.07946252822876	-7.750616073608398	-2.684826374053955	-5.365837097167969	2.1817574501037598	-6.5131659507751465
2433.413	2.6790000000000873	trials	[2433.5143     2434.10173333 2434.83956667 2435.56236667]	[1. 1. 1. 1.]	4	4.0	0.7853981633974483	2.0	R	2.2837917804718018	-1.5142072439193726	-2.358372926712036	0.343293160200119	5.198366165161133	-0.2318502813577652	7.151764392852783	4.37078332901001
2437.095	2.89200000000028	trials	[2437.19643333 2438.02146667 2439.05103333           nan]	[ 1.  1.  1. nan]	4	3.0	0.7853981633974483	2.0	A	2.763428211212158	6.7671356201171875	-2.2357406616210938	6.858290195465088	2.3182735443115234	-7.197601318359375	4.366359233856201	-2.6363136768341064
2440.991	1.7649999999998727	trials	[2441.0921       nan       nan       nan]	[ 1. nan nan nan]	4	1.0	0.7853981633974483	2.0	A	5.704440593719482	-3.5187602043151855	1.1650022268295288	-1.4226925373077393	-5.486591815948486	-7.051184177398682	-0.550090491771698	-6.256856441497803
2443.76	2.9869999999996253	trials	[2443.86096667 2444.676      2445.35266667 2446.16066667]	[1. 1. 1. 1.]	4	4.0	0.7853981633974483	2.0	R	7.3603596687316895	-5.382258892059326	4.80193567276001	-1.0863926410675049	-3.1351447105407715	1.0031988620758057	-4.2127485275268555	-3.8792974948883057
2447.751	3.2739999999998872	trials	[2447.85186667 2448.63183333 2449.7075     2450.5556    ]	[1. 1. 1. 1.]	4	4.0	0.7853981633974483	2.0	R	-5.913849830627441	-8.581026077270508	1.287850260734558	3.6900274753570557	-7.193840980529785	3.0958497524261475	-2.967890739440918	0.4235197901725769
2452.028	2.5970000000002074	trials	[2452.1295     2452.86433333 2453.51493333 2454.11343333]	[1. 1. 1. 1.]	4	4.0	0.7853981633974483	2.0	R	-1.5841869115829468	-4.3812031745910645	3.762097120285034	-0.7297355532646179	5.736006736755371	-5.542206764221191	2.3729493618011475	-1.8422274589538574
2455.628	2.576999999999771	trials	[2455.72943333 2456.62366667 2457.30133333           nan]	[ 1.  1.  1. nan]	4	3.0	0.7853981633974483	2.0	A	-4.510379791259766	2.449713706970215	0.3336256146430969	3.6889119148254395	-7.045281410217285	-7.530604839324951	1.894415259361267	-8.958357810974121
2459.208	20.972999999999956	trials	[2459.30933333 2478.45583333 2479.53353333           nan]	[ 1.  1.  1. nan]	4	3.0	0.7853981633974483	2.0	A	-3.1565964221954346	-4.387655735015869	5.817254066467285	1.9961174726486206	1.3424426317214966	4.226826190948486	3.125539541244507	-0.4444224536418915
2481.185	3.644999999999982	trials	[2481.28586667 2482.7535     2483.45426667 2484.154     ]	[1. 1. 1. 1.]	4	4.0	0.7853981633974483	2.0	R	-2.399181365966797	0.9101639986038208	3.3131418228149414	2.1392927169799805	-3.5949454307556152	3.0502448081970215	-8.31022834777832	6.3776750564575195
2485.833	3.936999999999898	trials	[2485.9344     2487.8592     2488.5118     2489.21053333]	[1. 1. 1. 1.]	4	4.0	0.7853981633974483	2.0	R	1.5807088613510132	4.951515197753906	-3.3856637477874756	5.530430793762207	3.2594432830810547	5.74390983581543	-1.5116182565689087	7.239561080932617
2490.773	2.8779999999997017	trials	[2490.87466667 2491.66863333 2492.4546     2493.1343    ]	[1. 1. 1. 1.]	4	4.0	0.7853981633974483	2.0	R	-6.057826042175293	5.158216953277588	0.6365780234336853	-2.247735023498535	-4.327399730682373	-2.8468401432037354	-1.7868995666503906	-7.153330326080322
2494.654	3.0920000000000982	trials	[2494.7553     2495.4831     2496.14376667 2496.87356667]	[1. 1. 1. 1.]	4	4.0	0.7853981633974483	2.0	R	2.080472469329834	-3.9841930866241455	1.328571081161499	0.9589480757713318	-4.2841925621032715	4.218079566955566	7.055644512176514	-5.1163201332092285
2498.749	2.723000000000411	trials	[2498.85046667 2499.48906667 2500.14266667 2500.9136    ]	[1. 1. 1. 1.]	4	4.0	0.7853981633974483	2.0	R	3.3842356204986572	-1.7220959663391113	0.6250735521316528	2.447679042816162	-2.0454351902008057	-8.76689624786377	-0.805260181427002	-3.92314076423645
2502.475	3.2220000000002074	trials	[2502.57673333 2503.31356667 2504.2659     2505.07693333]	[1. 1. 1. 1.]	4	4.0	0.7853981633974483	2.0	R	-5.7919392585754395	-4.287877082824707	3.985158920288086	1.2703635692596436	-1.3009997606277466	5.88573694229126	-5.938536643981934	3.9049696922302246
2506.701	2.7599999999997635	trials	[2506.8022     2507.65633333 2508.26583333 2508.8493    ]	[1. 1. 1. 1.]	4	4.0	0.7853981633974483	2.0	R	-4.176301956176758	-8.061629295349121	-1.2261927127838135	-4.024693012237549	-1.9768654108047485	0.9186349511146545	-8.51310920715332	7.478890895843506
2510.464	2.800999999999931	trials	[2510.56556667 2511.26026667 2511.92993333 2512.54546667]	[1. 1. 1. 1.]	4	4.0	0.7853981633974483	2.0	R	-4.665224075317383	4.286121368408203	-4.204126358032227	-0.6925721168518066	-8.319153785705566	-3.53273868560791	-6.521399021148682	6.992466926574707
2514.269	3.21100000000024	trials	[2514.37       2515.15093333 2515.87073333 2516.97546667]	[1. 1. 1. 1.]	4	4.0	0.7853981633974483	2.0	R	-7.550638675689697	2.0995466709136963	-5.081089019775391	-2.248018503189087	7.69688606262207	3.79237961769104	6.3881731033325195	8.61806869506836
2518.483	3.1909999999998035	trials	[nan nan nan nan]	[nan nan nan nan]	4				R	0.0	0.0	0.0	0.0	0.0	0.0	0.0	0.0
2522.678	3.132000000000062	trials	[2522.77886667 2523.74826667 2524.50716667 2525.18483333]	[1. 1. 1. 1.]	4	4.0	0.7853981633974483	2.0	R	6.674920558929443	-2.9882304668426514	8.544164657592773	1.649217963218689	4.981409072875977	5.15731954574585	8.292929649353027	8.903495788574219
2526.814	2.706000000000131	trials	[2526.91513333 2527.59083333 2528.2655     2528.9502    ]	[1. 1. 1. 1.]	4	4.0	0.7853981633974483	2.0	R	4.868338108062744	5.260395526885986	3.7689950466156006	0.3827480971813202	-0.9689761996269226	1.9801297187805176	6.237100124359131	-0.17200811207294464
2530.523	2.2899999999999636	trials	[2530.62433333 2530.82683333 2531.51256667 2532.19323333]	[1. 1. 1. 1.]	4	4.0	0.7853981633974483	2.0	R	1.4676179885864258	1.3286722898483276	6.393576622009277	2.1859545707702637	8.428384780883789	6.753180503845215	3.513810634613037	5.8328776359558105
2533.816	3.0960000000000036	trials	[2533.91753333 2534.73856667 2535.5245     2536.2513    ]	[1. 1. 1. 1.]	4	4.0	0.7853981633974483	2.0	R	-1.382142424583435	6.847591876983643	-3.1422905921936035	-2.937699317932129	-4.335453987121582	5.137688636779785	4.175271511077881	8.242851257324219
2537.915	2.8279999999999745	trials	[2538.0167 2538.7876 2539.5545 2540.1881]	[1. 1. 1. 1.]	4	4.0	0.7853981633974483	2.0	R	0.46911361813545227	4.886604309082031	-1.605863094329834	-1.5382678508758545	-3.172888994216919	-6.286365509033203	1.5465577840805054	-4.635056018829346
2541.747	2.4050000000002	trials	[2541.8482     2543.0091     2543.63163333 2543.97046667]	[1. 1. 1. 1.]	4	4.0	0.7853981633974483	2.0	A	6.6960129737854	-4.867839336395264	6.109307289123535	0.09761901199817657	7.058155059814453	5.006762504577637	2.134387493133545	4.136983871459961
2545.155	2.842999999999847	trials	[2545.25666667 2546.09373333 2546.86366667 2547.41403333]	[1. 1. 1. 1.]	4	4.0	0.7853981633974483	2.0	R	3.789046049118042	8.790005683898926	0.6478272080421448	4.8999223709106445	0.38160112500190735	-0.09298498183488846	5.102200508117676	-1.7409964799880981
2549.002	3.5300000000002	trials	[2549.1032     2550.32726667 2551.01696667 2551.92923333]	[1. 1. 1. 1.]	4	4.0	0.7853981633974483	2.0	R	-8.817458152770996	-6.297034740447998	-5.449920654296875	-2.601132869720459	5.3012166023254395	2.5043303966522217	3.720322370529175	7.247828483581543
2553.535	3.1600000000003092	trials	[2553.63646667 2554.6149     2555.4179     2556.08253333]	[1. 1. 1. 1.]	4	4.0	0.7853981633974483	2.0	R	0.10605613142251968	-3.5189738273620605	-0.044629018753767014	7.941437244415283	-5.042060375213623	8.101686477661133	-8.21220588684082	-0.7241896390914917
2557.699	2.9220000000000255	trials	[2557.7998     2558.5216     2559.33963333 2559.99423333]	[1. 1. 1. 1.]	4	4.0	0.7853981633974483	2.0	R	-7.135811805725098	-5.606952667236328	-2.0026297569274902	-5.072330951690674	-5.8928961753845215	-8.213322639465332	1.0506501197814941	-5.763775825500488
2561.624	2.949000000000069	trials	[2561.72553333 2562.56763333 2563.34156667 2564.06936667]	[1. 1. 1. 1.]	4	4.0	0.7853981633974483	2.0	R	-0.9611937403678894	3.3989765644073486	-5.696086406707764	1.792492151260376	-5.6672844886779785	-5.858519554138184	-1.2307803630828857	-3.5525636672973633
2565.576	1.018999999999778	trials	[2565.67736667           nan           nan           nan]	[ 1. nan nan nan]	4	1.0	0.7853981633974483	2.0	A	-8.846773147583008	8.956436157226562	-5.031912326812744	5.724279880523682	-8.810720443725586	2.4500460624694824	-6.908257007598877	8.725940704345703
2567.598	3.2849999999998545	trials	[2567.69936667 2568.33996667 2569.29833333 2569.93893333]	[1. 1. 1. 1.]	4	4.0	0.7853981633974483	2.0	R	-5.34732723236084	4.207676410675049	-8.900129318237305	0.689495325088501	-8.814791679382324	-4.309776306152344	-0.35538968443870544	4.563196182250977
2571.887	2.713999999999942	trials	[2571.98803333 2572.68073333 2573.46066667 2574.05113333]	[1. 1. 1. 1.]	4	4.0	0.7853981633974483	2.0	R	4.961071014404297	5.463979244232178	1.0891884565353394	8.627604484558105	-1.6182655096054077	4.424070835113525	1.7584627866744995	0.7365642786026001
2575.604	3.21100000000024	trials	[2575.70523333 2576.80296667 2577.62903333 2578.3027    ]	[1. 1. 1. 1.]	4	4.0	0.7853981633974483	2.0	R	8.259627342224121	7.849093437194824	3.35410475730896	8.816488265991211	-0.45391690731048584	5.5762763023376465	-4.826841831207275	3.1519153118133545
2579.818	2.9289999999996326	trials	[2579.9197     2580.78286667 2581.62996667 2582.27556667]	[1. 1. 1. 1.]	4	4.0	0.7853981633974483	2.0	R	-5.236593246459961	8.13509750366211	3.086005449295044	7.62280797958374	2.994602918624878	1.9792652130126953	6.990612506866455	4.984578609466553
2583.75	2.7029999999999745	trials	[2583.85146667 2584.5462     2585.19983333 2585.86646667]	[1. 1. 1. 1.]	4	4.0	0.7853981633974483	2.0	R	1.577131748199463	-0.525225818157196	-3.2171790599823	0.8941348195075989	-0.5868409872055054	-7.273289203643799	3.9509451389312744	-5.173646926879883
2587.456	2.923999999999978	trials	[2587.55766667 2588.20726667 2589.1366     2589.79423333]	[1. 1. 1. 1.]	4	4.0	0.7853981633974483	2.0	R	4.173874378204346	-0.17861920595169067	8.974435806274414	-7.505669116973877	6.242743492126465	-3.3178467750549316	3.8063247203826904	1.04837167263031
2591.383	14.635999999999967	trials	[2591.48443333 2604.22403333 2604.8486     2605.4511    ]	[1. 1. 1. 1.]	4	4.0	0.7853981633974483	2.0	R	-1.1909371614456177	0.8829230070114136	3.731821060180664	1.758394718170166	5.357859134674072	-4.029776096343994	7.609870910644531	0.4343525469303131
2607.022	3.1910000000002583	trials	[2607.12323333 2607.90616667 2608.89263333 2609.71566667]	[1. 1. 1. 1.]	4	4.0	0.7853981633974483	2.0	R	6.612797737121582	5.33392858505249	2.990489959716797	1.8873523473739624	-5.985558032989502	4.9409918785095215	-6.779994964599609	0.004508244805037975
2611.216	2.6649999999999636	trials	[2611.31763333 2611.95123333 2612.6339     2613.36573333]	[1. 1. 1. 1.]	4	4.0	0.7853981633974483	2.0	R	-2.816319465637207	-3.043323278427124	2.178115129470825	-2.807476043701172	-7.66487979888916	-3.0952675342559814	-2.762178897857666	-4.0768609046936035
2614.885	2.643999999999778	trials	[nan nan nan nan]	[nan nan nan nan]	4				R	0.0	0.0	0.0	0.0	0.0	0.0	0.0	0.0
2618.533	2.8760000000002037	trials	[2618.6338     2619.42076667 2620.0824     2620.81823333]	[1. 1. 1. 1.]	4	4.0	0.7853981633974483	2.0	R	5.881676197052002	-4.7355170249938965	8.53060245513916	-0.49485766887664795	8.73534107208252	4.500948905944824	3.748626470565796	4.1367011070251465
2622.412	2.7220000000002074	trials	[2622.51343333 2623.13296667 2623.7455     2624.44923333]	[1. 1. 1. 1.]	4	4.0	0.7853981633974483	2.0	R	-1.430985450744629	2.2167365550994873	-3.6204569339752197	-2.278395891189575	-3.5729658603668213	2.794316530227661	-6.7350544929504395	-7.359951972961426
2626.137	3.44399999999996	trials	[2626.2387     2626.95946667 2627.8948     2628.76296667]	[1. 1. 1. 1.]	4	4.0	0.7853981633974483	2.0	R	-1.836263656616211	-6.359027862548828	-2.088378667831421	8.191184043884277	-4.286471843719482	3.700261116027832	5.483338356018066	6.0589776039123535
2630.584	2.83600000000024	trials	[nan nan nan nan]	[nan nan nan nan]	4				R	0.0	0.0	0.0	0.0	0.0	0.0	0.0	0.0
2634.423	2.855000000000018	trials	[2634.52426667 2635.23903333 2635.88563333 2636.5633    ]	[1. 1. 1. 1.]	4	4.0	0.7853981633974483	2.0	R	-2.5174074172973633	5.346624851226807	-1.2414803504943848	0.512164294719696	3.7086923122406006	-3.6397712230682373	7.5648674964904785	4.205429553985596
2638.282	2.8159999999998035	trials	[2638.38283333 2639.14573333 2639.96676667 2640.60936667]	[1. 1. 1. 1.]	4	4.0	0.7853981633974483	2.0	R	-4.081508636474609	0.8137453198432922	5.566513538360596	5.770509719848633	6.413123607635498	-0.1632067710161209	2.5436673164367676	4.364208221435547
2642.101	2.786000000000058	trials	[2642.2023     2642.81083333 2643.54563333 2644.34863333]	[1. 1. 1. 1.]	4	4.0	0.7853981633974483	2.0	R	-1.1512726545333862	0.9956152439117432	0.9807873964309692	5.518260478973389	7.804744243621826	4.933704376220703	5.090699195861816	0.7344232797622681
2645.89	2.9520000000002256	trials	[2645.99173333 2646.7947     2647.4814     2648.21523333]	[1. 1. 1. 1.]	4	4.0	0.7853981633974483	2.0	R	8.661054611206055	4.798813343048096	-0.12298689037561417	7.252320289611816	5.842846393585205	4.7220683097839355	8.826132774353027	-0.02151157520711422
2649.845	2.680000000000291	trials	[2649.94653333 2650.63423333 2651.29186667 2651.9806    ]	[1. 1. 1. 1.]	4	4.0	0.7853981633974483	2.0	R	4.968837738037109	3.1598830223083496	0.2769714295864105	1.4317653179168701	-5.363333702087402	-2.7368319034576416	0.4861511290073395	-6.821655750274658
2653.528	2.6920000000000073	trials	[2653.62966667 2654.41163333 2655.1324     2655.6918    ]	[1. 1. 1. 1.]	4	4.0	0.7853981633974483	2.0	R	6.45097541809082	-7.033100605010986	4.037971019744873	-2.6538987159729004	5.476614475250244	2.1346609592437744	1.9409903287887573	5.670104503631592
2657.224	2.730999999999767	trials	[2657.32486667 2658.12583333 2658.73033333 2659.4411    ]	[1. 1. 1. 1.]	4	4.0	0.7853981633974483	2.0	R	-0.22832337021827698	-0.21351726353168488	-5.127131938934326	0.7873206734657288	-4.1154608726501465	-4.109261989593506	0.16971588134765625	-0.9384924173355103
2660.959	1.280999999999949	trials	[2661.06013333 2662.10673333           nan           nan]	[ 1.  1. nan nan]	4	2.0	0.7853981633974483	2.0	A	-4.946353435516357	-7.0742998123168945	-4.739005088806152	-1.4260534048080444	-6.336233615875244	-7.242126941680908	-3.699627161026001	-2.9937973022460938
2663.244	2.955999999999676	trials	[2663.3448     2663.98036667 2664.7172     2665.45703333]	[1. 1. 1. 1.]	4	4.0	0.7853981633974483	2.0	R	0.0	0.0	-0.3876553475856781	4.984949588775635	6.694533824920654	1.6084667444229126	0.9361234307289124	8.655433654785156
2667.203	2.543999999999869	trials	[2667.30463333 2667.9432     2668.5868     2669.3096    ]	[1. 1. 1. 1.]	4	4.0	0.7853981633974483	2.0	R	0.17349472641944885	3.7139363288879395	1.5194892883300781	8.529359817504883	1.7020806074142456	3.5326943397521973	0.5272855162620544	-1.3273319005966187
2670.75	2.7269999999998618	trials	[2670.85143333 2671.62133333 2672.30003333 2672.98473333]	[1. 1. 1. 1.]	4	4.0	0.7853981633974483	2.0	R	-0.32065722346305847	7.179097652435303	-3.9504716396331787	3.7404284477233887	-3.0807695388793945	-1.1833525896072388	-0.34528037905693054	-5.3686957359313965
2674.48	2.592999999999847	trials	[2674.5817     2675.25736667 2675.911      2676.5666    ]	[1. 1. 1. 1.]	4	4.0	0.7853981633974483	2.0	R	2.8364925384521484	-1.5117124319076538	7.815114498138428	-1.0498454570770264	7.668173313140869	-7.237776756286621	6.590913772583008	-2.3552043437957764
2678.076	2.7469999999998436	trials	[2678.1776     2678.88336667 2679.52596667 2680.1886    ]	[1. 1. 1. 1.]	4	4.0	0.7853981633974483	2.0	R	6.946690082550049	3.0664925575256348	6.51879358291626	8.048149108886719	1.8587946891784668	6.2358551025390625	-6.51137113571167	5.560475826263428
2681.827	3.095999999999549	trials	[2681.92793333 2682.82616667 2683.7725     2684.374     ]	[1. 1. 1. 1.]	4	4.0	0.7853981633974483	2.0	R	7.266308307647705	5.3174052238464355	-5.844937801361084	0.5866790413856506	-1.584628939628601	-2.0305275917053223	-6.3402228355407715	-3.5746541023254395
2685.927	2.9169999999999163	trials	[2686.0281     2687.09473333 2687.6752     2688.33783333]	[1. 1. 1. 1.]	4	4.0	0.7853981633974483	2.0	R	-4.9614129066467285	-8.380784034729004	-3.574145555496216	-3.5770885944366455	4.131686210632324	-2.1226816177368164	4.853590488433838	2.8249292373657227
2689.848	2.4769999999998618	trials	[2689.94883333 2690.64356667 2691.23503333 2691.84553333]	[1. 1. 1. 1.]	4	4.0	0.7853981633974483	2.0	R	-3.3020529747009277	0.33589962124824524	-1.7412919998168945	-4.4142608642578125	4.219954013824463	-3.375231981277466	-0.7485687136650085	-2.815068244934082
2693.328	3.019999999999982	trials	[2693.42946667 2694.1663     2695.0084     2695.76226667]	[1. 1. 1. 1.]	4	4.0	0.7853981633974483	2.0	R	4.865469455718994	0.8302445411682129	8.309911727905273	4.454581260681152	3.867013931274414	2.160968542098999	-4.888969898223877	5.053956031799316
2697.351	3.020999999999731	trials	[2697.45246667 2698.40283333 2699.0073     2699.689     ]	[1. 1. 1. 1.]	4	4.0	0.7853981633974483	2.0	R	1.9290289878845215	-3.2943010330200195	1.3766660690307617	-8.263696670532227	-0.9655876159667969	-3.8462486267089844	-6.757905006408691	6.651705265045166
2701.375	3.0399999999999636	trials	[nan nan nan nan]	[nan nan nan nan]	4				R	0.0	0.0	0.0	0.0	0.0	0.0	0.0	0.0
2705.418	2.9039999999999964	trials	[2705.51946667 2706.38363333 2707.00916667 2707.63273333]	[1. 1. 1. 1.]	4	4.0	0.7853981633974483	2.0	R	6.081030368804932	-5.943028926849365	3.2883434295654297	-1.795632004737854	2.6043918132781982	3.249880790710449	-5.354501724243164	-3.570708990097046
2709.326	2.8780000000001564	trials	[2709.4272     2710.2753     2710.90786667 2711.6948    ]	[1. 1. 1. 1.]	4	4.0	0.7853981633974483	2.0	R	2.70849609375	-2.1943089962005615	5.889259338378906	-6.052124977111816	8.590298652648926	-1.8444666862487793	4.039531707763672	0.22689035534858704
2713.208	2.7669999999998254	trials	[2713.3088     2714.1088     2714.80553333 2715.46716667]	[1. 1. 1. 1.]	4	4.0	0.7853981633974483	2.0	R	-3.766200542449951	-2.7188901901245117	-7.005713939666748	-6.527505874633789	-0.7468069791793823	0.360047847032547	-5.644478797912598	1.3664326667785645
2716.979	3.1970000000001164	trials	[2717.08016667 2717.90223333 2718.5328     2719.36483333]	[1. 1. 1. 1.]	4	4.0	0.7853981633974483	2.0	R	-8.495529174804688	-2.7410619258880615	-3.5400030612945557	-3.406463146209717	4.301276683807373	5.17455530166626	-6.902650833129883	-3.012216806411743
2721.179	2.769999999999982	trials	[2721.2806     2722.0856     2722.75126667 2723.40186667]	[1. 1. 1. 1.]	4	4.0	0.7853981633974483	2.0	R	-7.226468086242676	-8.00171947479248	-3.4454190731048584	-4.730073928833008	-6.783215522766113	-8.45285701751709	-2.827503204345703	-5.394697666168213
2724.953	3.300999999999931	trials	[2725.05396667 2726.17776667 2726.8745     2727.70856667]	[1. 1. 1. 1.]	4	4.0	0.7853981633974483	2.0	R	2.079693078994751	-6.353564739227295	8.403336524963379	-8.22415542602539	6.641571044921875	-3.5448198318481445	5.031819820404053	1.1889630556106567
2729.257	2.1030000000000655	trials	[2729.35866667 2729.96316667 2730.81126667           nan]	[ 1.  1.  1. nan]	4	3.0	0.7853981633974483	2.0	A	0.16325558722019196	2.327857732772827	-5.7722296714782715	0.8613023161888123	-5.936254978179932	-4.1360063552856445	-3.9762845039367676	0.46383213996887207
2732.363	2.9650000000001455	trials	[2732.46436667 2733.14203333 2733.90793333 2734.76306667]	[1. 1. 1. 1.]	4	4.0	0.7853981633974483	2.0	R	-2.1461095809936523	-0.8749027848243713	-8.13663101196289	5.450429916381836	-3.2945053577423096	4.203908920288086	-8.232776641845703	3.420663356781006
2736.332	2.9149999999999636	trials	[nan nan nan nan]	[nan nan nan nan]	4				R	0.0	0.0	0.0	0.0	0.0	0.0	0.0	0.0
2740.251	2.707999999999629	trials	[2740.35193333 2741.0176     2741.75943333 2742.4692    ]	[1. 1. 1. 1.]	4	4.0	0.7853981633974483	2.0	R	0.6876729130744934	5.105804443359375	-7.529295444488525	-3.9751455783843994	0.8111679553985596	-4.395505905151367	5.778827667236328	-3.8277406692504883
2743.963	3.1899999999996	trials	[2744.06416667 2744.89523333 2745.6902     2746.40296667]	[1. 1. 1. 1.]	4	4.0	0.7853981633974483	2.0	R	5.650430202484131	1.1706104278564453	-4.695006847381592	7.7005391120910645	-4.954000949859619	2.70725154876709	6.772930145263672	-4.547059535980225
2748.156	2.7029999999999745	trials	[2748.25756667 2749.12873333 2749.72823333 2750.37483333]	[1. 1. 1. 1.]	4	4.0	0.7853981633974483	2.0	R	3.7194881439208984	-0.5877043604850769	3.256220579147339	4.390787601470947	-2.6761887073516846	0.24631668627262115	0.2975924611091614	-6.606351375579834
2751.863	2.994000000000142	trials	[2751.96376667 2752.91513333 2753.56673333 2754.33866667]	[1. 1. 1. 1.]	4	4.0	0.7853981633974483	2.0	R	8.78869915008545	-7.238433837890625	6.614508152008057	-2.7358908653259277	3.584439516067505	3.2734806537628174	-0.5264952778816223	0.4273928701877594
2755.86	2.7409999999999854	trials	[2755.9617     2756.8479     2757.48246667 2758.102     ]	[1. 1. 1. 1.]	4	4.0	0.7853981633974483	2.0	R	8.820366859436035	2.6067991256713867	7.32774019241333	-2.3372769355773926	3.891775131225586	1.2950977087020874	3.1243884563446045	6.23585844039917
2759.605	2.9429999999997563	trials	[2759.706      2760.21626667 2761.2408     2761.9636    ]	[1. 1. 1. 1.]	4	4.0	0.7853981633974483	2.0	R	2.606666326522827	1.2627344131469727	-8.563326835632324	5.814842700958252	1.1723732948303223	5.0964274406433105	0.4581734836101532	-5.146162509918213
2763.552	3.4229999999997744	trials	[nan nan nan nan]	[nan nan nan nan]	4				R	0.0	0.0	0.0	0.0	0.0	0.0	0.0	0.0
2767.979	8.996000000000095	trials	[nan nan nan nan]	[nan nan nan nan]	4				R	0.0	0.0	0.0	0.0	0.0	0.0	0.0	0.0
2777.978	0.9389999999998508	trials	[2778.0796       nan       nan       nan]	[ 1. nan nan nan]	4	1.0	0.7853981633974483	2.0	A	-6.04337739944458	-4.725931644439697	-8.811532020568848	-8.889741897583008	-2.2145326137542725	0.7220238447189331	0.599932849407196	-4.695261001586914
2779.92	3.518999999999778	trials	[2780.0214     2781.5041     2782.2369     2782.93866667]	[1. 1. 1. 1.]	4	4.0	0.7853981633974483	2.0	R	0.0	0.0	4.908784866333008	-0.9506997466087341	0.24391241371631622	-2.7504119873046875	-4.720935821533203	-3.342256784439087
2784.442	2.8789999999999054	trials	[2784.54363333 2785.35263333 2786.15763333 2786.8293    ]	[1. 1. 1. 1.]	4	4.0	0.7853981633974483	2.0	R	-8.69964599609375	-6.3704352378845215	1.577895164489746	-3.305649518966675	-6.086725234985352	-3.000764846801758	-4.701197147369385	-7.804962158203125
2788.324	0.8289999999997235	trials	[2788.42526667           nan           nan           nan]	[ 1. nan nan nan]	4	1.0	0.7853981633974483	2.0	A	-8.289264678955078	2.64680552482605	-5.795894622802734	-1.6871424913406372	1.6977089643478394	-1.1344712972640991	6.68292760848999	-0.7502878904342651
2790.157	2.7979999999997744	trials	[2790.25783333 2790.9325     2791.54703333 2792.27183333]	[1. 1. 1. 1.]	4	4.0	0.7853981633974483	2.0	R	-7.167851448059082	-3.6539111137390137	-3.183537721633911	-0.6331089735031128	-5.048783302307129	7.711341857910156	3.766386032104492	-0.37880414724349976
2793.958	3.0239999999998872	trials	[2794.05926667 2794.86326667 2795.54996667 2796.40106667]	[1. 1. 1. 1.]	4	4.0	0.7853981633974483	2.0	R	7.2876458168029785	3.1709465980529785	7.191732883453369	-4.910534381866455	-3.093634843826294	-0.8931778073310852	-3.2421019077301025	4.104617595672607
2797.985	2.7390000000000327	trials	[2798.08626667 2798.9083     2799.56593333 2800.29873333]	[1. 1. 1. 1.]	4	4.0	0.7853981633974483	2.0	R	0.5102793574333191	7.723965644836426	-3.5542545318603516	4.8119964599609375	-6.772339344024658	8.638734817504883	-5.512656211853027	3.8000166416168213
2801.727	3.1230000000000473	trials	[2801.82853333 2802.72976667 2803.57086667 2804.28966667]	[1. 1. 1. 1.]	4	4.0	0.7853981633974483	2.0	R	-4.6963791847229	-1.1329026222229004	-3.3687288761138916	8.100998878479004	-7.1100053787231445	4.783944129943848	-3.286473512649536	1.5620496273040771
2805.854	7.519999999999982	trials	[2805.9548     2812.55816667           nan           nan]	[ 1.  1. nan nan]	4	2.0	0.7853981633974483	2.0	A	-8.286330223083496	1.5241658687591553	-3.292764902114868	-3.438858985900879	1.6959125995635986	-3.7751564979553223	-0.7389629483222961	2.300089120864868
2814.378	5.339999999999691	trials	[2814.47893333 2817.36913333 2818.16006667 2818.91796667]	[1. 1. 1. 1.]	4	4.0	0.7853981633974483	2.0	R	-6.316147327423096	-7.421215057373047	3.3448431491851807	-8.110027313232422	7.8172125816345215	-5.874426364898682	-0.21215848624706268	1.5790727138519287
2820.721	10.342000000000098	trials	[2820.8227     2828.97693333 2829.90123333 2830.50473333]	[1. 1. 1. 1.]	4	4.0	0.7853981633974483	2.0	R	-5.835041046142578	-0.30666571855545044	-4.115462779998779	-5.001668453216553	0.15835091471672058	-7.5967631340026855	1.790722131729126	-2.870732545852661
2832.067	3.0149999999998727	trials	[nan nan nan nan]	[nan nan nan nan]	4				R	0.0	0.0	0.0	0.0	0.0	0.0	0.0	0.0
2836.086	2.83600000000024	trials	[2836.18683333 2836.8585     2837.7477     2838.3933    ]	[1. 1. 1. 1.]	4	4.0	0.7853981633974483	2.0	R	3.5143702030181885	2.960970163345337	7.093810081481934	-8.7565279006958	4.828766345977783	-4.298996925354004	8.865996360778809	-1.3492891788482666
2839.925	3.3299999999999272	trials	[2840.02636667 2840.83836667 2841.51306667 2842.28196667]	[1. 1. 1. 1.]	4	4.0	0.7853981633974483	2.0	R	7.86273717880249	4.262327671051025	3.490257978439331	6.687492847442627	-6.275423526763916	7.858054161071777	8.396997451782227	7.792369842529297
2844.259	2.61200000000008	trials	[2844.36013333 2845.13103333 2845.75456667 2846.45733333]	[1. 1. 1. 1.]	4	4.0	0.7853981633974483	2.0	R	-1.272963285446167	2.3324851989746094	1.040413498878479	6.765124320983887	-3.7462565898895264	8.210042953491211	-3.853006601333618	3.2111825942993164
2847.875	2.782000000000153	trials	[2847.9761     2848.7891     2849.5049     2850.18756667]	[1. 1. 1. 1.]	4	4.0	0.7853981633974483	2.0	R	-7.5586066246032715	-0.1456802934408188	3.7523813247680664	-1.0638850927352905	-2.6948812007904053	-0.9562440514564514	-1.3331528902053833	-5.767241477966309
2851.66	2.856999999999971	trials	[2851.7615     2852.55746667 2853.23113333 2853.84566667]	[1. 1. 1. 1.]	4	4.0	0.7853981633974483	2.0	R	-6.110440731048584	-1.9738510847091675	-2.738694190979004	-5.6659135818481445	1.8764054775238037	-7.589674472808838	-1.877935767173767	0.11395182460546494
2855.521	2.3219999999996617	trials	[2855.62206667 2856.34186667 2857.22706667           nan]	[ 1.  1.  1. nan]	4	3.0	0.7853981633974483	2.0	A	-4.665441513061523	-4.036929130554199	-4.60845947265625	7.869367599487305	2.4471144676208496	4.8589653968811035	-1.3458408117294312	-7.087770462036133
2858.846	2.824000000000069	trials	[2858.94733333 2859.77336667 2860.37786667 2861.1548    ]	[1. 1. 1. 1.]	4	4.0	0.7853981633974483	2.0	R	-0.39796745777130127	-6.329843997955322	4.322751522064209	-7.977513313293457	8.692748069763184	-5.547876834869385	5.650793552398682	-1.5796891450881958
2862.674	0.8000000000001819	trials	[2862.77483333           nan           nan           nan]	[ 1. nan nan nan]	4	1.0	0.7853981633974483	2.0	A	-4.966922283172607	-2.6628448963165283	0.030953148379921913	-2.808591365814209	5.017818450927734	-3.17077374458313	7.5957183837890625	1.1134333610534668
2864.477	2.7040000000001783	trials	[2864.5783     2865.3402     2866.0219     2866.66146667]	[1. 1. 1. 1.]	4	4.0	0.7853981633974483	2.0	R	-1.6135692596435547	-6.8705668449401855	2.7804641723632812	-4.484676837921143	7.098997116088867	-7.00465202331543	2.1718297004699707	-6.1543450355529785
2868.184	2.913000000000011	trials	[nan nan nan nan]	[nan nan nan nan]	4				R	0.0	0.0	0.0	0.0	0.0	0.0	0.0	0.0
2872.1	2.7100000000000364	trials	[2872.20123333 2872.98716667 2873.65683333 2874.3686    ]	[1. 1. 1. 1.]	4	4.0	0.7853981633974483	2.0	R	-6.920747756958008	-3.63401460647583	-4.3516459465026855	-8.394461631774902	-1.1570980548858643	-4.548052787780762	2.1069068908691406	-0.7604052424430847
2875.813	3.2339999999999236	trials	[2875.91443333 2876.63323333 2877.56253333 2878.3094    ]	[1. 1. 1. 1.]	4	4.0	0.7853981633974483	2.0	R	1.6298158168792725	-5.737591743469238	-2.7928473949432373	7.673310279846191	-2.367967128753662	-6.307088375091553	-4.3973517417907715	3.4922847747802734
2880.051	2.8479999999999563	trials	[2880.15196667 2880.86473333 2881.48826667 2882.176     ]	[1. 1. 1. 1.]	4	4.0	0.7853981633974483	2.0	R	-5.157052993774414	-1.4496636390686035	-0.4447648227214813	0.22196438908576965	2.011538028717041	5.545852184295654	-8.829316139221191	3.612290143966675
2883.902	2.712999999999738	trials	[2884.00353333 2884.80953333 2885.4471     2886.02853333]	[1. 1. 1. 1.]	4	4.0	0.7853981633974483	2.0	R	0.3391191363334656	-5.940629482269287	-0.5116095542907715	-1.0135351419448853	4.472109317779541	-1.4167046546936035	1.6530779600143433	5.121126651763916
2887.619	2.806999999999789	trials	[2887.71973333 2888.51373333 2889.21346667 2889.89816667]	[1. 1. 1. 1.]	4	4.0	0.7853981633974483	2.0	R	-3.1270511150360107	6.587539196014404	1.1144685745239258	3.939990997314453	-2.4212372303009033	-7.308753490447998	0.8893707990646362	-3.5617713928222656
2891.43	3.3659999999999854	trials	[2891.5312     2892.30913333 2893.48606667 2894.12766667]	[1. 1. 1. 1.]	4	4.0	0.7853981633974483	2.0	R	-3.9468088150024414	-2.292375326156616	-5.459936618804932	-7.057922840118408	-0.48573392629623413	-7.565176486968994	8.940581321716309	-3.6682469844818115
2895.8	2.8919999999998254	trials	[2895.90106667 2896.682      2897.42583333 2898.11956667]	[1. 1. 1. 1.]	4	4.0	0.7853981633974483	2.0	R	3.475006341934204	4.022214889526367	1.9778326749801636	8.79279899597168	-2.733424425125122	7.118267059326172	-6.698266506195068	4.071953296661377
2899.695	2.5949999999998	trials	[nan nan nan nan]	[nan nan nan nan]	4				R	0.0	0.0	0.0	0.0	0.0	0.0	0.0	0.0
2903.293	2.73700000000008	trials	[nan nan nan nan]	[nan nan nan nan]	4				R	0.0	0.0	0.0	0.0	0.0	0.0	0.0	0.0
2907.034	2.9899999999997817	trials	[2907.13493333 2908.0412     2908.768      2909.48576667]	[1. 1. 1. 1.]	4	4.0	0.7853981633974483	2.0	R	7.730330944061279	-6.283107280731201	5.759871006011963	-1.6877522468566895	3.194284677505493	2.6038403511047363	3.6252405643463135	-7.352736949920654
2911.028	2.825000000000273	trials	[2911.12886667 2911.8797     2912.53433333 2913.2461    ]	[1. 1. 1. 1.]	4	4.0	0.7853981633974483	2.0	R	6.187035083770752	-3.0588796138763428	8.397425651550293	1.4260032176971436	0.9192685484886169	5.376940727233887	-8.58138656616211	6.05012845993042
2914.856	3.03899999999976	trials	[nan nan nan nan]	[nan nan nan nan]	4				R	0.0	0.0	0.0	0.0	0.0	0.0	0.0	0.0
2918.898	2.513999999999669	trials	[2918.9994     2919.51566667 2920.24346667 2920.87203333]	[1. 1. 1. 1.]	4	4.0	0.7853981633974483	2.0	R	-0.2503056228160858	2.110750198364258	-4.556039810180664	-0.4310309588909149	0.3063410818576813	-1.5960416793823242	0.20815038681030273	-6.991348743438721
2922.416	2.6920000000000073	trials	[2922.51713333 2923.1497     2923.80533333 2924.50103333]	[1. 1. 1. 1.]	4	4.0	0.7853981633974483	2.0	R	-1.842930555343628	-2.4314072132110596	3.1260321140289307	-1.8751620054244995	3.4688682556152344	3.113070487976074	8.330631256103516	1.9454846382141113
2926.111	2.8410000000003492	trials	[2926.2123     2927.02933333 2927.7481     2928.46086667]	[1. 1. 1. 1.]	4	4.0	0.7853981633974483	2.0	R	3.409552812576294	1.0606211423873901	4.57181978225708	8.038832664489746	4.997304439544678	-3.6553823947906494	7.90167236328125	-7.725350856781006
2929.956	3.145999999999731	trials	[2930.05683333 2930.8017     2931.5676     2932.1751    ]	[1. 1. 1. 1.]	4	4.0	0.7853981633974483	2.0	R	1.1012197732925415	-2.6157491207122803	-8.92902660369873	-4.517493724822998	-5.067714214324951	-7.694011688232422	6.146932125091553	-4.4421491622924805
2934.106	11.235999999999876	trials	[2934.20713333 2943.36586667 2944.04756667 2944.60093333]	[1. 1. 1. 1.]	4	4.0	0.7853981633974483	2.0	R	-5.728013515472412	-6.322750091552734	-1.2614150047302246	-4.07564115524292	0.6668788194656372	-8.688848495483398	-0.33333083987236023	-1.7924247980117798
2946.345	2.7530000000001564	trials	[2946.44653333 2947.21143333 2947.9232     2948.5327    ]	[1. 1. 1. 1.]	4	4.0	0.7853981633974483	2.0	R	4.429956436157227	-6.878303527832031	4.566501140594482	-1.8801684379577637	6.642157077789307	2.6686394214630127	3.05696702003479	6.153810024261475
2950.102	2.6660000000001673	trials	[2950.20283333 2950.96073333 2951.61233333 2952.21783333]	[1. 1. 1. 1.]	4	4.0	0.7853981633974483	2.0	R	-4.138075351715088	-0.8503204584121704	0.7842555046081543	-1.7281925678253174	-4.154234409332275	-2.510061502456665	-1.2403682470321655	-8.334707260131836
2953.772	2.9200000000000728	trials	[2953.87296667 2954.91053333 2955.507      2956.17566667]	[1. 1. 1. 1.]	4	4.0	0.7853981633974483	2.0	R	3.756129026412964	-8.147584915161133	7.9145402908325195	-5.3713250160217285	3.627519130706787	-2.798107147216797	8.649927139282227	-3.0447592735290527
2957.695	9.279999999999745	trials	[2957.7967     2964.65973333 2965.3304     2966.07823333]	[1. 1. 1. 1.]	4	4.0	0.7853981633974483	2.0	R	8.262506484985352	1.9402086734771729	3.7957799434661865	4.187062740325928	5.527688026428223	-8.99363899230957	6.9630889892578125	4.952022075653076
2967.979	2.731000000000222	trials	[2968.08023333 2968.73683333 2969.55086667 2970.18443333]	[1. 1. 1. 1.]	4	4.0	0.7853981633974483	2.0	R	1.9798825979232788	4.542567729949951	-3.0043182373046875	4.14539909362793	2.4868571758270264	3.489800214767456	3.8588714599609375	8.297874450683594
2971.713	2.669999999999618	trials	[2971.8145     2972.60546667 2973.21796667 2973.80243333]	[1. 1. 1. 1.]	4	4.0	0.7853981633974483	2.0	R	-1.3770376443862915	1.2218103408813477	3.340514659881592	2.8785240650177	5.840936183929443	-1.451359748840332	-3.4633452892303467	-3.8400449752807617
2975.386	2.599999999999909	trials	[2975.4876     2976.19936667 2976.8149     2977.3783    ]	[1. 1. 1. 1.]	4	4.0	0.7853981633974483	2.0	R	-0.04043911024928093	-7.48472785949707	3.335665225982666	-3.796649694442749	8.137633323669434	-2.403414011001587	-0.517991304397583	-6.711878776550293
2978.989	2.2539999999999054	trials	[2979.09053333 2979.29306667 2979.86246667 2980.7166    ]	[1. 1. 1. 1.]	4	4.0	0.7853981633974483	2.0	R	2.4403176307678223	-0.3238216042518616	3.663555145263672	-5.171882152557373	3.1066062450408936	5.045629978179932	6.44644832611084	8.76657772064209
2982.246	2.8640000000000327	trials	[2982.34763333 2983.12956667 2983.89746667 2984.56513333]	[1. 1. 1. 1.]	4	4.0	0.7853981633974483	2.0	R	1.8525694608688354	-1.692451000213623	-6.349298000335693	4.506796836853027	-6.566180229187012	-0.4884973466396332	2.227703809738159	-3.972717046737671
2986.114	2.8409999999998945	trials	[2986.21523333 2987.1235     2987.78213333 2988.4127    ]	[1. 1. 1. 1.]	4	4.0	0.7853981633974483	2.0	R	5.8841094970703125	-7.3830976486206055	2.8355581760406494	-3.419975996017456	-1.9014074802398682	-5.020337104797363	-8.48171615600586	-8.840765953063965
2989.959	2.2280000000000655	trials	[2990.05976667 2990.78056667 2991.42916667           nan]	[ 1.  1.  1. nan]	4	3.0	0.7853981633974483	2.0	A	-3.71150279045105	-7.342411994934082	-0.2873472571372986	-2.2794437408447266	-7.450953006744385	8.811838150024414	-7.24186372756958	-4.939943313598633
2993.191	4.716000000000349	trials	[2993.2918     2995.84213333 2996.6752     2997.3649    ]	[1. 1. 1. 1.]	4	4.0	0.7853981633974483	2.0	R	-8.940611839294434	4.038902282714844	-0.23762862384319305	1.6143964529037476	1.0083421468734741	8.078266143798828	-3.8614895343780518	6.944802284240723
2998.911	4.029999999999745	trials	[nan nan nan nan]	[nan nan nan nan]	4				R	0.0	0.0	0.0	0.0	0.0	0.0	0.0	0.0
3003.944	3.3769999999999527	trials	[nan nan nan nan]	[nan nan nan nan]	4				R	0.0	0.0	0.0	0.0	0.0	0.0	0.0	0.0
3008.324	2.536999999999807	trials	[3008.42536667 3009.0058     3009.6835     3010.30103333]	[1. 1. 1. 1.]	4	4.0	0.7853981633974483	2.0	R	-2.5867919921875	-1.9237788915634155	0.6569174528121948	-5.728821277618408	-0.6985270977020264	-0.9160497784614563	6.1468987464904785	-1.4097273349761963
3011.865	0.2290000000002692	trials	[3011.96616667           nan           nan           nan]	[ 1. nan nan nan]	4	1.0	0.7853981633974483	2.0	A	1.4762661457061768	0.3749825954437256	-3.445559501647949	1.2556822299957275	1.5486054420471191	1.0141949653625488	-8.949639320373535	4.6247758865356445
3013.098	2.811999999999898	trials	[3013.1992     3013.97413333 3014.62073333 3015.29843333]	[1. 1. 1. 1.]	4	4.0	0.7853981633974483	2.0	R	1.9645878076553345	-8.105281829833984	2.2199723720550537	-3.1118083000183105	-2.281687021255493	-8.58977222442627	2.697252035140991	-8.131333351135254
3016.913	2.9760000000001128	trials	[3017.0147     3017.84073333 3018.6277     3019.38056667]	[1. 1. 1. 1.]	4	4.0	0.7853981633974483	2.0	R	6.715989589691162	-5.15648078918457	5.127252578735352	-0.4156038761138916	8.671954154968262	-7.919834136962891	5.771236419677734	-3.8472633361816406
3020.892	2.19800000000032	trials	[3020.99356667 3021.2151     3021.9309     3022.59953333]	[1. 1. 1. 1.]	4	4.0	0.7853981633974483	2.0	R	2.7884480953216553	0.1655878722667694	7.7794294357299805	0.46576395630836487	3.002051830291748	1.9411156177520752	7.918898105621338	2.849203586578369
3024.093	2.9349999999999454	trials	[3024.1945     3024.92933333 3025.62306667 3026.30676667]	[1. 1. 1. 1.]	4	4.0	0.7853981633974483	2.0	R	1.8015906810760498	-3.1221184730529785	8.407525062561035	2.236602783203125	6.728341579437256	6.94620418548584	3.9287657737731934	2.8034543991088867
3028.031	8.80099999999993	trials	[3028.13226667 3034.89206667 3035.46346667 3036.18426667]	[1. 1. 1. 1.]	4	4.0	0.7853981633974483	2.0	R	-8.118770599365234	-2.0965495109558105	-3.1949572563171387	-1.22703218460083	3.5137906074523926	2.997638702392578	-7.778624057769775	0.71885085105896
3037.835	2.6770000000001346	trials	[3037.93663333 3038.58223333 3039.35213333 3039.9416    ]	[1. 1. 1. 1.]	4	4.0	0.7853981633974483	2.0	R	-3.7730798721313477	-2.273742437362671	-5.0301594734191895	2.565653085708618	-5.462752819061279	-2.415597915649414	-5.477236747741699	-7.415576934814453
3041.516	2.91800000000012	trials	[3041.61676667 3042.33753333 3043.21773333 3043.87836667]	[1. 1. 1. 1.]	4	4.0	0.7853981633974483	2.0	R	-1.3197091817855835	-4.637994766235352	0.37595438957214355	7.7032365798950195	-4.610014915466309	7.328920841217041	0.14179161190986633	5.773177623748779
3045.437	2.6150000000002365	trials	[nan nan nan nan]	[nan nan nan nan]	4				R	0.0	0.0	0.0	0.0	0.0	0.0	0.0	0.0
3049.055	2.9410000000002583	trials	[3049.15646667 3049.95846667 3050.73036667 3051.48826667]	[1. 1. 1. 1.]	4	4.0	0.7853981633974483	2.0	R	-6.106184959411621	5.806365966796875	-0.02431047521531582	8.447321891784668	-2.8311545848846436	4.309493064880371	-7.656975269317627	5.617718696594238
3052.999	2.880000000000109	trials	[3053.10026667 3053.82906667 3054.67016667 3055.34483333]	[1. 1. 1. 1.]	4	4.0	0.7853981633974483	2.0	R	-6.71536111831665	0.7071828246116638	6.35171365737915	-2.3315794467926025	6.888977527618408	2.6394715309143066	1.8988611698150635	2.9537012577056885
3056.883	2.7720000000003893	trials	[3056.9839     3057.68363333 3058.5167     3059.1974    ]	[1. 1. 1. 1.]	4	4.0	0.7853981633974483	2.0	R	-2.8220715522766113	4.600757598876953	6.420836448669434	-0.09984143823385239	0.6718157529830933	0.09070921689271927	3.739837646484375	4.0387773513793945
3060.658	2.83600000000024	trials	[3060.75926667 3061.6214     3062.40436667 3062.9858    ]	[1. 1. 1. 1.]	4	4.0	0.7853981633974483	2.0	R	5.536341190338135	8.704886436462402	2.7213711738586426	4.572581768035889	-2.052715539932251	6.058548450469971	-6.357099533081055	3.514481544494629
3064.498	2.770999999999731	trials	[3064.5988     3065.1973     3065.8028     3066.46043333]	[1. 1. 1. 1.]	4	4.0	0.7853981633974483	2.0	R	-2.221107244491577	0.704932451248169	1.5525351762771606	3.985118865966797	5.61977481842041	6.893307685852051	1.1737865209579468	4.605691432952881
3068.273	2.0349999999998545	trials	[3068.37416667 3069.00473333           nan           nan]	[ 1.  1. nan nan]	4	2.0	0.7853981633974483	2.0	F	7.949254035949707	3.6333019733428955	-6.398223876953125	-0.1789402961730957	-5.955230236053467	-5.159277439117432	-3.1437253952026367	-1.024613857269287
3071.311	5.320999999999913	trials	[3071.4127     3074.78006667 3075.41666667 3076.08933333]	[1. 1. 1. 1.]	4	4.0	0.7853981633974483	2.0	R	-2.8729310035705566	6.7812724113464355	-0.21106064319610596	2.5487265586853027	4.779174327850342	-3.0682270526885986	-0.20909754931926727	-3.4104912281036377
3077.635	0.34799999999995634	trials	[3077.7364       nan       nan       nan]	[ 1. nan nan nan]	4	1.0	0.7853981633974483	2.0	A	2.1089084148406982	1.019728660583496	-2.1717593669891357	-1.5640445947647095	-8.718697547912598	2.2679409980773926	-4.384239673614502	-0.2245425432920456
3078.987	2.9710000000000036	trials	[3079.08776667 3079.9439     3080.5905     3081.36443333]	[1. 1. 1. 1.]	4	4.0	0.7853981633974483	2.0	R	-2.897425889968872	-8.113456726074219	-0.4410706162452698	-3.758423328399658	8.657806396484375	-8.50369930267334	8.118338584899902	-3.5328872203826904
3082.961	2.906000000000404	trials	[3083.06263333 3083.7343     3084.424      3085.35633333]	[1. 1. 1. 1.]	4	4.0	0.7853981633974483	2.0	R	3.8251144886016846	-0.9700320959091187	8.813068389892578	-0.6231594681739807	-3.275998115539551	6.731993675231934	-8.262316703796387	6.362363338470459
3086.87	2.6520000000000437	trials	[nan nan nan nan]	[nan nan nan nan]	4				R	0.0	0.0	0.0	0.0	0.0	0.0	0.0	0.0
3090.525	21.766000000000076	trials	[3090.6264     3110.39346667 3111.0902     3111.66763333]	[1. 1. 1. 1.]	4	4.0	0.7853981633974483	2.0	R	-2.1582088470458984	-6.155925750732422	-1.3495761156082153	-0.8039297461509705	-3.487121343612671	-5.3239850997924805	0.6855413317680359	-2.5691916942596436
3113.295	2.8330000000000837	trials	[3113.39593333 3114.35933333 3115.1162               nan]	[ 1.  1.  1. nan]	4	3.0	0.7853981633974483	2.0	A	-8.210742950439453	2.4260575771331787	-3.2979836463928223	1.4961116313934326	-7.7517547607421875	-8.878209114074707	-3.047783136367798	-7.183319568634033
3117.131	3.150000000000091	trials	[3117.23246667 3117.9713     3118.88956667 3119.52613333]	[1. 1. 1. 1.]	4	4.0	0.7853981633974483	2.0	R	2.6815884113311768	-7.377119541168213	-6.566855430603027	-2.8011090755462646	-1.5777124166488647	-3.130431652069092	-3.4673984050750732	8.009767532348633
3121.285	2.917000000000371	trials	[3121.38576667 3122.06846667 3122.75916667 3123.68646667]	[1. 1. 1. 1.]	4	4.0	0.7853981633974483	2.0	R	-4.228710174560547	3.0680665969848633	-4.509716987609863	-7.399831771850586	3.367375135421753	5.142721652984619	-0.7636723518371582	2.325906753540039
3125.205	2.8200000000001637	trials	[3125.3065     3126.00523333 3126.84933333 3127.50093333]	[1. 1. 1. 1.]	4	4.0	0.7853981633974483	2.0	R	-4.26492166519165	-4.776951789855957	-7.282827377319336	-8.763459205627441	-5.211728096008301	-4.2125749588012695	1.1275132894515991	-6.217081069946289
3129.029	1.556999999999789	trials	[3129.13       3129.87183333           nan           nan]	[ 1.  1. nan nan]	4	2.0	0.7853981633974483	2.0	A	5.349935531616211	-3.5391807556152344	7.529227256774902	0.9608956575393677	5.888549327850342	5.684048652648926	1.8910367488861084	8.687362670898438
3131.589	0.7000000000002728	trials	[3131.69033333           nan           nan           nan]	[ 1. nan nan nan]	4	1.0	0.7853981633974483	2.0	A	7.429322719573975	5.959897518157959	4.0797224044799805	2.2477314472198486	8.056904792785645	-1.8962503671646118	8.01741886138916	3.103593587875366
3133.292	3.4580000000000837	trials	[3133.39356667 3134.36496667 3135.178      3135.92383333]	[1. 1. 1. 1.]	4	4.0	0.7853981633974483	2.0	R	-3.0422284603118896	7.7500739097595215	5.627922534942627	1.027106761932373	-7.632396697998047	-2.872673511505127	2.2334144115448	4.790915012359619
3137.753	2.5299999999997453	trials	[3137.85463333 3138.54936667 3139.19996667 3139.79043333]	[1. 1. 1. 1.]	4	4.0	0.7853981633974483	2.0	R	4.844501495361328	0.5268532633781433	-2.4966084957122803	-2.261972665786743	2.461477279663086	-1.6159191131591797	1.3043558597564697	3.248345375061035
3141.286	2.798999999999978	trials	[3141.3874     3142.09516667 3142.73476667 3143.63196667]	[1. 1. 1. 1.]	4	4.0	0.7853981633974483	2.0	R	-3.8356688022613525	-0.6584699749946594	-3.5959596633911133	4.353799819946289	-8.483726501464844	3.3003594875335693	-8.253418922424316	-1.6943334341049194
3145.089	2.7100000000000364	trials	[3145.18983333 3146.10513333 3146.6986     3147.33316667]	[1. 1. 1. 1.]	4	4.0	0.7853981633974483	2.0	R	-6.399062633514404	-6.337754726409912	-2.313405752182007	-3.4554972648620605	-0.7072911858558655	-8.190515518188477	0.757249653339386	-3.4098124504089355
3148.803	2.999000000000251	trials	[3148.90406667 3149.89753333 3150.47496667 3151.31403333]	[1. 1. 1. 1.]	4	4.0	0.7853981633974483	2.0	R	4.6465277671813965	-0.2675974369049072	2.8597910404205322	4.4022603034973145	0.2644266188144684	-2.8707778453826904	5.157510757446289	-1.8423194885253906
3152.806	2.83199999999988	trials	[3152.907      3153.52553333 3154.20523333 3154.8849    ]	[1. 1. 1. 1.]	4	4.0	0.7853981633974483	2.0	R	2.2398059368133545	2.2180988788604736	0.14534242451190948	6.758277893066406	-7.018190860748291	6.031660556793213	4.460396766662598	-1.0887842178344727
3156.641	2.731999999999971	trials	[3156.74253333 3157.46833333 3158.1771     3158.91993333]	[1. 1. 1. 1.]	4	4.0	0.7853981633974483	2.0	R	4.132824897766113	3.9004738330841064	6.075920104980469	8.507466316223145	1.0781482458114624	8.358217239379883	-0.8790798783302307	3.7572109699249268
3160.377	2.4670000000000982	trials	[3160.4778     3161.18556667 3161.78203333 3162.36046667]	[1. 1. 1. 1.]	4	4.0	0.7853981633974483	2.0	R	2.2703044414520264	-0.1262640655040741	1.1444313526153564	4.745327949523926	-3.8555667400360107	4.749870777130127	-7.9998579025268555	1.9525777101516724
3163.847	3.1089999999999236	trials	[3163.9484     3164.61106667 3165.64463333 3166.4386    ]	[1. 1. 1. 1.]	4	4.0	0.7853981633974483	2.0	R	-5.0690412521362305	-2.098386764526367	8.22097110748291	-7.202850818634033	4.5970845222473145	-0.183773934841156	1.7576911449432373	3.9317872524261475
3167.959	8.61700000000019	trials	[3168.06063333 3175.17326667 3176.0324               nan]	[ 1.  1.  1. nan]	4	3.0	0.7853981633974483	2.0	A	1.333958625793457	8.913800239562988	7.648806095123291	6.756164073944092	6.550222396850586	0.8948469161987305	5.2954912185668945	5.847805023193359
3177.579	10.002999999999702	trials	[nan nan nan nan]	[nan nan nan nan]	4				R	0.0	0.0	0.0	0.0	0.0	0.0	0.0	0.0
3188.586	3.75400000000036	trials	[3188.68683333 3190.11636667 3190.6918     3191.56796667]	[1. 1. 1. 1.]	4	4.0	0.7853981633974483	2.0	R	-6.190925121307373	-5.774718284606934	-1.4608676433563232	-7.395383834838867	7.495473861694336	0.7740947604179382	-5.072660446166992	-4.89510440826416
3193.343	2.8510000000001128	trials	[3193.44463333 3194.25363333 3194.97543333 3195.6872    ]	[1. 1. 1. 1.]	4	4.0	0.7853981633974483	2.0	R	2.7370166778564453	-4.492584705352783	-5.4833083152771	-8.804956436157227	5.903200626373291	-2.5994231700897217	7.195950984954834	2.2305660247802734
3197.198	3.1350000000002183	trials	[3197.2992     3198.12023333 3198.86406667 3199.53473333]	[1. 1. 1. 1.]	4	4.0	0.7853981633974483	2.0	R	3.847881317138672	8.358023643493652	-0.7777193784713745	6.459650993347168	-5.512050151824951	4.851512432098389	6.581745147705078	-2.413106679916382
3201.336	3.749000000000251	trials	[nan nan nan nan]	[nan nan nan nan]	4				R	0.0	0.0	0.0	0.0	0.0	0.0	0.0	0.0
3206.088	4.944999999999709	trials	[3206.18926667 3209.32403333 3209.92853333 3210.52403333]	[1. 1. 1. 1.]	4	4.0	0.7853981633974483	2.0	R	2.5062103271484375	-2.1794021129608154	6.7908735275268555	-4.7565436363220215	7.346404075622559	0.2124990075826645	8.025775909423828	5.166129112243652
3212.037	2.7070000000003347	trials	[3212.13803333 3212.94503333 3213.63173333 3214.19113333]	[1. 1. 1. 1.]	4	4.0	0.7853981633974483	2.0	R	3.4292454719543457	7.13384485244751	1.6835105419158936	2.448505163192749	2.4453415870666504	-5.01270055770874	8.91425609588623	2.999439001083374
3215.747	3.22400000000016	trials	[3215.84823333 3216.52593333 3217.41913333 3218.05673333]	[1. 1. 1. 1.]	4	4.0	0.7853981633974483	2.0	R	-2.6955995559692383	1.0848474502563477	-7.133223533630371	3.3886473178863525	-4.294002532958984	-4.934427261352539	0.9912314414978027	8.403921127319336
3219.974	2.5149999999998727	trials	[3220.07573333 3220.7033     3221.40803333 3222.02356667]	[1. 1. 1. 1.]	4	4.0	0.7853981633974483	2.0	R	-1.1043486595153809	3.864257574081421	-6.981078147888184	5.031469345092773	-4.623555660247803	0.6221511363983154	0.36390024423599243	0.9761053919792175
3223.492	2.962999999999738	trials	[3223.59346667 3224.31526667 3224.99093333 3225.88716667]	[1. 1. 1. 1.]	4	4.0	0.7853981633974483	2.0	R	2.916987895965576	6.104376792907715	-0.8892889022827148	2.8621156215667725	7.100175857543945	6.140657901763916	0.7647709846496582	6.900173187255859
3227.458	2.974999999999909	trials	[3227.5593     3228.61793333 3229.23546667 3229.78783333]	[1. 1. 1. 1.]	4	4.0	0.7853981633974483	2.0	R	6.45594596862793	-0.995997428894043	3.8069560527801514	3.244621992111206	2.609855890274048	8.099202156066895	-1.085768699645996	4.73136043548584
3231.437	4.376999999999953	trials	[3231.5382     3234.4895     3235.31556667           nan]	[ 1.  1.  1. nan]	4	3.0	0.7853981633974483	2.0	A	5.816403865814209	-5.035974502563477	-7.847426414489746	-3.6407105922698975	-6.445749759674072	-8.440220832824707	-1.4646142721176147	-8.8741455078125
3236.817	2.755000000000109	trials	[3236.91853333 3237.63433333 3238.33203333 3239.01173333]	[1. 1. 1. 1.]	4	4.0	0.7853981633974483	2.0	R	-2.653265953063965	-5.18183708190918	2.176884889602661	-3.88969087600708	-5.549846649169922	-6.438004493713379	-2.728036880493164	-2.3103675842285156
3240.576	1.56899999999996	trials	[3240.67686667 3241.51393333           nan           nan]	[ 1.  1. nan nan]	4	2.0	0.7853981633974483	2.0	A	-3.231907606124878	-7.284914016723633	1.2295399904251099	-5.0275959968566895	6.223783493041992	-4.787733554840088	2.563385248184204	-1.3816381692886353
3243.148	2.994999999999891	trials	[nan nan nan nan]	[nan nan nan nan]	4				R	0.0	0.0	0.0	0.0	0.0	0.0	0.0	0.0
3247.147	3.08199999999988	trials	[3247.24816667 3247.9359     3248.92533333 3249.64113333]	[1. 1. 1. 1.]	4	4.0	0.7853981633974483	2.0	R	2.4587454795837402	8.21716594696045	-8.76149845123291	7.994420528411865	-3.5349903106689453	2.454873561859131	-6.571071147918701	7.695808410644531
3251.232	2.9020000000000437	trials	[3251.33333333 3252.0892     3252.75183333 3253.617     ]	[1. 1. 1. 1.]	4	4.0	0.7853981633974483	2.0	R	-6.256431579589844	2.7057178020477295	-6.46138334274292	-3.5004117488861084	-1.8655489683151245	7.9714884757995605	-6.798476219177246	7.15526008605957
3255.138	2.9400000000000546	trials	[3255.239      3256.02396667 3256.66456667 3257.3703    ]	[1. 1. 1. 1.]	4	4.0	0.7853981633974483	2.0	R	0.5517851114273071	0.4136970341205597	5.538728713989258	0.05259392410516739	4.40281867980957	4.921855449676514	-0.29611244797706604	6.630670070648193
3259.082	2.604000000000269	trials	[3259.1828     3259.88053333 3260.51913333 3261.17676667]	[1. 1. 1. 1.]	4	4.0	0.7853981633974483	2.0	R	-4.136415004730225	3.428783655166626	0.6458088755607605	4.888350963592529	-2.9678502082824707	1.4327077865600586	1.5172351598739624	3.6426873207092285
3262.69	9.708999999999833	trials	[3262.79076667 3270.48586667 3271.19263333 3271.9044    ]	[1. 1. 1. 1.]	4	4.0	0.7853981633974483	2.0	R	-3.463751792907715	4.078312397003174	4.139601230621338	7.8290910720825195	4.377709865570068	-0.510830283164978	4.538498878479004	4.486583709716797
3273.402	3.655999999999949	trials	[3273.50336667 3275.28476667 3275.95043333 3276.5489    ]	[1. 1. 1. 1.]	4	4.0	0.7853981633974483	2.0	R	-8.910682678222656	-1.723310947418213	-5.679950714111328	-5.5393781661987305	-3.7422807216644287	-0.9301008582115173	-2.156895160675049	-5.672099590301514
3278.062	2.675000000000182	trials	[3278.16293333 3278.9549     3279.62856667 3280.23206667]	[1. 1. 1. 1.]	4	4.0	0.7853981633974483	2.0	R	3.965785026550293	2.034015655517578	-0.7288423776626587	-4.325204372406006	-2.8575234413146973	0.6147120594978333	-7.087555885314941	3.2805752754211426
3281.741	3.0770000000002256	trials	[3281.84206667 3282.72323333 3283.33876667 3284.16583333]	[1. 1. 1. 1.]	4	4.0	0.7853981633974483	2.0	R	-3.1457059383392334	-1.7864782810211182	0.6404362916946411	-5.052228927612305	-1.3163244724273682	5.621891975402832	-1.8211236000061035	-3.1623640060424805
3285.822	3.105999999999767	trials	[3285.9232     3286.1257     3287.36076667 3288.1527    ]	[1. 1. 1. 1.]	4	4.0	0.7853981633974483	2.0	R	-3.0657455921173096	3.1185028553009033	-7.231019020080566	5.884456157684326	-2.783397912979126	8.34354305267334	-2.6791024208068848	-5.163801193237305
3289.931	2.6649999999999636	trials	[3290.03236667 3290.67396667 3291.34563333 3291.99426667]	[1. 1. 1. 1.]	4	4.0	0.7853981633974483	2.0	R	-6.507595539093018	0.3779979348182678	-8.386818885803223	-4.255415439605713	-4.5397047996521	-7.4491143226623535	-7.650630950927734	-2.02575945854187
3293.599	4.899999999999636	trials	[nan nan nan nan]	[nan nan nan nan]	4				R	0.0	0.0	0.0	0.0	0.0	0.0	0.0	0.0
3299.503	2.8989999999998872	trials	[3299.60413333 3300.3119     3301.2352     3301.85573333]	[1. 1. 1. 1.]	4	4.0	0.7853981633974483	2.0	R	-4.01525354385376	3.1450583934783936	-1.0742803812026978	-0.8985386490821838	-6.92434024810791	-4.646971225738525	-2.354012966156006	-2.6191375255584717
3303.406	2.8650000000002365	trials	[nan nan nan nan]	[nan nan nan nan]	4				R	0.0	0.0	0.0	0.0	0.0	0.0	0.0	0.0
3307.274	8.690000000000055	trials	[3307.37543333 3314.06403333 3314.68356667 3315.44446667]	[1. 1. 1. 1.]	4	4.0	0.7853981633974483	2.0	R	-5.592860221862793	-8.149601936340332	-0.6185736656188965	-8.656033515930176	0.8683902621269226	-3.8822569847106934	1.1697585582733154	2.970355272293091
3316.967	2.9989999999997963	trials	[3317.0685     3317.92763333 3318.7617     3319.37923333]	[1. 1. 1. 1.]	4	4.0	0.7853981633974483	2.0	R	4.906620502471924	7.274171352386475	0.13329432904720306	8.762578010559082	-4.422109127044678	6.701437473297119	-0.5672570466995239	3.5170822143554688
3320.969	2.9279999999998836	trials	[3321.07043333 3321.85436667 3322.56613333 3323.25083333]	[1. 1. 1. 1.]	4	4.0	0.7853981633974483	2.0	R	4.376060962677002	2.7663450241088867	-6.12060546875	3.8478589057922363	2.9893252849578857	6.192099571228027	-2.6978578567504883	2.3424415588378906
3324.901	3.1900000000000546	trials	[3325.0022     3325.99866667 3326.79963333 3327.5856    ]	[1. 1. 1. 1.]	4	4.0	0.7853981633974483	2.0	R	5.880611419677734	7.996840953826904	-3.2691116333007812	5.167925834655762	-1.4113842248916626	0.5258522629737854	-2.8554723262786865	-4.261068344116211
3329.094	2.5650000000000546	trials	[3329.1956     3329.9234     3330.54996667 3331.18353333]	[1. 1. 1. 1.]	4	4.0	0.7853981633974483	2.0	R	1.7144452333450317	-2.232311964035034	-5.125522136688232	0.42246726155281067	-7.59884786605835	-3.9229509830474854	-3.479914903640747	-1.0884510278701782
3332.662	2.8850000000002183	trials	[3332.76346667 3333.55643333 3334.13786667 3334.9579    ]	[1. 1. 1. 1.]	4	4.0	0.7853981633974483	2.0	R	2.5391557216644287	4.465242385864258	-2.0407326221466064	6.471388816833496	0.5495116710662842	2.194633960723877	-6.284487247467041	7.030392169952393
3336.551	3.6480000000001382	trials	[3336.6521     3338.89566667           nan           nan]	[ 1.  1. nan nan]	4	2.0	0.7853981633974483	2.0	F	-2.280238628387451	4.036065101623535	-1.3278511762619019	-0.8723926544189453	-8.150753021240234	3.105417490005493	-5.668068885803223	-1.2346606254577637
3341.202	5.756999999999607	trials	[3341.30366667 3345.65546667           nan           nan]	[ 1.  1. nan nan]	4	2.0	0.7853981633974483	2.0	F	0.0	0.0	6.232354164123535	-1.9424011707305908	6.476374626159668	3.051640748977661	1.9074968099594116	5.082737922668457
3347.962	3.092999999999847	trials	[3348.06343333 3348.9336     3349.59023333 3350.3461    ]	[1. 1. 1. 1.]	4	4.0	0.7853981633974483	2.0	R	8.607004165649414	-3.6786794662475586	3.7645440101623535	-2.4334559440612793	-7.491085052490234	-7.127223014831543	-3.9098310470581055	-3.6380083560943604
3352.058	2.5900000000001455	trials	[3352.1596     3352.93753333 3353.58513333 3354.16456667]	[1. 1. 1. 1.]	4	4.0	0.7853981633974483	2.0	R	-4.025038242340088	-8.636680603027344	0.7246155142784119	-7.07437801361084	4.569626331329346	-3.878147602081299	6.878671169281006	0.556749701499939
3355.651	2.5530000000003383	trials	[3355.75253333 3356.34096667 3357.02466667 3357.65723333]	[1. 1. 1. 1.]	4	4.0	0.7853981633974483	2.0	R	2.504633903503418	2.9791035652160645	-2.130748987197876	5.351708889007568	-6.237363815307617	2.4993913173675537	-7.424755096435547	-2.3575727939605713
3359.207	2.923000000000229	trials	[3359.30833333 3360.12736667 3360.8662     3361.52686667]	[1. 1. 1. 1.]	4	4.0	0.7853981633974483	2.0	R	-0.88140869140625	-6.214741230010986	8.053672790527344	-5.2633376121521	5.563209056854248	-0.9277185797691345	0.8209909200668335	-2.5124480724334717
3363.134	2.811999999999898	trials	[3363.2351     3363.94083333 3364.63156667 3365.36236667]	[1. 1. 1. 1.]	4	4.0	0.7853981633974483	2.0	R	5.819508075714111	-2.634201765060425	7.909272193908691	1.9081419706344604	4.218623161315918	5.281435489654541	-3.419956922531128	7.757647514343262
3366.949	11.511999999999716	trials	[3367.05056667 3376.3707     3377.27593333 3377.94863333]	[1. 1. 1. 1.]	4	4.0	0.7853981633974483	2.0	R	-8.263354301452637	6.516074180603027	-7.257862567901611	-2.889721632003784	-2.2209057807922363	-5.347959995269775	2.6069324016571045	-6.6487202644348145
3379.464	2.8479999999999563	trials	[3379.56563333 3380.34956667 3380.93603333 3381.58766667]	[1. 1. 1. 1.]	4	4.0	0.7853981633974483	2.0	R	5.513108730316162	0.14196139574050903	7.209699630737305	4.845319747924805	3.5675570964813232	8.270928382873535	5.494197845458984	-4.8011298179626465
3383.316	3.1790000000000873	trials	[3383.4172     3384.1029     3385.20563333 3385.97753333]	[1. 1. 1. 1.]	4	4.0	0.7853981633974483	2.0	R	-1.3075515031814575	4.3040971755981445	-1.9363690614700317	-0.6562039256095886	0.36794281005859375	-5.647836208343506	7.407848834991455	-1.2675451040267944
3387.498	2.9839999999999236	trials	[3387.59956667 3388.52186667 3389.29176667 3389.95643333]	[1. 1. 1. 1.]	4	4.0	0.7853981633974483	2.0	R	8.805797576904297	3.533052921295166	3.84134578704834	4.128218650817871	-0.19885776937007904	1.1825857162475586	-0.5009266138076782	6.173452854156494
3391.485	2.7970000000000255	trials	[3391.58646667 3392.4105     3393.0922     3393.80096667]	[1. 1. 1. 1.]	4	4.0	0.7853981633974483	2.0	R	-4.824041843414307	-0.2761143147945404	-7.053086757659912	-4.7517547607421875	-2.7559876441955566	-2.1954023838043213	1.9158470630645752	-4.585543632507324
3395.286	3.231999999999971	trials	[3395.3869     3396.52573333 3397.14126667 3397.86906667]	[1. 1. 1. 1.]	4	4.0	0.7853981633974483	2.0	R	5.97442102432251	-7.505814075469971	4.956758975982666	-2.6104729175567627	8.66317081451416	-5.966439247131348	3.718871593475342	-5.222192287445068
3399.521	22.879999999999654	trials	[3399.62243333 3420.85313333 3421.8476               nan]	[ 1.  1.  1. nan]	4	3.0	0.7853981633974483	2.0	A	5.0585103034973145	5.923462390899658	0.4361659586429596	4.01717472076416	5.773723602294922	2.977098226547241	3.5927093029022217	7.476339817047119
3423.404	5.322999999999865	trials	[3423.5057     3426.33473333 3427.41943333 3428.1432    ]	[1. 1. 1. 1.]	4	4.0	0.7853981633974483	2.0	R	5.494062423706055	8.32022762298584	1.5969977378845215	5.1876749992370605	-0.5068902373313904	-4.916813850402832	-3.482846260070801	-8.934734344482422
3429.73	8.509999999999764	trials	[3429.8314     3436.45586667 3437.11346667 3437.7601    ]	[1. 1. 1. 1.]	4	4.0	0.7853981633974483	2.0	R	0.26824870705604553	-5.628787517547607	-4.614619255065918	-2.954772710800171	-8.621902465820312	-5.945037364959717	-6.546515941619873	-1.3961067199707031
3439.244	4.196999999999662	trials	[3439.34503333 3440.87883333 3441.53346667 3442.34546667]	[1. 1. 1. 1.]	4	4.0	0.7853981633974483	2.0	R	-3.242509126663208	-5.148910999298096	1.5744959115982056	-3.808588981628418	-7.122644424438477	4.509280681610107	6.031905651092529	1.111120343208313
3444.445	6.614000000000033	trials	[3444.54593333 3448.9709     3449.83106667 3450.43053333]	[1. 1. 1. 1.]	4	4.0	0.7853981633974483	2.0	R	3.4959323406219482	-3.3077192306518555	-4.4818315505981445	-2.5136220455169678	-0.9582886099815369	-6.0611066818237305	1.4172885417938232	5.20051383972168
3452.063	2.770999999999731	trials	[3452.16383333 3452.8746     3453.77583333 3454.31016667]	[1. 1. 1. 1.]	4	4.0	0.7853981633974483	2.0	R	-3.58027720451355	5.356518268585205	-8.569169044494629	5.023411750793457	-7.053215503692627	0.25876232981681824	-2.069655179977417	0.6638917326927185
3455.838	15.0949999999998	trials	[nan nan nan nan]	[nan nan nan nan]	4				R	0.0	0.0	0.0	0.0	0.0	0.0	0.0	0.0
3471.937	2.9590000000002874	trials	[3472.03816667 3473.0948     3473.77046667 3474.39803333]	[1. 1. 1. 1.]	4	4.0	0.7853981633974483	2.0	R	-3.520183563232422	2.007490634918213	-3.4324090480804443	-2.991738796234131	-6.690155506134033	-6.784770488739014	-2.4852936267852783	-4.079380035400391
3475.9	17.35699999999997	trials	[3476.001      3491.15363333 3492.03983333 3492.70146667]	[1. 1. 1. 1.]	4	4.0	0.7853981633974483	2.0	R	-6.380536079406738	-7.214198112487793	-1.4373729228973389	-7.965953350067139	3.349391460418701	-6.5213470458984375	-0.6467783451080322	-0.2651795744895935
3494.26	8.559999999999945	trials	[3494.3616     3501.51633333           nan           nan]	[ 1.  1. nan nan]	4	2.0	0.7853981633974483	2.0	F	3.2997922897338867	6.287752628326416	-1.334625482559204	4.411007881164551	-4.652670383453369	-1.0930829048156738	-8.417076110839844	-4.3838653564453125
3503.823	2.367000000000189	trials	[3503.92433333 3504.2381     3504.98296667 3505.6446    ]	[1. 1. 1. 1.]	4	4.0	0.7853981633974483	2.0	R	0.0	0.0	6.96162223815918	-5.644681453704834	2.003126382827759	-5.001780033111572	8.630321502685547	0.6214226484298706
3507.193	2.3449999999998	trials	[3507.2947     3508.08466667 3508.96783333           nan]	[ 1.  1.  1. nan]	4	3.0	0.7853981633974483	2.0	A	4.996458530426025	4.055812835693359	-5.1083760261535645	4.200595378875732	-8.469508171081543	7.982636451721191	-3.7401418685913086	6.359954833984375
