onset	duration	nwb_table	go_cue_time_array	target_id	num_targets	num_attempted	target_dir	target_size	result	target_1_x_position	target_1_y_position	target_2_x_position	target_2_y_position	target_3_x_position	target_3_y_position	target_4_x_position	target_4_y_position
4.899	2.9989999999999997	trials	[NaN, NaN, NaN, NaN]	[NaN, NaN, NaN, NaN]	4				R	-8.746357917785645	0.7874691486358643	-4.128926753997803	-1.1306877136230469	-0.6682559251785278	-7.027262210845947	0.5013791918754578	-2.1659913063049316
8.902	3.144	trials	[9.0028, 10.0474, 10.8504, 11.512033333333333]	[1.0, 1.0, 1.0, 1.0]	4	4.0	0.7853981633974483	2.0	R	5.442290782928467	-2.932405948638916	7.925664901733398	1.4072775840759277	2.98297119140625	2.1621129512786865	3.5299746990203857	7.132101535797119
13.05	3.242000000000001	trials	[13.1511, 14.065366666666666, 14.938533333333334, 15.4779]	[1.0, 1.0, 1.0, 1.0]	4	4.0	0.7853981633974483	2.0	R	-8.471159934997559	5.7267985343933105	-5.190531253814697	1.9535409212112427	-5.032829284667969	-4.910409450531006	4.45161771774292	-7.467863082885742
17.295	3.3959999999999972	trials	[17.39666666666667, 18.4583, 19.259266666666665, 19.928933333333333]	[1.0, 1.0, 1.0, 1.0]	4	4.0	0.7853981633974483	2.0	R	4.839372634887695	-1.727958083152771	5.20669412612915	3.258531093597412	4.813630104064941	-5.0435872077941895	-2.8851754665374756	4.7570037841796875
21.694	4.332000000000001	trials	[21.795566666666666, 23.83963333333333, 24.739866666666668, 25.3925]	[1.0, 1.0, 1.0, 1.0]	4	4.0	0.7853981633974483	2.0	R	3.730901002883911	6.538590431213379	-0.2627955973148346	3.5302042961120605	-1.947044849395752	8.237996101379395	-3.8224313259124756	3.6030285358428955
27.03	3.5790000000000006	trials	[27.1308, 27.981933333333334, 29.067633333333333, 29.9428]	[1.0, 1.0, 1.0, 1.0]	4	4.0	0.7853981633974483	2.0	R	-8.809934616088867	3.249741315841675	5.370812892913818	0.549628496170044	-4.067416191101074	-8.121822357177734	-2.7074286937713623	1.032472014427185
31.613	3.0690000000000026	trials	[31.7142, 32.5653, 33.2941, 34.06603333333333]	[1.0, 1.0, 1.0, 1.0]	4	4.0	0.7853981633974483	2.0	R	-0.5791323781013489	-4.878518581390381	4.0825653076171875	-6.686438083648682	-1.0938447713851929	-4.296173572540283	5.564756870269775	-7.9253106117248535
35.685	2.6669999999999945	trials	[35.7863, 36.1522, 36.9151, 37.685]	[1.0, 1.0, 1.0, 1.0]	4	4.0	0.7853981633974483	2.0	R	1.782676100730896	-4.654857635498047	4.283180236816406	-8.98469352722168	3.290861129760742	-4.0841522216796875	-5.812780857086182	-6.897035121917725
39.355	3.0490000000000066	trials	[39.4564, 40.1822, 41.00123333333333, 41.68293333333333]	[1.0, 1.0, 1.0, 1.0]	4	4.0	0.7853981633974483	2.0	R	-1.239490032196045	-8.918176651000977	6.173680305480957	-6.832999229431152	5.60058069229126	-1.8659522533416748	-6.690776348114014	-8.948602676391602
43.407	2.892000000000003	trials	[43.50846666666666, 44.2924, 45.0573, 45.67283333333334]	[1.0, 1.0, 1.0, 1.0]	4	4.0	0.7853981633974483	2.0	R	-6.548360347747803	-3.950631856918335	-1.8321412801742554	-2.290126323699951	3.1440675258636475	-1.802944540977478	-0.789230227470398	4.651127338409424
47.303	2.875	trials	[47.404133333333334, 48.05676666666667, 48.77453333333333, 49.5986]	[1.0, 1.0, 1.0, 1.0]	4	4.0	0.7853981633974483	2.0	R	1.3607282638549805	0.13696332275867462	1.7660057544708252	5.120511054992676	-3.0539028644561768	6.450353622436523	-1.4814038276672363	-4.7206010818481445
51.182	3.4309999999999974	trials	[51.28276666666667, 51.9454, 53.04013333333333, 53.648633333333336]	[1.0, 1.0, 1.0, 1.0]	4	4.0	0.7853981633974483	2.0	R	0.0	0.0	0.0	0.0	0.0	0.0	0.0	0.0
55.617	3.0630000000000024	trials	[NaN, NaN, NaN, NaN]	[NaN, NaN, NaN, NaN]	4				R	-0.331152081489563	3.728170394897461	-5.154085636138916	5.046999931335449	-3.588721513748169	0.29835420846939087	-7.700034141540527	-7.146875858306885
59.684	2.959000000000003	trials	[59.784866666666666, 60.57383333333333, 61.336733333333335, 62.0465]	[1.0, 1.0, 1.0, 1.0]	4	4.0	0.7853981633974483	2.0	R	-2.70061993598938	-7.070343017578125	2.0033953189849854	-8.765110969543457	6.2740349769592285	-4.655596733093262	5.919302463531494	0.3318040072917938
63.646	2.820999999999998	trials	[63.7477, 65.36673333333333, 65.97323333333334, NaN]	[1.0, 1.0, 1.0, NaN]	4	3.0	0.7853981633974483	2.0	A	3.01035475730896	7.707066059112549	-1.2342679500579834	5.06449556350708	-5.444674491882324	2.3677427768707275	-0.03785956650972366	5.459993839263916
67.471	3.1700000000000017	trials	[67.5722, 68.83133333333333, 69.40676666666667, 70.08443333333334]	[1.0, 1.0, 1.0, 1.0]	4	4.0	0.7853981633974483	2.0	R	0.0	0.0	0.0	0.0	0.0	0.0	0.0	0.0
71.644	3.198999999999998	trials	[NaN, NaN, NaN, NaN]	[NaN, NaN, NaN, NaN]	4				R	2.7471957206726074	-0.17171086370944977	-1.7501052618026733	-2.356724500656128	-1.7243125438690186	-7.356657981872559	-0.5966429710388184	2.5755112171173096
75.847	3.271000000000001	trials	[75.948, 76.98356666666666, 77.8086, 78.5274]	[1.0, 1.0, 1.0, 1.0]	4	4.0	0.7853981633974483	2.0	R	-4.494626045227051	7.502330303192139	-3.4197185039520264	0.10797330737113953	-6.164256572723389	-4.071442127227783	0.4458649158477783	-3.8432247638702393
80.121	4.195000000000007	trials	[80.2226, 82.53433333333334, 83.19096666666667, 83.79946666666666]	[1.0, 1.0, 1.0, 1.0]	4	4.0	0.7853981633974483	2.0	R	0.0	0.0	0.0	0.0	0.0	0.0	0.0	0.0
85.319	3.176000000000002	trials	[NaN, NaN, NaN, NaN]	[NaN, NaN, NaN, NaN]	4				R	0.16559100151062012	0.34365901350975037	-2.968933582305908	4.239138126373291	-8.137362480163574	-4.526665687561035	-3.4704108238220215	-2.732351303100586
89.499	2.9070000000000107	trials	[89.59986666666667, 90.45, 91.10963333333333, 91.81336666666667]	[1.0, 1.0, 1.0, 1.0]	4	4.0	0.7853981633974483	2.0	R	3.1366631984710693	-6.718990325927734	8.131621360778809	-6.471343040466309	4.003566265106201	-3.650144577026367	6.388978481292725	4.193860054016113
93.409	3.98599999999999	trials	[93.5106, 95.41533333333334, 96.23636666666667, 96.84486666666666]	[1.0, 1.0, 1.0, 1.0]	4	4.0	0.7853981633974483	2.0	R	0.27620917558670044	6.371187686920166	7.758929252624512	3.9799249172210693	4.639480113983154	-0.8755834102630615	3.1217830181121826	-6.070040702819824
98.399	3.2879999999999967	trials	[98.49996666666667, 99.78016666666667, 100.49493333333334, 101.1255]	[1.0, 1.0, 1.0, 1.0]	4	4.0	0.7853981633974483	2.0	R	8.021527290344238	-7.9986090660095215	5.076540470123291	-3.9579343795776367	3.499119281768799	0.7867196798324585	8.35106372833252	1.9944592714309692
102.69	2.929000000000002	trials	[102.79163333333334, 103.53546666666666, 104.21616666666667, 104.8808]	[1.0, 1.0, 1.0, 1.0]	4	4.0	0.7853981633974483	2.0	R	-2.0375406742095947	-2.436185359954834	-3.623225212097168	2.305713653564453	-8.41421127319336	0.8751698136329651	-1.5055674314498901	7.7980828285217285
106.622	2.778000000000006	trials	[106.72336666666666, 107.55646666666667, 108.3444, 108.93086666666666]	[1.0, 1.0, 1.0, 1.0]	4	4.0	0.7853981633974483	2.0	R	-8.84965991973877	4.12066125869751	-3.858142375946045	3.829528570175171	-4.002793312072754	-1.1683785915374756	-3.421490430831909	-6.134472370147705
110.404	2.9150000000000063	trials	[110.50476666666667, 111.405, 112.02153333333334, 112.7774]	[1.0, 1.0, 1.0, 1.0]	4	4.0	0.7853981633974483	2.0	R	-5.675952434539795	-1.6715806722640991	-6.4656267166137695	-6.608828544616699	0.5148820877075195	-7.731657981872559	5.197871685028076	-5.979629039764404
114.322	1.8939999999999912	trials	[114.4235, 115.28563333333334, NaN, NaN]	[1.0, 1.0, NaN, NaN]	4	2.0	0.7853981633974483	2.0	A	0.0	0.0	0.0	0.0	0.0	0.0	0.0	0.0
117.219	5.751000000000005	trials	[NaN, NaN, NaN, NaN]	[NaN, NaN, NaN, NaN]	4				R	-1.616451382637024	6.731766223907471	-0.8762296438217163	1.7868627309799194	-4.905088901519775	4.747992992401123	-3.2546839714050293	0.02822994254529476
123.973	3.7339999999999947	trials	[124.07446666666667, 125.63733333333333, 126.39623333333333, 127.0779]	[1.0, 1.0, 1.0, 1.0]	4	4.0	0.7853981633974483	2.0	R	6.425133228302002	1.2854243516921997	-0.2940337359905243	-3.1397461891174316	6.439492225646973	1.5461714267730713	5.302286624908447	6.415130615234375
128.711	3.1159999999999854	trials	[128.8122, 129.46883333333332, 130.2919, 131.00163333333333]	[1.0, 1.0, 1.0, 1.0]	4	4.0	0.7853981633974483	2.0	R	2.4533512592315674	2.306168794631958	1.4593242406845093	8.900047302246094	-1.409661054611206	4.805059909820557	8.622772216796875	-2.3746962547302246
132.83	3.2879999999999825	trials	[132.93143333333333, 133.98003333333332, 134.74493333333334, 135.51886666666667]	[1.0, 1.0, 1.0, 1.0]	4	4.0	0.7853981633974483	2.0	R	8.839595794677734	2.620600461959839	7.536164283752441	7.447718143463135	2.953723430633545	5.447409152984619	8.774088859558105	2.116542100906372
137.122	3.2799999999999727	trials	[137.2231, 138.0682, 138.89123333333333, 139.90976666666666]	[1.0, 1.0, 1.0, 1.0]	4	4.0	0.7853981633974483	2.0	R	4.587793350219727	4.850574016571045	-8.43600845336914	0.869299590587616	-4.338985443115234	-1.9967777729034424	-0.8459498882293701	-5.574305534362793
141.405	3.195999999999998	trials	[141.50673333333333, 142.39493333333334, 143.23703333333333, 144.00993333333332]	[1.0, 1.0, 1.0, 1.0]	4	4.0	0.7853981633974483	2.0	R	3.469431161880493	-1.079741358757019	8.429545402526855	-0.4494517743587494	3.7546284198760986	1.3240052461624146	-1.0601550340652466	2.672285556793213
145.605	3.397999999999996	trials	[145.70616666666666, 146.90013333333334, 147.57076666666666, 148.3367]	[1.0, 1.0, 1.0, 1.0]	4	4.0	0.7853981633974483	2.0	R	2.129053831100464	-6.741921424865723	6.7607316970825195	-4.858424663543701	-3.9562418460845947	-3.04648494720459	1.169913649559021	5.665777683258057
150.007	8.954000000000008	trials	[150.10806666666667, 156.65233333333333, 157.58966666666666, 158.40366666666668]	[1.0, 1.0, 1.0, 1.0]	4	4.0	0.7853981633974483	2.0	R	-2.701960325241089	2.5021417140960693	7.868870258331299	2.8119850158691406	-3.1527345180511475	5.4844069480896	-7.970443248748779	6.8221964836120605
159.965	2.4979999999999905	trials	[160.0658, 160.2683, 160.93296666666666, 161.8452]	[1.0, 1.0, 1.0, 1.0]	4	4.0	0.7853981633974483	2.0	R	-3.565369129180908	4.456753253936768	-7.483450889587402	1.3505277633666992	5.618060111999512	0.6357024312019348	0.8590203523635864	2.169175386428833
163.466	3.157999999999987	trials	[163.5675, 164.60906666666668, 165.3499, 166.1038]	[1.0, 1.0, 1.0, 1.0]	4	4.0	0.7853981633974483	2.0	R	-3.115910530090332	7.5128254890441895	-5.559182167053223	3.150438070297241	-0.5628858208656311	3.3428456783294678	4.587862491607666	-2.6744940280914307
167.628	3.1110000000000184	trials	[167.72883333333334, 168.70423333333332, 169.419, 170.11573333333334]	[1.0, 1.0, 1.0, 1.0]	4	4.0	0.7853981633974483	2.0	R	7.6309814453125	1.2928005456924438	7.421603202819824	6.288414478302002	3.389967441558838	3.3310656547546387	-6.007232189178467	-3.82869553565979
171.743	2.936000000000007	trials	[171.84403333333333, 172.64303333333334, 173.37883333333335, 174.01443333333333]	[1.0, 1.0, 1.0, 1.0]	4	4.0	0.7853981633974483	2.0	R	-2.936013698577881	-7.774277687072754	5.598018646240234	-7.233363151550293	2.664947986602783	-3.184030294418335	-7.145835876464844	2.0892632007598877
175.683	2.76400000000001	trials	[175.7838, 176.5808, 177.25646666666665, 177.94016666666667]	[1.0, 1.0, 1.0, 1.0]	4	4.0	0.7853981633974483	2.0	R	-6.335780620574951	-5.274749279022217	-1.745192050933838	-7.256288528442383	-2.46425199508667	-2.3082635402679443	-0.9677056670188904	2.462517261505127
179.451	2.9579999999999984	trials	[179.55216666666666, 180.38923333333332, 181.1321, 181.8148]	[1.0, 1.0, 1.0, 1.0]	4	4.0	0.7853981633974483	2.0	R	-4.471865177154541	-1.1041148900985718	2.5208213329315186	-5.095334529876709	6.138925552368164	-8.5463228225708	4.444217681884766	-3.8422858715057373
183.413	3.1639999999999873	trials	[183.514, 184.50246666666666, 185.3195, 185.98413333333335]	[1.0, 1.0, 1.0, 1.0]	4	4.0	0.7853981633974483	2.0	R	4.423008918762207	5.088076591491699	-5.300327777862549	6.6372880935668945	-8.230620384216309	2.585944414138794	-6.3183369636535645	-5.085577011108398
187.58	2.8329999999999984	trials	[187.68133333333333, 188.44323333333332, 189.1099, 189.70036666666667]	[1.0, 1.0, 1.0, 1.0]	4	4.0	0.7853981633974483	2.0	R	-4.553046703338623	-0.2863866984844208	-1.190364122390747	-3.986706256866455	-5.960360050201416	-5.485753059387207	5.526037216186523	-5.7686076164245605
191.417	2.875	trials	[191.51786666666666, 192.23766666666666, 193.01256666666666, 193.73236666666668]	[1.0, 1.0, 1.0, 1.0]	4	4.0	0.7853981633974483	2.0	R	2.217154026031494	-0.4876677691936493	4.98422908782959	3.6768605709075928	2.1892378330230713	7.822704792022705	-1.7199496030807495	4.70529317855835
195.295	2.765000000000015	trials	[195.3965, 196.21853333333334, 196.87016666666668, 197.50773333333333]	[1.0, 1.0, 1.0, 1.0]	4	4.0	0.7853981633974483	2.0	R	-7.597639560699463	2.690768241882324	-4.172945022583008	8.120610237121582	-5.868746757507324	3.4169671535491943	-1.3356534242630005	1.3072121143341064
199.064	3.373000000000019	trials	[199.16486666666665, 200.26256666666666, 201.2039, 201.81743333333333]	[1.0, 1.0, 1.0, 1.0]	4	4.0	0.7853981633974483	2.0	R	0.12388692796230316	6.089444160461426	8.354238510131836	-1.0055334568023682	3.431211233139038	-0.13157598674297333	-3.086700439453125	3.3984854221343994
203.44	4.766999999999996	trials	[203.5417, 205.8344, 206.6364, 207.39126666666667]	[1.0, 1.0, 1.0, 1.0]	4	4.0	0.7853981633974483	2.0	R	-6.526448726654053	7.02727746963501	0.3385501503944397	2.9751100540161133	7.327589511871338	7.122159481048584	-3.562547445297241	7.445133209228516
209.211	2.705999999999989	trials	[209.31203333333335, 210.0258, 210.75263333333334, 211.41326666666666]	[1.0, 1.0, 1.0, 1.0]	4	4.0	0.7853981633974483	2.0	R	-5.5970540046691895	2.877772808074951	1.060799479484558	1.6876294612884521	1.0153988599777222	-7.7743964195251465	5.648672580718994	-5.894827842712402
212.921	2.951000000000022	trials	[213.02226666666667, 213.86033333333333, 214.63926666666666, 215.24476666666666]	[1.0, 1.0, 1.0, 1.0]	4	4.0	0.7853981633974483	2.0	R	5.038987159729004	-0.9321388602256775	-6.577543258666992	-8.414633750915527	-2.142901659011841	-6.105098724365234	5.458503246307373	-0.9341734051704407
216.876	2.905000000000001	trials	[216.97706666666667, 217.90436666666668, 218.6452, 219.31186666666667]	[1.0, 1.0, 1.0, 1.0]	4	4.0	0.7853981633974483	2.0	R	2.393873453140259	4.423140525817871	3.651605316030676e-32	3.750345325112036e-29	2.6605037397543685e-36	2.72438172711839e-34	-4.0562825934189853e+27	-1.7806590172884123e+25
220.785	3.0109999999999957	trials	[220.88576666666665, 221.93436666666668, 222.53386666666665, 223.18046666666666]	[1.0, 1.0, 1.0, 1.0]	4	4.0	0.7853981633974483	2.0	R	-2.482668399810791	6.610733509063721	-6.014252185821533	3.071254253387451	-1.4925822019577026	0.9371268153190613	-8.143527030944824	5.557740688323975
224.8	2.899000000000001	trials	[224.90073333333333, 225.70273333333333, 226.36536666666666, 227.07413333333332]	[1.0, 1.0, 1.0, 1.0]	4	4.0	0.7853981633974483	2.0	R	-3.2972357273101807	4.327511310577393	-0.27345675230026245	0.34545648097991943	-5.061590671539307	7.84278678894043	-7.74430513381958	3.6234214305877686
228.702	3.146000000000015	trials	[228.80343333333334, 229.56933333333333, 230.6901, 231.35976666666667]	[1.0, 1.0, 1.0, 1.0]	4	4.0	0.7853981633974483	2.0	R	0.0	0.0	0.0	0.0	0.0	0.0	0.0	0.0
232.851	3.0889999999999986	trials	[NaN, NaN, NaN, NaN]	[NaN, NaN, NaN, NaN]	4				R	7.035912036895752	-6.093739032745361	2.7708468437194824	-3.484290838241577	5.3495097160339355	-7.801624298095703	6.444432258605957	-2.922982931137085
236.944	3.0410000000000252	trials	[237.04486666666668, 237.80676666666668, 238.83333333333334, 239.52103333333332]	[1.0, 1.0, 1.0, 1.0]	4	4.0	0.7853981633974483	2.0	R	-2.373157262802124	-4.184731483459473	0.16091422736644745	6.002274513244629	-2.9403109550476074	2.0802340507507324	-7.4904255867004395	0.007444299291819334
240.989	3.0859999999999843	trials	[241.08993333333333, 242.1676, 242.82323333333332, 243.44276666666667]	[1.0, 1.0, 1.0, 1.0]	4	4.0	0.7853981633974483	2.0	R	1.416216492652893	0.42225754261016846	-3.582645893096924	0.5289105772972107	-8.503875732421875	-0.3551125228404999	-7.667271614074707	6.92449426651001
245.079	1.5279999999999916	trials	[245.18006666666668, 245.90286666666665, NaN, NaN]	[1.0, 1.0, NaN, NaN]	4	2.0	0.7853981633974483	2.0	A	-2.8688130378723145	5.519220352172852	-6.692820072174072	8.740550994873047	-2.2728426456451416	6.403073787689209	-0.1671857386827469	1.8680754899978638
247.61	3.1389999999999816	trials	[247.71136666666666, 248.48226666666667, 249.14693333333332, 249.92986666666667]	[1.0, 1.0, 1.0, 1.0]	4	4.0	0.7853981633974483	2.0	R	-8.955589294433594	4.28186559677124	-6.4728288650512695	-0.05816862732172012	-5.039011001586914	-4.848175525665283	2.9541170597076416	7.212811470031738
251.752	2.9129999999999825	trials	[251.85363333333333, 252.71176666666668, 253.42553333333333, 254.019]	[1.0, 1.0, 1.0, 1.0]	4	4.0	0.7853981633974483	2.0	R	-1.7961795330047607	8.77315902709961	-4.7315449714660645	3.163236379623413	-8.195832252502441	6.768609523773193	-4.346601486206055	3.5774617195129395
255.668	2.990000000000009	trials	[255.76936666666666, 256.5944, 257.2811, 258.0951333333333]	[1.0, 1.0, 1.0, 1.0]	4	4.0	0.7853981633974483	2.0	R	0.0	0.0	0.0	0.0	0.0	0.0	0.0	0.0
259.661	3.1610000000000014	trials	[NaN, NaN, NaN, NaN]	[NaN, NaN, NaN, NaN]	4				R	4.249148845672607	-4.689574241638184	5.64879035949707	0.11053011566400528	-2.1927688121795654	-0.7826255559921265	2.640505075454712	-2.0630407333374023
263.825	3.1450000000000387	trials	[263.9266, 264.885, 265.66993333333335, 266.2995]	[1.0, 1.0, 1.0, 1.0]	4	4.0	0.7853981633974483	2.0	R	2.342412233352661	2.928065299987793	-3.3394997119903564	5.610333442687988	-8.331042289733887	5.901020050048828	-6.186333179473877	-5.0893425941467285
267.974	5.802999999999997	trials	[268.0749, 272.35653333333335, 273.05426666666665, NaN]	[1.0, 1.0, 1.0, NaN]	4	3.0	0.7853981633974483	2.0	A	-3.730992078781128	-0.7337368726730347	1.6378557682037354	-1.508453607559204	-4.611328125	4.801640510559082	-0.26175835728645325	2.335623025894165
274.781	2.933999999999969	trials	[274.8818, 275.6657333333333, 276.4266333333333, 277.07626666666664]	[1.0, 1.0, 1.0, 1.0]	4	4.0	0.7853981633974483	2.0	R	-5.01716423034668	-0.5109513401985168	1.3863986730575562	-0.9208054542541504	6.347011566162109	-1.5471614599227905	-3.5728163719177246	-3.4834506511688232
278.718	3.3460000000000036	trials	[278.8195666666667, 279.85013333333336, 280.74536666666665, 281.51526666666666]	[1.0, 1.0, 1.0, 1.0]	4	4.0	0.7853981633974483	2.0	R	-2.045111656188965	-8.244345664978027	-7.785444259643555	-1.1410715579986572	2.1431548595428467	2.4159326553344727	2.194369077682495	7.415670394897461
283.067	3.2239999999999895	trials	[283.16836666666666, 284.0756333333333, 284.88863333333336, 285.5412666666667]	[1.0, 1.0, 1.0, 1.0]	4	4.0	0.7853981633974483	2.0	R	-2.3503997325897217	5.331185817718506	-0.7180177569389343	0.6051592826843262	-8.325132369995117	0.5105679035186768	2.2895755767822266	2.804276704788208
287.295	2.4799999999999613	trials	[287.3958666666667, 288.3131333333333, 289.059, NaN]	[1.0, 1.0, 1.0, NaN]	4	3.0	0.7853981633974483	2.0	A	0.0	0.0	0.0	0.0	0.0	0.0	0.0	0.0
290.778	8.11099999999999	trials	[NaN, NaN, NaN, NaN]	[NaN, NaN, NaN, NaN]	4				R	-6.8395185470581055	-7.767818450927734	-0.5944837331771851	-5.915273189544678	-4.803186416625977	7.116142272949219	-7.161147594451904	2.7070586681365967
299.893	2.7530000000000427	trials	[299.9941333333333, 300.7881, 301.4397333333333, 302.1043666666667]	[1.0, 1.0, 1.0, 1.0]	4	4.0	0.7853981633974483	2.0	R	-0.7140368223190308	-3.519418716430664	-1.2787728309631348	1.4485862255096436	1.0843360424041748	5.854913234710693	-2.9695324897766113	2.928114414215088
303.649	3.187999999999988	trials	[303.7504666666667, 304.6216333333333, 305.4928, 306.16546666666665]	[1.0, 1.0, 1.0, 1.0]	4	4.0	0.7853981633974483	2.0	R	1.9610038995742798	2.0975658893585205	8.006087303161621	-5.501986503601074	5.826521396636963	-1.0020427703857422	2.6813244819641113	2.884824275970459
307.841	3.0149999999999864	trials	[307.94186666666667, 308.6787, 309.4957333333333, 310.3127666666667]	[1.0, 1.0, 1.0, 1.0]	4	4.0	0.7853981633974483	2.0	R	4.595760345458984	-1.7341512441635132	6.441529750823975	2.9126901626586914	3.379230260848999	6.865198612213135	-1.0429801940917969	4.531949043273926
311.86	3.401999999999987	trials	[311.9608333333333, 312.83903333333336, 313.81846666666667, 314.58236666666664]	[1.0, 1.0, 1.0, 1.0]	4	4.0	0.7853981633974483	2.0	R	7.38765811920166	-6.739799499511719	7.027082443237305	6.258181571960449	-0.3996829390525818	4.84543514251709	-3.994131326675415	8.321056365966797
316.266	14.323999999999955	trials	[316.36676666666665, 328.50893333333335, 329.1806, 329.9906]	[1.0, 1.0, 1.0, 1.0]	4	4.0	0.7853981633974483	2.0	R	-2.882500410079956	3.4461941719055176	-7.404388427734375	5.579860210418701	-2.7304418087005615	3.8038463592529297	-7.707855224609375	3.3291287422180176
331.594	2.941000000000031	trials	[331.69483333333335, 332.5459333333333, 333.2086, 334.0587]	[1.0, 1.0, 1.0, 1.0]	4	4.0	0.7853981633974483	2.0	R	0.0	0.0	0.0	0.0	0.0	0.0	0.0	0.0
335.538	3.0369999999999777	trials	[NaN, NaN, NaN, NaN]	[NaN, NaN, NaN, NaN]	4				R	-4.884934425354004	-8.662271499633789	2.0958616733551025	-6.058342933654785	6.576332092285156	-3.839021921157837	4.461889266967773	0.6918866038322449
339.578	2.271000000000015	trials	[339.67963333333336, 340.4716, 341.22046666666665, NaN]	[1.0, 1.0, 1.0, NaN]	4	3.0	0.7853981633974483	2.0	A	0.0	0.0	0.0	0.0	0.0	0.0	0.0	0.0
342.853	3.099999999999966	trials	[NaN, NaN, NaN, NaN]	[NaN, NaN, NaN, NaN]	4				R	-3.4053633213043213	-5.021302700042725	-2.4056482315063477	-0.12226519733667374	-5.766247749328613	-7.377625942230225	5.373464584350586	-8.538925170898438
346.957	3.117999999999995	trials	[347.0579666666667, 347.65543333333335, 348.3582, 349.5391333333333]	[1.0, 1.0, 1.0, 1.0]	4	4.0	0.7853981633974483	2.0	R	3.801677942276001	-3.7924013137817383	8.019440650939941	-6.477634429931641	5.606656551361084	4.988827228546143	-0.2538255453109741	0.7417346835136414
351.079	2.9010000000000105	trials	[351.1802, 352.0563666666667, 352.7521, 353.46186666666665]	[1.0, 1.0, 1.0, 1.0]	4	4.0	0.7853981633974483	2.0	R	-5.01707649230957	2.2620763778686523	-8.12314224243164	7.178364276885986	-7.52876091003418	2.2138192653656006	-2.7668440341949463	4.226890563964844
354.984	2.883000000000038	trials	[355.0849, 355.7375, 356.60566666666665, 357.37356666666665]	[1.0, 1.0, 1.0, 1.0]	4	4.0	0.7853981633974483	2.0	R	-3.693657398223877	-0.6864604949951172	-3.351379632949829	7.164609909057617	-3.2627339363098145	-0.3439190089702606	2.3231680393218994	-1.033948540687561
358.87	2.930999999999983	trials	[358.97153333333335, 359.8326666666667, 360.5975666666667, 361.2913]	[1.0, 1.0, 1.0, 1.0]	4	4.0	0.7853981633974483	2.0	R	6.344687461853027	-4.005039215087891	3.344951868057251	-0.0048410361632704735	-1.654514193534851	-0.07791082561016083	-6.5766921043396	-0.956638753414154
362.804	3.1970000000000027	trials	[362.9053, 364.01506666666666, 364.89023333333336, 365.51576666666665]	[1.0, 1.0, 1.0, 1.0]	4	4.0	0.7853981633974483	2.0	R	0.0	0.0	0.0	0.0	0.0	0.0	0.0	0.0
367.004	3.56899999999996	trials	[NaN, NaN, NaN, NaN]	[NaN, NaN, NaN, NaN]	4				R	3.2456140518188477	2.578657627105713	3.499622106552124	7.572201251983643	7.246078968048096	0.5476891994476318	-3.4258673191070557	4.952102184295654
371.577	3.2970000000000255	trials	[371.67806666666667, 372.46703333333335, 373.56076666666667, 374.2033333333333]	[1.0, 1.0, 1.0, 1.0]	4	4.0	0.7853981633974483	2.0	R	-8.423666954040527	5.100422382354736	-2.7790400981903076	-3.788851261138916	-7.088984489440918	-6.323487281799316	0.3244595229625702	0.9506837725639343
375.878	2.8489999999999895	trials	[375.9787666666667, 376.73563333333334, 377.51956666666666, 378.1501333333333]	[1.0, 1.0, 1.0, 1.0]	4	4.0	0.7853981633974483	2.0	R	3.435107946395874	-2.9638872146606445	5.755073547363281	1.4653068780899048	7.204096794128418	-4.789936065673828	5.578982830047607	-0.06140543520450592
379.73	2.9219999999999686	trials	[379.8313, 380.44786666666664, 381.3029666666667, 382.10196666666667]	[1.0, 1.0, 1.0, 1.0]	4	4.0	0.7853981633974483	2.0	R	0.4685063064098358	-2.279723644256592	3.9244425296783447	2.2029061317443848	-7.589230060577393	-1.9502185583114624	-7.413851737976074	-7.330780029296875
383.656	2.714999999999975	trials	[383.7570666666667, 384.54603333333336, 385.19263333333333, 385.8552666666667]	[1.0, 1.0, 1.0, 1.0]	4	4.0	0.7853981633974483	2.0	R	-5.138876438140869	-2.878309965133667	-2.686282157897949	-7.235462665557861	-0.3233092427253723	-2.8290627002716064	5.8867669105529785	-1.4187088012695312
387.374	2.8619999999999663	trials	[387.4753, 388.2271666666667, 388.95396666666664, 389.59856666666667]	[1.0, 1.0, 1.0, 1.0]	4	4.0	0.7853981633974483	2.0	R	2.2059123516082764	-8.730676651000977	4.519914627075195	-4.298364639282227	8.937247276306152	-1.9558933973312378	4.438928127288818	2.751004457473755
391.24	2.959000000000003	trials	[391.3409, 392.2702, 392.9639, 393.6416]	[1.0, 1.0, 1.0, 1.0]	4	4.0	0.7853981633974483	2.0	R	0.0	0.0	0.0	0.0	0.0	0.0	0.0	0.0
395.202	3.7660000000000196	trials	[NaN, NaN, NaN, NaN]	[NaN, NaN, NaN, NaN]	4				R	-1.777402400970459	3.0011932849884033	-2.9924700260162354	-1.848921298980713	4.7321248054504395	3.8706870079040527	-0.837005078792572	-4.452373027801514
399.971	2.8629999999999995	trials	[400.07256666666666, 400.9708, 401.6825666666667, 402.4073666666667]	[1.0, 1.0, 1.0, 1.0]	4	4.0	0.7853981633974483	2.0	R	-1.3431801795959473	2.976956367492676	-4.443005561828613	6.900103569030762	-2.225198745727539	2.4188833236694336	-3.6986587047576904	-2.3590779304504395
403.838	3.103999999999985	trials	[403.93916666666667, 405.11406666666664, 405.7707, 406.38823333333335]	[1.0, 1.0, 1.0, 1.0]	4	4.0	0.7853981633974483	2.0	R	1.2453057765960693	-1.6126102209091187	3.7550511360168457	2.7118756771087646	3.721238613128662	7.711761474609375	1.2755403518676758	3.350733757019043
407.945	2.876000000000033	trials	[408.04636666666664, 408.6719, 409.4648666666667, 410.12753333333336]	[1.0, 1.0, 1.0, 1.0]	4	4.0	0.7853981633974483	2.0	R	1.6734392642974854	-1.6334086656570435	-0.3215568959712982	2.951347589492798	1.995355486869812	7.382139682769775	-2.0615651607513428	4.459572792053223
411.825	3.201999999999998	trials	[411.9259666666667, 412.96256666666665, 413.8437333333333, 414.47933333333333]	[1.0, 1.0, 1.0, 1.0]	4	4.0	0.7853981633974483	2.0	R	-8.779504776000977	8.868426322937012	-4.475788593292236	6.323229789733887	-8.478919982910156	3.327409505844116	-6.826794147491455	-1.3917514085769653
416.03	3.3240000000000123	trials	[416.13143333333335, 417.2672333333333, 418.0913, 418.68576666666667]	[1.0, 1.0, 1.0, 1.0]	4	4.0	0.7853981633974483	2.0	R	0.17297400534152985	8.526924133300781	1.1065173149108887	3.6148476600646973	6.463024139404297	4.510359764099121	-1.5276521444320679	-3.898448944091797
420.358	0.7810000000000059	trials	[420.45916666666665, NaN, NaN, NaN]	[1.0, NaN, NaN, NaN]	4	1.0	0.7853981633974483	2.0	A	3.961714029312134	-2.587878942489624	3.8542439937591553	2.410965919494629	6.440389633178711	8.315875053405762	4.4300537109375	3.7378244400024414
422.142	3.1159999999999854	trials	[422.2436, 423.26213333333334, 424.03706666666665, 424.6836666666667]	[1.0, 1.0, 1.0, 1.0]	4	4.0	0.7853981633974483	2.0	R	0.756600558757782	7.16802453994751	-3.5085580348968506	4.5587286949157715	-8.40599250793457	5.5662689208984375	-3.5783040523529053	4.264952182769775
426.262	3.355000000000018	trials	[426.36283333333336, 427.07056666666665, 428.2054, 429.0114]	[1.0, 1.0, 1.0, 1.0]	4	4.0	0.7853981633974483	2.0	R	-1.5963245630264282	-0.32544630765914917	5.768255710601807	8.756425857543945	2.927328586578369	4.641922473907471	-1.4287219047546387	7.0964741706848145
430.62	3.20799999999997	trials	[430.72163333333333, 431.5396666666667, 432.2925333333333, 433.14163333333335]	[1.0, 1.0, 1.0, 1.0]	4	4.0	0.7853981633974483	2.0	R	-5.044661521911621	-3.5874881744384766	1.265453577041626	-2.225419282913208	-3.7233898639678955	-1.8915895223617554	8.773340225219727	-2.107154130935669
434.832	3.408999999999992	trials	[434.9331, 436.2744333333333, 436.9461, 437.64383333333336]	[1.0, 1.0, 1.0, 1.0]	4	4.0	0.7853981633974483	2.0	R	8.39606761932373	8.572089195251465	7.4562554359436035	3.661208391189575	8.4442720413208	8.56261920928955	5.90225076675415	4.257026195526123
439.245	8.588999999999999	trials	[439.3460666666667, 445.8472, 446.6361333333333, 447.2717333333333]	[1.0, 1.0, 1.0, 1.0]	4	4.0	0.7853981633974483	2.0	R	1.4014782905578613	6.434879302978516	8.057122230529785	-2.327631711959839	6.784814357757568	2.5077826976776123	2.588102340698242	-0.21023251116275787
448.838	3.1549999999999727	trials	[448.9388666666667, 449.81303333333335, 450.5779333333333, 451.3699]	[1.0, 1.0, 1.0, 1.0]	4	4.0	0.7853981633974483	2.0	R	0.0	0.0	0.0	0.0	0.0	0.0	0.0	0.0
452.997	2.6889999999999645	trials	[NaN, NaN, NaN, NaN]	[NaN, NaN, NaN, NaN]	4				R	5.390689373016357	-2.9706614017486572	3.0802955627441406	1.4635331630706787	-1.9176498651504517	1.606856107711792	-8.44831657409668	-5.512184143066406
456.689	2.790999999999997	trials	[456.79036666666667, 457.68056666666666, 458.39433333333335, 459.0158666666667]	[1.0, 1.0, 1.0, 1.0]	4	4.0	0.7853981633974483	2.0	R	-5.920676231384277	-1.1981329917907715	-4.124738693237305	-5.864459991455078	-4.706207275390625	-0.8983855843544006	-7.532908916473389	-5.022674560546875
460.484	3.0459999999999923	trials	[460.58476666666667, 461.54316666666665, 462.3732, 462.99676666666664]	[1.0, 1.0, 1.0, 1.0]	4	4.0	0.7853981633974483	2.0	R	-2.31097412109375	8.950061798095703	-5.539570331573486	-2.3668296337127686	-1.9760785102844238	-6.380603313446045	-3.344122886657715	-1.5713980197906494
464.534	2.766999999999996	trials	[464.63483333333335, 465.3937, 466.2709, 466.8373]	[1.0, 1.0, 1.0, 1.0]	4	4.0	0.7853981633974483	2.0	R	3.237806558609009	0.2416018545627594	-7.1446990966796875	-0.5159575939178467	-4.485328197479248	-4.75007438659668	1.588425636291504	-2.185482978820801
468.305	2.8870000000000005	trials	[468.4062, 469.3174333333333, 469.9811, 470.6698]	[1.0, 1.0, 1.0, 1.0]	4	4.0	0.7853981633974483	2.0	R	2.085435152053833	2.7897539138793945	7.550317764282227	-0.07582461088895798	5.342029571533203	4.974966049194336	2.3351335525512695	-0.013113916851580143
472.196	2.7409999999999854	trials	[472.2968333333333, 473.1539666666667, 473.8858, 474.46523333333334]	[1.0, 1.0, 1.0, 1.0]	4	4.0	0.7853981633974483	2.0	R	1.1935700178146362	4.854825496673584	-1.4580399990081787	-2.180938959121704	-6.435467720031738	-2.655503988265991	-3.565253973007202	-6.749630451202393
475.941	2.8070000000000164	trials	[476.0421333333333, 476.7388666666667, 477.3945, 478.1804666666667]	[1.0, 1.0, 1.0, 1.0]	4	4.0	0.7853981633974483	2.0	R	0.8531215190887451	-4.4091267585754395	5.821557521820068	-4.970056056976318	-4.3558759689331055	-4.776288032531738	2.5253264904022217	-2.321532726287842
479.751	3.0570000000000164	trials	[479.8526, 480.75083333333333, 481.5368, 482.21246666666667]	[1.0, 1.0, 1.0, 1.0]	4	4.0	0.7853981633974483	2.0	R	3.590993642807007	3.300049066543579	8.580942153930664	2.9831690788269043	3.769895315170288	4.344722270965576	-6.3265886306762695	1.7865480184555054
483.811	2.660000000000025	trials	[483.91266666666667, 484.6936, 485.47456666666665, 486.00086666666664]	[1.0, 1.0, 1.0, 1.0]	4	4.0	0.7853981633974483	2.0	R	-8.501246452331543	-2.7157692909240723	-8.10792064666748	-7.70027494430542	-3.1435365676879883	-7.104547023773193	0.19681991636753082	-3.384060859680176
487.475	2.828999999999951	trials	[487.57576666666665, 488.54716666666667, 489.1978, 489.82233333333335]	[1.0, 1.0, 1.0, 1.0]	4	4.0	0.7853981633974483	2.0	R	4.50853157043457	-5.915689468383789	7.256505966186523	-1.7385330200195312	3.263679265975952	-4.748073577880859	0.4769955277442932	-8.941305160522461
491.307	2.733000000000004	trials	[491.4083, 491.92856666666665, 492.8548666666667, 493.57966666666664]	[1.0, 1.0, 1.0, 1.0]	4	4.0	0.7853981633974483	2.0	R	1.005728006362915	-3.96933913230896	-2.7584283351898193	7.916854381561279	-3.3264000415802	2.949218511581421	-1.273748755455017	-2.9116806983947754
495.043	3.233000000000004	trials	[495.14456666666666, 496.0879, 496.79566666666665, 497.64976666666666]	[1.0, 1.0, 1.0, 1.0]	4	4.0	0.7853981633974483	2.0	R	-2.4198122024536133	1.9552011489868164	2.488908052444458	-4.17936372756958	-6.0686774253845215	-0.47082915902137756	0.01819150522351265	-0.8806537389755249
499.28	2.6550000000000296	trials	[499.38106666666664, 500.0758, 500.7555, 501.3910666666667]	[1.0, 1.0, 1.0, 1.0]	4	4.0	0.7853981633974483	2.0	R	0.39211413264274597	-6.206283092498779	4.219693660736084	-2.9891984462738037	3.271935224533081	1.9201552867889404	2.652348279953003	-8.736955642700195
502.939	3.0430000000000064	trials	[503.04016666666666, 503.8842666666667, 504.71633333333335, 505.4130333333333]	[1.0, 1.0, 1.0, 1.0]	4	4.0	0.7853981633974483	2.0	R	6.877685070037842	-6.063656806945801	8.173583984375	-1.2345116138458252	4.492821216583252	2.1495659351348877	-0.5953981280326843	7.224249839782715
506.986	2.9569999999999936	trials	[507.0872, 507.95436666666666, 508.6511, 509.3438]	[1.0, 1.0, 1.0, 1.0]	4	4.0	0.7853981633974483	2.0	R	7.666925430297852	5.328709602355957	3.155254364013672	3.1735239028930664	4.263124465942383	8.04924201965332	6.201646327972412	-2.929723024368286
510.947	6.371999999999957	trials	[511.0480333333333, 515.3597333333333, 516.0645, 516.7582]	[1.0, 1.0, 1.0, 1.0]	4	4.0	0.7853981633974483	2.0	R	4.422770023345947	1.7431347370147705	5.430346488952637	6.640561580657959	0.43049898743629456	6.679598808288574	2.9170584678649902	2.3417396545410156
518.322	3.0950000000000273	trials	[518.4233333333333, 518.9797333333333, 519.6534, 520.8193]	[1.0, 1.0, 1.0, 1.0]	4	4.0	0.7853981633974483	2.0	R	-0.9958203434944153	-0.7710369229316711	-0.8338104486465454	-5.768411636352539	4.466400623321533	7.923583030700684	1.4208693504333496	3.958139657974243
522.42	3.2000000000000455	trials	[522.5215, 523.3435666666667, 524.1666, 525.0688333333334]	[1.0, 1.0, 1.0, 1.0]	4	4.0	0.7853981633974483	2.0	R	-2.9128599166870117	1.4643895626068115	5.74291467666626	-6.031216144561768	8.087996482849121	6.3661322593688965	3.25653076171875	5.078911781311035
526.624	2.8600000000000136	trials	[526.7249666666667, 527.4948666666667, 528.1996, 528.9464666666667]	[1.0, 1.0, 1.0, 1.0]	4	4.0	0.7853981633974483	2.0	R	-1.1213575601577759	7.494298458099365	-8.960247039794922	1.817093849182129	-8.597341537475586	-3.1697187423706055	-3.8210442066192627	-4.648564338684082
530.487	18.03800000000001	trials	[530.5885333333333, 546.6724666666667, 547.2649333333334, 547.9135333333334]	[1.0, 1.0, 1.0, 1.0]	4	4.0	0.7853981633974483	2.0	A	4.448569297790527	-3.82273530960083	8.258978843688965	2.798309087753296	0.9246799945831299	-1.507462978363037	7.813469886779785	0.06761113554239273
549.529	2.604000000000042	trials	[549.6298, 550.3506, 551.0192666666667, 551.6508333333334]	[1.0, 1.0, 1.0, 1.0]	4	4.0	0.7853981633974483	2.0	R	0.0	0.0	0.0	0.0	0.0	0.0	0.0	0.0
553.137	3.6690000000000964	trials	[NaN, NaN, NaN, NaN]	[NaN, NaN, NaN, NaN]	4				R	-4.638039588928223	-5.106556415557861	3.8598859310150146	-6.467868328094482	-4.937458038330078	5.65768575668335	-7.780252933502197	1.5444730520248413
557.809	3.533999999999992	trials	[557.9103666666666, 559.2497, 560.1629666666666, 560.8536666666666]	[1.0, 1.0, 1.0, 1.0]	4	4.0	0.7853981633974483	2.0	R	-5.591132164001465	-2.9508299827575684	5.146742820739746	-8.48460865020752	4.590228080749512	-3.5156755447387695	5.630985260009766	1.3748074769973755
562.346	3.336999999999989	trials	[562.4476333333333, 563.5433333333333, 564.21, 564.9538333333334]	[1.0, 1.0, 1.0, 1.0]	4	4.0	0.7853981633974483	2.0	R	0.0	0.0	0.0	0.0	0.0	0.0	0.0	0.0
566.686	2.8099999999999454	trials	[NaN, NaN, NaN, NaN]	[NaN, NaN, NaN, NaN]	4				R	1.9254709482192993	-5.057806968688965	-3.3920505046844482	-6.4340314865112305	1.2166203260421753	-4.494920253753662	5.153979778289795	-7.600127220153809
570.5	3.23599999999999	trials	[570.6008666666667, 571.4459666666667, 572.2770333333333, 573.0519333333333]	[1.0, 1.0, 1.0, 1.0]	4	4.0	0.7853981633974483	2.0	R	0.0	0.0	0.0	0.0	0.0	0.0	0.0	0.0
574.739	2.67999999999995	trials	[NaN, NaN, NaN, NaN]	[NaN, NaN, NaN, NaN]	4				R	-0.1513601690530777	2.779025077819824	2.928511381149292	-1.1598060131072998	5.841385364532471	-5.223691463470459	8.511635780334473	-0.9964272975921631
578.422	3.0119999999999436	trials	[578.5235333333334, 579.4468333333333, 580.1946666666666, 580.8533]	[1.0, 1.0, 1.0, 1.0]	4	4.0	0.7853981633974483	2.0	R	6.644722938537598	3.6419599056243896	1.7278653383255005	4.549985885620117	-2.58903431892395	2.0272138118743896	1.7028439044952393	-0.5378949046134949
582.437	3.1609999999999445	trials	[582.5385, 583.6532666666667, 584.2688, 584.9655333333334]	[1.0, 1.0, 1.0, 1.0]	4	4.0	0.7853981633974483	2.0	R	-1.1190351247787476	7.8571696281433105	-2.0384514331817627	2.5956523418426514	-2.53083872795105	-5.221062660217285	4.074966907501221	-7.940382957458496
586.602	2.9680000000000746	trials	[586.7028333333334, 587.5539333333334, 588.4361333333334, 589.0195666666667]	[1.0, 1.0, 1.0, 1.0]	4	4.0	0.7853981633974483	2.0	R	5.084918975830078	-3.043445587158203	0.879825234413147	2.8103930950164795	-3.802841901779175	0.8772829174995422	1.1017440557479858	-0.09484726935625076
590.573	2.8530000000000655	trials	[590.6747, 591.6200333333334, 592.2305666666666, 592.9222666666667]	[1.0, 1.0, 1.0, 1.0]	4	4.0	0.7853981633974483	2.0	R	-3.662487030029297	4.407990455627441	-7.48005485534668	1.179031252861023	-1.8604121208190918	4.824157238006592	-4.875926971435547	0.3502334952354431
594.429	2.8519999999999754	trials	[594.5302666666666, 595.3523, 596.1081666666666, 596.7307333333333]	[1.0, 1.0, 1.0, 1.0]	4	4.0	0.7853981633974483	2.0	R	-4.9908318519592285	-8.485941886901855	-2.2058072090148926	-4.333395481109619	2.5887699127197266	-5.751855850219727	7.588144302368164	-5.672757148742676
598.285	3.2350000000000136	trials	[598.3858333333334, 599.1728, 600.0940666666667, 600.7587333333333]	[1.0, 1.0, 1.0, 1.0]	4	4.0	0.7853981633974483	2.0	R	3.9194157123565674	-2.2756364345550537	1.6590328216552734	8.020883560180664	-3.254697561264038	8.945682525634766	4.20543909072876	-0.23752422630786896
602.523	2.5219999999999345	trials	[602.6243666666667, 603.1035333333333, 603.8333666666666, 604.5160666666667]	[1.0, 1.0, 1.0, 1.0]	4	4.0	0.7853981633974483	2.0	R	-0.7419019937515259	0.48622652888298035	-2.4416356086730957	5.624973297119141	0.41769033670425415	1.5232352018356323	-3.233151435852051	4.939571380615234
606.049	2.9220000000000255	trials	[606.1501, 607.0333, 607.723, 608.4047]	[1.0, 1.0, 1.0, 1.0]	4	4.0	0.7853981633974483	2.0	R	-7.92755126953125	6.660795211791992	-3.043785572052002	5.588958740234375	-8.035184860229492	5.882102966308594	-3.249129295349121	1.5373774766921997
609.975	3.004000000000019	trials	[610.0758666666667, 610.94, 611.741, 612.4106333333333]	[1.0, 1.0, 1.0, 1.0]	4	4.0	0.7853981633974483	2.0	R	-7.932398319244385	-0.21390476822853088	-1.7209362983703613	-1.0498838424682617	-1.7138025760650635	3.950111150741577	-6.707944869995117	3.708150863647461
613.983	2.7000000000000455	trials	[614.0838, 614.7354333333334, 615.5354, 616.1860333333333]	[1.0, 1.0, 1.0, 1.0]	4	4.0	0.7853981633974483	2.0	R	-3.3093249797821045	0.04081069305539131	-4.144407272338867	-4.888959884643555	0.8182364702224731	-4.278906345367432	5.783803462982178	-3.6931190490722656
617.687	3.1649999999999636	trials	[617.788, 618.8546333333334, 619.5533666666666, 620.2621333333333]	[1.0, 1.0, 1.0, 1.0]	4	4.0	0.7853981633974483	2.0	R	7.786466121673584	5.673226356506348	2.7924821376800537	5.918432712554932	-2.429990530014038	8.83435344696045	0.14425548911094666	4.54794979095459
621.855	3.2870000000000346	trials	[621.9563333333333, 623.0330333333334, 623.8490333333333, 624.5437666666667]	[1.0, 1.0, 1.0, 1.0]	4	4.0	0.7853981633974483	2.0	R	3.9301249980926514	7.814016819000244	-1.0520961284637451	8.235291481018066	-4.417036533355713	4.53702449798584	-1.1215413808822632	0.77674400806427
626.146	3.115000000000009	trials	[626.247, 627.2575, 627.9712666666667, 628.5888]	[1.0, 1.0, 1.0, 1.0]	4	4.0	0.7853981633974483	2.0	R	-2.5068702697753906	5.58099889755249	2.7043871879577637	-0.926530122756958	7.539037227630615	0.3486793339252472	-0.7184494733810425	-5.7008490562438965
630.265	2.94500000000005	trials	[630.3662333333333, 631.3747333333333, 632.0243333333333, 632.6889666666667]	[1.0, 1.0, 1.0, 1.0]	4	4.0	0.7853981633974483	2.0	R	0.0	0.0	0.0	0.0	0.0	0.0	0.0	0.0
634.214	3.384999999999991	trials	[NaN, NaN, NaN, NaN]	[NaN, NaN, NaN, NaN]	4				R	2.8404481410980225	5.486958026885986	-2.141232967376709	5.914571762084961	-6.466158390045166	3.4055840969085693	2.1621010303497314	-6.166403293609619
638.603	3.171000000000049	trials	[638.7039, 639.5740666666667, 640.3409666666666, 641.0196666666667]	[1.0, 1.0, 1.0, 1.0]	4	4.0	0.7853981633974483	2.0	R	-5.441546440124512	-7.367580890655518	-4.996482849121094	0.6280356049537659	-4.234399318695068	5.963484287261963	-4.684526443481445	0.9837870001792908
642.777	2.8869999999999436	trials	[642.8782666666667, 643.5880333333333, 644.3940333333334, 644.9835]	[1.0, 1.0, 1.0, 1.0]	4	4.0	0.7853981633974483	2.0	R	-1.3966832160949707	-2.7831859588623047	5.30658483505249	-7.979659080505371	8.948030471801758	-4.553309440612793	5.053281784057617	-1.4178775548934937
646.668	2.604000000000042	trials	[646.7689333333333, 647.9117666666667, 648.5604, NaN]	[1.0, 1.0, 1.0, NaN]	4	3.0	0.7853981633974483	2.0	A	0.5074500441551208	0.664288341999054	2.268350124359131	-4.015373229980469	8.502654075622559	4.573992729187012	5.862231254577637	8.819952011108398
650.276	3.524000000000001	trials	[650.3769, 651.3683666666667, 652.2856333333333, 652.9242]	[1.0, 1.0, 1.0, 1.0]	4	4.0	0.7853981633974483	2.0	R	3.572812080383301	3.739331007003784	-0.6650686264038086	6.392699718475342	-6.175077438354492	1.9675204753875732	7.1395463943481445	1.711997151374817
654.804	12.691000000000031	trials	[654.9051333333333, 665.6367666666666, 666.3545666666666, 666.9249666666667]	[1.0, 1.0, 1.0, 1.0]	4	4.0	0.7853981633974483	2.0	R	4.651961326599121	6.0492682456970215	7.489382266998291	-4.280920505523682	8.52578353881836	0.6104877591133118	5.027685165405273	4.183064937591553
668.499	1.0439999999999827	trials	[668.6001333333334, NaN, NaN, NaN]	[1.0, NaN, NaN, NaN]	4	1.0	0.7853981633974483	2.0	A	8.04155445098877	8.172625541687012	5.7788615226745605	3.7139008045196533	1.341953158378601	6.019078731536865	8.085046768188477	4.04642391204834
670.547	3.0079999999999245	trials	[670.6482, 671.6176, 672.3594666666667, 673.0471666666666]	[1.0, 1.0, 1.0, 1.0]	4	4.0	0.7853981633974483	2.0	R	0.0	0.0	3.669281244277954	-4.830975532531738	0.9509687423706055	-0.6344558596611023	6.496764183044434	0.989103376865387
674.559	2.771000000000072	trials	[674.6601666666667, 675.4060333333333, 676.1799333333333, 676.8205333333333]	[1.0, 1.0, 1.0, 1.0]	4	4.0	0.7853981633974483	2.0	R	2.3639771938323975	3.803365707397461	8.704401016235352	-3.877256393432617	4.5197930335998535	-1.1406420469284058	3.9950668811798096	3.8317480087280273
678.333	3.215000000000032	trials	[678.4345333333333, 679.3247333333334, 680.0425333333334, 680.9086666666667]	[1.0, 1.0, 1.0, 1.0]	4	4.0	0.7853981633974483	2.0	R	-2.9474611282348633	7.302404880523682	-6.233431816101074	3.5337979793548584	-4.344994068145752	-1.0958675146102905	-3.6671628952026367	6.423757076263428
682.552	2.8170000000000073	trials	[682.653, 683.3878333333333, 684.0956, 684.8093666666666]	[1.0, 1.0, 1.0, 1.0]	4	4.0	0.7853981633974483	2.0	R	-5.614329814910889	-2.7686197757720947	-0.7340394854545593	-1.6810681819915771	-7.326800346374512	-7.235466003417969	-2.3288118839263916	-7.093657493591309
686.372	2.872000000000071	trials	[686.4735, 687.3246, 688.1386333333334, 688.7050333333333]	[1.0, 1.0, 1.0, 1.0]	4	4.0	0.7853981633974483	2.0	R	2.401185989379883	-8.714496612548828	-1.6405328512191772	-1.920455813407898	-4.636773586273193	-5.923272609710693	-6.982409477233887	-0.33653339743614197
690.248	0.10099999999999909	trials	[NaN, NaN, NaN, NaN]	[NaN, NaN, NaN, NaN]	4	0.0		2.0	R	1.869468331336975	5.396636009216309	-5.908796787261963	7.748044490814209	4.352928638458252	6.983851432800293	5.6938605308532715	-1.3597453832626343
695.43	15.663000000000011	trials	[695.5309666666667, 709.1488, 709.8685666666667, 710.5312]	[1.0, 1.0, 1.0, 1.0]	4	4.0	0.7853981633974483	2.0	R	8.418407440185547	2.8327293395996094	6.429350852966309	7.420065402984619	4.409389019012451	2.8462538719177246	0.28582563996315	5.674013614654541
712.096	2.6920000000000073	trials	[712.1973666666667, 712.9341666666667, 713.5767666666667, 714.2665]	[1.0, 1.0, 1.0, 1.0]	4	4.0	0.7853981633974483	2.0	R	-3.2507550716400146	2.139526844024658	-7.154538154602051	5.263703346252441	-8.223404884338379	0.37928685545921326	-4.335010051727295	-2.764021635055542
715.791	3.197999999999979	trials	[715.8925333333333, 716.7747, 717.4323333333333, 718.1421]	[1.0, 1.0, 1.0, 1.0]	4	4.0	0.7853981633974483	2.0	R	-0.45961815118789673	-5.923347473144531	4.924304962158203	0.5421687364578247	-4.527581691741943	-4.587490558624268	1.4082651138305664	4.514367580413818
719.993	2.9549999999999272	trials	[720.0939666666667, 720.914, 721.7781333333334, 722.4016666666666]	[1.0, 1.0, 1.0, 1.0]	4	4.0	0.7853981633974483	2.0	R	-3.5901663303375244	4.389132022857666	1.0194519758224487	1.5716021060943604	3.6230595111846924	-2.697031021118164	-1.0718615055084229	-7.186648368835449
723.952	3.144999999999982	trials	[724.0527666666667, 725.0633, 725.7419666666667, 726.3835666666666]	[1.0, 1.0, 1.0, 1.0]	4	4.0	0.7853981633974483	2.0	R	3.896362066268921	-7.749458312988281	8.806865692138672	-6.807674884796143	4.538803577423096	-4.203130722045898	-3.9979331493377686	0.32647815346717834
728.101	2.7690000000000055	trials	[728.2020666666666, 728.9228666666667, 729.6557, 730.3734666666667]	[1.0, 1.0, 1.0, 1.0]	4	4.0	0.7853981633974483	2.0	R	3.389934539794922	4.403961658477783	-1.567738652229309	5.053174018859863	3.511944532394409	-0.6231396794319153	8.336729049682617	0.6889040470123291
731.873	2.86099999999999	trials	[731.9744333333333, 732.8616333333333, 733.5754333333333, 734.1929666666666]	[1.0, 1.0, 1.0, 1.0]	4	4.0	0.7853981633974483	2.0	R	5.96464729309082	5.090407371520996	2.4686484336853027	1.515775442123413	2.518043279647827	6.515531539916992	-2.005460262298584	4.3852925300598145
735.738	2.852999999999952	trials	[735.8390333333333, 736.7172333333333, 737.3989, 738.0926333333333]	[1.0, 1.0, 1.0, 1.0]	4	4.0	0.7853981633974483	2.0	R	7.587883949279785	2.99499773979187	5.363823890686035	7.473117351531982	2.8956964015960693	3.1247446537017822	-0.7706907987594604	6.524392127990723
739.594	3.3700000000000045	trials	[739.6956, 740.6329333333333, 741.2885666666666, 742.1146]	[1.0, 1.0, 1.0, 1.0]	4	4.0	0.7853981633974483	2.0	R	-2.2519307136535645	-3.637007474899292	-6.365557670593262	-6.573474884033203	6.673334121704102	-3.5479695796966553	-1.5352261066436768	5.590251445770264
743.967	3.2240000000000464	trials	[744.0684666666667, 744.8063, 746.0082666666667, 746.6448666666666]	[1.0, 1.0, 1.0, 1.0]	4	4.0	0.7853981633974483	2.0	R	0.0	0.0	0.0	0.0	0.0	0.0	0.0	0.0
748.195	3.1089999999999236	trials	[NaN, NaN, NaN, NaN]	[NaN, NaN, NaN, NaN]	4				R	0.0	0.0	0.0	0.0	0.0	0.0	0.0	0.0
752.308	3.6800000000000637	trials	[NaN, NaN, NaN, NaN]	[NaN, NaN, NaN, NaN]	4				R	1.2366046905517578	-5.162734508514404	5.15019416809082	7.84505558013916	0.8558440208435059	5.284087657928467	-0.36795011162757874	0.43616777658462524
756.992	1.3680000000000518	trials	[757.0928, 757.8135666666667, NaN, NaN]	[1.0, 1.0, NaN, NaN]	4	2.0	0.7853981633974483	2.0	A	0.0	0.0	0.0	0.0	0.0	0.0	0.0	0.0
759.363	2.7819999999999254	trials	[NaN, NaN, NaN, NaN]	[NaN, NaN, NaN, NaN]	4				R	-3.999441385269165	-3.0270063877105713	-0.6592952609062195	-6.969113826751709	4.334846496582031	-6.727147579193115	4.291359901428223	-1.7273365259170532
763.149	2.6200000000000045	trials	[763.2500666666666, 763.6611, 764.4109666666667, 765.1889]	[1.0, 1.0, 1.0, 1.0]	4	4.0	0.7853981633974483	2.0	R	0.04432089626789093	0.9113484025001526	-3.7518093585968018	7.422615051269531	-8.570012092590332	6.086604118347168	-5.907987594604492	1.8541550636291504
766.773	2.744000000000028	trials	[766.8740666666666, 767.6199333333333, 768.3918333333334, 768.9983333333333]	[1.0, 1.0, 1.0, 1.0]	4	4.0	0.7853981633974483	2.0	R	-6.417290687561035	-3.1198384761810303	-3.3790199756622314	0.8511705994606018	1.31289541721344	2.5791549682617188	-3.1984987258911133	0.4233901798725128
770.52	2.8700000000000045	trials	[770.6213666666666, 771.4143333333334, 772.084, 772.8198333333333]	[1.0, 1.0, 1.0, 1.0]	4	4.0	0.7853981633974483	2.0	R	0.0	0.0	0.0	0.0	0.0	0.0	0.0	0.0
774.394	8.446000000000026	trials	[NaN, NaN, NaN, NaN]	[NaN, NaN, NaN, NaN]	4				R	5.606527328491211	-7.685044288635254	6.483534336090088	-2.5747299194335938	1.421682357788086	2.560076951980591	-6.492552280426025	4.730823040008545
783.843	0.9260000000000446	trials	[783.9444333333333, 784.1469666666667, NaN, NaN]	[1.0, 1.0, NaN, NaN]	4	2.0	0.7853981633974483	2.0	A	-2.3121116161346436	1.987847089767456	6.160735607147217	-1.9894617795944214	-2.8533341884613037	-3.4489309787750244	-1.604478120803833	-8.29045581817627
785.772	3.3929999999999154	trials	[785.8732333333334, 786.7784666666666, 787.5935, 788.4366]	[1.0, 1.0, 1.0, 1.0]	4	4.0	0.7853981633974483	2.0	R	0.0	0.0	0.0	0.0	0.0	0.0	0.0	0.0
790.169	3.1829999999999927	trials	[NaN, NaN, NaN, NaN]	[NaN, NaN, NaN, NaN]	4				R	-5.240651607513428	1.1070612668991089	5.300498008728027	-1.6485204696655273	-1.7894163131713867	-5.854629993438721	3.185783863067627	-6.352005958557129
794.355	2.6709999999999354	trials	[794.4565333333334, 795.5342, 796.3512333333333, NaN]	[1.0, 1.0, 1.0, NaN]	4	3.0	0.7853981633974483	2.0	A	3.9756054878234863	6.860296726226807	-0.5803876519203186	8.920133590698242	-0.29469841718673706	-0.8725260496139526	4.1893486976623535	-3.530423164367676
798.029	5.883000000000038	trials	[798.1306666666667, 801.5942666666666, 802.4945, 803.3626333333333]	[1.0, 1.0, 1.0, 1.0]	4	4.0	0.7853981633974483	2.0	R	2.990994691848755	-4.6413750648498535	-1.2755217552185059	-2.0343000888824463	0.9401844143867493	8.61471939086914	-3.8837404251098633	7.2995195388793945
804.915	2.629000000000019	trials	[805.0167666666666, 805.7205, 806.4543333333334, 807.0498]	[1.0, 1.0, 1.0, 1.0]	4	4.0	0.7853981633974483	2.0	R	-5.287920951843262	-0.52001953125	-0.4074365496635437	-1.6066992282867432	-5.269198417663574	-0.43910613656044006	-7.457963943481445	-4.934582233428955
808.548	2.9969999999999573	trials	[808.6487666666667, 809.6412333333334, 810.2367, 810.9595]	[1.0, 1.0, 1.0, 1.0]	4	4.0	0.7853981633974483	2.0	R	-6.005160331726074	0.6236602067947388	-3.260404109954834	-3.5556116104125977	5.404916286468506	-3.8613877296447754	0.46044811606407166	-4.604511260986328
812.548	3.3500000000000227	trials	[812.6497, 813.4136, 814.2506666666667, 815.0516666666666]	[1.0, 1.0, 1.0, 1.0]	4	4.0	0.7853981633974483	2.0	R	-4.5153727531433105	0.8339702486991882	-3.9934136867523193	-4.138710975646973	-7.894323825836182	-7.266473293304443	2.1513285636901855	1.44204580783844
816.901	3.2120000000001028	trials	[817.0025, 817.8847, 818.6877, 819.5829]	[1.0, 1.0, 1.0, 1.0]	4	4.0	0.7853981633974483	2.0	R	7.112308025360107	0.8186011910438538	5.415934085845947	5.522037982940674	-4.157280445098877	2.415071725845337	-8.035436630249023	5.5710039138793945
821.117	2.1650000000000773	trials	[821.2179666666667, 821.7984, 822.5061666666667, NaN]	[1.0, 1.0, 1.0, NaN]	4	3.0	0.7853981633974483	2.0	A	-4.776573181152344	1.778931975364685	-5.753579139709473	-6.654120922088623	5.287476062774658	-5.694268226623535	0.7741236090660095	-3.542606830596924
824.286	2.9560000000000173	trials	[824.3868333333334, 825.3963333333334, 825.9938333333333, 826.6254]	[1.0, 1.0, 1.0, 1.0]	4	4.0	0.7853981633974483	2.0	R	1.984464406967163	-1.9405885934829712	3.24387526512146	-6.7793779373168945	8.22715950012207	-6.370874881744385	3.307157516479492	-5.480044841766357
828.245	3.4589999999999463	trials	[828.3466666666667, 829.2078, 830.1471333333334, 831.1546333333333]	[1.0, 1.0, 1.0, 1.0]	4	4.0	0.7853981633974483	2.0	R	8.003605842590332	-3.7644176483154297	6.253403663635254	0.9192554354667664	2.4976611137390137	4.219921588897705	7.718167781829834	-2.395831823348999
832.708	13.091999999999985	trials	[832.8087333333333, 843.793, 844.4847333333333, 845.2546333333333]	[1.0, 1.0, 1.0, 1.0]	4	4.0	0.7853981633974483	2.0	R	6.961891174316406	2.5466418266296387	3.832760810852051	6.446455001831055	-5.2456440925598145	7.396522521972656	-0.8369805216789246	3.393810749053955
846.803	2.880999999999972	trials	[846.9047333333333, 847.6907, 848.4004333333334, 849.2315]	[1.0, 1.0, 1.0, 1.0]	4	4.0	0.7853981633974483	2.0	R	0.0	0.0	0.0	0.0	0.0	0.0	0.0	0.0
850.687	3.506999999999948	trials	[NaN, NaN, NaN, NaN]	[NaN, NaN, NaN, NaN]	4				R	-6.240319728851318	0.8764146566390991	-0.06115175411105156	5.4439263343811035	-4.791192531585693	3.8232126235961914	5.0541839599609375	-4.771401882171631
855.197	2.830000000000041	trials	[855.2985666666667, 856.2228666666666, 856.9657, 857.5481666666667]	[1.0, 1.0, 1.0, 1.0]	4	4.0	0.7853981633974483	2.0	R	0.0	0.0	0.0	0.0	0.0	0.0	0.0	0.0
859.031	3.1000000000000227	trials	[NaN, NaN, NaN, NaN]	[NaN, NaN, NaN, NaN]	4				R	1.3890808820724487	4.341683864593506	-2.283463954925537	-2.0819921493530273	2.7135255336761475	-1.908510446548462	7.70425271987915	-2.212883710861206
863.134	2.495999999999981	trials	[863.2352666666667, 863.8608333333333, 864.5114333333333, 865.1089333333333]	[1.0, 1.0, 1.0, 1.0]	4	4.0	0.7853981633974483	2.0	R	-1.6209907531738281	-1.9111816883087158	0.9311738014221191	-6.2107696533203125	3.937678813934326	-2.2156565189361572	0.047311726957559586	0.9252102971076965
866.634	2.7329999999999472	trials	[866.7349666666667, 867.4427333333333, 868.2467, 868.8843]	[1.0, 1.0, 1.0, 1.0]	4	4.0	0.7853981633974483	2.0	R	-4.574607849121094	3.933373212814331	0.48685383796691895	2.6141769886016846	-3.6395294666290283	5.437819957733154	-1.0968040227890015	1.132643461227417
870.371	2.6370000000000573	trials	[870.4722333333333, 871.2672, 871.8757333333333, 872.5393666666666]	[1.0, 1.0, 1.0, 1.0]	4	4.0	0.7853981633974483	2.0	R	-6.615993499755859	-0.6132387518882751	-8.96611499786377	-5.026506423950195	-4.562878608703613	-7.395369052886963	-1.5916595458984375	-3.3739442825317383
874.011	2.7970000000000255	trials	[874.1122666666666, 874.9794333333333, 875.6711333333334, 876.3157333333334]	[1.0, 1.0, 1.0, 1.0]	4	4.0	0.7853981633974483	2.0	R	1.5469393730163574	-7.266141414642334	-4.244925022125244	-4.238221168518066	0.6057100892066956	-5.45120906829834	4.913327693939209	-7.989797592163086
877.811	2.981999999999971	trials	[877.9127, 878.7036666666667, 879.3733333333333, 880.1312]	[1.0, 1.0, 1.0, 1.0]	4	4.0	0.7853981633974483	2.0	R	-1.0652973651885986	-3.9494526386260986	-1.6613136529922485	-8.913802146911621	2.6956429481506348	-6.4608588218688965	4.900326251983643	3.8885741233825684
881.796	3.464999999999918	trials	[881.8976, 882.8068666666667, 883.7472, 884.6424]	[1.0, 1.0, 1.0, 1.0]	4	4.0	0.7853981633974483	2.0	R	-8.786478996276855	7.752473831176758	-6.726724147796631	-6.994265079498291	4.208883285522461	-2.9296514987945557	7.2885870933532715	1.0093107223510742
886.264	23.170999999999935	trials	[886.3657, 907.0239666666666, 908.2299666666667, 908.9166666666666]	[1.0, 1.0, 1.0, 1.0]	4	4.0	0.7853981633974483	2.0	R	0.0	0.0	0.0	0.0	0.0	0.0	0.0	0.0
910.438	3.45900000000006	trials	[NaN, NaN, NaN, NaN]	[NaN, NaN, NaN, NaN]	4				R	-3.075984001159668	2.1930441856384277	-8.920042991638184	5.377007007598877	-1.5216349363327026	-0.2471906840801239	-0.9929476380348206	7.471146583557129
914.901	4.447000000000003	trials	[915.0017666666666, 918.0443333333334, NaN, NaN]	[1.0, 1.0, NaN, NaN]	4	2.0	0.7853981633974483	2.0	F	0.0	0.0	0.0	0.0	0.0	0.0	0.0	0.0
920.351	13.437000000000012	trials	[NaN, NaN, NaN, NaN]	[NaN, NaN, NaN, NaN]	4				R	8.48625373840332	4.761536121368408	0.9609757661819458	-1.6813249588012695	8.099594116210938	2.446789026260376	0.939064085483551	1.4519015550613403
934.792	3.5230000000000246	trials	[934.8931333333334, 936.047, 936.7758333333334, 937.7111333333334]	[1.0, 1.0, 1.0, 1.0]	4	4.0	0.7853981633974483	2.0	R	-0.6741213798522949	6.184515476226807	6.937878131866455	3.790654182434082	-1.8798270225524902	-7.907676696777344	1.9523817300796509	-4.696107864379883
939.318	2.9529999999999745	trials	[939.4194, 940.4208666666667, 941.0855333333334, 941.688]	[1.0, 1.0, 1.0, 1.0]	4	4.0	0.7853981633974483	2.0	R	0.4276511073112488	0.06574030220508575	5.3929009437561035	0.6542094349861145	8.33089828491211	-3.74888014793396	1.9962677955627441	-6.235498428344727
943.275	3.548999999999978	trials	[943.3762, 944.4037666666667, 945.1355666666667, 945.8904333333334]	[1.0, 1.0, 1.0, 1.0]	4	4.0	0.7853981633974483	2.0	R	6.971138954162598	-6.736156463623047	-1.6517525911331177	-8.338274955749512	4.087432861328125	-7.218579292297363	-5.321576118469238	2.7867279052734375
947.827	3.2690000000000055	trials	[947.9285, 949.1505333333333, 949.9284666666666, 950.551]	[1.0, 1.0, 1.0, 1.0]	4	4.0	0.7853981633974483	2.0	R	-1.2986499071121216	7.840806484222412	4.495552062988281	0.061437301337718964	-0.37771913409233093	-1.0571465492248535	-5.368559837341309	-1.3596549034118652
952.1	3.100999999999999	trials	[952.2011, 953.0331666666667, 953.9524666666666, 954.7043333333334]	[1.0, 1.0, 1.0, 1.0]	4	4.0	0.7853981633974483	2.0	R	0.0	0.0	0.0	0.0	0.0	0.0	0.0	0.0
956.204	7.809000000000083	trials	[NaN, NaN, NaN, NaN]	[NaN, NaN, NaN, NaN]	4				R	0.6652348041534424	7.006091117858887	-2.434587001800537	3.0829410552978516	-0.6253518462181091	-1.5782463550567627	-5.085224628448486	-4.337944030761719
965.017	3.11099999999999	trials	[965.1181666666666, 965.8971, 966.8174, 967.5331666666667]	[1.0, 1.0, 1.0, 1.0]	4	4.0	0.7853981633974483	2.0	R	-8.300918579101562	-8.166691780090332	-1.3566324710845947	1.6383153200149536	-6.157945156097412	3.0338072776794434	-5.914308071136475	-3.3293256759643555
969.131	3.75	trials	[969.2324, 970.7782333333333, 971.3817333333334, 972.2388333333333]	[1.0, 1.0, 1.0, 1.0]	4	4.0	0.7853981633974483	2.0	R	0.017800163477659225	7.841966152191162	-3.4883322715759277	4.277273178100586	8.139856338500977	-0.8020264506340027	-3.4781413078308105	2.866917848587036
973.885	2.7690000000000055	trials	[973.9862, 974.6448333333333, 975.3806333333333, 976.0944333333333]	[1.0, 1.0, 1.0, 1.0]	4	4.0	0.7853981633974483	2.0	R	-3.886458396911621	-2.116382122039795	-8.635422706604004	-3.6807782649993896	-4.590954303741455	-6.6205525398254395	-1.3612099885940552	-2.8036489486694336
977.657	3.5079999999999245	trials	[977.7585666666666, 978.8873666666667, 979.5871, 980.6417]	[1.0, 1.0, 1.0, 1.0]	4	4.0	0.7853981633974483	2.0	R	7.222795486450195	7.780148506164551	2.2253551483154297	7.620176315307617	-3.1427440643310547	-0.8052495121955872	-1.2423166036605835	5.755934715270996
982.169	2.9279999999999973	trials	[982.2697333333333, 983.2592, 983.9499333333333, 984.5644333333333]	[1.0, 1.0, 1.0, 1.0]	4	4.0	0.7853981633974483	2.0	R	3.8121049404144287	6.580681324005127	0.9860697984695435	2.4559359550476074	4.164295196533203	-1.4039709568023682	-0.8095892667770386	-0.8936063051223755
986.1	3.3029999999999973	trials	[986.2015, 986.9313333333333, 987.7624, 988.5714]	[1.0, 1.0, 1.0, 1.0]	4	4.0	0.7853981633974483	2.0	R	-1.6686129570007324	-5.81926155090332	1.9076248407363892	-2.3249053955078125	-6.680168628692627	5.9966020584106445	-2.6629607677459717	3.019684076309204
990.407	2.7539999999999054	trials	[990.5082, 991.3583, 992.0199666666666, 992.6254666666666]	[1.0, 1.0, 1.0, 1.0]	4	4.0	0.7853981633974483	2.0	R	-7.2418928146362305	7.233494758605957	-5.773337364196777	2.4540233612060547	-2.942906618118286	-1.6677069664001465	-4.852474212646484	-7.9597015380859375
994.164	3.1280000000000427	trials	[994.2655333333333, 995.3652666666667, 996.0499666666667, 996.6705]	[1.0, 1.0, 1.0, 1.0]	4	4.0	0.7853981633974483	2.0	R	7.328841686248779	-1.1452991962432861	3.6817829608917236	2.2750754356384277	2.8219916820526123	7.200596809387207	5.467846870422363	-4.651741027832031
998.296	2.798999999999978	trials	[998.3967666666666, 999.2278333333334, 999.9486333333333, 1000.5782]	[1.0, 1.0, 1.0, 1.0]	4	4.0	0.7853981633974483	2.0	R	-3.73686146736145	-7.111645698547363	0.8052303194999695	-5.021334171295166	4.622805595397949	-8.250284194946289	8.788689613342285	-5.485250473022461
1002.099	2.8729999999999336	trials	[1002.2002333333334, 1002.9851666666667, 1003.7139666666667, 1004.3946666666667]	[1.0, 1.0, 1.0, 1.0]	4	4.0	0.7853981633974483	2.0	R	4.124704360961914	-3.683238983154297	1.5614089965820312	0.6097223162651062	-3.4146671295166016	0.12118826806545258	-7.090250015258789	-6.657649517059326
1005.976	2.865000000000009	trials	[1006.0768333333333, 1006.8177, 1007.6076333333333, 1008.2723]	[1.0, 1.0, 1.0, 1.0]	4	4.0	0.7853981633974483	2.0	R	-2.5351600646972656	-8.719482421875	7.716991901397705	-6.628159046173096	8.088408470153809	-1.6419731378555298	5.095253944396973	2.363151788711548
1009.844	2.3299999999999272	trials	[1009.9454333333333, 1010.6602333333333, 1011.4251333333333, NaN]	[1.0, 1.0, 1.0, NaN]	4	3.0	0.7853981633974483	2.0	A	0.09766285121440887	2.5183465480804443	-6.144412994384766	0.2507820129394531	4.141570091247559	1.9066903591156006	7.862578868865967	5.246464729309082
1013.177	7.432000000000016	trials	[1013.2787333333333, 1018.5307666666666, 1019.2395333333334, 1020.0314666666667]	[1.0, 1.0, 1.0, 1.0]	4	4.0	0.7853981633974483	2.0	R	7.211252689361572	5.8534674644470215	2.295055627822876	4.941870212554932	3.6194050312042236	0.12044941633939743	-0.4287508726119995	3.0551443099975586
1021.612	2.9769999999999754	trials	[1021.7136666666667, 1022.6159, 1023.3727666666666, 1024.0434333333333]	[1.0, 1.0, 1.0, 1.0]	4	4.0	0.7853981633974483	2.0	R	0.3404208719730377	7.995627403259277	4.10312032699585	4.70289421081543	-0.6314535140991211	3.0954701900482178	6.280997276306152	3.3571441173553467
1025.592	0.2199999999997999	trials	[1025.6935333333333, NaN, NaN, NaN]	[1.0, NaN, NaN, NaN]	4	1.0	0.7853981633974483	2.0	A	1.465404748916626	-1.0170445442199707	-8.927996635437012	0.9479703307151794	3.378183126449585	5.926374435424805	-1.405554175376892	4.471775531768799
1026.815	2.8229999999998654	trials	[1026.9165666666668, 1027.8368666666668, 1028.4945, 1029.1872]	[1.0, 1.0, 1.0, 1.0]	4	4.0	0.7853981633974483	2.0	R	6.361073017120361	4.034344673156738	2.8727970123291016	7.616512775421143	2.968686819076538	-0.4428023099899292	1.1808503866195679	4.226634502410889
1030.642	0.05199999999990723	trials	[NaN, NaN, NaN, NaN]	[NaN, NaN, NaN, NaN]	4	0.0		2.0	I	-1.1670114994049072	-0.18783533573150635	-5.839715957641602	1.5914429426193237	-8.259273529052734	-2.784142017364502	-4.991704940795898	-6.568715572357178
1034.002	2.803000000000111	trials	[1034.1034, 1035.0527666666667, 1035.6512666666667, 1036.3018666666667]	[1.0, 1.0, 1.0, 1.0]	4	4.0	0.7853981633974483	2.0	R	-0.16173848509788513	-7.861550331115723	4.754642009735107	-6.950945854187012	8.479914665222168	-3.6159281730651855	4.772369861602783	-0.26121363043785095
1037.809	2.826999999999998	trials	[1037.9098666666666, 1038.7790333333332, 1039.4256333333333, 1040.1444]	[1.0, 1.0, 1.0, 1.0]	4	4.0	0.7853981633974483	2.0	R	2.2664318084716797	4.065479278564453	3.177248954772949	8.981821060180664	7.760807991027832	2.348254442214966	8.635944366455078	7.2710723876953125
1041.639	2.866000000000213	trials	[1041.7403666666667, 1042.5744333333334, 1043.2741666666666, 1044.002]	[1.0, 1.0, 1.0, 1.0]	4	4.0	0.7853981633974483	2.0	R	3.6880433559417725	6.55116081237793	-0.8137015104293823	4.375317573547363	2.9314165115356445	-7.637262344360352	-3.622163772583008	-8.316973686218262
1045.509	3.2129999999999654	trials	[1045.6099666666667, 1046.4901666666667, 1047.4255, 1048.0470333333333]	[1.0, 1.0, 1.0, 1.0]	4	4.0	0.7853981633974483	2.0	R	8.895069122314453	-5.138646602630615	-3.328045129776001	3.5331313610076904	-4.877279758453369	8.287063598632812	2.993157386779785	7.6355299949646
1049.725	5.447000000000116	trials	[1049.8264333333334, 1053.8684666666666, NaN, NaN]	[1.0, 1.0, NaN, NaN]	4	2.0	0.7853981633974483	2.0	F	0.31429392099380493	3.4137184619903564	-1.3425880670547485	-1.3037747144699097	-2.3502838611602783	-6.20117712020874	1.409498691558838	-2.9051132202148438
1056.175	11.16800000000012	trials	[1056.2764666666667, 1066.0677666666666, 1066.7414333333334, NaN]	[1.0, 1.0, 1.0, NaN]	4	3.0	0.7853981633974483	2.0	A	0.0	0.0	0.0	0.0	0.0	0.0	0.0	0.0
1068.346	2.964999999999918	trials	[NaN, NaN, NaN, NaN]	[NaN, NaN, NaN, NaN]	4				R	0.0	0.0	0.0	0.0	0.0	0.0	0.0	0.0
1072.314	2.9939999999999145	trials	[NaN, NaN, NaN, NaN]	[NaN, NaN, NaN, NaN]	4				R	-5.302724361419678	-1.2760920524597168	-6.088685989379883	-6.213932037353516	-0.9468369483947754	6.181453704833984	-4.379220008850098	2.54569411277771
1076.311	2.7350000000001273	trials	[1076.4124333333334, 1077.1733333333334, 1077.9101666666666, 1078.5166666666667]	[1.0, 1.0, 1.0, 1.0]	4	4.0	0.7853981633974483	2.0	R	1.9596556425094604	1.0374178886413574	-0.8969895839691162	-4.4408345222473145	-3.6064236164093018	-8.643092155456543	1.1108338832855225	-6.985538959503174
1080.049	2.701999999999998	trials	[1080.1507333333334, 1081.0339, 1081.6494333333333, 1082.2218666666668]	[1.0, 1.0, 1.0, 1.0]	4	4.0	0.7853981633974483	2.0	R	5.093018054962158	-3.961930513381958	0.06313691288232803	-5.121735572814941	4.485093593597412	-7.455466270446777	2.549361228942871	-2.8453752994537354
1083.755	2.765999999999849	trials	[1083.8559, 1084.6428666666666, 1085.3676666666668, 1085.9541333333334]	[1.0, 1.0, 1.0, 1.0]	4	4.0	0.7853981633974483	2.0	R	-8.083281517028809	-0.1418328881263733	-5.31163215637207	-4.303318500518799	0.33293861150741577	-2.463994026184082	-6.415733337402344	-4.643858432769775
1087.524	2.1560000000001764	trials	[1087.6252666666667, 1088.4332666666667, 1089.1340333333333, NaN]	[1.0, 1.0, 1.0, NaN]	4	3.0	0.7853981633974483	2.0	A	0.0	0.0	0.0	0.0	0.0	0.0	0.0	0.0
1090.684	11.714999999999918	trials	[NaN, NaN, NaN, NaN]	[NaN, NaN, NaN, NaN]	4				R	-6.289378643035889	-8.63125991821289	-0.2257128655910492	1.6634900569915771	-2.77461838722229	5.965010643005371	-1.6763978004455566	1.0871104001998901
1103.402	2.436999999999898	trials	[1103.5037, 1104.5352333333333, NaN, NaN]	[1.0, 1.0, NaN, NaN]	4	2.0	0.7853981633974483	2.0	F	-5.583240032196045	-2.0332396030426025	3.4057016372680664	-7.689981460571289	-3.6255104541778564	0.7878612875938416	-5.420427322387695	-3.8788585662841797
1106.842	6.245999999999867	trials	[1106.9432333333334, 1111.1236, 1111.7812333333334, 1112.4819666666667]	[1.0, 1.0, 1.0, 1.0]	4	4.0	0.7853981633974483	2.0	R	0.0	0.0	0.0	0.0	0.0	0.0	0.0	0.0
1114.092	3.005999999999858	trials	[NaN, NaN, NaN, NaN]	[NaN, NaN, NaN, NaN]	4				R	-8.264993667602539	4.5781426429748535	-5.535090923309326	0.38915324211120605	-2.411083936691284	-3.5147652626037598	5.766740322113037	-1.0198614597320557
1118.102	3.2469999999998436	trials	[1118.2031666666667, 1119.1234666666667, 1120.1039, 1120.6923666666667]	[1.0, 1.0, 1.0, 1.0]	4	4.0	0.7853981633974483	2.0	R	-5.098240375518799	0.937694787979126	-7.770308017730713	-7.764858722686768	-3.362164258956909	-5.4051408767700195	8.017903327941895	-5.033742427825928
1122.352	3.0049999999998818	trials	[1122.4537333333333, 1123.2717666666667, 1123.9755, 1124.7243666666666]	[1.0, 1.0, 1.0, 1.0]	4	4.0	0.7853981633974483	2.0	R	6.897543907165527	-0.1608792394399643	4.374114036560059	4.155635833740234	-3.3659214973449707	7.867443084716797	3.938490867614746	-0.11284708976745605
1126.36	2.719000000000051	trials	[1126.4616666666666, 1127.3067666666666, 1127.9513666666667, 1128.6340666666667]	[1.0, 1.0, 1.0, 1.0]	4	4.0	0.7853981633974483	2.0	R	6.59627628326416	5.731703758239746	3.108293294906616	-3.7250816822052	-5.126612663269043	-3.6773691177368164	-3.5542800426483154	1.0689737796783447
1130.083	2.19399999999996	trials	[1130.1839, 1130.9698666666666, 1131.6345, NaN]	[1.0, 1.0, 1.0, NaN]	4	3.0	0.7853981633974483	2.0	A	-6.250406742095947	-5.1228179931640625	-2.6793556213378906	-8.62247371673584	5.276181697845459	-8.533308982849121	5.581145286560059	-3.5426175594329834
1133.281	3.122000000000071	trials	[1133.3818666666666, 1134.5798333333332, 1135.2304333333334, 1135.8840666666667]	[1.0, 1.0, 1.0, 1.0]	4	4.0	0.7853981633974483	2.0	R	7.947535037994385	-4.306741237640381	3.4637742042541504	-2.0940756797790527	8.438069343566895	-2.6004250049591064	3.4540014266967773	-2.999258279800415
1137.407	2.979000000000042	trials	[1137.5081, 1138.2649666666666, 1138.9386333333334, 1139.6925]	[1.0, 1.0, 1.0, 1.0]	4	4.0	0.7853981633974483	2.0	R	-4.364153861999512	-0.055149585008621216	-4.012071132659912	-7.017938137054443	2.531357765197754	2.302816390991211	-8.579307556152344	7.00506067276001
1141.39	2.55399999999986	trials	[1141.4909666666667, 1142.1275666666668, 1142.8764333333334, 1143.4588666666666]	[1.0, 1.0, 1.0, 1.0]	4	4.0	0.7853981633974483	2.0	R	-5.447913646697998	3.107064962387085	-2.067511558532715	-8.034273147583008	-2.224760055541992	-3.0367465019226074	-2.808978319168091	-8.002497673034668
1144.948	2.7129999999999654	trials	[1145.0488, 1145.9159666666667, 1146.5305, 1147.2302333333334]	[1.0, 1.0, 1.0, 1.0]	4	4.0	0.7853981633974483	2.0	R	-4.998568534851074	-0.5860344767570496	-0.5665314197540283	1.7284948825836182	-4.636898994445801	-8.091197967529297	-2.1081459522247314	-3.777799367904663
1148.665	2.588999999999942	trials	[1148.7660333333333, 1149.5048666666667, 1150.1935666666666, 1150.768]	[1.0, 1.0, 1.0, 1.0]	4	4.0	0.7853981633974483	2.0	R	-4.166519641876221	0.7788548469543457	-3.0460174083709717	-4.09397554397583	1.9533499479293823	-4.173502445220947	4.5630717277526855	0.09139516949653625
1152.258	2.7609999999999673	trials	[1152.3589666666667, 1153.177, 1153.8426333333334, 1154.4842333333333]	[1.0, 1.0, 1.0, 1.0]	4	4.0	0.7853981633974483	2.0	R	8.400979042053223	-3.1133620738983154	4.0023369789123535	-0.735978364944458	2.953983783721924	-5.624838829040527	7.223161220550537	-3.0221240520477295
1156.022	2.6950000000001637	trials	[1156.1233, 1156.8912, 1157.5498333333333, 1158.1553333333334]	[1.0, 1.0, 1.0, 1.0]	4	4.0	0.7853981633974483	2.0	R	4.750269412994385	1.731816291809082	-0.028993576765060425	0.26258379220962524	-4.9762797355651855	-0.4615437388420105	1.5293214321136475	-8.26400375366211
1159.72	2.849999999999909	trials	[1159.8215, 1160.6505333333334, 1161.4204666666667, 1162.038]	[1.0, 1.0, 1.0, 1.0]	4	4.0	0.7853981633974483	2.0	R	6.516469955444336	-7.9057416915893555	2.4325759410858154	-5.020986557006836	6.950001239776611	-2.8778882026672363	3.098141670227051	0.3100859522819519
1163.574	3.086999999999989	trials	[1163.6750666666667, 1164.6404333333332, 1165.4935666666668, 1166.1040666666668]	[1.0, 1.0, 1.0, 1.0]	4	4.0	0.7853981633974483	2.0	R	5.105536460876465	4.889427185058594	-1.7116522789001465	5.7317705154418945	-6.176422595977783	3.481031894683838	-2.2296955585479736	0.41128501296043396
1167.665	2.7650000000001	trials	[1167.7662, 1168.5361, 1169.2478666666666, 1169.8824666666667]	[1.0, 1.0, 1.0, 1.0]	4	4.0	0.7853981633974483	2.0	R	1.5939648151397705	-4.536758899688721	5.829843997955322	-1.8801960945129395	7.6100263595581055	2.7921643257141113	3.5770316123962402	5.747659683227539
1171.433	2.9529999999999745	trials	[1171.5345666666667, 1172.3024666666668, 1173.0343, 1173.8202333333334]	[1.0, 1.0, 1.0, 1.0]	4	4.0	0.7853981633974483	2.0	R	-0.5110144019126892	8.626527786254883	-2.057563066482544	3.871720552444458	8.21154499053955	3.666990280151367	4.644433498382568	7.170661926269531
1175.389	2.48700000000008	trials	[1175.4903666666667, 1176.138, 1176.7555333333332, 1177.3730666666668]	[1.0, 1.0, 1.0, 1.0]	4	4.0	0.7853981633974483	2.0	R	2.695805549621582	2.566006660461426	0.8710939884185791	7.221157550811768	-2.807955503463745	3.835216522216797	-4.691408634185791	8.466912269592285
1178.88	2.769999999999982	trials	[1178.9810333333332, 1179.8141, 1180.4076, 1181.0231]	[1.0, 1.0, 1.0, 1.0]	4	4.0	0.7853981633974483	2.0	R	0.0	0.0	0.0	0.0	0.0	0.0	0.0	0.0
1182.653	3.1009999999998854	trials	[NaN, NaN, NaN, NaN]	[NaN, NaN, NaN, NaN]	4				R	3.909745931625366	3.0888421535491943	2.618701219558716	7.91928768157959	-2.3024556636810303	8.803716659545898	-6.070538520812988	5.517144680023193
1186.757	2.741999999999962	trials	[1186.8586, 1187.6485666666667, 1188.2661, 1189.0109333333332]	[1.0, 1.0, 1.0, 1.0]	4	4.0	0.7853981633974483	2.0	R	0.0	0.0	0.0	0.0	0.0	0.0	0.0	0.0
1190.503	3.2350000000001273	trials	[NaN, NaN, NaN, NaN]	[NaN, NaN, NaN, NaN]	4				R	0.0	0.0	0.0	0.0	0.0	0.0	0.0	0.0
1194.741	5.91599999999994	trials	[NaN, NaN, NaN, NaN]	[NaN, NaN, NaN, NaN]	4				R	1.105207920074463	-4.375100612640381	-1.395598292350769	-0.04543900489807129	4.03533935546875	-6.752719879150391	2.2265164852142334	-2.0913727283477783
1201.66	3.1849999999999454	trials	[1201.7616, 1202.6036666666666, 1203.5249666666666, 1204.2347333333332]	[1.0, 1.0, 1.0, 1.0]	4	4.0	0.7853981633974483	2.0	R	6.5026750564575195	-4.682601451873779	0.7075362205505371	-4.68167781829834	8.341703414916992	-8.030718803405762	3.4220476150512695	-7.137977600097656
1205.849	2.9760000000001128	trials	[1205.95, 1206.7359333333334, 1207.4467, 1208.2998333333333]	[1.0, 1.0, 1.0, 1.0]	4	4.0	0.7853981633974483	2.0	R	8.323590278625488	-6.150616645812988	4.1480584144592285	-3.4001739025115967	-7.909052848815918	-4.515556812286377	-3.755099058151245	-7.298480987548828
1209.829	2.8460000000000036	trials	[1209.9298666666666, 1210.6406333333334, 1211.2902333333334, 1212.0260666666666]	[1.0, 1.0, 1.0, 1.0]	4	4.0	0.7853981633974483	2.0	R	1.2330535650253296	-7.642477035522461	6.879909515380859	-3.3460280895233154	5.2832350730896	1.3921817541122437	5.772760391235352	7.336274147033691
1213.678	2.758999999999787	trials	[1213.7794333333334, 1214.5523333333333, 1215.3463, 1215.9177333333334]	[1.0, 1.0, 1.0, 1.0]	4	4.0	0.7853981633974483	2.0	R	0.9065506458282471	8.485186576843262	1.5737223625183105	-2.69553279876709	7.770604133605957	-2.782637357711792	8.551434516906738	2.1560165882110596
1217.441	2.84699999999998	trials	[1217.5417666666667, 1218.2715666666666, 1218.9312, 1219.7683]	[1.0, 1.0, 1.0, 1.0]	4	4.0	0.7853981633974483	2.0	R	2.0150294303894043	-2.7322611808776855	6.845333099365234	-1.4406859874725342	-2.6310081481933594	-1.9281424283981323	1.5452388525009155	0.8212140798568726
1221.291	2.9249999999999545	trials	[1221.3923, 1222.2073333333333, 1222.9532, 1223.7050666666667]	[1.0, 1.0, 1.0, 1.0]	4	4.0	0.7853981633974483	2.0	R	0.7492024302482605	5.757440090179443	-5.07582950592041	7.809010982513428	-5.367659568786621	2.817534923553467	-1.1512773036956787	0.13013491034507751
1225.22	2.9079999999999018	trials	[1225.3210666666666, 1226.3095333333333, 1226.9671666666666, 1227.5807]	[1.0, 1.0, 1.0, 1.0]	4	4.0	0.7853981633974483	2.0	R	-5.565682888031006	2.4781174659729004	-7.336197853088379	-2.1979148387908936	-2.692898988723755	-4.052577972412109	5.083202838897705	-3.426516056060791
1229.132	3.0039999999999054	trials	[1229.2327666666667, 1230.2012, 1230.9079333333334, 1231.6578]	[1.0, 1.0, 1.0, 1.0]	4	4.0	0.7853981633974483	2.0	R	1.3522281646728516	6.680482864379883	-3.6339714527130127	6.30925178527832	-1.8066909313201904	-0.7973697781562805	-6.269189834594727	1.457869291305542
1233.139	2.734000000000151	trials	[1233.2407333333333, 1234.0156666666667, 1234.6763, 1235.4031]	[1.0, 1.0, 1.0, 1.0]	4	4.0	0.7853981633974483	2.0	R	5.193098068237305	-1.7102352380752563	5.618204593658447	3.271660566329956	-2.2815568447113037	3.1121513843536377	2.7183330059051514	3.0789620876312256
1236.877	2.865000000000009	trials	[1236.978, 1237.7108333333333, 1238.4155666666666, 1239.1123]	[1.0, 1.0, 1.0, 1.0]	4	4.0	0.7853981633974483	2.0	R	0.0	0.0	0.0	0.0	0.0	0.0	0.0	0.0
1240.745	3.8040000000000873	trials	[NaN, NaN, NaN, NaN]	[NaN, NaN, NaN, NaN]	4				R	8.542181015014648	1.0074976682662964	5.161862850189209	4.691713809967041	-1.9424490928649902	3.409863233566284	0.3278609812259674	-4.710158824920654
1245.552	3.4290000000000873	trials	[1245.6535333333334, 1246.6009, 1247.6254333333334, 1248.4645333333333]	[1.0, 1.0, 1.0, 1.0]	4	4.0	0.7853981633974483	2.0	R	-4.670884609222412	-4.5981574058532715	8.49591064453125	-6.303342342376709	5.295037746429443	5.109129428863525	0.5968473553657532	3.398280382156372
1249.984	2.605000000000018	trials	[1250.0855333333334, 1250.8765, 1251.5331333333334, 1252.1206]	[1.0, 1.0, 1.0, 1.0]	4	4.0	0.7853981633974483	2.0	R	4.157164573669434	-2.840205669403076	-0.052530545741319656	-0.14234240353107452	1.9662487506866455	4.4319915771484375	3.7596538066864014	-0.23530949652194977
1253.592	1.2210000000000036	trials	[1253.6935, 1253.7115333333334, NaN, NaN]	[1.0, 1.0, NaN, NaN]	4	2.0	0.7853981633974483	2.0	A	-1.2184041738510132	1.403136968612671	-6.600432395935059	6.865409851074219	-1.9653210639953613	4.990378379821777	-7.778815269470215	-7.595211029052734
1255.817	4.276000000000067	trials	[1255.9180333333334, NaN, NaN, NaN]	[1.0, NaN, NaN, NaN]	4	1.0	0.7853981633974483	2.0	A	5.285699367523193	7.300204277038574	1.5679587125778198	3.956792116165161	-2.1526505947113037	0.6165725588798523	3.359999895095825	0.5520956516265869
1261.097	2.5850000000000364	trials	[1261.1981333333333, 1261.8377, 1262.4522333333334, 1263.16]	[1.0, 1.0, 1.0, 1.0]	4	4.0	0.7853981633974483	2.0	R	0.0	0.0	-6.024540424346924	-2.502156972885132	2.308820962905884	-1.3976079225540161	-0.40807396173477173	2.7998294830322266
1264.686	3.0160000000000764	trials	[1264.7870333333333, 1265.6261333333334, 1266.2567, 1267.0286]	[1.0, 1.0, 1.0, 1.0]	4	4.0	0.7853981633974483	2.0	R	-6.988719940185547	5.85235071182251	-5.001621723175049	1.264165997505188	4.6903605461120605	0.9386999011039734	-3.11291766166687	-6.242196559906006
1268.706	3.268000000000029	trials	[1268.8070333333333, 1269.5508666666667, 1270.3649, 1271.2601]	[1.0, 1.0, 1.0, 1.0]	4	4.0	0.7853981633974483	2.0	R	3.573099374771118	-0.6405088305473328	7.931832313537598	5.9062042236328125	-2.8895559310913086	8.956724166870117	-0.9111990928649902	4.3647637367248535
1272.977	2.9139999999999873	trials	[1273.0786333333333, 1273.8024, 1274.5563, 1275.3332333333333]	[1.0, 1.0, 1.0, 1.0]	4	4.0	0.7853981633974483	2.0	R	-5.901120662689209	4.682068347930908	-5.378868103027344	-0.29058200120925903	-3.8147850036621094	-5.039649486541748	1.948684573173523	-2.2309086322784424
1276.894	2.685999999999922	trials	[1276.9953333333333, 1277.7853, 1278.4830333333334, 1279.0905333333333]	[1.0, 1.0, 1.0, 1.0]	4	4.0	0.7853981633974483	2.0	R	6.797113418579102	-1.0091310739517212	0.4702238440513611	-2.0149192810058594	5.195382595062256	-3.6498117446899414	3.1997923851013184	0.9346859455108643
1280.583	2.869999999999891	trials	[1280.6845, 1281.5536666666667, 1282.3095333333333, 1282.9361]	[1.0, 1.0, 1.0, 1.0]	4	4.0	0.7853981633974483	2.0	R	6.53756046295166	6.038331508636475	-0.6973448395729065	3.1158030033111572	-3.349325180053711	7.354552745819092	-7.775252819061279	3.6628925800323486
1284.457	26.192999999999984	trials	[1284.5581333333334, 1309.4509, 1310.1777, NaN]	[1.0, 1.0, 1.0, NaN]	4	3.0	0.7853981633974483	2.0	A	-7.933009147644043	-1.3346182107925415	1.6566033363342285	-2.155587673187256	5.634117126464844	0.8741621971130371	-8.798857688903809	-3.0785770416259766
1311.653	10.458000000000084	trials	[1311.7546333333332, 1320.1093666666666, 1320.9374333333333, 1321.6572]	[1.0, 1.0, 1.0, 1.0]	4	4.0	0.7853981633974483	2.0	R	5.5698676109313965	5.873749256134033	0.6142624020576477	6.5385637283325195	2.522763967514038	-0.851760745048523	-0.1737840473651886	3.3587770462036133
1323.115	2.661000000000058	trials	[1323.2160666666666, 1324.0010333333332, 1324.6626666666666, 1325.2852]	[1.0, 1.0, 1.0, 1.0]	4	4.0	0.7853981633974483	2.0	R	6.188591003417969	2.102022647857666	0.5353374481201172	1.8034377098083496	-4.46399450302124	1.8851662874221802	0.5211672186851501	1.500247836112976
1326.78	3.1720000000000255	trials	[1326.8811666666666, 1327.8425666666667, 1328.5383, 1329.1518]	[1.0, 1.0, 1.0, 1.0]	4	4.0	0.7853981633974483	2.0	R	-8.553265571594238	-8.983551025390625	-7.766299247741699	-4.045870780944824	-2.766988515853882	-4.128893852233887	5.181755542755127	-0.3457303047180176
1330.955	2.6280000000001564	trials	[1331.0565333333334, 1331.8745666666666, 1332.4720666666667, 1333.0454666666667]	[1.0, 1.0, 1.0, 1.0]	4	4.0	0.7853981633974483	2.0	R	6.316435813903809	4.523818016052246	2.636935234069824	1.1383672952651978	2.3379695415496826	-3.852686643600464	5.683045387268066	-7.568930149078369
1334.586	0.9960000000000946	trials	[1334.6875666666667, NaN, NaN, NaN]	[1.0, NaN, NaN, NaN]	4	1.0	0.7853981633974483	2.0	A	-2.540041208267212	-5.394935607910156	-6.528101444244385	3.4710278511047363	-6.067347049713135	-1.5076974630355835	-5.530140399932861	-6.47875452041626
1336.585	2.821999999999889	trials	[1336.6865, 1337.5346333333334, 1338.2433666666666, 1338.8659333333333]	[1.0, 1.0, 1.0, 1.0]	4	4.0	0.7853981633974483	2.0	R	6.5945048332214355	-7.802377700805664	5.497701168060303	-2.9241585731506348	5.200839519500732	2.067020893096924	3.089597463607788	6.599421977996826
1340.411	3.1720000000000255	trials	[1340.512, 1341.2669, 1342.2383, 1343.0092]	[1.0, 1.0, 1.0, 1.0]	4	4.0	0.7853981633974483	2.0	R	0.0	0.0	0.0	0.0	0.0	0.0	0.0	0.0
1344.586	2.66599999999994	trials	[NaN, NaN, NaN, NaN]	[NaN, NaN, NaN, NaN]	4				R	-0.9972107410430908	-4.109769821166992	-2.4750633239746094	-8.886374473571777	2.2531628608703613	-7.260373592376709	5.284730911254883	-3.284245729446411
1348.255	2.8589999999999236	trials	[1348.3565, 1349.2316666666666, 1349.9404, 1350.5579333333333]	[1.0, 1.0, 1.0, 1.0]	4	4.0	0.7853981633974483	2.0	R	-5.035219669342041	-8.414129257202148	-1.0245132446289062	-1.981435775756836	2.0962696075439453	-7.195415019989014	6.860246181488037	-8.713481903076172
1352.118	2.230000000000018	trials	[1352.2190666666668, 1352.4215666666666, 1353.0290666666667, 1353.7458666666666]	[1.0, 1.0, 1.0, 1.0]	4	4.0	0.7853981633974483	2.0	R	4.06129264831543	-4.570312023162842	4.538733959197998	0.4068409502506256	5.429571151733398	5.326841831207275	1.302646517753601	-7.9846110343933105
1355.352	2.6009999999998854	trials	[1355.4531, 1356.0395666666666, 1356.7914333333333, 1357.4961666666666]	[1.0, 1.0, 1.0, 1.0]	4	4.0	0.7853981633974483	2.0	R	2.735447883605957	-3.1942996978759766	6.410163402557373	4.86165714263916	2.2819108963012695	2.040747880935669	3.8091862201690674	6.8017802238464355
1358.957	2.938999999999851	trials	[1359.0580333333332, 1359.849, 1360.7191666666668, 1361.3788]	[1.0, 1.0, 1.0, 1.0]	4	4.0	0.7853981633974483	2.0	R	-1.0429418087005615	5.594778537750244	-4.919989585876465	-5.035999298095703	2.3689818382263184	-8.392132759094238	4.209897518157959	-3.743366003036499
1362.9	2.798000000000002	trials	[1363.0008333333333, 1363.8319, 1364.5075666666667, 1365.1562]	[1.0, 1.0, 1.0, 1.0]	4	4.0	0.7853981633974483	2.0	R	7.51631498336792	0.007314479909837246	0.20822185277938843	-8.355851173400879	5.2063307762146	-8.493355751037598	-0.40374284982681274	-8.798308372497559
1366.701	3.036000000000058	trials	[1366.8022666666666, 1367.5481333333332, 1368.3802, 1369.2002333333332]	[1.0, 1.0, 1.0, 1.0]	4	4.0	0.7853981633974483	2.0	R	0.0	0.0	0.0	0.0	0.0	0.0	0.0	0.0
1370.74	3.2819999999999254	trials	[NaN, NaN, NaN, NaN]	[NaN, NaN, NaN, NaN]	4				R	-0.47507014870643616	-4.403214931488037	4.436557292938232	-5.339118003845215	-8.238912582397461	-0.546593189239502	1.0114985704421997	-8.12583065032959
1375.026	3.1099999999999	trials	[1375.1269333333332, 1376.2467, 1376.9715, 1377.5930666666666]	[1.0, 1.0, 1.0, 1.0]	4	4.0	0.7853981633974483	2.0	R	0.0	0.0	0.0	0.0	0.0	0.0	0.0	0.0
1379.14	3.288000000000011	trials	[NaN, NaN, NaN, NaN]	[NaN, NaN, NaN, NaN]	4				R	0.0	0.0	0.0	0.0	0.0	0.0	0.0	0.0
1383.432	3.20699999999988	trials	[NaN, NaN, NaN, NaN]	[NaN, NaN, NaN, NaN]	4				R	4.275277614593506	-8.884969711303711	4.170963764190674	-3.8860583305358887	7.6956048011779785	-7.4324517250061035	5.100790023803711	-3.158468008041382
1387.641	3.1019999999998618	trials	[1387.7422333333334, 1388.7527666666667, 1389.5256666666667, 1390.2093666666667]	[1.0, 1.0, 1.0, 1.0]	4	4.0	0.7853981633974483	2.0	R	8.471214294433594	4.597877502441406	3.8381195068359375	6.477886199951172	-1.1209872961044312	7.116055965423584	-5.852968692779541	8.731095314025879
1391.746	1.7949999999998454	trials	[1391.8474333333334, 1392.9792333333332, NaN, NaN]	[1.0, 1.0, NaN, NaN]	4	2.0	0.7853981633974483	2.0	A	-1.8406343460083008	5.747611999511719	-6.206699371337891	0.3078056275844574	-7.943958759307861	-4.380683422088623	-4.864065647125244	5.090942859649658
1394.544	2.696999999999889	trials	[1394.6454, 1395.4483666666667, 1396.0679, 1396.7345666666668]	[1.0, 1.0, 1.0, 1.0]	4	4.0	0.7853981633974483	2.0	R	1.643103837966919	-1.4479519128799438	4.870934963226318	2.3705694675445557	8.800027847290039	-4.276538372039795	5.922671318054199	-0.18742869794368744
1398.244	2.9830000000001746	trials	[1398.3455666666666, 1399.1997, 1399.8813666666667, 1400.7044333333333]	[1.0, 1.0, 1.0, 1.0]	4	4.0	0.7853981633974483	2.0	R	8.610445976257324	4.028715133666992	5.448667526245117	7.902106285095215	-4.03157377243042	-1.0239306688308716	0.8870643377304077	-0.12559978663921356
1402.23	3.08199999999988	trials	[1402.3314666666668, 1403.2688, 1403.9725333333333, 1404.6612333333333]	[1.0, 1.0, 1.0, 1.0]	4	4.0	0.7853981633974483	2.0	R	5.881941795349121	0.10067366808652878	1.5477656126022339	2.5936472415924072	7.112398147583008	1.126291036605835	-0.3295251727104187	-6.327534198760986
1406.315	2.8279999999999745	trials	[1406.4166, 1407.0542, 1407.9173333333333, 1408.4907666666666]	[1.0, 1.0, 1.0, 1.0]	4	4.0	0.7853981633974483	2.0	R	5.139529705047607	-2.801534652709961	2.380262851715088	2.6452345848083496	0.9855219125747681	7.446765422821045	-2.2482550144195557	-4.874238014221191
1410.147	2.7029999999999745	trials	[1410.2481333333333, 1410.8977333333332, 1411.5593666666666, 1412.2891666666667]	[1.0, 1.0, 1.0, 1.0]	4	4.0	0.7853981633974483	2.0	R	4.020045757293701	1.4536302089691162	8.597460746765137	-0.5581528544425964	4.422815322875977	4.819467544555664	4.323641777038574	-7.713501930236816
1413.853	2.9980000000000473	trials	[1413.9543, 1414.7593, 1415.6214666666667, 1416.1698333333334]	[1.0, 1.0, 1.0, 1.0]	4	4.0	0.7853981633974483	2.0	R	8.635488510131836	-5.182102680206299	4.384424209594727	-2.5499064922332764	4.864037990570068	2.427037477493286	2.885225534439087	7.018801689147949
1417.854	2.675999999999931	trials	[1417.9552333333334, 1418.5707666666667, 1419.3858, 1420.0584666666666]	[1.0, 1.0, 1.0, 1.0]	4	4.0	0.7853981633974483	2.0	R	2.8868980407714844	0.9064055681228638	6.889305591583252	3.9031929969787598	1.9796947240829468	2.9567670822143555	-2.1106560230255127	5.8323588371276855
1421.533	3.310000000000173	trials	[1421.6343666666667, 1422.5356333333334, 1423.6223, 1424.308]	[1.0, 1.0, 1.0, 1.0]	4	4.0	0.7853981633974483	2.0	R	0.0	0.0	0.0	0.0	0.0	0.0	0.0	0.0
1425.847	3.5699999999999363	trials	[NaN, NaN, NaN, NaN]	[NaN, NaN, NaN, NaN]	4				R	-2.2553162574768066	4.106903076171875	-4.111731052398682	-0.5356958508491516	-8.338630676269531	7.500062465667725	-8.789661407470703	2.52044677734375
1430.42	2.6639999999999873	trials	[1430.5214333333333, 1431.2933666666668, 1431.9339333333332, 1432.5133666666666]	[1.0, 1.0, 1.0, 1.0]	4	4.0	0.7853981633974483	2.0	R	0.0	0.0	0.0	0.0	0.0	0.0	0.0	0.0
1434.087	2.9710000000000036	trials	[NaN, NaN, NaN, NaN]	[NaN, NaN, NaN, NaN]	4				R	-0.6640899181365967	-3.798558235168457	1.1328009366989136	8.053285598754883	3.532473564147949	3.666764259338379	-4.39402961730957	8.476485252380371
1438.061	2.560000000000173	trials	[1438.1624, 1438.8802, 1439.5709, 1440.1132333333333]	[1.0, 1.0, 1.0, 1.0]	4	4.0	0.7853981633974483	2.0	R	-6.8886332511901855	4.143247127532959	-6.208026885986328	-0.8102138638496399	-8.097309112548828	-5.439534664154053	-3.6422393321990967	-7.709413528442383
1441.624	2.7649999999998727	trials	[1441.7252333333333, 1442.6365, 1443.3232333333333, 1443.9487666666666]	[1.0, 1.0, 1.0, 1.0]	4	4.0	0.7853981633974483	2.0	R	0.20560818910598755	6.784292221069336	-4.702578544616699	5.398069381713867	-4.16668701171875	0.42687004804611206	-0.020357556641101837	-2.367401123046875
1445.392	0.8819999999998345	trials	[1445.4936, NaN, NaN, NaN]	[1.0, NaN, NaN, NaN]	4	1.0	0.7853981633974483	2.0	A	-4.903605937957764	7.629825592041016	-7.050265789031982	0.2730635404586792	-8.58839225769043	-7.2770161628723145	-3.7816035747528076	-5.900505065917969
1447.277	2.6979999999998654	trials	[1447.3782666666666, 1448.0860333333333, 1448.7747333333334, 1449.4775]	[1.0, 1.0, 1.0, 1.0]	4	4.0	0.7853981633974483	2.0	R	0.0	0.0	-4.370735168457031	-4.178236484527588	-2.7860331535339355	-8.920463562011719	-2.139904260635376	-3.962388038635254
1450.978	2.9700000000000273	trials	[1451.0794666666666, 1451.7842, 1452.5661666666667, 1453.2809333333332]	[1.0, 1.0, 1.0, 1.0]	4	4.0	0.7853981633974483	2.0	R	2.86008620262146	-3.9721474647521973	-6.3411126136779785	1.449337124824524	-8.057766914367676	7.88680362701416	-3.794827461242676	5.273885250091553
1454.951	3.288000000000011	trials	[1455.0523333333333, 1455.9405333333334, 1456.9009333333333, 1457.6738333333333]	[1.0, 1.0, 1.0, 1.0]	4	4.0	0.7853981633974483	2.0	R	0.0	0.0	0.0	0.0	0.0	0.0	0.0	0.0
1459.243	8.895999999999958	trials	[NaN, NaN, NaN, NaN]	[NaN, NaN, NaN, NaN]	4				R	-2.105408191680908	3.3448407649993896	-6.458115577697754	5.805315971374512	-8.289579391479492	-6.096664905548096	-3.644530773162842	-4.246387481689453
1469.142	2.813999999999851	trials	[1469.2435666666668, 1470.0916666666667, 1470.7513, 1471.3848666666668]	[1.0, 1.0, 1.0, 1.0]	4	4.0	0.7853981633974483	2.0	R	5.630300521850586	-6.397926330566406	3.6132664680480957	-1.82282292842865	2.7890195846557617	3.1087708473205566	-2.254767417907715	-4.329333782196045
1472.96	3.117999999999938	trials	[1473.0610333333334, 1473.8199333333334, 1474.5667666666666, 1475.5011]	[1.0, 1.0, 1.0, 1.0]	4	4.0	0.7853981633974483	2.0	R	2.7278892993927	-4.745427131652832	7.20273494720459	-2.514786720275879	-4.940843105316162	4.6370697021484375	-4.23438835144043	-0.3127708435058594
1477.081	2.660000000000082	trials	[1477.1822666666667, 1477.8729666666666, 1478.4875, 1479.2373666666667]	[1.0, 1.0, 1.0, 1.0]	4	4.0	0.7853981633974483	2.0	R	-3.140768051147461	-5.191704750061035	1.8218715190887451	-4.581616401672363	-1.4568755626678467	5.125456809997559	0.23872914910316467	0.4217427968978882
1480.744	2.8659999999999854	trials	[1480.8453666666667, 1481.7726666666667, 1482.3851666666667, 1483.0839]	[1.0, 1.0, 1.0, 1.0]	4	4.0	0.7853981633974483	2.0	R	0.06991519033908844	5.4188923835754395	-4.927307605743408	5.585521221160889	-4.791306018829346	0.5873714089393616	-0.5769498348236084	-4.1153388023376465
1484.614	3.0650000000000546	trials	[1484.7149666666667, 1485.4848666666667, 1486.1495333333332, 1486.8151666666668]	[1.0, 1.0, 1.0, 1.0]	4	4.0	0.7853981633974483	2.0	R	4.429749488830566	-0.44408103823661804	0.41512930393218994	2.695352792739868	0.14585500955581665	7.688096523284912	-3.8354406356811523	4.663318157196045
1488.683	2.8659999999999854	trials	[1488.7840666666666, 1489.5930666666666, 1490.3058333333333, 1490.9444333333333]	[1.0, 1.0, 1.0, 1.0]	4	4.0	0.7853981633974483	2.0	R	-8.6576509475708	3.3418452739715576	-6.637133598327637	-1.2317215204238892	-2.998297691345215	3.289884090423584	5.651105880737305	1.2090600728988647
1492.552	3.369000000000142	trials	[1492.6536666666666, 1493.9889666666666, 1494.6416, 1495.3273]	[1.0, 1.0, 1.0, 1.0]	4	4.0	0.7853981633974483	2.0	R	0.0	0.0	0.0	0.0	0.0	0.0	0.0	0.0
1496.924	3.451999999999998	trials	[NaN, NaN, NaN, NaN]	[NaN, NaN, NaN, NaN]	4				R	-4.0966477394104	6.75947904586792	-3.0463361740112305	-0.1462031900882721	-5.566089153289795	8.885738372802734	-0.6858277916908264	3.897557020187378
1501.379	2.6130000000000564	trials	[1501.4805666666666, 1502.1392, 1502.7968333333333, 1503.4715333333334]	[1.0, 1.0, 1.0, 1.0]	4	4.0	0.7853981633974483	2.0	R	-2.6391847133636475	-0.7050939798355103	2.3432223796844482	-0.28602275252342224	-8.349096298217773	-6.378848075866699	-3.899188280105591	-4.098865509033203
1504.995	2.7590000000000146	trials	[1505.0965666666666, 1505.8534333333334, 1506.5481666666667, 1507.1867333333332]	[1.0, 1.0, 1.0, 1.0]	4	4.0	0.7853981633974483	2.0	R	-1.0927541255950928	3.9715464115142822	3.190560817718506	-4.670788764953613	-0.5086658000946045	-0.5713234543800354	7.630783557891846	2.0512936115264893
1508.758	2.9300000000000637	trials	[1508.8589, 1509.7190333333333, 1510.3927, 1511.1084666666666]	[1.0, 1.0, 1.0, 1.0]	4	4.0	0.7853981633974483	2.0	R	6.536135673522949	6.929996967315674	1.8500758409500122	5.186196327209473	8.044641494750977	-5.958125591278076	1.8357456922531128	-2.507937431335449
1512.691	2.0779999999999745	trials	[1512.7926666666667, 1513.5736, 1514.2192, NaN]	[1.0, 1.0, 1.0, NaN]	4	3.0	0.7853981633974483	2.0	A	5.956460952758789	3.024517297744751	2.507632255554199	-0.5956457853317261	6.587707996368408	-5.595410346984863	3.7778127193450928	-1.4596527814865112
1515.772	3.535000000000082	trials	[1515.8733, 1517.2888333333333, 1517.9404333333334, 1518.5619666666666]	[1.0, 1.0, 1.0, 1.0]	4	4.0	0.7853981633974483	2.0	R	5.083096981048584	-0.8271666765213013	6.207577705383301	4.0447468757629395	4.4508376121521	8.725972175598145	-8.403718948364258	2.7658443450927734
1520.31	2.4829999999999472	trials	[1520.4115666666667, 1521.0110666666667, 1521.6436333333334, 1522.3062666666667]	[1.0, 1.0, 1.0, 1.0]	4	4.0	0.7853981633974483	2.0	R	0.0	0.0	0.0	0.0	0.0	0.0	0.0	0.0
1523.797	2.9249999999999545	trials	[NaN, NaN, NaN, NaN]	[NaN, NaN, NaN, NaN]	4				R	3.046494960784912	-0.9125005006790161	4.51308536529541	3.8675739765167236	-0.48018354177474976	3.6082212924957275	-8.032524108886719	-3.540661573410034
1527.726	2.780999999999949	trials	[1527.8269666666667, 1528.637, 1529.3357333333333, 1530.0434666666667]	[1.0, 1.0, 1.0, 1.0]	4	4.0	0.7853981633974483	2.0	R	0.0	0.0	0.0	0.0	0.0	0.0	0.0	0.0
1531.51	3.09699999999998	trials	[NaN, NaN, NaN, NaN]	[NaN, NaN, NaN, NaN]	4				R	8.30202865600586	0.8867896199226379	6.465193748474121	7.635335445404053	2.7651917934417725	4.272303104400635	4.701852798461914	-2.435961961746216
1535.61	0.2400000000000091	trials	[1535.7115333333334, NaN, NaN, NaN]	[1.0, NaN, NaN, NaN]	4	1.0	0.7853981633974483	2.0	A	0.09659358859062195	-0.48876163363456726	-1.142354965209961	4.355307579040527	-6.900668621063232	8.224198341369629	-7.024504661560059	3.2257323265075684
1536.853	2.9589999999998327	trials	[1536.9546333333333, 1537.8087666666668, 1538.5506, 1539.2804]	[1.0, 1.0, 1.0, 1.0]	4	4.0	0.7853981633974483	2.0	R	0.0	0.0	0.0	0.0	0.0	0.0	0.0	0.0
1540.815	2.3179999999999836	trials	[NaN, NaN, NaN, NaN]	[NaN, NaN, NaN, NaN]	4				R	0.0	0.0	0.0	0.0	0.0	0.0	0.0	0.0
1544.136	3.54099999999994	trials	[NaN, NaN, NaN, NaN]	[NaN, NaN, NaN, NaN]	4				R	8.811222076416016	0.08786569535732269	8.823115348815918	-5.38791561126709	8.561159133911133	-0.3947822153568268	-5.279545307159424	3.627525806427002
1548.681	2.699000000000069	trials	[1548.782, 1549.4606666666666, 1550.0712, 1550.7639]	[1.0, 1.0, 1.0, 1.0]	4	4.0	0.7853981633974483	2.0	R	-1.0863491296768188	-1.9395660161972046	-0.11620727926492691	-6.844545841217041	4.219130516052246	-4.353592872619629	3.624711036682129	0.6109477281570435
1552.384	2.0370000000000346	trials	[1552.4852, 1553.3112333333333, 1553.9448, NaN]	[1.0, 1.0, 1.0, NaN]	4	3.0	0.7853981633974483	2.0	A	1.7541874647140503	-5.986789703369141	4.972444534301758	-2.160195827484131	5.510369300842285	-7.1311750411987305	4.096864700317383	-2.335134744644165
1555.424	7.132000000000062	trials	[1555.5257333333334, 1560.2194, 1561.2038333333333, 1561.9226]	[1.0, 1.0, 1.0, 1.0]	4	4.0	0.7853981633974483	2.0	R	-2.9591641426086426	-5.5888166427612305	-6.526797294616699	7.919747829437256	-2.3018040657043457	5.24590539932251	6.931510925292969	1.1739513874053955
1563.56	2.706000000000131	trials	[1563.6609333333333, 1564.4128, 1565.1626666666666, 1565.8022333333333]	[1.0, 1.0, 1.0, 1.0]	4	4.0	0.7853981633974483	2.0	R	-3.6535258293151855	1.3295917510986328	-8.47580623626709	0.008374221622943878	-3.4877326488494873	0.3535207509994507	1.1278818845748901	-1.5690040588378906
1567.27	2.7660000000000764	trials	[1567.3711333333333, 1568.2002, 1568.9029333333333, 1569.4884]	[1.0, 1.0, 1.0, 1.0]	4	4.0	0.7853981633974483	2.0	R	0.0	0.0	0.0	0.0	0.0	0.0	0.0	0.0
1571.039	3.7080000000000837	trials	[NaN, NaN, NaN, NaN]	[NaN, NaN, NaN, NaN]	4				R	5.805962562561035	-4.034836769104004	-0.1769908219575882	-1.8176239728927612	7.19638729095459	-5.700769424438477	4.21244478225708	7.73490047454834
1575.751	2.8279999999999745	trials	[1575.8522, 1576.5389, 1577.1464, 1577.8631666666668]	[1.0, 1.0, 1.0, 1.0]	4	4.0	0.7853981633974483	2.0	R	0.0	0.0	0.0	0.0	0.0	0.0	0.0	0.0
1579.582	2.8759999999999764	trials	[NaN, NaN, NaN, NaN]	[NaN, NaN, NaN, NaN]	4				R	-3.436795949935913	-2.862048625946045	-2.25758957862854	4.192763328552246	2.1678829193115234	-6.781562805175781	5.18759822845459	-2.7964253425598145
1583.461	3.102000000000089	trials	[1583.5623333333333, 1584.5838666666666, 1585.3678, 1586.0404666666666]	[1.0, 1.0, 1.0, 1.0]	4	4.0	0.7853981633974483	2.0	R	2.5346624851226807	7.8577189445495605	-7.9323039054870605	-0.4825151562690735	-8.448012351989746	-5.455848693847656	-4.411718368530273	-2.5048606395721436
1587.566	2.731999999999971	trials	[1587.6675333333333, 1588.4334, 1589.0499333333332, 1589.6895333333334]	[1.0, 1.0, 1.0, 1.0]	4	4.0	0.7853981633974483	2.0	R	0.5983685851097107	-7.741088390350342	5.295510292053223	-6.027361869812012	3.0307939052581787	-1.5696650743484497	8.609079360961914	1.5517632961273193
1591.302	2.838000000000193	trials	[1591.4028, 1592.2539, 1592.9997666666666, 1593.6213]	[1.0, 1.0, 1.0, 1.0]	4	4.0	0.7853981633974483	2.0	R	5.302792549133301	-6.188875675201416	0.41560879349708557	-1.3344494104385376	3.95573353767395	-4.865386486053467	8.939762115478516	-5.264713764190674
1595.143	1.7339999999999236	trials	[1595.2443333333333, 1595.5731333333333, NaN, NaN]	[1.0, 1.0, NaN, NaN]	4	2.0	0.7853981633974483	2.0	F	5.198534965515137	-1.9476032257080078	6.77050256729126	2.798860549926758	3.9869699478149414	6.952406883239746	-0.9758845567703247	6.344069004058838
1597.881	3.6799999999998363	trials	[1597.9821333333334, 1599.6021333333333, 1600.2808333333332, 1600.9184]	[1.0, 1.0, 1.0, 1.0]	4	4.0	0.7853981633974483	2.0	R	-5.5643839836120605	0.11895037442445755	-7.716493129730225	-4.39418888092041	-3.9905636310577393	-0.6657710075378418	-5.8401265144348145	-5.311103820800781
1602.565	2.8479999999999563	trials	[1602.6657333333333, 1603.4296333333334, 1604.1253666666667, 1604.8130666666666]	[1.0, 1.0, 1.0, 1.0]	4	4.0	0.7853981633974483	2.0	R	-0.9824655652046204	-4.126564979553223	-3.5162341594696045	0.18388919532299042	-7.875063896179199	-8.250673294067383	0.704275369644165	-2.1660571098327637
1606.416	2.6259999999999764	trials	[1606.5173, 1607.203, 1607.8325666666667, 1608.4571333333333]	[1.0, 1.0, 1.0, 1.0]	4	4.0	0.7853981633974483	2.0	R	2.164189100265503	2.616060733795166	-2.7895967960357666	1.9378235340118408	-7.757685661315918	2.5018210411071777	0.023098783567547798	1.5992861986160278
1610.045	2.6039999999998145	trials	[1610.1463, 1610.8601, 1611.5427666666667, 1612.1613333333332]	[1.0, 1.0, 1.0, 1.0]	4	4.0	0.7853981633974483	2.0	R	-5.717519760131836	-1.064538836479187	-8.681180953979492	-5.091536521911621	-3.892219066619873	-3.654233694076538	-0.33666688203811646	-0.1388319581747055
1613.652	20.50299999999993	trials	[1613.7532666666666, 1632.4857666666667, 1633.4481666666666, NaN]	[1.0, 1.0, 1.0, NaN]	4	3.0	0.7853981633974483	2.0	A	-2.8791003227233887	-4.444181442260742	5.772782802581787	-5.483959674835205	-6.658269882202148	-8.792423248291016	-4.902056694030762	-4.1110005378723145
1635.158	3.47400000000016	trials	[1635.2596666666666, 1636.5518666666667, 1637.5282666666667, 1638.1648666666667]	[1.0, 1.0, 1.0, 1.0]	4	4.0	0.7853981633974483	2.0	R	-4.606903553009033	-4.232609748840332	-5.918759346008301	7.526727199554443	-4.910161972045898	2.6295101642608643	-6.713871479034424	-2.033818244934082
1639.636	2.8869999999999436	trials	[1639.7367666666667, 1640.3863666666666, 1641.1583, 1641.9783333333332]	[1.0, 1.0, 1.0, 1.0]	4	4.0	0.7853981633974483	2.0	R	-3.5461628437042236	1.9761888980865479	-7.7060956954956055	4.750167369842529	-2.975285530090332	3.1317005157470703	-2.488854169845581	8.2526273727417
1643.526	2.643000000000029	trials	[1643.6274333333333, 1644.2710333333334, 1644.9587333333334, 1645.6284]	[1.0, 1.0, 1.0, 1.0]	4	4.0	0.7853981633974483	2.0	R	0.4457867443561554	4.204432010650635	3.557948350906372	8.11780071258545	1.5871189832687378	3.522603750228882	1.7085684537887573	8.52112865447998
1647.172	2.6800000000000637	trials	[1647.2734666666668, 1647.9020333333333, 1648.7802, 1649.3225666666667]	[1.0, 1.0, 1.0, 1.0]	4	4.0	0.7853981633974483	2.0	R	-0.5623596906661987	4.066593170166016	-1.4092609882354736	-1.0523014068603516	-5.49056339263916	-3.940721273422241	-0.9094951748847961	-1.937270998954773
1650.855	2.786000000000058	trials	[1650.9566333333332, 1651.7024666666666, 1652.4934333333333, 1653.1069666666667]	[1.0, 1.0, 1.0, 1.0]	4	4.0	0.7853981633974483	2.0	R	-3.7680723667144775	3.1984591484069824	-1.2245289087295532	-1.1062344312667847	3.1337087154388428	1.3444316387176514	6.5478034019470215	4.997369766235352
1654.645	2.900000000000091	trials	[1654.7460333333333, 1655.545, 1656.2297, 1656.9304333333334]	[1.0, 1.0, 1.0, 1.0]	4	4.0	0.7853981633974483	2.0	R	2.043287754058838	7.167470932006836	-0.0851801261305809	2.643134355545044	-7.292015075683594	1.9155374765396118	-0.03082915022969246	2.86384916305542
1658.548	2.8969999999999345	trials	[1658.6497333333334, 1659.3755, 1660.0532, 1660.7519333333332]	[1.0, 1.0, 1.0, 1.0]	4	4.0	0.7853981633974483	2.0	R	-2.366589069366455	-1.55703604221344	2.3402886390686035	4.501287937164307	-2.49482798576355	5.7747273445129395	-3.3693056106567383	-3.143127679824829
1662.448	2.8859999999999673	trials	[1662.5494, 1663.5268333333333, 1664.1804333333334, 1664.803]	[1.0, 1.0, 1.0, 1.0]	4	4.0	0.7853981633974483	2.0	R	-0.7044323086738586	-7.373783588409424	-2.7515430450439453	-2.812058448791504	-1.952574610710144	-7.7478108406066895	0.9687396287918091	-3.689988136291504
1666.338	2.803000000000111	trials	[1666.4390333333333, 1667.1518333333333, 1667.8044333333332, 1668.6635666666666]	[1.0, 1.0, 1.0, 1.0]	4	4.0	0.7853981633974483	2.0	R	0.2946862280368805	4.377658843994141	2.8292436599731445	8.687649726867676	-5.759118556976318	3.584702491760254	-6.8636064529418945	-1.8653985261917114
1670.144	1.6959999999999127	trials	[1670.2455, 1671.0274333333334, NaN, NaN]	[1.0, 1.0, NaN, NaN]	4	2.0	0.7853981633974483	2.0	A	-2.958144426345825	-4.987475872039795	-6.299375057220459	2.8747661113739014	3.0840909481048584	1.8831645250320435	-0.3661324977874756	5.501998424530029
1672.844	3.005999999999858	trials	[1672.9452, 1673.6890333333333, 1674.3476666666666, 1675.1617]	[1.0, 1.0, 1.0, 1.0]	4	4.0	0.7853981633974483	2.0	R	1.1978877782821655	-0.5371279120445251	6.190162181854248	-0.25929057598114014	4.455511569976807	5.473513126373291	0.7396658062934875	2.127995252609253
1676.854	1.0249999999998636	trials	[1676.9551666666666, NaN, NaN, NaN]	[1.0, NaN, NaN, NaN]	4	1.0	0.7853981633974483	2.0	A	-5.525537490844727	8.290319442749023	-3.630378246307373	3.6634013652801514	1.5976260900497437	7.271174907684326	-2.4369394779205322	4.317823886871338
1678.883	3.2819999999999254	trials	[1678.9842, 1679.7922, 1680.4548333333332, 1681.6207333333334]	[1.0, 1.0, 1.0, 1.0]	4	4.0	0.7853981633974483	2.0	R	0.9040935635566711	6.832955360412598	-4.258890628814697	6.29307222366333	8.483647346496582	6.338221549987793	3.590609073638916	5.309545516967773
1683.169	2.8739999999997963	trials	[1683.2698333333333, 1684.0327333333332, 1684.7555, 1685.5865666666666]	[1.0, 1.0, 1.0, 1.0]	4	4.0	0.7853981633974483	2.0	R	6.4247145652771	0.18568749725818634	4.615774631500244	4.846989631652832	0.7329639196395874	7.997192859649658	-0.19424870610237122	3.0839171409606934
1687.046	3.2480000000000473	trials	[1687.1474666666666, 1687.9885333333334, 1688.7414, 1689.7068]	[1.0, 1.0, 1.0, 1.0]	4	4.0	0.7853981633974483	2.0	R	0.0	0.0	0.0	0.0	0.0	0.0	0.0	0.0
1691.298	3.2339999999999236	trials	[NaN, NaN, NaN, NaN]	[NaN, NaN, NaN, NaN]	4				R	6.715681076049805	-0.1001129001379013	6.633608341217041	4.8992133140563965	1.8227490186691284	3.5369977951049805	3.4638514518737793	-1.5888334512710571
1695.535	3.1989999999998417	trials	[1695.6365333333333, 1696.6209666666666, 1697.4660666666666, 1698.1798333333334]	[1.0, 1.0, 1.0, 1.0]	4	4.0	0.7853981633974483	2.0	R	8.444316864013672	-2.030376434326172	2.6229217052459717	1.970236897468567	-1.9574370384216309	-0.03483511134982109	-2.4241461753845215	-5.01300573348999
1699.738	2.38799999999992	trials	[1699.8389666666667, 1700.1958333333334, 1700.9747666666667, 1701.6083333333333]	[1.0, 1.0, 1.0, 1.0]	4	4.0	0.7853981633974483	2.0	R	-0.016105979681015015	-0.6310721635818481	-0.825824499130249	5.578969478607178	-5.488553047180176	3.773709774017334	-8.569613456726074	7.711610794067383
1703.129	2.5510000000001583	trials	[1703.2303666666667, 1703.9491666666668, 1704.5967666666666, 1705.2133]	[1.0, 1.0, 1.0, 1.0]	4	4.0	0.7853981633974483	2.0	R	-6.054749965667725	3.39009952545166	-8.555181503295898	-0.9397783279418945	-4.3660969734191895	-3.669534921646118	-0.13361293077468872	-1.007566213607788
1706.684	3.11200000000008	trials	[1706.7852, 1707.5410666666667, 1708.5405666666666, 1709.2022]	[1.0, 1.0, 1.0, 1.0]	4	4.0	0.7853981633974483	2.0	R	-3.530629873275757	2.6612586975097656	-1.9743887186050415	-8.204362869262695	-8.733338356018066	-6.806221961975098	-4.237555980682373	-3.035271167755127
1710.799	2.905999999999949	trials	[1710.9004, 1711.8507666666667, 1712.4903666666667, 1713.1851]	[1.0, 1.0, 1.0, 1.0]	4	4.0	0.7853981633974483	2.0	R	-8.375988006591797	-0.2293163686990738	-3.8486945629119873	-2.3514888286590576	5.031670570373535	-5.486097812652588	0.310354620218277	-2.8471922874450684
1714.709	2.826000000000022	trials	[1714.8101333333334, 1715.6742666666667, 1716.2988, 1717.0015666666666]	[1.0, 1.0, 1.0, 1.0]	4	4.0	0.7853981633974483	2.0	R	-4.642702102661133	-2.16365122795105	0.2311438024044037	-1.0475754737854004	-0.35352209210395813	3.918123483657837	4.643513202667236	3.745967149734497
1718.538	2.7549999999998818	trials	[1718.6396333333332, 1719.5268333333333, 1720.1794333333332, 1720.7538666666667]	[1.0, 1.0, 1.0, 1.0]	4	4.0	0.7853981633974483	2.0	R	0.0	0.0	0.0	0.0	0.0	0.0	0.0	0.0
1722.297	3.074000000000069	trials	[NaN, NaN, NaN, NaN]	[NaN, NaN, NaN, NaN]	4				R	8.427026748657227	-8.891807556152344	7.930051803588867	-3.916567325592041	4.345866680145264	-0.43036380410194397	6.023956298828125	4.279627323150635
1726.375	1.6459999999999582	trials	[1726.4760666666666, 1727.3221666666666, NaN, NaN]	[1.0, 1.0, NaN, NaN]	4	2.0	0.7853981633974483	2.0	A	4.345865726470947	8.989617347717285	-0.4645708203315735	7.625909805297852	-3.506422758102417	-0.6181512475013733	-8.25263786315918	0.9545661807060242
1729.024	8.179000000000087	trials	[1729.1256666666666, 1735.9616333333333, 1736.5811666666666, NaN]	[1.0, 1.0, 1.0, NaN]	4	3.0	0.7853981633974483	2.0	A	0.0	0.0	0.0	0.0	0.0	0.0	0.0	0.0
1738.206	2.490000000000009	trials	[NaN, NaN, NaN, NaN]	[NaN, NaN, NaN, NaN]	4				R	-2.3521921634674072	1.1232353448867798	0.8709487915039062	-2.6992459297180176	4.059889316558838	1.1518133878707886	-0.929813802242279	0.83109450340271
1741.7	2.7490000000000236	trials	[1741.8011333333334, 1742.5219, 1743.1695, 1743.8732666666667]	[1.0, 1.0, 1.0, 1.0]	4	4.0	0.7853981633974483	2.0	R	-0.4782344102859497	-4.148471355438232	-3.667452812194824	-7.999300479888916	0.7878859639167786	-5.729948997497559	7.52304744720459	-7.033257484436035
1745.452	3.2000000000000455	trials	[1745.5534333333333, 1746.4496666666666, 1747.2817333333332, 1748.1067666666668]	[1.0, 1.0, 1.0, 1.0]	4	4.0	0.7853981633974483	2.0	R	0.0	0.0	0.0	0.0	0.0	0.0	0.0	0.0
1749.656	3.4529999999999745	trials	[NaN, NaN, NaN, NaN]	[NaN, NaN, NaN, NaN]	4				R	-3.9694995880126953	6.577216148376465	-8.715435028076172	5.003654956817627	-8.8879976272583	0.006633526645600796	-4.591562271118164	-2.550835609436035
1754.113	9.607999999999947	trials	[1754.2139333333334, 1761.9210666666668, 1762.4995, 1763.1491]	[1.0, 1.0, 1.0, 1.0]	4	4.0	0.7853981633974483	2.0	R	-5.7218017578125	-7.421416759490967	-4.046925067901611	-2.71028208732605	4.952697277069092	-6.60468053817749	2.984245777130127	-2.008464813232422
1764.724	3.0470000000000255	trials	[1764.8252666666667, 1765.7004333333334, 1766.6528, 1767.2894]	[1.0, 1.0, 1.0, 1.0]	4	4.0	0.7853981633974483	2.0	R	0.0	0.0	0.0	0.0	0.0	0.0	0.0	0.0
1768.774	3.07100000000014	trials	[NaN, NaN, NaN, NaN]	[NaN, NaN, NaN, NaN]	4				R	-0.7598498463630676	2.502497911453247	-0.6328761577606201	-2.49588942527771	4.1387739181518555	-3.9896621704101562	-3.241865634918213	2.236976146697998
1772.848	72.56100000000015	trials	[1772.9494333333334, NaN, NaN, NaN]	[1.0, NaN, NaN, NaN]	4	1.0	0.7853981633974483	2.0	A	0.0	0.0	0.0	0.0	0.0	0.0	0.0	0.0
1846.413	3.0499999999999545	trials	[NaN, NaN, NaN, NaN]	[NaN, NaN, NaN, NaN]	4				R	0.0	0.0	-4.787177085876465	-1.4432381391525269	-0.5885663032531738	1.271843433380127	-7.960630893707275	4.9870476722717285
1850.467	3.076999999999998	trials	[1850.5681, 1851.2568, 1852.2893666666666, 1852.9660666666666]	[1.0, 1.0, 1.0, 1.0]	4	4.0	0.7853981633974483	2.0	R	-4.710434436798096	1.1875447034835815	6.913413047790527	8.885110855102539	5.971951961517334	3.974545478820801	2.724348545074463	0.17282560467720032
1854.547	2.70699999999988	trials	[1854.6482333333333, 1855.4963333333333, 1856.161, 1856.7494333333334]	[1.0, 1.0, 1.0, 1.0]	4	4.0	0.7853981633974483	2.0	R	8.154263496398926	-8.243313789367676	4.731568336486816	-4.598433494567871	5.177328586578369	0.38165655732154846	8.628509521484375	-3.2362639904022217
1858.257	3.0190000000000055	trials	[1858.3584333333333, 1859.0992666666666, 1859.9153, 1860.6581333333334]	[1.0, 1.0, 1.0, 1.0]	4	4.0	0.7853981633974483	2.0	R	6.938430309295654	1.4694381952285767	-2.0274136066436768	3.8331685066223145	4.23318338394165	5.950290679931641	8.597699165344238	8.389758110046387
1862.279	3.22199999999998	trials	[1862.3804333333333, 1863.2475666666667, 1864.0285, 1864.7001666666667]	[1.0, 1.0, 1.0, 1.0]	4	4.0	0.7853981633974483	2.0	R	7.333413600921631	3.5522398948669434	0.8730679750442505	-2.125836133956909	8.196172714233398	0.12722161412239075	-3.3210151195526123	5.039314270019531
1866.505	2.5879999999999654	trials	[1866.6059, 1866.8084, 1867.4339666666667, 1868.4585]	[1.0, 1.0, 1.0, 1.0]	4	4.0	0.7853981633974483	2.0	R	0.38353341817855835	1.681291103363037	0.6597357392311096	-5.080295085906982	-8.212913513183594	-0.07558728009462357	-1.5693858861923218	-6.31320333480835
1870.097	2.8740000000000236	trials	[1870.1978333333334, 1871.0840333333333, 1871.7005666666666, 1872.4253666666666]	[1.0, 1.0, 1.0, 1.0]	4	4.0	0.7853981633974483	2.0	R	3.2869629859924316	5.386013984680176	-1.6962367296218872	4.976476192474365	3.7302632331848145	0.12855879962444305	-1.301962971687317	-6.669345855712891
1873.974	2.3290000000001783	trials	[1874.0754666666667, 1874.3090333333334, 1875.0749333333333, 1875.7997333333333]	[1.0, 1.0, 1.0, 1.0]	4	4.0	0.7853981633974483	2.0	R	1.8198438882827759	-2.763667583465576	4.876924514770508	-7.984964847564697	-5.789004802703857	-8.317654609680176	-0.8771008253097534	-7.383204460144043
1877.306	6.300999999999931	trials	[1877.4077333333332, 1881.9129, 1882.5454666666667, 1883.162]	[1.0, 1.0, 1.0, 1.0]	4	4.0	0.7853981633974483	2.0	R	3.933504581451416	-8.746316909790039	6.891836166381836	-4.715402126312256	3.899522066116333	-0.709649384021759	3.4577043056488037	4.270792007446289
1884.611	2.8359999999997854	trials	[1884.7118666666668, 1885.4436666666666, 1886.1604666666667, 1886.8892666666666]	[1.0, 1.0, 1.0, 1.0]	4	4.0	0.7853981633974483	2.0	R	4.483166217803955	-0.6229209899902344	-0.45567262172698975	4.526900291442871	-4.934080123901367	6.7503814697265625	-2.2798879146575928	2.5130159854888916
1888.45	2.30600000000004	trials	[1888.5514, 1889.2371, 1890.0290666666667, NaN]	[1.0, 1.0, 1.0, NaN]	4	3.0	0.7853981633974483	2.0	A	-7.671335697174072	-4.348343372344971	-2.823155403137207	-3.1255812644958496	8.615337371826172	1.269798755645752	3.6902239322662354	2.131924867630005
1891.759	2.078999999999951	trials	[1891.8606, 1892.0901666666666, 1892.7337666666667, 1893.3142]	[1.0, 1.0, 1.0, 1.0]	4	4.0	0.7853981633974483	2.0	R	-2.0998685359954834	0.637869656085968	0.35665664076805115	-3.7170681953430176	-1.125593900680542	-8.4923095703125	-4.142584323883057	-3.5303826332092285
1894.841	2.949000000000069	trials	[1894.9422333333334, 1895.6259333333333, 1896.5071333333333, 1897.2971]	[1.0, 1.0, 1.0, 1.0]	4	4.0	0.7853981633974483	2.0	R	0.0	0.0	0.0	0.0	0.0	0.0	0.0	0.0
1898.794	2.7469999999998436	trials	[NaN, NaN, NaN, NaN]	[NaN, NaN, NaN, NaN]	4				R	-1.232051968574524	-7.5672502517700195	3.7676689624786377	-7.514436721801758	6.15391206741333	-3.1205949783325195	2.6009254455566406	0.39739981293678284
1902.544	2.6829999999999927	trials	[1902.6453666666666, 1903.4423666666667, 1904.1240333333333, 1904.7466]	[1.0, 1.0, 1.0, 1.0]	4	4.0	0.7853981633974483	2.0	R	2.55949068069458	5.397228240966797	1.1025028228759766	-3.852935791015625	5.36859130859375	-6.4607110023498535	8.924908638000488	-2.9460830688476562
1906.23	3.074000000000069	trials	[1906.3315, 1907.2157, 1907.9716, 1908.7445]	[1.0, 1.0, 1.0, 1.0]	4	4.0	0.7853981633974483	2.0	R	8.199068069458008	2.0009517669677734	-2.65338397026062	-7.06488561630249	-1.285770297050476	2.292060375213623	1.245266079902649	6.604119777679443
1910.307	2.6920000000000073	trials	[1910.4086333333332, 1911.6958333333334, NaN, NaN]	[1.0, 1.0, NaN, NaN]	4	2.0	0.7853981633974483	2.0	F	5.792121410369873	-3.7034709453582764	0.30798420310020447	-6.552764892578125	5.307683944702148	-6.497954845428467	-5.671624183654785	-7.242682456970215
1914.003	46.447000000000116	trials	[1914.1038, 1958.5411, 1959.2057666666667, 1959.8724333333332]	[1.0, 1.0, 1.0, 1.0]	4	4.0	0.7853981633974483	2.0	R	8.014392852783203	1.4521503448486328	3.471221923828125	3.540114402770996	-1.7579965591430664	5.476827621459961	-4.035784721374512	-0.7526835203170776
1961.453	6.923000000000002	trials	[1961.5546, 1966.2422333333334, 1967.2166333333332, 1967.9013333333332]	[1.0, 1.0, 1.0, 1.0]	4	4.0	0.7853981633974483	2.0	R	-8.32414436340332	-7.58737850189209	2.8270626068115234	0.7339895367622375	-4.185206413269043	0.8282623887062073	0.6897810697555542	-0.28281766176223755
1969.379	2.869000000000142	trials	[1969.4802666666667, 1970.2151, 1970.8316333333332, 1971.5955333333334]	[1.0, 1.0, 1.0, 1.0]	4	4.0	0.7853981633974483	2.0	R	2.6515908241271973	-6.891885280609131	5.931210994720459	-3.117751121520996	7.237124443054199	1.708695888519287	8.763319969177246	6.470074653625488
1973.252	2.9550000000001546	trials	[1973.3528666666666, 1974.1147666666666, 1974.9418333333333, 1975.6365666666666]	[1.0, 1.0, 1.0, 1.0]	4	4.0	0.7853981633974483	2.0	R	3.9894652366638184	4.983364582061768	-7.101778984069824	8.511280059814453	-3.60080885887146	4.941516399383545	-2.226515769958496	-2.1951308250427246
1977.21	2.77800000000002	trials	[1977.3117, 1978.0916333333332, 1978.7603, 1979.3527666666666]	[1.0, 1.0, 1.0, 1.0]	4	4.0	0.7853981633974483	2.0	R	-4.5412421226501465	2.2368032932281494	-1.1296701431274414	-1.12707543765387e+36	4.2961086343568735e-36	-3.9624034295048023e+34	7.121002589484742e-29	3.2216468266151847e-38
1980.992	2.7970000000000255	trials	[1981.0931, 1982.0073666666667, 1982.6389333333334, 1983.2534666666666]	[1.0, 1.0, 1.0, 1.0]	4	4.0	0.7853981633974483	2.0	R	6.917139053344727	6.965631484985352	2.2804648876190186	5.094468116760254	-2.0540032386779785	-1.0747010707855225	-2.9603848457336426	-5.9918622970581055
1984.792	2.6900000000000546	trials	[1984.8935333333334, 1985.6764666666666, 1986.3601666666666, 1986.9536333333333]	[1.0, 1.0, 1.0, 1.0]	4	4.0	0.7853981633974483	2.0	R	2.619825601577759	-6.728150367736816	-1.4462661743164062	-3.818357229232788	3.126382827758789	-1.7957643270492554	-1.865659475326538	-1.5137819051742554
1988.485	2.852000000000089	trials	[1988.5867, 1989.3626333333334, 1990.1846666666668, 1990.8593333333333]	[1.0, 1.0, 1.0, 1.0]	4	4.0	0.7853981633974483	2.0	R	-3.0324549674987793	3.3481712341308594	4.547543525695801	-1.0497325658798218	8.31728458404541	2.234936237335205	4.974382400512695	-1.5472267866134644
1992.34	2.660000000000082	trials	[1992.4412666666667, 1993.1209666666666, 1993.8096666666668, 1994.4753]	[1.0, 1.0, 1.0, 1.0]	4	4.0	0.7853981633974483	2.0	R	0.2925563156604767	-5.104597091674805	4.12384557723999	-8.31726360321045	8.894658088684082	-6.8208184242248535	4.239522933959961	-4.996067047119141
1996.003	3.0700000000001637	trials	[1996.1043666666667, 1996.9033333333334, 1997.8116, 1998.4341333333334]	[1.0, 1.0, 1.0, 1.0]	4	4.0	0.7853981633974483	2.0	R	8.848152160644531	-3.0568578243255615	4.850834846496582	-0.05328506603837013	4.752104759216309	4.945740222930908	0.568354070186615	-3.3846049308776855
2000.076	2.5750000000000455	trials	[2000.1774666666668, 2000.8802, 2001.5268, 2002.1774333333333]	[1.0, 1.0, 1.0, 1.0]	4	4.0	0.7853981633974483	2.0	R	2.5407586097717285	1.2099157571792603	-2.4665048122406006	1.2714848518371582	-0.17245979607105255	-3.171189785003662	4.307128429412842	-5.392291069030762
2003.654	2.933999999999969	trials	[2003.7553333333333, 2004.6555666666666, 2005.3292666666666, 2006.0620666666666]	[1.0, 1.0, 1.0, 1.0]	4	4.0	0.7853981633974483	2.0	R	8.763124465942383	-7.660350799560547	7.1426005363464355	-2.9302449226379395	2.2433953285217285	-1.9313517808914185	8.967636108398438	-3.0892934799194336
2007.592	2.7549999999998818	trials	[2007.6931333333334, 2008.3738, 2009.1858333333332, 2009.7843]	[1.0, 1.0, 1.0, 1.0]	4	4.0	0.7853981633974483	2.0	R	3.9869227409362793	-3.5280380249023438	-0.12833288311958313	7.055478096008301	-5.078074932098389	7.762622356414795	-4.596505641937256	2.78586745262146
2011.35	2.7730000000001382	trials	[2011.4514666666666, 2012.1872666666666, 2012.8318666666667, 2013.6318666666666]	[1.0, 1.0, 1.0, 1.0]	4	4.0	0.7853981633974483	2.0	R	1.1098408699035645	-3.6294987201690674	5.751825332641602	-5.487449645996094	-4.949105262756348	-1.8844083547592163	-0.14269638061523438	-0.5065722465515137
2015.127	2.7380000000000564	trials	[2015.2278333333334, 2016.0569, 2016.7827, 2017.4102333333333]	[1.0, 1.0, 1.0, 1.0]	4	4.0	0.7853981633974483	2.0	R	4.461292266845703	-2.456774950027466	2.4996337890625	2.1423442363739014	0.1007145345211029	-5.445738315582275	4.205401420593262	-2.590646743774414
2018.869	2.479000000000042	trials	[2018.9701, 2019.6077, 2020.2693333333334, 2020.8497666666667]	[1.0, 1.0, 1.0, 1.0]	4	4.0	0.7853981633974483	2.0	R	1.4142978191375732	1.5578157901763916	3.980774164199829	-7.947317600250244	5.845231533050537	-3.3079423904418945	3.382556438446045	1.0435206890106201
2022.352	2.91599999999994	trials	[2022.4527666666668, 2023.1765666666668, 2023.9304333333334, 2024.6412]	[1.0, 1.0, 1.0, 1.0]	4	4.0	0.7853981633974483	2.0	R	-0.12063959985971451	-4.298254489898682	3.961442232131958	-7.185573101043701	7.90531587600708	-4.112161159515381	-2.090627431869507	-7.92162561416626
2026.271	2.79300000000012	trials	[2026.3725, 2027.2817333333332, 2027.9494, 2028.5228333333334]	[1.0, 1.0, 1.0, 1.0]	4	4.0	0.7853981633974483	2.0	R	-6.543590068817139	-0.502292275428772	-2.5632805824279785	-3.5283682346343994	0.7422893643379211	-7.2797956466674805	-1.4828835725784302	-2.8022286891937256
2030.068	2.5699999999999363	trials	[2030.1689, 2030.8927, 2031.5232666666666, 2032.1368]	[1.0, 1.0, 1.0, 1.0]	4	4.0	0.7853981633974483	2.0	R	1.8164222240447998	1.0343146324157715	4.667420864105225	5.141844749450684	0.6412047743797302	2.177121877670288	-4.212591648101807	0.9768466353416443
2033.642	2.6620000000000346	trials	[2033.7428, 2034.5347333333334, 2035.1121666666666, 2035.7638]	[1.0, 1.0, 1.0, 1.0]	4	4.0	0.7853981633974483	2.0	R	-4.016191482543945	-4.019294738769531	-7.520162105560303	-7.586112976074219	-5.012801170349121	-3.2602438926696777	1.3547050952911377	2.048008441925049
2037.308	2.6829999999999927	trials	[2037.4088666666667, 2038.2279, 2038.7973333333334, 2039.473]	[1.0, 1.0, 1.0, 1.0]	4	4.0	0.7853981633974483	2.0	R	-8.435354232788086	-8.403254508972168	-5.2762770652771	-4.527660369873047	-0.7117648124694824	-2.48677134513855	4.343542098999023	3.627357244491577
2040.995	3.3680000000001655	trials	[2041.0960333333333, 2041.9040333333332, 2043.0047666666667, 2043.5982333333334]	[1.0, 1.0, 1.0, 1.0]	4	4.0	0.7853981633974483	2.0	R	3.40350079536438	8.53819465637207	-1.861013650894165	-3.8506906032562256	-1.6167994737625122	-8.844722747802734	-2.273811101913452	4.737369060516357
2045.367	2.7500000000002274	trials	[2045.4679, 2046.2428, 2047.0127333333332, 2047.6473]	[1.0, 1.0, 1.0, 1.0]	4	4.0	0.7853981633974483	2.0	R	4.352320671081543	-4.6616034507751465	5.555170059204102	0.6458958983421326	1.079467535018921	-1.5830243825912476	3.7035601139068604	-5.839095115661621
2049.121	2.895999999999731	trials	[2049.2222, 2050.127466666667, 2050.7961, 2051.4708]	[1.0, 1.0, 1.0, 1.0]	4	4.0	0.7853981633974483	2.0	R	1.61518132686615	8.164653778076172	-3.3847968578338623	8.179459571838379	-0.9386414289474487	3.8186888694763184	4.778541564941406	5.043920040130615
2053.021	2.625999999999749	trials	[2053.121866666667, 2053.8216333333335, 2054.4481666666666, 2055.1188333333334]	[1.0, 1.0, 1.0, 1.0]	4	4.0	0.7853981633974483	2.0	R	0.170144185423851	6.983680725097656	-4.1773200035095215	4.513952732086182	0.7429782748222351	5.403147220611572	-4.225316047668457	5.965332984924316
2056.651	2.792000000000371	trials	[2056.7519, 2057.5047666666665, 2058.2155333333335, 2058.8761666666664]	[1.0, 1.0, 1.0, 1.0]	4	4.0	0.7853981633974483	2.0	R	1.7211507558822632	7.898022174835205	-0.5527140498161316	3.4449853897094727	-7.647852897644043	4.25730562210083	-4.626301288604736	0.2735600471496582
2060.446	3.119000000000142	trials	[2060.5473333333334, 2061.3032, 2062.0390333333335, 2062.907166666667]	[1.0, 1.0, 1.0, 1.0]	4	4.0	0.7853981633974483	2.0	R	-7.937169551849365	-3.4731922149658203	-7.946414470672607	3.0024569034576416	3.377256155014038	3.8086280822753906	-7.766080379486084	2.830390691757202
2064.568	2.9779999999996107	trials	[2064.669533333333, 2065.3632666666667, 2066.2635, 2066.9692666666665]	[1.0, 1.0, 1.0, 1.0]	4	4.0	0.7853981633974483	2.0	R	-4.400179386138916	-0.8670015335083008	6.288568019866943	-7.722110748291016	5.5471649169921875	-2.777384042739868	1.2780957221984863	-0.17449183762073517
2068.549	2.967999999999847	trials	[2068.6504333333332, 2069.427366666667, 2070.09, 2070.844866666667]	[1.0, 1.0, 1.0, 1.0]	4	4.0	0.7853981633974483	2.0	R	-0.9862557053565979	4.283390045166016	-8.367707252502441	-6.157961845397949	3.06544828414917	-5.0965375900268555	-3.9133729934692383	4.6518659591674805
2072.52	2.8449999999998	trials	[2072.6213, 2073.4323, 2074.089933333333, 2074.690433333333]	[1.0, 1.0, 1.0, 1.0]	4	4.0	0.7853981633974483	2.0	R	-8.902766227722168	4.326363563537598	-4.129543304443359	2.8376269340515137	-3.454219341278076	7.791810989379883	2.9183924198150635	3.6591806411743164
2076.369	3.1219999999998436	trials	[2076.4698333333336, 2077.336, 2078.154, 2078.854766666667]	[1.0, 1.0, 1.0, 1.0]	4	4.0	0.7853981633974483	2.0	R	0.0	0.0	0.0	0.0	0.0	0.0	0.0	0.0
2080.495	2.84900000000016	trials	[NaN, NaN, NaN, NaN]	[NaN, NaN, NaN, NaN]	4				R	2.5419461727142334	7.789061069488525	-2.3747620582580566	6.880227088928223	-1.3838976621627808	1.9793918132781982	-6.3283305168151855	2.7227513790130615
2084.347	3.132999999999811	trials	[2084.4486333333334, 2085.2346, 2086.2100333333333, 2086.8766666666666]	[1.0, 1.0, 1.0, 1.0]	4	4.0	0.7853981633974483	2.0	R	0.38928255438804626	-7.980893611907959	-5.866151332855225	4.028353691101074	1.007293701171875	1.804863452911377	7.864899158477783	3.16145396232605
2088.484	3.0470000000000255	trials	[2088.5849, 2089.177366666667, 2089.9673333333335, 2090.9257333333335]	[1.0, 1.0, 1.0, 1.0]	4	4.0	0.7853981633974483	2.0	R	0.0	0.0	0.0	0.0	0.0	0.0	0.0	0.0
2092.535	3.5950000000002547	trials	[NaN, NaN, NaN, NaN]	[NaN, NaN, NaN, NaN]	4				R	-3.539666175842285	1.2617226839065552	-2.641404867172241	6.180373668670654	4.204595565795898	4.652031898498535	-0.7901899218559265	4.423738479614258
2097.133	3.1649999999999636	trials	[2097.2343666666666, 2098.2649333333334, 2099.0679333333333, 2099.7215666666666]	[1.0, 1.0, 1.0, 1.0]	4	4.0	0.7853981633974483	2.0	R	-3.960930824279785	8.289796829223633	-5.373476505279541	3.493473529815674	-8.04371452331543	-0.7337988615036011	-4.094090938568115	-3.799818277359009
2101.301	2.5709999999999127	trials	[2101.4027333333333, 2102.1145, 2102.7631, 2103.382633333333]	[1.0, 1.0, 1.0, 1.0]	4	4.0	0.7853981633974483	2.0	R	0.6681225895881653	-5.3234076499938965	5.388444423675537	-3.6746013164520264	3.2461233139038086	0.8431926369667053	-1.5861233472824097	2.127479076385498
2104.875	2.711999999999989	trials	[2104.9766, 2105.7264666666665, 2106.4753333333333, 2107.0387333333333]	[1.0, 1.0, 1.0, 1.0]	4	4.0	0.7853981633974483	2.0	R	2.6125454902648926	5.687883377075195	5.744956970214844	-2.036085367202759	7.298425674438477	2.7164652347564697	2.7000110149383545	4.679774761199951
2108.591	2.769000000000233	trials	[2108.6918333333333, 2109.3795333333333, 2110.1484333333333, 2110.8070666666667]	[1.0, 1.0, 1.0, 1.0]	4	4.0	0.7853981633974483	2.0	R	-2.2978367805480957	4.826462745666504	-6.356267929077148	7.746932029724121	-3.5417091846466064	3.614346742630005	0.18022890388965607	-1.5242445468902588
2112.364	2.55600000000004	trials	[2112.4652, 2113.1629333333335, 2113.7744333333335, 2114.3729333333335]	[1.0, 1.0, 1.0, 1.0]	4	4.0	0.7853981633974483	2.0	R	-2.489993095397949	-5.751526832580566	1.1868219375610352	-2.363159656524658	3.938277006149292	1.8117049932479858	-3.5268328189849854	4.679030418395996
2115.924	2.9329999999999927	trials	[2116.0250333333333, 2116.8581, 2117.526766666667, 2118.3016666666667]	[1.0, 1.0, 1.0, 1.0]	4	4.0	0.7853981633974483	2.0	R	-8.298213005065918	3.1843953132629395	-6.925906658172607	8.006755828857422	0.7788230180740356	3.2489869594573975	-5.9385986328125	6.198902606964111
2119.861	3.0779999999999745	trials	[2119.9618, 2120.7778333333335, 2121.6239333333333, 2122.3326666666667]	[1.0, 1.0, 1.0, 1.0]	4	4.0	0.7853981633974483	2.0	R	-6.9464521408081055	1.3015327453613281	2.5107343196868896	8.163287162780762	-2.4540021419525146	7.570504665374756	-6.56433629989624	4.723548889160156
2123.943	2.7049999999999272	trials	[2124.0439333333334, 2124.787766666667, 2125.4103, 2126.1441333333332]	[1.0, 1.0, 1.0, 1.0]	4	4.0	0.7853981633974483	2.0	R	-5.82718563079834	-0.804855227470398	-1.1187688112258911	-2.4873569011688232	-0.020967721939086914	5.978158473968506	-4.996430397033691	5.483415126800537
2127.652	47.80000000000018	trials	[2127.753133333333, 2174.812933333333, NaN, NaN]	[1.0, 1.0, NaN, NaN]	4	2.0	0.7853981633974483	2.0	A	3.3595833778381348	2.7416439056396484	7.180170059204102	5.9670305252075195	2.351505756378174	4.669339179992676	-2.2880966663360596	-2.34907603263855
2176.455	2.349999999999909	trials	[2176.5562666666665, 2176.7648, 2177.4485, 2178.1512333333335]	[1.0, 1.0, 1.0, 1.0]	4	4.0	0.7853981633974483	2.0	R	3.299361228942871	2.814361095428467	-3.3890833854675293	2.160155773162842	-8.592207908630371	3.696754217147827	-6.581811428070068	-0.8812701106071472
2179.808	2.882000000000062	trials	[2179.9096, 2180.9592, 2181.6168333333335, 2182.2193333333335]	[1.0, 1.0, 1.0, 1.0]	4	4.0	0.7853981633974483	2.0	R	-3.0023891925811768	-4.372364044189453	-7.994305610656738	-4.656569480895996	-3.5362863540649414	-6.920651435852051	-2.6947412490844727	-0.362854540348053
2183.693	3.113999999999578	trials	[2183.7942333333335, 2184.572166666667, 2185.371166666667, 2186.0999666666667]	[1.0, 1.0, 1.0, 1.0]	4	4.0	0.7853981633974483	2.0	R	2.7606558799743652	-3.1236982345581055	-1.7125823497772217	6.115234375	-6.863271236419678	7.205228328704834	-6.800981521606445	2.2056164741516113
2187.81	2.6799999999998363	trials	[2187.9114666666665, 2188.664333333333, 2189.3971333333334, 2189.9655666666667]	[1.0, 1.0, 1.0, 1.0]	4	4.0	0.7853981633974483	2.0	R	-7.008469104766846	-2.790076494216919	-2.257697343826294	-4.348976135253906	3.4942336082458496	-4.1897687911987305	7.428898811340332	-7.274960994720459
2191.493	1.7550000000001091	trials	[2191.5946, 2191.944466666667, NaN, NaN]	[1.0, 1.0, NaN, NaN]	4	2.0	0.7853981633974483	2.0	F	3.682041883468628	-3.9642112255096436	-3.3407201766967773	4.260223388671875	-6.589094161987305	8.061285018920898	-2.6212892532348633	5.018831253051758
2194.251	6.808999999999742	trials	[2194.3524666666667, 2199.755866666667, NaN, NaN]	[1.0, 1.0, NaN, NaN]	4	2.0	0.7853981633974483	2.0	F	-5.761878490447998	-1.7301779985427856	4.208193302154541	1.7977374792099	1.4290499687194824	5.954221725463867	4.371682643890381	1.9118322134017944
2202.064	6.1580000000003565	trials	[2202.1648333333333, 2206.394333333333, 2207.1001, 2207.7687666666666]	[1.0, 1.0, 1.0, 1.0]	4	4.0	0.7853981633974483	2.0	R	-7.225648403167725	3.730748414993286	-8.634917259216309	-1.0665383338928223	-7.88082218170166	-6.009345054626465	-3.391970157623291	-8.211663246154785
2209.225	3.0900000000001455	trials	[2209.326633333333, 2210.267966666667, 2210.912566666667, 2211.6734333333334]	[1.0, 1.0, 1.0, 1.0]	4	4.0	0.7853981633974483	2.0	R	-0.26393622159957886	5.737596035003662	-4.538681507110596	8.331155776977539	-4.0149688720703125	3.358659029006958	6.470296382904053	-0.46466755867004395
2213.319	2.612999999999829	trials	[2213.419766666667, 2214.1435666666666, 2214.7561, 2215.3746333333333]	[1.0, 1.0, 1.0, 1.0]	4	4.0	0.7853981633974483	2.0	R	2.959618091583252	3.095548629760742	1.732420802116394	-1.7515110969543457	-3.8074450492858887	-4.938324451446533	-8.33538818359375	-0.05192454904317856
2216.936	3.0329999999999018	trials	[2217.0367666666666, 2218.0041666666666, 2218.8031333333333, 2219.420666666667]	[1.0, 1.0, 1.0, 1.0]	4	4.0	0.7853981633974483	2.0	R	1.9365724325180054	8.601693153381348	0.26255834102630615	-5.721327781677246	4.493861198425293	-8.385173797607422	0.5828487277030945	-3.587289810180664
2220.973	2.5329999999999018	trials	[2221.073766666667, 2221.7815333333333, 2222.4141, 2223.0296333333335]	[1.0, 1.0, 1.0, 1.0]	4	4.0	0.7853981633974483	2.0	R	5.014211654663086	-5.903109550476074	2.4648358821868896	-1.60186767578125	-0.5491775870323181	2.3875837326049805	2.438187837600708	-5.301809787750244
2224.509	2.798999999999978	trials	[2224.6105666666667, 2225.3804666666665, 2226.087233333333, 2226.6977333333334]	[1.0, 1.0, 1.0, 1.0]	4	4.0	0.7853981633974483	2.0	R	6.784417152404785	-2.829909324645996	5.33527946472168	1.9554851055145264	2.1295392513275146	-2.6695637702941895	-1.2014310359954834	-8.781403541564941
2228.312	2.6269999999999527	trials	[2228.413, 2229.0515666666665, 2229.6851333333334, 2230.457066666667]	[1.0, 1.0, 1.0, 1.0]	4	4.0	0.7853981633974483	2.0	R	1.9196523427963257	-4.875147342681885	-1.143412709236145	-8.827062606811523	4.293274879455566	-0.8415737152099609	-2.567800760269165	0.538903534412384
2231.943	2.7279999999996107	trials	[2232.044, 2232.7527666666665, 2233.4505, 2234.0399666666667]	[1.0, 1.0, 1.0, 1.0]	4	4.0	0.7853981633974483	2.0	R	-7.459780693054199	-6.642153263092041	-3.6567957401275635	-3.396031379699707	-7.6002655029296875	-6.469961643218994	2.6102917194366455	-3.7544500827789307
2235.674	3.13799999999992	trials	[2235.7752666666665, 2236.6955666666668, 2237.5907666666667, 2238.2825]	[1.0, 1.0, 1.0, 1.0]	4	4.0	0.7853981633974483	2.0	R	-7.761936664581299	5.079766750335693	-1.5976917743682861	-1.219358205795288	-6.453004360198975	-0.025231273844838142	-8.372038841247559	-4.642298221588135
2239.815	2.393999999999778	trials	[2239.9165666666668, 2240.526066666667, 2241.087466666667, 2241.6719]	[1.0, 1.0, 1.0, 1.0]	4	4.0	0.7853981633974483	2.0	R	-3.7763383388519287	-2.6726438999176025	-7.652545928955078	-6.612173557281494	-2.886810541152954	-8.124709129333496	-1.4691340923309326	-3.3299005031585693
2243.213	2.6599999999998545	trials	[2243.3139666666666, 2244.0608333333334, 2244.7004333333334, 2245.2929]	[1.0, 1.0, 1.0, 1.0]	4	4.0	0.7853981633974483	2.0	R	0.10312362015247345	2.985924005508423	-0.5380768775939941	8.601550102233887	-4.170473575592041	5.165608882904053	-3.9886109828948975	0.16891729831695557
2246.877	0.8919999999998254	trials	[2246.9780666666666, NaN, NaN, NaN]	[1.0, NaN, NaN, NaN]	4	1.0	0.7853981633974483	2.0	A	7.774604797363281	-5.598124027252197	8.197382926940918	1.9667365550994873	4.213446140289307	4.988035202026367	-1.17742121219635	-7.946928977966309
2248.773	2.882000000000062	trials	[2248.8738, 2249.7028333333333, 2250.3344, 2251.152433333333]	[1.0, 1.0, 1.0, 1.0]	4	4.0	0.7853981633974483	2.0	R	7.540655612945557	0.36340227723121643	7.8541083335876465	5.353567123413086	-3.81502366065979	-1.8769010305404663	0.5902693867683411	-4.241936206817627
2252.658	2.8600000000001273	trials	[2252.759433333333, 2253.5544, 2254.2681666666667, 2254.9328333333333]	[1.0, 1.0, 1.0, 1.0]	4	4.0	0.7853981633974483	2.0	R	5.587614059448242	-4.078999042510986	3.4485721588134766	0.4403483271598816	6.3601274490356445	4.505178928375244	3.990328788757324	8.90791130065918
2256.522	2.650000000000091	trials	[2256.6230333333333, 2257.3267666666666, 2258.0455666666667, 2258.6550666666667]	[1.0, 1.0, 1.0, 1.0]	4	4.0	0.7853981633974483	2.0	R	1.1831058263778687	4.7703399658203125	-3.814030408859253	4.939538478851318	-8.52522087097168	3.264817953109741	-4.673962593078613	-3.7357380390167236
2260.176	3.2760000000002947	trials	[2260.2771, 2261.5963666666667, 2262.2319333333335, 2262.8174]	[1.0, 1.0, 1.0, 1.0]	4	4.0	0.7853981633974483	2.0	R	-4.368215084075928	-8.726381301879883	0.22968325018882751	-6.7618632316589355	2.7813732624053955	-2.4227077960968018	8.908207893371582	4.693197250366211
2264.455	2.211999999999989	trials	[2264.5567, 2265.3637, NaN, NaN]	[1.0, 1.0, NaN, NaN]	4	2.0	0.7853981633974483	2.0	F	4.014297962188721	5.717718601226807	-6.023192882537842	-0.037637077271938324	-1.756007432937622	-2.6436164379119873	-7.2860283851623535	-4.798429012298584
2267.67	36.49800000000005	trials	[2267.7717, 2302.5500333333334, 2303.5745666666667, NaN]	[1.0, 1.0, 1.0, NaN]	4	3.0	0.7853981633974483	2.0	A	-4.464527606964111	6.617615222930908	8.289594650268555	1.7464265823364258	-0.6387377977371216	-6.0766143798828125	3.0168871879577637	-1.457082748413086
2305.172	3.175999999999931	trials	[2305.2727666666665, 2306.3865333333333, 2307.069233333333, 2307.767966666667]	[1.0, 1.0, 1.0, 1.0]	4	4.0	0.7853981633974483	2.0	R	3.7876956462860107	-3.7513859272003174	6.046133041381836	3.39909291267395	1.4376314878463745	1.459579586982727	0.44510698318481445	-3.440919876098633
2309.352	2.8460000000000036	trials	[2309.4531666666667, 2310.2862333333333, 2310.982933333333, 2311.6536]	[1.0, 1.0, 1.0, 1.0]	4	4.0	0.7853981633974483	2.0	R	0.9217017292976379	1.5363140106201172	-1.544090747833252	5.886011600494385	-1.7259862422943115	0.8893210887908936	-6.682733058929443	1.545568823814392
2313.201	3.02599999999984	trials	[2313.3027, 2314.0796333333333, 2314.773366666667, 2315.5673333333334]	[1.0, 1.0, 1.0, 1.0]	4	4.0	0.7853981633974483	2.0	R	3.365513563156128	-2.7336199283599854	8.556584358215332	-4.9197916984558105	7.202353000640869	-0.10667864233255386	2.6432101726531982	1.9461772441864014
2317.23	2.938999999999851	trials	[2317.3317, 2318.1246666666666, 2318.8103666666666, 2319.4810333333335]	[1.0, 1.0, 1.0, 1.0]	4	4.0	0.7853981633974483	2.0	R	4.106085300445557	6.727390289306641	0.5736909508705139	3.1887195110321045	-3.3574674129486084	0.09906017780303955	8.551520347595215	3.332768440246582
2321.172	3.1669999999999163	trials	[2321.2735, 2322.1476666666667, 2323.0439, 2323.894]	[1.0, 1.0, 1.0, 1.0]	4	4.0	0.7853981633974483	2.0	R	3.9041357040405273	-4.736119747161865	-5.2110395431518555	2.7696762084960938	-3.0937817096710205	-4.983999729156494	1.9010870456695557	-4.757533550262451
2325.343	3.0910000000003492	trials	[2325.4438333333333, 2326.2779, 2327.3686333333335, 2328.0022]	[1.0, 1.0, 1.0, 1.0]	4	4.0	0.7853981633974483	2.0	R	5.76980447769165	-7.925028324127197	-6.12882137298584	-1.0205316543579102	-5.369140148162842	-5.962482929229736	-3.3022327423095703	-0.5670812129974365
2329.438	10.534000000000106	trials	[2329.539, 2337.6742, 2338.6576333333333, 2339.4576333333334]	[1.0, 1.0, 1.0, 1.0]	4	4.0	0.7853981633974483	2.0	R	6.946146488189697	1.0294718742370605	-6.410823822021484	6.803249359130859	-2.450866460800171	3.7505884170532227	3.281663179397583	0.5350221395492554
2340.975	3.1100000000001273	trials	[2341.076666666667, 2341.9027, 2342.614466666667, 2343.4966666666664]	[1.0, 1.0, 1.0, 1.0]	4	4.0	0.7853981633974483	2.0	R	-3.8954391479492188	8.270306587219238	-6.030202865600586	3.748936891555786	-1.766871690750122	-5.028318405151367	-1.436478614807129	1.078442931175232
2345.089	2.813999999999851	trials	[2345.1898666666666, 2345.9447333333333, 2346.7006, 2347.3712666666665]	[1.0, 1.0, 1.0, 1.0]	4	4.0	0.7853981633974483	2.0	R	-0.12683479487895966	-3.746993064880371	-6.696689605712891	7.383049011230469	-2.626281261444092	4.479296684265137	-7.220009803771973	2.5050482749938965
2348.906	2.737999999999829	trials	[2349.0073333333335, 2349.5697333333333, 2350.5180666666665, 2351.1937666666668]	[1.0, 1.0, 1.0, 1.0]	4	4.0	0.7853981633974483	2.0	R	-2.8871452808380127	0.00979636237025261	7.703680515289307	1.7057695388793945	3.5965168476104736	-8.648627281188965	8.31320571899414	-6.989457607269287
2352.647	0.27300000000013824	trials	[2352.748633333333, NaN, NaN, NaN]	[1.0, NaN, NaN, NaN]	4	1.0	0.7853981633974483	2.0	A	4.7727766036987305	-3.4588253498077393	-3.445308208465576	-1.0776509046554565	-8.384627342224121	-1.8542612791061401	-4.379082679748535	6.841951370239258
2353.924	2.6019999999998618	trials	[2354.0248, 2354.738566666667, 2355.3591, 2356.013733333333]	[1.0, 1.0, 1.0, 1.0]	4	4.0	0.7853981633974483	2.0	R	0.0	0.0	2.054734230041504	-7.575419902801514	-4.693378448486328	-2.141704559326172	-0.22077704966068268	-7.901224613189697
2357.53	2.6709999999998217	trials	[2357.6307333333334, 2358.3395, 2359.0191666666665, 2359.6698]	[1.0, 1.0, 1.0, 1.0]	4	4.0	0.7853981633974483	2.0	R	-2.5291147232055664	-2.1574995517730713	-3.5419909954071045	-7.0538330078125	1.4465572834014893	-6.715622901916504	5.6890645027160645	-4.069657325744629
2361.205	3.374000000000251	trials	[2361.3058666666666, 2362.2562333333335, 2362.982033333333, 2363.9785]	[1.0, 1.0, 1.0, 1.0]	4	4.0	0.7853981633974483	2.0	R	4.682039260864258	7.033518314361572	-0.0025699359830468893	8.78121280670166	3.5193982124328613	5.232165336608887	7.910374641418457	-2.794140338897705
2365.582	15.514000000000124	trials	[2365.6837333333333, 2379.3346, 2379.9611666666665, 2380.5055333333335]	[1.0, 1.0, 1.0, 1.0]	4	4.0	0.7853981633974483	2.0	R	1.6083898544311523	-7.522914886474609	4.409555912017822	-3.3812403678894043	6.161496162414551	1.3017829656600952	3.564751148223877	5.574594020843506
2382.099	2.813999999999851	trials	[2382.200733333333, 2382.9556, 2383.6393, 2384.4192333333335]	[1.0, 1.0, 1.0, 1.0]	4	4.0	0.7853981633974483	2.0	R	-3.555274248123169	-4.021665573120117	1.4391669034957886	-4.257373809814453	8.861538887023926	-8.89044189453125	3.867675542831421	-8.642792701721191
2385.917	5.692000000000007	trials	[2386.0182, 2389.2512333333334, 2389.935933333333, 2390.5444333333335]	[1.0, 1.0, 1.0, 1.0]	4	4.0	0.7853981633974483	2.0	R	-1.207344889640808	-7.672867298126221	0.7464789748191833	-3.0704143047332764	4.651250839233398	-6.193354606628418	-1.5507292747497559	5.35183572769165
2392.613	0.8670000000001892	trials	[2392.7138333333332, NaN, NaN, NaN]	[1.0, NaN, NaN, NaN]	4	1.0	0.7853981633974483	2.0	A	-5.816531658172607	7.960078239440918	-7.406524658203125	-1.79885733127594	-7.5366530418396	-6.797163963317871	5.947124004364014	-7.41815185546875
2394.483	2.68100000000004	trials	[2394.5844666666667, 2395.2701666666667, 2395.8987333333334, 2396.5192666666667]	[1.0, 1.0, 1.0, 1.0]	4	4.0	0.7853981633974483	2.0	R	0.0	0.0	4.344623565673828	-2.4747211933135986	8.68111801147461	-4.963659763336182	-4.703057289123535	-2.7452633380889893
2398.167	3.0830000000000837	trials	[2398.2686, 2399.1247333333336, 2400.011933333333, 2400.729733333333]	[1.0, 1.0, 1.0, 1.0]	4	4.0	0.7853981633974483	2.0	R	-4.025110721588135	4.740267753601074	7.723333835601807	3.131653070449829	3.730905532836914	0.12158377468585968	8.545434951782227	-1.2276047468185425
2402.253	3.1539999999999964	trials	[2402.354766666667, 2403.1176333333333, 2403.9737666666665, 2404.8539666666666]	[1.0, 1.0, 1.0, 1.0]	4	4.0	0.7853981633974483	2.0	R	-4.680765151977539	2.530683994293213	1.412892460823059	-7.502476215362549	-8.896101951599121	-0.27024659514427185	-4.2421088218688965	-6.605218887329102
2406.411	2.83199999999988	trials	[2406.5120666666667, 2407.1476333333335, 2408.0799666666667, 2408.7135333333335]	[1.0, 1.0, 1.0, 1.0]	4	4.0	0.7853981633974483	2.0	R	-0.2343849539756775	-3.2377426624298096	-2.870173692703247	7.458441257476807	-2.957866907119751	2.4592103958129883	-2.4045581817626953	-4.541428089141846
2410.246	2.6929999999997563	trials	[2410.3476, 2411.0433333333335, 2411.719, 2412.4207333333334]	[1.0, 1.0, 1.0, 1.0]	4	4.0	0.7853981633974483	2.0	R	0.2395925372838974	2.774531841278076	-8.15204906463623	2.7358787059783936	-3.789177656173706	-2.370485544204712	-2.734606981277466	-7.2580084800720215
2413.943	2.8719999999998436	trials	[2414.0437666666667, 2414.7886, 2415.4362333333333, 2416.1379666666667]	[1.0, 1.0, 1.0, 1.0]	4	4.0	0.7853981633974483	2.0	R	0.0	0.0	0.0	0.0	0.0	0.0	0.0	0.0
2417.818	3.1719999999995707	trials	[NaN, NaN, NaN, NaN]	[NaN, NaN, NaN, NaN]	4				R	1.030930995941162	-1.8547910451889038	4.803238391876221	-5.136512756347656	4.008607387542725	-0.10256806015968323	6.989863395690918	3.911421537399292
2421.994	2.8859999999999673	trials	[2422.0947333333334, 2422.9569, 2423.589466666667, 2424.2541]	[1.0, 1.0, 1.0, 1.0]	4	4.0	0.7853981633974483	2.0	R	2.4581596851348877	6.0241594314575195	-0.9561948180198669	2.3714640140533447	-7.117400169372559	4.596533298492432	-6.650791645050049	-0.38164693117141724
2425.883	33.669000000000324	trials	[2425.9844, NaN, NaN, NaN]	[1.0, NaN, NaN, NaN]	4	1.0	0.7853981633974483	2.0	A	-2.4728667736053467	-3.128453254699707	2.119211196899414	-5.10653829574585	5.003838062286377	-1.02255380153656	2.5309815406799316	5.2123308181762695
2460.555	12.180000000000291	trials	[2460.656466666667, 2470.636233333333, 2471.4332, 2472.0457333333334]	[1.0, 1.0, 1.0, 1.0]	4	4.0	0.7853981633974483	2.0	R	4.260225296020508	0.5328443050384521	2.209143877029419	-8.866602897644043	2.8036563396453857	-3.902073383331299	2.4720544815063477	6.487081527709961
2473.739	2.7170000000000982	trials	[2473.8402, 2474.6301333333336, 2475.2918, 2475.9594666666667]	[1.0, 1.0, 1.0, 1.0]	4	4.0	0.7853981633974483	2.0	R	-2.4179158210754395	7.530245304107666	-6.626811981201172	4.8311357498168945	-2.327226161956787	2.2789676189422607	2.6693334579467773	2.093515634536743
2477.459	2.73700000000008	trials	[2477.5604333333335, 2478.266166666667, 2479.005, 2479.7649]	[1.0, 1.0, 1.0, 1.0]	4	4.0	0.7853981633974483	2.0	R	-1.5958276987075806	-6.9229350090026855	3.3986897468566895	-7.157019138336182	2.676583766937256	-2.209437370300293	1.6363672018051147	2.6811606884002686
2481.199	2.737999999999829	trials	[2481.3007, 2482.0405333333333, 2482.7844, 2483.4891333333335]	[1.0, 1.0, 1.0, 1.0]	4	4.0	0.7853981633974483	2.0	R	6.845783233642578	0.1340203881263733	4.919926166534424	4.748245716094971	0.3076706528663635	2.817676067352295	-3.3717052936553955	-0.5679098963737488
2484.941	2.631000000000313	trials	[2485.042, 2485.7357333333334, 2486.507633333333, 2487.0700333333334]	[1.0, 1.0, 1.0, 1.0]	4	4.0	0.7853981633974483	2.0	R	-4.106315612792969	-5.609448432922363	-0.5636584162712097	1.701855182647705	-4.596569538116455	-1.2537541389465332	-0.21081624925136566	1.1473220586776733
2488.576	2.9839999999999236	trials	[2488.6770333333334, 2489.4359, 2490.0825, 2490.875466666667]	[1.0, 1.0, 1.0, 1.0]	4	4.0	0.7853981633974483	2.0	R	-4.945381164550781	2.754772186279297	-7.571254253387451	-1.5002000331878662	-6.755450248718262	8.603955268859863	-0.07848643511533737	5.412045955657959
2492.564	2.00400000000036	trials	[2492.6649, 2493.486966666667, 2494.0724, NaN]	[1.0, 1.0, 1.0, NaN]	4	3.0	0.7853981633974483	2.0	A	5.319698810577393	3.9570200443267822	2.4411089420318604	-0.1312217265367508	-0.5320945978164673	-4.151179790496826	-4.308611869812012	-8.028422355651855
2495.571	3.0830000000000837	trials	[2495.6724, 2496.5315, 2497.2573, 2498.0944]	[1.0, 1.0, 1.0, 1.0]	4	4.0	0.7853981633974483	2.0	R	5.6833295822143555	5.992402076721191	8.72903823852539	-5.267189025878906	-2.84011173248291	0.07441066950559616	-3.5103225708007812	-8.91483211517334
2499.657	2.8029999999998836	trials	[2499.758533333333, 2500.5725333333335, 2501.3033666666665, 2501.9780333333333]	[1.0, 1.0, 1.0, 1.0]	4	4.0	0.7853981633974483	2.0	R	5.349743366241455	2.2962491512298584	-6.18675422668457	6.089664459228516	-1.654403567314148	3.9783148765563965	-5.613241672515869	0.9242025017738342
2503.464	0.8699999999998909	trials	[2503.564966666667, NaN, NaN, NaN]	[1.0, NaN, NaN, NaN]	4	1.0	0.7853981633974483	2.0	A	-4.306650161743164	-7.486057281494141	-6.673790454864502	5.045280456542969	-0.8531709313392639	1.4745842218399048	8.398858070373535	5.173847198486328
2505.337	2.6230000000000473	trials	[2505.438633333333, 2506.257666666667, 2506.9463666666666, 2507.4787]	[1.0, 1.0, 1.0, 1.0]	4	4.0	0.7853981633974483	2.0	R	0.34340083599090576	-5.5642924308776855	2.0113682746887207	-0.850707471370697	-0.0872650071978569	3.6875452995300293	-0.6365162134170532	-2.9078783988952637
2508.963	3.0960000000000036	trials	[2509.0646333333334, 2510.015966666667, 2510.6766333333335, 2511.2941666666666]	[1.0, 1.0, 1.0, 1.0]	4	4.0	0.7853981633974483	2.0	R	-8.820122718811035	1.0977803468704224	-4.0216145515441895	-0.30732461810112	-8.074767112731934	2.6204655170440674	4.503554344177246	8.70117473602295
2513.063	3.061999999999898	trials	[2513.1638, 2513.952766666667, 2514.8099, 2515.4134]	[1.0, 1.0, 1.0, 1.0]	4	4.0	0.7853981633974483	2.0	R	3.7835886478424072	3.753281354904175	-6.981497764587402	0.7452520132064819	-2.9609732627868652	-2.2271852493286133	4.282709121704102	8.577149391174316
2517.129	2.7470000000002983	trials	[2517.2299, 2518.0318666666667, 2518.8158333333336, 2519.4033]	[1.0, 1.0, 1.0, 1.0]	4	4.0	0.7853981633974483	2.0	R	-3.5276525020599365	3.8904473781585693	2.548166275024414	0.014843716286122799	-0.5797536373138428	3.915627956390381	-0.38057082891464233	-1.0804030895233154
2520.88	2.806999999999789	trials	[2520.9812, 2521.7962333333335, 2522.5481, 2523.1345333333334]	[1.0, 1.0, 1.0, 1.0]	4	4.0	0.7853981633974483	2.0	R	-6.507096767425537	3.391970157623291	-4.908934116363525	-1.3457378149032593	-7.357603549957275	-5.705097675323486	-3.526488780975342	-8.91797161102295
2524.69	2.7739999999998872	trials	[2524.7916666666665, 2525.4924, 2526.0688333333333, 2526.9520333333335]	[1.0, 1.0, 1.0, 1.0]	4	4.0	0.7853981633974483	2.0	R	0.6570119857788086	-6.179665565490723	3.6894922256469727	-2.204232931137085	8.660367965698242	-2.7431204319000244	-0.1073998287320137	-4.193818092346191
2528.468	3.7450000000003456	trials	[2528.569033333333, 2529.7971, 2530.6522, 2531.2567]	[1.0, 1.0, 1.0, 1.0]	4	4.0	0.7853981633974483	2.0	R	0.0	0.0	0.0	0.0	0.0	0.0	0.0	0.0
2533.217	3.656999999999698	trials	[NaN, NaN, NaN, NaN]	[NaN, NaN, NaN, NaN]	4				R	5.012379169464111	7.284878730773926	0.038860078901052475	6.770964622497559	-2.6225032806396484	-5.075009822845459	-7.146605491638184	-1.72370445728302
2537.877	2.7710000000001855	trials	[2537.9784, 2538.6991666666668, 2539.3337666666666, 2540.0585666666666]	[1.0, 1.0, 1.0, 1.0]	4	4.0	0.7853981633974483	2.0	R	1.7042968273162842	-1.8179045915603638	1.2403830289840698	-6.796336650848389	5.253963947296143	-0.319080114364624	-1.201989769935608	-8.242603302001953
2541.652	0.5889999999999418	trials	[2541.7527666666665, NaN, NaN, NaN]	[1.0, NaN, NaN, NaN]	4	1.0	0.7853981633974483	2.0	A	2.9184775352478027	-5.410333633422852	7.482166767120361	-7.453062534332275	7.476467132568359	0.03912048041820526	3.4117324352264404	2.9508097171783447
2543.244	49.802999999999884	trials	[2543.3457333333336, 2590.6992666666665, 2591.5473666666667, 2592.3714]	[1.0, 1.0, 1.0, 1.0]	4	4.0	0.7853981633974483	2.0	R	1.5475109815597534	-8.139747619628906	3.9955809116363525	-0.5453619956970215	-0.9238756895065308	-1.439199686050415	-8.003600120544434	5.788517951965332
2594.051	4.393000000000029	trials	[2594.1518333333333, 2596.2620666666667, 2597.2465, 2597.9673]	[1.0, 1.0, 1.0, 1.0]	4	4.0	0.7853981633974483	2.0	R	-3.2113471031188965	4.3622236251831055	5.310474395751953	-0.6197733283042908	5.015882968902588	6.221757888793945	0.5854703187942505	3.904120445251465
2599.448	2.61200000000008	trials	[2599.549233333333, 2600.1868, 2600.8705, 2601.5201]	[1.0, 1.0, 1.0, 1.0]	4	4.0	0.7853981633974483	2.0	R	-3.418389081954956	0.9092732071876526	-7.636778354644775	-1.7749760150909424	-2.8371334075927734	-3.1761934757232666	-2.042825698852539	2.9364235401153564
2603.064	2.8910000000000764	trials	[2603.1652, 2603.9621666666667, 2604.7962333333335, 2605.4318333333335]	[1.0, 1.0, 1.0, 1.0]	4	4.0	0.7853981633974483	2.0	R	-6.976038455963135	2.121922016143799	-6.134399890899658	-5.679222106933594	-1.2340065240859985	-6.672271251678467	1.9885950088500977	-0.035806912928819656
2606.959	2.8030000000003383	trials	[2607.0598666666665, 2607.8668666666667, 2608.5154666666667, 2609.2473]	[1.0, 1.0, 1.0, 1.0]	4	4.0	0.7853981633974483	2.0	R	6.406088829040527	-2.377974271774292	7.296817302703857	2.542046308517456	0.691965639591217	-2.838552236557007	5.681277275085449	-2.51179575920105
2610.765	3.34900000000016	trials	[2610.8663, 2611.8247, 2612.7119, 2613.411633333333]	[1.0, 1.0, 1.0, 1.0]	4	4.0	0.7853981633974483	2.0	R	8.44611644744873	1.6542173624038696	7.17015266418457	7.371885299682617	2.341588258743286	8.66994857788086	0.7075104117393494	3.9445080757141113
2615.118	3.229000000000269	trials	[2615.2191333333335, 2616.0030666666667, 2616.8261, 2617.6271]	[1.0, 1.0, 1.0, 1.0]	4	4.0	0.7853981633974483	2.0	R	-2.990731954574585	7.309474945068359	-1.536026120185852	-7.172475337982178	-7.912088871002197	4.5734663009643555	4.972649574279785	3.5034992694854736
2619.35	2.543999999999869	trials	[2619.451633333333, 2620.5162666666665, 2621.243066666667, NaN]	[1.0, 1.0, 1.0, NaN]	4	3.0	0.7853981633974483	2.0	A	8.323902130126953	7.214173793792725	3.3591082096099854	6.621872901916504	-2.63389253616333	8.774858474731445	-4.513140678405762	4.141455173492432
2622.897	2.875	trials	[2622.998433333333, 2623.8706, 2624.5673333333334, 2625.2831]	[1.0, 1.0, 1.0, 1.0]	4	4.0	0.7853981633974483	2.0	R	-7.613382816314697	8.3224458694458	-3.266446352005005	5.8517889976501465	-1.1638480424880981	-2.288876533508301	1.8733131885528564	1.682981014251709
2626.776	2.7480000000000473	trials	[2626.8770666666665, 2627.7512333333334, 2628.4088666666667, 2629.0324]	[1.0, 1.0, 1.0, 1.0]	4	4.0	0.7853981633974483	2.0	R	-7.3173394203186035	4.023891448974609	-1.9067734479904175	1.6128393411636353	-8.171683311462402	-4.542356491088867	-4.660905838012695	-8.1024751663208
2630.527	2.6419999999998254	trials	[2630.628366666667, 2631.2599333333333, 2631.9115666666667, 2632.587233333333]	[1.0, 1.0, 1.0, 1.0]	4	4.0	0.7853981633974483	2.0	R	0.07008639723062515	-6.484540939331055	5.003725528717041	-5.672626972198486	5.153454303741455	-0.6748692989349365	3.9409396648406982	4.569120407104492
2634.172	3.074000000000069	trials	[2634.2734, 2635.1044666666667, 2635.8824, 2636.588166666667]	[1.0, 1.0, 1.0, 1.0]	4	4.0	0.7853981633974483	2.0	R	-7.330179691314697	7.099142074584961	-2.92854642868042	4.727302551269531	-7.7853217124938965	6.919796466827393	-5.83902645111084	2.314154863357544
2638.249	2.1400000000003274	trials	[2638.3505333333333, 2638.590133333333, 2639.2658, 2639.915433333333]	[1.0, 1.0, 1.0, 1.0]	4	4.0	0.7853981633974483	2.0	R	-2.2323906421661377	-1.1488173007965088	1.41132390499115	2.2751197814941406	-1.6321243047714233	-5.743500709533691	2.61513352394104	-8.381834030151367
2641.392	2.9149999999999636	trials	[2641.4933333333333, 2642.2502, 2643.1143666666667, 2643.77]	[1.0, 1.0, 1.0, 1.0]	4	4.0	0.7853981633974483	2.0	R	4.876636028289795	-3.9225058555603027	4.258321285247803	1.03911554813385	8.522500991821289	-1.5717781782150269	3.644448757171631	-2.6693222522735596
2645.311	2.699000000000069	trials	[2645.4120666666668, 2646.1338666666666, 2646.8316, 2647.4691666666668]	[1.0, 1.0, 1.0, 1.0]	4	4.0	0.7853981633974483	2.0	R	-1.095999002456665	-7.644590854644775	-2.4652600288391113	-2.6752617359161377	1.362998604774475	-5.891538619995117	-6.645876884460449	-8.711902618408203
2649.013	2.7580000000002656	trials	[2649.1142333333332, 2649.5012, 2650.215, 2650.921733333333]	[1.0, 1.0, 1.0, 1.0]	4	4.0	0.7853981633974483	2.0	R	-3.861025810241699	-4.559240341186523	-8.009722709655762	-0.7970890998840332	-4.8393402099609375	-4.663440704345703	3.8131332397460938	6.1200079917907715
2652.774	2.8070000000002437	trials	[2652.8756, 2653.6054, 2654.3262, 2654.9527333333335]	[1.0, 1.0, 1.0, 1.0]	4	4.0	0.7853981633974483	2.0	R	0.0	0.0	0.0	0.0	0.0	0.0	0.0	0.0
2656.585	3.5839999999998327	trials	[NaN, NaN, NaN, NaN]	[NaN, NaN, NaN, NaN]	4				R	-5.125851631164551	0.30483493208885193	-5.981747150421143	-4.621364593505859	7.381272792816162	-7.571746826171875	3.050415515899658	5.510251998901367
2661.172	32.55000000000018	trials	[2661.2734333333333, 2692.6383, 2693.2438, NaN]	[1.0, 1.0, 1.0, NaN]	4	3.0	0.7853981633974483	2.0	A	-0.9626924395561218	8.492694854736328	-3.0293123722076416	3.93977427482605	-4.764977931976318	-0.7493049502372742	-0.520713210105896	-7.123689651489258
2694.725	2.6970000000001164	trials	[2694.8267, 2695.7209333333335, 2696.3675333333335, 2696.96]	[1.0, 1.0, 1.0, 1.0]	4	4.0	0.7853981633974483	2.0	R	3.123816967010498	3.824598550796509	4.0543928146362305	-5.148271560668945	3.993471622467041	-0.1486426740884781	4.81139612197876	4.784003734588623
2698.426	2.757000000000062	trials	[2698.5269, 2699.3058333333333, 2699.9835, 2700.6892666666668]	[1.0, 1.0, 1.0, 1.0]	4	4.0	0.7853981633974483	2.0	R	-1.2681727409362793	6.9118804931640625	-0.2504814565181732	2.016545534133911	-3.6814239025115967	7.006819248199463	-8.84167194366455	-0.06252799183130264
2702.186	2.518000000000029	trials	[2702.2872333333335, 2702.9599, 2703.6085, 2704.2210333333333]	[1.0, 1.0, 1.0, 1.0]	4	4.0	0.7853981633974483	2.0	R	-4.0073628425598145	-1.3390294313430786	-7.060013294219971	-5.298994541168213	-3.5104129314422607	-8.820405960083008	-2.1813652515411377	-4.000278472900391
2705.708	2.938999999999851	trials	[2705.8089666666665, 2706.7372666666665, 2707.4420333333333, 2708.066566666667]	[1.0, 1.0, 1.0, 1.0]	4	4.0	0.7853981633974483	2.0	R	1.3841831684112549	-7.50554084777832	-6.496060371398926	-7.602378845214844	-1.5984147787094116	-6.5958662033081055	6.719559669494629	-8.581218719482422
2709.651	2.705000000000382	trials	[2709.7517666666668, 2710.4876, 2711.154233333333, 2711.855]	[1.0, 1.0, 1.0, 1.0]	4	4.0	0.7853981633974483	2.0	R	0.0	0.0	0.0	0.0	0.0	0.0	0.0	0.0
2713.36	2.931999999999789	trials	[NaN, NaN, NaN, NaN]	[NaN, NaN, NaN, NaN]	4				R	-7.350520610809326	0.6488390564918518	-2.8649775981903076	-1.5602115392684937	7.41383695602417	-0.3238402009010315	6.024184703826904	4.479165554046631
2717.296	2.798000000000229	trials	[2717.3967333333335, 2718.1536333333333, 2718.921533333333, 2719.579166666667]	[1.0, 1.0, 1.0, 1.0]	4	4.0	0.7853981633974483	2.0	R	2.467597723007202	7.993520736694336	-3.336970329284668	-2.389706611633301	-1.5758072137832642	-7.069269180297852	-8.536566734313965	-6.981700420379639
2721.098	2.4890000000000327	trials	[2721.1991666666668, 2721.9129333333335, 2722.5084333333334, 2723.0969]	[1.0, 1.0, 1.0, 1.0]	4	4.0	0.7853981633974483	2.0	R	0.0	0.0	0.0	0.0	0.0	0.0	0.0	0.0
2724.591	4.213999999999942	trials	[NaN, NaN, NaN, NaN]	[NaN, NaN, NaN, NaN]	4				R	7.748762607574463	3.740597724914551	5.597805976867676	8.254286766052246	1.1515589952468872	5.967173099517822	-2.9767985343933105	3.1464173793792725
2729.809	2.8219999999996617	trials	[2729.9098, 2730.5463666666665, 2731.3594, 2732.005]	[1.0, 1.0, 1.0, 1.0]	4	4.0	0.7853981633974483	2.0	R	-3.2485811710357666	-1.8461905717849731	7.19462776184082	-3.636216402053833	3.137275218963623	-0.7142495512962341	-8.032075881958008	-8.023355484008789
2733.634	2.8910000000000764	trials	[2733.7353, 2734.4400333333333, 2735.0956666666666, 2735.8575666666666]	[1.0, 1.0, 1.0, 1.0]	4	4.0	0.7853981633974483	2.0	R	-4.4995808601379395	-4.484785079956055	-0.26777875423431396	-1.8217319250106812	-8.68717098236084	-4.476535797119141	2.515305757522583	-1.9053505659103394
2737.529	24.541000000000167	trials	[2737.629966666667, 2760.1127666666666, 2760.901733333333, 2761.522266666667]	[1.0, 1.0, 1.0, 1.0]	4	4.0	0.7853981633974483	2.0	R	0.0	0.0	0.0	0.0	0.0	0.0	0.0	0.0
2763.073	3.269999999999982	trials	[NaN, NaN, NaN, NaN]	[NaN, NaN, NaN, NaN]	4				R	-7.237809181213379	-0.3763628900051117	3.1095612049102783	3.8185935020446777	3.2701852321624756	-6.926955699920654	7.837575435638428	-4.892514705657959
2767.347	2.5	trials	[2767.4479666666666, 2768.0725333333335, 2768.7211333333335, 2769.3567]	[1.0, 1.0, 1.0, 1.0]	4	4.0	0.7853981633974483	2.0	R	3.2471935749053955	-2.910496711730957	8.18381118774414	-3.704101085662842	3.2629518508911133	-2.8180172443389893	8.225848197937012	-2.2100203037261963
2770.85	3.0	trials	[2770.951666666667, 2771.6835, 2772.4935, 2773.2002666666667]	[1.0, 1.0, 1.0, 1.0]	4	4.0	0.7853981633974483	2.0	R	3.4166245460510254	-0.8420407176017761	0.9427322745323181	3.903324604034424	4.789602279663086	7.097317695617676	5.936154365539551	1.861373782157898
2774.853	3.1230000000000473	trials	[2774.9546, 2775.6714, 2776.8382666666666, 2777.4347666666667]	[1.0, 1.0, 1.0, 1.0]	4	4.0	0.7853981633974483	2.0	R	-4.571165084838867	-5.932687759399414	-7.235199928283691	7.929152965545654	-5.176875591278076	3.37247633934021	-4.151425838470459	-1.5212392807006836
2778.98	2.880999999999858	trials	[2779.0808333333334, 2779.9630333333334, 2780.6287, 2781.2753]	[1.0, 1.0, 1.0, 1.0]	4	4.0	0.7853981633974483	2.0	R	-0.7927979826927185	8.049821853637695	-5.764132499694824	8.584455490112305	-2.2437233924865723	5.03386116027832	-6.477573394775391	2.374065399169922
2782.864	2.6469999999999345	trials	[2782.9655, 2783.5659666666666, 2784.2627, 2784.8912666666665]	[1.0, 1.0, 1.0, 1.0]	4	4.0	0.7853981633974483	2.0	R	-2.766228199005127	-0.9764447808265686	4.2522807121276855	1.3190311193466187	6.087423324584961	5.97007942199707	2.0029337406158447	3.0861682891845703
2786.514	2.69399999999996	trials	[2786.615566666667, 2787.419533333333, 2788.1042333333335, 2788.7328]	[1.0, 1.0, 1.0, 1.0]	4	4.0	0.7853981633974483	2.0	R	-2.7740042209625244	4.562942981719971	2.362558603286743	6.724180698394775	-1.5976353883743286	3.6718273162841797	1.0037105083465576	-0.5981844067573547
2790.211	2.800000000000182	trials	[2790.312733333333, 2791.1658333333335, 2791.8996666666667, 2792.5262333333335]	[1.0, 1.0, 1.0, 1.0]	4	4.0	0.7853981633974483	2.0	R	5.016835689544678	-3.829803228378296	-3.1357247829437256	-3.789757490158081	-1.5455894470214844	0.950650691986084	-3.411078691482544	5.589610576629639
2794.015	3.0080000000002656	trials	[2794.1161666666667, 2794.981333333333, 2795.7442, 2796.5051]	[1.0, 1.0, 1.0, 1.0]	4	4.0	0.7853981633974483	2.0	R	3.846529483795166	6.6645941734313965	1.9534074068069458	-2.237239360809326	-7.779421329498291	-5.994462490081787	-3.1798293590545654	-4.0339131355285645
2798.027	2.0299999999997453	trials	[2798.128133333333, 2798.6965333333333, 2799.4744666666666, NaN]	[1.0, 1.0, 1.0, NaN]	4	3.0	0.7853981633974483	2.0	A	0.0	0.0	0.0	0.0	0.0	0.0	0.0	0.0
2801.06	45.70600000000013	trials	[NaN, NaN, NaN, NaN]	[NaN, NaN, NaN, NaN]	4				R	-4.061078071594238	1.2728773355484009	0.9364198446273804	1.4310420751571655	-4.0259881019592285	2.0430140495300293	-8.703268051147461	3.810229539871216
2847.769	2.774000000000342	trials	[2847.8706, 2849.2831, 2849.9918666666667, NaN]	[1.0, 1.0, 1.0, NaN]	4	3.0	0.7853981633974483	2.0	A	2.566417694091797	-1.678964376449585	-7.674530029296875	-7.8872270584106445	-3.789494037628174	-4.7397685050964355	0.9620280861854553	-6.296380043029785
2851.547	6.597999999999956	trials	[2851.647966666667, NaN, NaN, NaN]	[1.0, NaN, NaN, NaN]	4	1.0	0.7853981633974483	2.0	A	0.6207934617996216	0.3082748353481293	4.88444185256958	5.333592891693115	0.8440810441970825	2.3881754875183105	-2.604137659072876	6.0089192390441895
2859.149	3.2100000000000364	trials	[2859.2498333333333, 2860.570133333333, 2861.1736, 2861.7159666666666]	[1.0, 1.0, 1.0, 1.0]	4	4.0	0.7853981633974483	2.0	R	-8.582934379577637	6.200154781341553	-5.928982734680176	1.9626387357711792	-7.148236274719238	-2.886425018310547	-0.7929395437240601	3.394127607345581
2863.362	2.6770000000001346	trials	[2863.4633, 2864.2622666666666, 2864.8667666666665, 2865.5484666666666]	[1.0, 1.0, 1.0, 1.0]	4	4.0	0.7853981633974483	2.0	R	6.8617730140686035	-0.8374468684196472	2.0424423217773438	0.4944894015789032	0.19911399483680725	-4.153320789337158	2.180168390274048	0.43747684359550476
2867.042	53.61700000000019	trials	[2867.143433333333, 2918.6252, 2919.4302, 2920.1329666666666]	[1.0, 1.0, 1.0, 1.0]	4	4.0	0.7853981633974483	2.0	R	1.1721036434173584	5.334803104400635	8.435110092163086	4.12112283706665	3.5372562408447266	5.126622676849365	-1.0615901947021484	3.16432523727417
2921.663	3.661000000000058	trials	[2921.764, 2923.1384333333335, 2924.1900333333333, 2924.8296333333333]	[1.0, 1.0, 1.0, 1.0]	4	4.0	0.7853981633974483	2.0	R	-3.9966325759887695	7.212229251861572	2.9579203128814697	-3.057878017425537	7.937790870666504	-3.5060863494873047	7.5139641761779785	1.4759182929992676
2926.327	2.8799999999996544	trials	[2926.4286, 2927.1223, 2927.7899666666667, 2928.414533333333]	[1.0, 1.0, 1.0, 1.0]	4	4.0	0.7853981633974483	2.0	R	4.479905128479004	5.450145721435547	-0.06712895631790161	3.3706068992614746	-0.40145885944366455	-4.787505626678467	-8.731590270996094	5.784336090087891
2930.211	2.524000000000342	trials	[2930.3122333333336, 2930.9367666666667, 2931.5453, 2932.140766666667]	[1.0, 1.0, 1.0, 1.0]	4	4.0	0.7853981633974483	2.0	R	-4.278041839599609	-0.341259241104126	0.08278532326221466	-2.7873141765594482	2.7288410663604736	2.463667631149292	-2.101630210876465	1.172719120979309
2933.739	3.530999999999949	trials	[2933.84, 2935.2354333333333, 2936.0595, 2936.7572333333333]	[1.0, 1.0, 1.0, 1.0]	4	4.0	0.7853981633974483	2.0	R	-7.083456516265869	-3.09525990486145	4.088760852813721	-7.521935939788818	8.998671531677246	-6.577066421508789	4.325460910797119	-4.799116611480713
2938.273	3.3179999999997563	trials	[2938.3742333333334, 2939.3396333333335, 2940.1596666666665, 2941.148133333333]	[1.0, 1.0, 1.0, 1.0]	4	4.0	0.7853981633974483	2.0	R	8.926260948181152	6.744715690612793	-3.6374223232269287	6.415390491485596	7.619633197784424	8.743875503540039	5.687706470489502	4.132188320159912
2942.595	2.736000000000331	trials	[2942.6959666666667, 2943.5300333333334, 2944.179633333333, 2944.8553333333334]	[1.0, 1.0, 1.0, 1.0]	4	4.0	0.7853981633974483	2.0	R	1.3357981443405151	6.702159881591797	1.1237930059432983	1.7066566944122314	-6.296137809753418	-2.9798738956451416	-1.147868037223816	-8.109128952026367
2946.335	2.4299999999998363	trials	[2946.4362333333333, 2947.0347333333334, 2947.6402333333335, 2948.3259333333335]	[1.0, 1.0, 1.0, 1.0]	4	4.0	0.7853981633974483	2.0	R	1.0689711570739746	-3.627429723739624	-0.7822359204292297	-8.27210807800293	2.218715190887451	-4.272821426391602	-1.2339690923690796	-0.6563352346420288
2949.769	3.2210000000000036	trials	[2949.8697666666667, 2950.9013333333332, 2951.6331333333333, 2952.4030666666667]	[1.0, 1.0, 1.0, 1.0]	4	4.0	0.7853981633974483	2.0	R	-6.333173751831055	7.579938888549805	-6.685882568359375	2.5923945903778076	-5.203863143920898	8.357481002807617	-2.9941303730010986	3.872274160385132
2953.993	2.9079999999999018	trials	[2954.0942666666665, 2954.9784666666665, 2955.6721666666667, 2956.3548666666666]	[1.0, 1.0, 1.0, 1.0]	4	4.0	0.7853981633974483	2.0	R	8.676410675048828	7.067105770111084	7.236903667449951	-5.1488447189331055	-1.2734941244125366	-6.949070453643799	-5.855339050292969	-1.359390139579773
2957.905	3.3519999999998618	trials	[2958.0059666666666, 2959.1829, 2959.9367666666667, 2960.6304666666665]	[1.0, 1.0, 1.0, 1.0]	4	4.0	0.7853981633974483	2.0	R	-2.7941079139709473	-5.31272554397583	6.659550189971924	-6.435270309448242	4.0676589012146	-0.6156474947929382	2.84723162651062	7.662020206451416
2962.261	37.740999999999985	trials	[2962.361766666667, 2999.3355666666666, NaN, NaN]	[1.0, 1.0, NaN, NaN]	4	2.0	0.7853981633974483	2.0	A	-2.542720079421997	6.973395347595215	3.517995595932007	6.292321681976318	-6.203538417816162	-0.1471281200647354	-2.1177186965942383	-3.0291547775268555
3001.006	2.2100000000000364	trials	[3001.1069333333335, 3001.3094666666666, 3002.1295, 3002.7550333333334]	[1.0, 1.0, 1.0, 1.0]	4	4.0	0.7853981633974483	2.0	R	-1.251028060913086	3.010544776916504	-5.887239933013916	1.13823664188385	-1.7795085906982422	-1.7124724388122559	-3.2613611221313477	3.0628929138183594
3004.22	2.7450000000003456	trials	[3004.3209333333334, 3005.101866666667, 3005.7264, 3006.4632333333334]	[1.0, 1.0, 1.0, 1.0]	4	4.0	0.7853981633974483	2.0	R	5.146338939666748	-2.00947642326355	7.761919021606445	3.128113031387329	3.608970880508423	5.912538051605225	-0.7025647759437561	3.3806097507476807
3007.968	2.6380000000003747	trials	[3008.069233333333, 3008.8221, 3009.5328666666665, 3010.1273333333334]	[1.0, 1.0, 1.0, 1.0]	4	4.0	0.7853981633974483	2.0	R	4.283504009246826	3.0076236724853516	0.0938122421503067	5.736448287963867	-0.5174684524536133	0.7739552855491638	2.3339450359344482	-3.333287239074707
3011.609	2.7029999999999745	trials	[3011.7102666666665, 3012.3739, 3013.1267666666668, 3013.871633333333]	[1.0, 1.0, 1.0, 1.0]	4	4.0	0.7853981633974483	2.0	R	0.0	0.0	0.0	0.0	0.0	0.0	0.0	0.0
3015.315	2.632000000000062	trials	[NaN, NaN, NaN, NaN]	[NaN, NaN, NaN, NaN]	4				R	-3.853100538253784	1.0460618734359741	2.4621052742004395	2.3905301094055176	1.240923285484314	-2.4580483436584473	-3.386711359024048	-0.5646395683288574
3018.95	2.943000000000211	trials	[3019.0515, 3019.809366666667, 3020.5863, 3021.2399333333333]	[1.0, 1.0, 1.0, 1.0]	4	4.0	0.7853981633974483	2.0	R	-4.208861351013184	5.449211120605469	-4.566930294036865	0.46204906702041626	-0.8738906383514404	8.13060188293457	-1.944885015487671	3.2466516494750977
3022.896	2.8719999999998436	trials	[3022.9973, 3023.7712, 3024.6423666666665, 3025.2458666666666]	[1.0, 1.0, 1.0, 1.0]	4	4.0	0.7853981633974483	2.0	R	-6.685490608215332	4.836197853088379	-5.128015518188477	0.0849589928984642	-7.074496746063232	-4.520604133605957	-3.0462310314178467	-1.5586661100387573
3026.772	2.7469999999998436	trials	[3026.8729, 3027.4994666666666, 3028.2242666666666, 3029.0733666666665]	[1.0, 1.0, 1.0, 1.0]	4	4.0	0.7853981633974483	2.0	R	0.6923514008522034	1.7614245414733887	-2.2278759479522705	7.128746509552002	-0.07485331594944	-6.583953857421875	4.755923748016357	-7.873757839202881
3030.523	2.9159999999997126	trials	[3030.6242, 3031.4452666666666, 3032.1570333333334, 3032.8447333333334]	[1.0, 1.0, 1.0, 1.0]	4	4.0	0.7853981633974483	2.0	R	8.783464431762695	-4.910834789276123	6.28816032409668	-0.36192354559898376	2.5840563774108887	2.9965898990631104	-3.357151746749878	8.544634819030762
3034.443	3.2159999999998945	trials	[3034.5439333333334, 3035.4391666666666, 3036.1669666666667, 3036.966966666667]	[1.0, 1.0, 1.0, 1.0]	4	4.0	0.7853981633974483	2.0	R	0.0	0.0	0.0	0.0	0.0	0.0	0.0	0.0
3038.662	2.913000000000011	trials	[NaN, NaN, NaN, NaN]	[NaN, NaN, NaN, NaN]	4				R	2.766937255859375	-7.643007755279541	1.5276775360107422	-2.799018383026123	4.200996398925781	-7.0243425369262695	1.451593041419983	-2.8481266498565674
3042.579	3.201000000000022	trials	[3042.6801333333333, 3043.4701, 3044.572833333333, 3045.1663]	[1.0, 1.0, 1.0, 1.0]	4	4.0	0.7853981633974483	2.0	R	6.401187419891357	-2.1399483680725098	2.775620222091675	1.303199052810669	-2.2129874229431152	0.9658657312393188	4.2368035316467285	-4.586345672607422
3046.783	2.5350000000003092	trials	[3046.8845666666666, 3047.0860666666667, 3047.8339333333333, 3048.6569666666664]	[1.0, 1.0, 1.0, 1.0]	4	4.0	0.7853981633974483	2.0	R	0.07294764369726181	-1.8182587623596191	7.703487873077393	4.187362194061279	2.726654052734375	4.668117523193359	8.590954780578613	-5.818532943725586
3050.321	2.7829999999999018	trials	[3050.4223666666667, 3051.1120666666666, 3051.8829666666666, 3052.5997666666667]	[1.0, 1.0, 1.0, 1.0]	4	4.0	0.7853981633974483	2.0	R	0.0	0.0	0.0	0.0	0.0	0.0	0.0	0.0
3054.108	6.054999999999836	trials	[NaN, NaN, NaN, NaN]	[NaN, NaN, NaN, NaN]	4				R	-7.056108474731445	-4.846978664398193	-2.230649709701538	-3.537419080734253	1.8941632509231567	-0.7114824056625366	-3.1027839183807373	-0.8861782550811768
3061.166	37.85999999999967	trials	[3061.2672666666667, 3097.2706333333335, 3097.8952, 3098.5758666666666]	[1.0, 1.0, 1.0, 1.0]	4	4.0	0.7853981633974483	2.0	R	4.828371524810791	3.9224483966827393	6.014601707458496	8.779696464538574	4.511882305145264	4.010856628417969	4.052923679351807	8.989748001098633
3100.03	2.1359999999999673	trials	[3100.1307333333334, 3100.8856, 3101.5603, NaN]	[1.0, 1.0, 1.0, NaN]	4	3.0	0.7853981633974483	2.0	A	-3.739495277404785	-2.7226858139038086	-6.097975254058838	3.643624782562256	-5.474852085113525	-1.3173949718475342	-5.46790075302124	-6.317389965057373
3103.169	2.0820000000003347	trials	[3103.2705333333333, 3104.1116333333334, 3104.733166666667, NaN]	[1.0, 1.0, 1.0, NaN]	4	3.0	0.7853981633974483	2.0	A	-4.558239936828613	8.077796936035156	-5.003717422485352	3.0976810455322266	-7.976119518280029	-0.9228694438934326	-7.462085247039795	-5.896376132965088
3106.255	3.2159999999998945	trials	[3106.3562, 3107.4639333333334, 3108.263933333333, 3108.864433333333]	[1.0, 1.0, 1.0, 1.0]	4	4.0	0.7853981633974483	2.0	R	3.663161039352417	-5.660948753356934	-0.15423943102359772	5.152370452880859	-5.092745304107666	5.934136867523193	-3.33866286277771	-3.7579519748687744
3110.474	2.7919999999999163	trials	[3110.5756666666666, 3111.286433333333, 3112.0603666666666, 3112.670866666667]	[1.0, 1.0, 1.0, 1.0]	4	4.0	0.7853981633974483	2.0	R	1.5602208375930786	-4.758421421051025	-7.000850200653076	0.013388363644480705	-4.756091117858887	6.3181915283203125	-4.804161071777344	1.3184226751327515
3114.27	2.675999999999931	trials	[3114.3711, 3115.0648, 3115.7364666666667, 3116.4863333333333]	[1.0, 1.0, 1.0, 1.0]	4	4.0	0.7853981633974483	2.0	R	-6.368244647979736	-3.430644989013672	-1.515640377998352	-2.2255589962005615	-6.0861430168151855	1.7762891054153442	-6.1852803230285645	-3.2227280139923096
3117.95	2.649000000000342	trials	[3118.051233333333, 3118.8542, 3119.5048333333334, 3120.1193333333335]	[1.0, 1.0, 1.0, 1.0]	4	4.0	0.7853981633974483	2.0	R	-6.366457462310791	-8.219444274902344	-3.9650580883026123	-3.8338680267333984	0.9546874165534973	-2.9416208267211914	2.1021134853363037	1.9249398708343506
3121.602	2.675000000000182	trials	[3121.7033, 3122.4281, 3123.148866666667, 3123.7614]	[1.0, 1.0, 1.0, 1.0]	4	4.0	0.7853981633974483	2.0	R	-0.5851541757583618	6.141406536102295	-3.3108322620391846	-5.569372177124023	-7.0819783210754395	-8.852428436279297	-5.671804904937744	-4.0554070472717285
3125.28	2.049999999999727	trials	[3125.3814333333335, 3126.0931666666665, 3126.7568333333334, NaN]	[1.0, 1.0, 1.0, NaN]	4	3.0	0.7853981633974483	2.0	A	1.5763392448425293	-4.704789161682129	6.5309343338012695	2.45871639251709	4.009658336639404	6.776489734649658	-0.12094981968402863	3.9590303897857666
3128.334	3.106999999999971	trials	[3128.435, 3129.4445, 3130.2164, 3130.9883333333332]	[1.0, 1.0, 1.0, 1.0]	4	4.0	0.7853981633974483	2.0	R	0.522788405418396	3.1929526329040527	-7.361642837524414	7.89698600769043	1.2595791816711426	0.23809000849723816	3.802257537841797	-4.06711483001709
3132.445	2.7779999999997926	trials	[3132.5462, 3133.3121, 3134.044933333333, 3134.589266666667]	[1.0, 1.0, 1.0, 1.0]	4	4.0	0.7853981633974483	2.0	R	-2.6980042457580566	6.158811569213867	-5.307769298553467	-4.233137130737305	-1.2775481939315796	-1.2738603353500366	-1.5275070667266846	-7.171953201293945
3136.226	2.411000000000058	trials	[3136.3276, 3136.9230666666667, 3137.6107666666667, 3138.2323]	[1.0, 1.0, 1.0, 1.0]	4	4.0	0.7853981633974483	2.0	R	1.3659608364105225	-3.0942280292510986	2.140510320663452	1.8454148769378662	-2.984994411468506	-4.585103511810303	0.7937776446342468	-1.021369457244873
3139.641	2.79300000000012	trials	[3139.7420666666667, 3140.5611, 3141.2889, 3141.948533333333]	[1.0, 1.0, 1.0, 1.0]	4	4.0	0.7853981633974483	2.0	R	0.0	0.0	0.0	0.0	0.0	0.0	0.0	0.0
3143.437	2.343000000000302	trials	[NaN, NaN, NaN, NaN]	[NaN, NaN, NaN, NaN]	4				R	-0.5180624127388	0.8256977796554565	3.0616674423217773	-2.6650805473327637	-1.3729286193847656	-4.974703311920166	3.5254223346710205	-5.97777795791626
3146.784	2.7149999999996908	trials	[3146.8848, 3147.5093333333334, 3148.183, 3148.8697]	[1.0, 1.0, 1.0, 1.0]	4	4.0	0.7853981633974483	2.0	R	2.906980037689209	-1.0161724090576172	6.175356864929199	2.7677032947540283	3.2559266090393066	6.826881408691406	5.818487167358398	-6.402318477630615
3150.503	2.7539999999999054	trials	[3150.6040333333335, 3151.3007666666667, 3152.056633333333, 3152.6390666666666]	[1.0, 1.0, 1.0, 1.0]	4	4.0	0.7853981633974483	2.0	R	7.221456050872803	-1.6031854152679443	6.160165786743164	3.2828829288482666	1.4907244443893433	5.07070779800415	8.100954055786133	6.052268028259277
3154.26	2.8109999999996944	trials	[3154.3613333333333, 3155.277633333333, 3155.9763666666668, 3156.5989]	[1.0, 1.0, 1.0, 1.0]	4	4.0	0.7853981633974483	2.0	R	3.115828275680542	6.43765115737915	0.11866101622581482	2.43552827835083	-1.1671117544174194	-2.3963232040405273	-4.191486835479736	-6.377925395965576
3158.075	3.1590000000001055	trials	[3158.1758, 3159.1462333333334, 3160.047466666667, 3160.5597333333335]	[1.0, 1.0, 1.0, 1.0]	4	4.0	0.7853981633974483	2.0	R	0.12697450816631317	-8.898022651672363	-1.431026577949524	1.9291095733642578	-5.584558963775635	-0.8544439673423767	-6.882690906524658	-5.682989597320557
3162.238	2.532000000000153	trials	[3162.3391666666666, 3162.9366333333332, 3163.5812333333333, 3164.2368666666666]	[1.0, 1.0, 1.0, 1.0]	4	4.0	0.7853981633974483	2.0	R	-2.0891294479370117	-4.261101245880127	2.876246929168701	-4.848501205444336	7.178088665008545	-7.396864891052246	2.0493104457855225	-4.675354480743408
3165.774	2.7470000000002983	trials	[3165.8749333333335, 3166.6829333333335, 3167.456866666667, 3168.0413]	[1.0, 1.0, 1.0, 1.0]	4	4.0	0.7853981633974483	2.0	R	-7.465928554534912	1.8534101247787476	0.11532570421695709	1.613877296447754	-2.5820934772491455	-2.596102476119995	-2.4870758056640625	2.4029946327209473
3169.524	2.8350000000000364	trials	[3169.625233333333, 3170.529466666667, 3171.2312333333334, 3171.8958666666667]	[1.0, 1.0, 1.0, 1.0]	4	4.0	0.7853981633974483	2.0	R	-2.7615363597869873	-2.5894668102264404	2.2316858768463135	-2.329214334487915	3.150106906890869	4.083033561706543	5.5009636878967285	8.954187393188477
3173.363	2.6849999999999454	trials	[3173.4637666666667, 3174.1785333333332, 3174.9213666666665, 3175.5609666666664]	[1.0, 1.0, 1.0, 1.0]	4	4.0	0.7853981633974483	2.0	R	3.003117561340332	4.6228179931640625	-7.310509204864502	0.8819963335990906	-2.929086208343506	-1.526972770690918	-4.305240154266357	3.2799181938171387
3177.052	2.6289999999999054	trials	[3177.1529333333333, 3177.8616666666667, 3178.541366666667, 3179.205]	[1.0, 1.0, 1.0, 1.0]	4	4.0	0.7853981633974483	2.0	R	0.4776143431663513	4.7374162673950195	-4.515871524810791	4.992557525634766	-5.143551826477051	0.03211231529712677	-7.127363204956055	-4.557494640350342
3180.685	2.7029999999999745	trials	[3180.7859333333336, 3181.5007, 3182.1383, 3182.7999333333332]	[1.0, 1.0, 1.0, 1.0]	4	4.0	0.7853981633974483	2.0	R	0.0	0.0	0.0	0.0	0.0	0.0	0.0	0.0
3184.392	3.0109999999999673	trials	[NaN, NaN, NaN, NaN]	[NaN, NaN, NaN, NaN]	4				R	-0.22948011755943298	-1.266601800918579	0.5830170512199402	-6.2001447677612305	5.5828399658203125	-6.2422075271606445	0.876312255859375	-4.554429531097412
3188.407	9.413000000000011	trials	[3188.5081, 3195.8744, 3196.6002, 3197.2127]	[1.0, 1.0, 1.0, 1.0]	4	4.0	0.7853981633974483	2.0	R	5.619210720062256	-2.9717369079589844	-1.9873954057693481	-3.8914337158203125	-1.6284735202789307	-8.878534317016602	-3.2956347465515137	-4.164664268493652
3198.824	2.6039999999998145	trials	[3198.9249666666665, 3199.642733333333, 3200.3013666666666, 3200.8497333333335]	[1.0, 1.0, 1.0, 1.0]	4	4.0	0.7853981633974483	2.0	R	1.3198981285095215	1.604625940322876	1.377376675605774	-3.3950436115264893	5.17710018157959	-6.64498233795166	-5.465146541595459	-8.024898529052734
3202.432	2.536000000000058	trials	[3202.5329333333334, 3203.2066, 3203.8371666666667, 3204.449666666667]	[1.0, 1.0, 1.0, 1.0]	4	4.0	0.7853981633974483	2.0	R	0.0	0.0	0.0	0.0	0.0	0.0	0.0	0.0
3205.971	3.08199999999988	trials	[NaN, NaN, NaN, NaN]	[NaN, NaN, NaN, NaN]	4				R	0.0	0.0	0.0	0.0	0.0	0.0	0.0	0.0
3210.057	2.637000000000171	trials	[NaN, NaN, NaN, NaN]	[NaN, NaN, NaN, NaN]	4				R	-3.372527837753296	4.054815769195557	0.6122115254402161	-0.4229746162891388	5.11368465423584	-2.5993800163269043	1.9859507083892822	1.3015533685684204
3213.698	2.575000000000273	trials	[3213.7988666666665, 3214.4976333333334, 3215.306633333333, 3215.839933333333]	[1.0, 1.0, 1.0, 1.0]	4	4.0	0.7853981633974483	2.0	R	6.298257350921631	-1.2290613651275635	2.066244125366211	7.961522579193115	2.4621474742889404	2.1499125957489014	2.524221420288086	-2.8497021198272705
3217.277	2.73700000000008	trials	[3217.3777666666665, 3218.2519333333335, 3218.892533333333, 3219.49]	[1.0, 1.0, 1.0, 1.0]	4	4.0	0.7853981633974483	2.0	R	7.272937297821045	5.293605804443359	2.481867551803589	6.723868370056152	-2.3166534900665283	5.318808078765869	-6.110469341278076	2.0619750022888184
3221.018	2.7829999999999018	trials	[3221.1190666666666, 3221.7656666666667, 3222.5937, 3223.2272666666668]	[1.0, 1.0, 1.0, 1.0]	4	4.0	0.7853981633974483	2.0	R	-5.206009387969971	-2.8555397987365723	-2.4196279048919678	-7.007175445556641	-8.605557441711426	-5.609691619873047	-8.06441879272461	1.9141526222229004
3224.804	2.518000000000029	trials	[3224.9054333333333, 3225.4849, 3226.077366666667, 3226.7771]	[1.0, 1.0, 1.0, 1.0]	4	4.0	0.7853981633974483	2.0	R	-3.6608169078826904	-0.4540308117866516	1.2972873449325562	0.19188019633293152	-6.055417060852051	5.135103225708008	-1.0759035348892212	5.587258815765381
3228.326	2.480000000000018	trials	[3228.4272, 3228.859266666667, 3229.6402, 3230.3038666666666]	[1.0, 1.0, 1.0, 1.0]	4	4.0	0.7853981633974483	2.0	R	-0.8114773035049438	0.5942560434341431	-4.226955413818359	-4.582581043243408	1.4899353981018066	3.4662959575653076	-2.3049893379211426	0.21075521409511566
3231.81	2.561000000000149	trials	[3231.9108333333334, 3232.5714666666668, 3233.292266666667, 3233.9429]	[1.0, 1.0, 1.0, 1.0]	4	4.0	0.7853981633974483	2.0	R	2.638354539871216	-0.5398123264312744	8.56849479675293	-7.465327739715576	5.762455463409424	-3.326953649520874	6.965733528137207	1.5260993242263794
3235.374	2.5690000000004147	trials	[3235.4757, 3236.2035, 3236.8330666666666, 3237.4836666666665]	[1.0, 1.0, 1.0, 1.0]	4	4.0	0.7853981633974483	2.0	R	2.6502349376678467	4.051267623901367	4.196578025817871	8.806140899658203	-0.6476289629936218	7.56773042678833	-3.2814977169036865	3.3177027702331543
3238.946	2.7460000000000946	trials	[3239.0475666666666, 3239.8325, 3240.431, 3241.1106666666665]	[1.0, 1.0, 1.0, 1.0]	4	4.0	0.7853981633974483	2.0	R	5.297427654266357	6.38693904876709	1.4936410188674927	3.141757011413574	8.73865032196045	-0.5826184749603271	-4.6147308349609375	-1.9030522108078003
3242.696	3.119999999999891	trials	[3242.7968666666666, 3244.071033333333, 3244.682533333333, 3245.2860333333333]	[1.0, 1.0, 1.0, 1.0]	4	4.0	0.7853981633974483	2.0	R	8.202567100524902	-2.8312439918518066	3.6888482570648193	-0.6803513169288635	-1.2165217399597168	0.2878141403198242	3.2867729663848877	-1.8848196268081665
3246.82	2.7159999999998945	trials	[3246.9211, 3247.6459, 3248.4368666666664, 3249.0293333333334]	[1.0, 1.0, 1.0, 1.0]	4	4.0	0.7853981633974483	2.0	R	-1.294791340827942	-6.1147894859313965	3.7010490894317627	-6.318697929382324	5.878122806549072	-1.817548394203186	1.211927890777588	-4.480802536010742
3250.539	2.8209999999999127	trials	[3250.6403333333333, 3251.341066666667, 3252.1851666666666, 3252.8758666666668]	[1.0, 1.0, 1.0, 1.0]	4	4.0	0.7853981633974483	2.0	R	-3.77595853805542	-7.665752410888672	4.47419548034668	4.808938503265381	1.5772110223770142	0.7337108254432678	1.2556458711624146	5.72335958480835
3254.364	2.8409999999998945	trials	[3254.4648333333334, 3255.3490333333334, 3256.146, 3256.682333333333]	[1.0, 1.0, 1.0, 1.0]	4	4.0	0.7853981633974483	2.0	R	-7.956143379211426	0.45666512846946716	-7.983728885650635	-6.655602931976318	-4.643065929412842	-2.935391664505005	-6.00851583480835	-7.745334148406982
3258.208	2.8449999999998	trials	[3258.309366666667, 3258.937933333333, 3259.8171, 3260.4306333333334]	[1.0, 1.0, 1.0, 1.0]	4	4.0	0.7853981633974483	2.0	R	0.8665900230407715	-1.857471227645874	2.721811294555664	8.60393238067627	-2.215833902359009	7.816746234893799	0.22899258136749268	-3.1717185974121094
3262.057	1.5300000000002	trials	[3262.1579333333334, 3262.9248333333335, NaN, NaN]	[1.0, 1.0, NaN, NaN]	4	2.0	0.7853981633974483	2.0	A	4.207208633422852	3.5982089042663574	-5.2593159675598145	6.911442279815674	5.2217698097229	5.584103107452393	0.23972263932228088	5.1607770919799805
3264.591	2.4549999999999272	trials	[3264.6922, 3265.2526, 3265.887166666667, 3266.572866666667]	[1.0, 1.0, 1.0, 1.0]	4	4.0	0.7853981633974483	2.0	R	-2.7796764373779297	2.5696239471435547	2.193120241165161	3.0904815196990967	-4.496786117553711	-7.025654315948486	-0.8662257194519043	-3.5877726078033447
3268.05	2.5670000000000073	trials	[3268.1508, 3268.9427666666666, 3269.4690666666665, 3270.1136666666666]	[1.0, 1.0, 1.0, 1.0]	4	4.0	0.7853981633974483	2.0	R	3.0760176181793213	-6.663275241851807	7.655436038970947	-4.6560564041137695	6.775206565856934	0.26585331559181213	2.099322557449341	-4.4582014083862305
3271.62	2.8340000000002874	trials	[3271.721666666667, 3272.5346666666665, 3273.259466666667, 3273.87]	[1.0, 1.0, 1.0, 1.0]	4	4.0	0.7853981633974483	2.0	R	0.0	0.0	0.0	0.0	0.0	0.0	0.0	0.0
3275.458	3.086999999999989	trials	[NaN, NaN, NaN, NaN]	[NaN, NaN, NaN, NaN]	4				R	7.158825874328613	5.134516716003418	8.9461030960083	-1.091242790222168	4.255889892578125	0.6413569450378418	-0.7792582511901855	-8.523480415344238
3279.548	2.799000000000433	trials	[3279.6493333333333, 3280.3972, 3281.1761333333334, 3281.862833333333]	[1.0, 1.0, 1.0, 1.0]	4	4.0	0.7853981633974483	2.0	R	0.0	0.0	0.0	0.0	0.0	0.0	0.0	0.0
3283.351	2.961999999999989	trials	[NaN, NaN, NaN, NaN]	[NaN, NaN, NaN, NaN]	4				R	-0.7290992140769958	-1.8732050657272339	-2.537147283554077	2.788443088531494	-5.048786163330078	-3.5633139610290527	-2.4537012577056885	3.8857975006103516
3287.316	2.57300000000032	trials	[3287.4176, 3288.1023, 3288.778, 3289.4155666666666]	[1.0, 1.0, 1.0, 1.0]	4	4.0	0.7853981633974483	2.0	R	2.2702255249023438	5.524246692657471	4.974743843078613	-1.9472788572311401	-3.0844223499298096	-4.171407222747803	1.977920651435852	-7.708747863769531
3290.892	2.375	trials	[3290.9935, 3291.5408666666667, 3292.1874666666668, 3292.7528666666667]	[1.0, 1.0, 1.0, 1.0]	4	4.0	0.7853981633974483	2.0	R	0.0	0.0	0.0	0.0	0.0	0.0	0.0	0.0
3294.271	3.605999999999767	trials	[NaN, NaN, NaN, NaN]	[NaN, NaN, NaN, NaN]	4				R	1.3518009185791016	-1.7338370084762573	-4.641811847686768	8.3302640914917	2.9086496829986572	-2.9494800567626953	-1.8932939767837524	-4.342798709869385
3298.88	14.481999999999971	trials	[3298.981333333333, 3312.0587666666665, NaN, NaN]	[1.0, 1.0, NaN, NaN]	4	2.0	0.7853981633974483	2.0	F	-0.17282333970069885	6.393400192260742	-4.822404861450195	8.232255935668945	-5.442252159118652	3.2708256244659424	-8.606026649475098	-1.3191777467727661
3314.366	2.487999999999829	trials	[3314.4667666666664, 3315.667733333333, 3316.3324, NaN]	[1.0, 1.0, 1.0, NaN]	4	3.0	0.7853981633974483	2.0	A	-4.138320446014404	-5.858604431152344	-6.9978837966918945	-1.3287243843078613	-3.3030612468719482	-4.697446346282959	-2.4184746742248535	4.625739097595215
3317.857	4.2590000000000146	trials	[3317.9584333333332, 3319.6105333333335, 3320.9669, 3321.5583666666666]	[1.0, 1.0, 1.0, 1.0]	4	4.0	0.7853981633974483	2.0	R	1.6883037090301514	-4.991176128387451	-5.977401256561279	-1.1122851371765137	-7.0156426429748535	-6.003303050994873	-3.976339817047119	0.6614864468574524
3323.119	3.0949999999998	trials	[3323.2204666666667, 3323.900166666667, 3324.6029, 3325.354766666667]	[1.0, 1.0, 1.0, 1.0]	4	4.0	0.7853981633974483	2.0	R	0.8287733793258667	-0.7208616733551025	-1.5226447582244873	3.6917150020599365	-6.451173782348633	8.681787490844727	5.702824592590332	4.979454040527344
3327.217	1.4769999999998618	trials	[3327.3186666666666, 3327.9492333333333, NaN, NaN]	[1.0, 1.0, NaN, NaN]	4	2.0	0.7853981633974483	2.0	A	0.916858434677124	3.532205581665039	-5.399665832519531	-8.943439483642578	-3.49225115776062	-3.2197647094726562	-0.13529491424560547	-6.9252800941467285
3329.698	3.8030000000003383	trials	[3329.7988, 3331.5070333333333, 3332.1105333333335, 3332.9987666666666]	[1.0, 1.0, 1.0, 1.0]	4	4.0	0.7853981633974483	2.0	R	-5.413468360900879	-1.0119996070861816	-6.967089653015137	-5.764500141143799	1.0639585256576538	6.358945369720459	-3.328760862350464	1.2420361042022705
3334.505	3.16399999999976	trials	[3334.6057333333333, 3335.364633333333, 3336.2508333333335, 3337.0999333333334]	[1.0, 1.0, 1.0, 1.0]	4	4.0	0.7853981633974483	2.0	R	-7.330623626708984	-2.62581729888916	3.635221481323242	-5.949190616607666	-5.0267181396484375	2.138540267944336	-5.120525360107422	-2.8605797290802
3338.673	2.781000000000404	trials	[3338.7741, 3339.6893666666665, 3340.3008666666665, 3341.018666666667]	[1.0, 1.0, 1.0, 1.0]	4	4.0	0.7853981633974483	2.0	R	-3.4506564140319824	-8.740050315856934	-7.912286281585693	-5.364736557006836	-7.281697750091553	2.2244815826416016	-3.4445266723632812	-0.981156587600708
3342.457	2.811000000000149	trials	[3342.5585, 3343.4467, 3344.1925333333334, 3344.784]	[1.0, 1.0, 1.0, 1.0]	4	4.0	0.7853981633974483	2.0	R	7.896646499633789	6.573094844818115	3.71081805229187	3.838347911834717	-0.7458953857421875	6.104998588562012	-4.9431962966918945	3.387892246246338
3346.272	3.0039999999999054	trials	[3346.372966666667, 3347.3985, 3348.0391, 3348.6426]	[1.0, 1.0, 1.0, 1.0]	4	4.0	0.7853981633974483	2.0	R	2.8192405700683594	-8.546770095825195	4.135637283325195	-3.7231714725494385	0.5226231217384338	-0.2668541967868805	6.486729621887207	7.108155727386475
3350.28	2.5729999999998654	trials	[3350.3809, 3351.094666666667, 3351.7042, 3352.2665666666667]	[1.0, 1.0, 1.0, 1.0]	4	4.0	0.7853981633974483	2.0	R	1.8185802698135376	5.316959857940674	-2.956589937210083	3.8344790935516357	-7.950729846954346	3.5924761295318604	-0.0068148719146847725	7.240440845489502
3353.857	1.849999999999909	trials	[3353.957766666667, 3354.6665333333335, 3355.236966666667, NaN]	[1.0, 1.0, 1.0, NaN]	4	3.0	0.7853981633974483	2.0	A	-4.623239994049072	5.319863319396973	-0.030250685289502144	3.3096466064453125	8.82494831085205	1.5687967538833618	4.976233959197998	4.7605671882629395
3356.711	8.253000000000156	trials	[3356.8118666666664, 3363.0403333333334, 3363.7370666666666, 3364.3896666666665]	[1.0, 1.0, 1.0, 1.0]	4	4.0	0.7853981633974483	2.0	R	1.7685823440551758	7.974858283996582	-3.1402509212493896	7.024407863616943	-7.862802982330322	5.38200044631958	-8.809616088867188	0.47246429324150085
3365.968	3.19800000000032	trials	[3366.0688333333333, 3367.2688333333335, 3367.9034, 3368.5209333333332]	[1.0, 1.0, 1.0, 1.0]	4	4.0	0.7853981633974483	2.0	R	-6.101393222808838	-3.730573892593384	-4.163740158081055	0.9067344665527344	-6.0237555503845215	-3.7344231605529785	6.964888095855713	-4.315176010131836
3370.169	2.5450000000000728	trials	[3370.270266666667, 3370.9569666666666, 3371.6376666666665, 3372.2512]	[1.0, 1.0, 1.0, 1.0]	4	4.0	0.7853981633974483	2.0	R	-1.1646530628204346	-5.876332759857178	-1.3610838651657104	0.6395139098167419	-6.758786678314209	-4.565980911254883	-2.0335628986358643	-2.931276321411133
3373.718	2.643000000000029	trials	[3373.8190666666665, 3374.5378666666666, 3375.1824666666666, 3375.8701666666666]	[1.0, 1.0, 1.0, 1.0]	4	4.0	0.7853981633974483	2.0	R	-7.025577545166016	-3.2137489318847656	-1.1399226188659668	-8.424261093139648	-2.2582814693450928	-0.76944500207901	-4.681855201721191	-5.142806529998779
3377.365	16.72900000000027	trials	[3377.4661333333333, 3392.9345333333335, NaN, NaN]	[1.0, 1.0, NaN, NaN]	4	2.0	0.7853981633974483	2.0	A	-5.138462543487549	5.007622718811035	5.6240925788879395	-0.6868833899497986	5.578462600708008	4.312908172607422	1.5465316772460938	1.3559614419937134
3395.098	3.44399999999996	trials	[3395.1991333333335, 3396.3550333333333, 3396.9886, 3397.6662666666666]	[1.0, 1.0, 1.0, 1.0]	4	4.0	0.7853981633974483	2.0	R	7.013095378875732	4.1163105964660645	2.041454792022705	3.584531307220459	-4.766070365905762	-3.238959550857544	5.628955841064453	6.051246166229248
3399.546	0.22200000000020736	trials	[3399.6472, NaN, NaN, NaN]	[1.0, NaN, NaN, NaN]	4	1.0	0.7853981633974483	2.0	A	1.6110057830810547	3.0753297805786133	5.6665825843811035	8.273444175720215	8.232375144958496	-5.815304756164551	3.9598639011383057	-3.218066930770874
3400.771	1.9710000000000036	trials	[3400.8722333333335, 3401.8617, NaN, NaN]	[1.0, 1.0, NaN, NaN]	4	2.0	0.7853981633974483	2.0	A	7.995028495788574	8.4180326461792	5.110645294189453	-5.044397830963135	-0.8835754990577698	-6.7032790184021	3.6754672527313232	-8.756357192993164
3403.745	2.5579999999999927	trials	[3403.8466, 3404.0481, 3404.9423333333334, 3405.7202666666667]	[1.0, 1.0, 1.0, 1.0]	4	4.0	0.7853981633974483	2.0	R	0.8489800691604614	-2.429400682449341	-4.193342208862305	3.229151964187622	-3.356318473815918	-1.700289249420166	4.232673645019531	3.0140492916107178
3407.306	3.3840000000000146	trials	[3407.4074666666666, 3408.406933333333, 3409.1527666666666, 3409.9598]	[1.0, 1.0, 1.0, 1.0]	4	4.0	0.7853981633974483	2.0	R	8.12526798248291	6.152154922485352	3.8529231548309326	8.749666213989258	-3.394648313522339	2.0684828758239746	5.47788667678833	-1.962591528892517
3411.693	2.744999999999891	trials	[3411.7943333333333, 3412.6093666666666, 3413.3021, 3413.8805333333335]	[1.0, 1.0, 1.0, 1.0]	4	4.0	0.7853981633974483	2.0	R	0.14594733715057373	-7.002002239227295	5.1237993240356445	-6.531905174255371	0.76422119140625	-4.083624362945557	1.998307228088379	4.696740627288818
3415.441	2.729000000000269	trials	[3415.5426333333335, 3416.2995333333333, 3417.111533333333, 3417.669933333333]	[1.0, 1.0, 1.0, 1.0]	4	4.0	0.7853981633974483	2.0	R	-5.393094539642334	4.455629348754883	-5.8206095695495605	-0.5260603427886963	-3.0144739151000977	-4.664369583129883	-6.046513557434082	-8.640138626098633
3419.174	2.7400000000002365	trials	[3419.2749, 3419.9856666666665, 3420.7415666666666, 3421.3460333333333]	[1.0, 1.0, 1.0, 1.0]	4	4.0	0.7853981633974483	2.0	R	-5.568366527557373	-3.663053274154663	-0.7482367157936096	-2.3340132236480713	-5.64517068862915	-3.343982458114624	-8.26727294921875	1.7984809875488281
3422.918	4.7280000000000655	trials	[3423.0192, 3425.870266666667, 3426.5229, 3427.193566666667]	[1.0, 1.0, 1.0, 1.0]	4	4.0	0.7853981633974483	2.0	R	0.3451894223690033	0.18949246406555176	4.8427734375	-1.9949383735656738	1.3936039209365845	1.624899983406067	4.291898250579834	5.6991963386535645
3428.649	3.162000000000262	trials	[3428.750433333333, 3429.5404, 3430.3103, 3431.2636666666667]	[1.0, 1.0, 1.0, 1.0]	4	4.0	0.7853981633974483	2.0	R	-0.7078099846839905	5.753212928771973	-3.570160150527954	1.6535844802856445	8.076380729675293	7.739444255828857	5.3496599197387695	3.5483829975128174
3432.815	2.9850000000001273	trials	[3432.9157666666665, 3433.7157666666667, 3434.4225, 3435.1743666666666]	[1.0, 1.0, 1.0, 1.0]	4	4.0	0.7853981633974483	2.0	R	3.5111231803894043	8.198090553283691	-0.5488928556442261	5.2798261642456055	-5.606705665588379	8.713667869567871	1.2117992639541626	8.993247032165527
3436.803	2.5950000000002547	trials	[3436.904666666667, 3437.443, 3438.140733333333, 3438.9106333333334]	[1.0, 1.0, 1.0, 1.0]	4	4.0	0.7853981633974483	2.0	R	-1.4955241680145264	4.7896294593811035	-6.073746204376221	2.779684066772461	-6.215142726898193	-2.2183163166046143	-1.2167452573776245	-4.749411106109619
3440.401	3.1849999999999454	trials	[3440.5026, 3441.663466666667, 3442.3622333333333, 3443.1541666666667]	[1.0, 1.0, 1.0, 1.0]	4	4.0	0.7853981633974483	2.0	R	1.5323251485824585	-8.925846099853516	6.532101631164551	-8.973132133483887	4.044227123260498	-4.636026859283447	3.493485927581787	0.3335489332675934
3444.59	22.409999999999854	trials	[3444.691, 3465.4956333333334, 3466.4259333333334, NaN]	[1.0, 1.0, 1.0, NaN]	4	3.0	0.7853981633974483	2.0	A	6.004158973693848	-5.503115653991699	-6.1801862716674805	-6.805510520935059	-4.1551642417907715	2.18472957611084	-5.016397953033447	-2.740539789199829
3468.004	5.550000000000182	trials	[3468.1051, 3471.5125666666668, 3472.4078, 3472.9742]	[1.0, 1.0, 1.0, 1.0]	4	4.0	0.7853981633974483	2.0	R	0.0	0.0	0.0	0.0	0.0	0.0	0.0	0.0
3474.557	5.29300000000012	trials	[NaN, NaN, NaN, NaN]	[NaN, NaN, NaN, NaN]	4				R	-5.440957546234131	-1.0805721282958984	2.6829755306243896	-4.709521770477295	6.619717121124268	-7.792064189910889	5.528487205505371	-2.91259503364563
3480.854	2.5150000000003274	trials	[3480.955, 3481.6176333333333, 3482.2181333333333, 3482.8908]	[1.0, 1.0, 1.0, 1.0]	4	4.0	0.7853981633974483	2.0	R	1.622349500656128	2.0919461250305176	1.906073808670044	7.083889484405518	-2.0259883403778076	0.7996975779533386	1.2179067134857178	-3.0051865577697754
3484.373	6.971999999999753	trials	[3484.4737333333333, 3489.4471, 3490.2260333333334, 3490.8966666666665]	[1.0, 1.0, 1.0, 1.0]	4	4.0	0.7853981633974483	2.0	R	-2.8401544094085693	5.808522701263428	-7.791934967041016	5.115794658660889	-5.848151683807373	0.5090923309326172	-3.307948350906372	-3.7975730895996094
3492.348	2.8170000000000073	trials	[3492.4495333333334, 3493.2866, 3493.9101666666666, 3494.5277]	[1.0, 1.0, 1.0, 1.0]	4	4.0	0.7853981633974483	2.0	R	0.0	0.0	0.0	0.0	0.0	0.0	0.0	0.0
3496.169	8.117999999999938	trials	[NaN, NaN, NaN, NaN]	[NaN, NaN, NaN, NaN]	4				R	3.553297281265259	0.9041567444801331	-1.431592345237732	4.909276962280273	-0.7399568557739258	-0.39633357524871826	-7.268641948699951	1.118257761001587
3505.29	2.4479999999998654	trials	[3505.391666666667, 3505.7355333333335, 3506.640766666667, 3507.2152]	[1.0, 1.0, 1.0, 1.0]	4	4.0	0.7853981633974483	2.0	R	-2.3484017848968506	0.22874324023723602	-0.22226212918758392	-4.296688079833984	3.313718557357788	-0.7616010308265686	5.931454181671143	4.713449954986572
3508.741	25.045000000000073	trials	[3508.8422333333333, 3531.8303, 3532.4879333333333, 3533.264833333333]	[1.0, 1.0, 1.0, 1.0]	4	4.0	0.7853981633974483	2.0	R	1.1509979963302612	3.2481048107147217	-6.916566848754883	4.031776428222656	4.406989097595215	2.7687981128692627	1.296839952468872	6.683765888214111
3534.79	3.5399999999999636	trials	[3534.8909, 3536.2953666666667, 3537.2136666666665, 3537.8542333333335]	[1.0, 1.0, 1.0, 1.0]	4	4.0	0.7853981633974483	2.0	R	0.0	0.0	0.0	0.0	0.0	0.0	0.0	0.0
3539.334	8.809000000000196	trials	[NaN, NaN, NaN, NaN]	[NaN, NaN, NaN, NaN]	4				R	7.261729717254639	5.504684925079346	2.3726272583007812	4.457460403442383	2.239856243133545	-0.5407763123512268	2.1737167835235596	4.713558673858643
3549.146	2.826000000000022	trials	[3549.247533333333, 3550.0715666666665, 3550.8124, 3551.461]	[1.0, 1.0, 1.0, 1.0]	4	4.0	0.7853981633974483	2.0	R	-1.1036046743392944	8.489689826965332	-4.473789215087891	4.796201229095459	-5.570490837097168	-0.08204080909490585	-4.776039123535156	-5.018521785736084
3552.976	2.9919999999997344	trials	[3553.0770333333335, 3553.852966666667, 3554.5146, 3555.1542]	[1.0, 1.0, 1.0, 1.0]	4	4.0	0.7853981633974483	2.0	R								
