onset	duration	nwb_table	go_cue_time_array	target_id	num_targets	num_attempted	target_dir	target_size	result	target_1_x_position	target_1_y_position	target_2_x_position	target_2_y_position	target_3_x_position	target_3_y_position	target_4_x_position	target_4_y_position
10.303	3.7719999999999985	trials	[10.404366666666666, 11.335666666666667, 12.3552, 13.205333333333334]	[1.0, 1.0, 1.0, 1.0]	4	4.0	0.7853981633974483	2.0	R	0.0	0.0	0.0	0.0	0.0	0.0	0.0	0.0
15.079	14.328	trials	[NaN, NaN, NaN, NaN]	[NaN, NaN, NaN, NaN]	4				R	0.0	0.0	0.0	0.0	0.0	0.0	0.0	0.0
30.41	3.483999999999998	trials	[NaN, NaN, NaN, NaN]	[NaN, NaN, NaN, NaN]	4				R	4.195525169372559	2.061292886734009	-2.07720685005188	0.9206922650337219	4.817605018615723	-4.038713455200195	3.3186731338500977	0.7313185334205627
34.897	3.0189999999999984	trials	[34.9984, 35.9538, 36.61143333333333, 37.38033333333333]	[1.0, 1.0, 1.0, 1.0]	4	4.0	0.7853981633974483	2.0	R	-1.5612245798110962	8.083064079284668	-6.560719013214111	8.011981964111328	-5.328872203826904	3.1661019325256348	-4.799382209777832	8.498181343078613
38.919	1.7420000000000044	trials	[39.0204, 39.2239, 40.079033333333335, NaN]	[1.0, 1.0, 1.0, NaN]	4	3.0	0.7853981633974483	2.0	A	-4.449546813964844	3.510434627532959	-3.0907342433929443	-1.301387071609497	-8.039106369018555	-0.5847206115722656	-3.3453521728515625	-2.3077032566070557
41.665	2.788000000000004	trials	[41.7662, 42.39276666666667, 42.990233333333336, 43.679966666666665]	[1.0, 1.0, 1.0, 1.0]	4	4.0	0.7853981633974483	2.0	R	-3.225985288619995	1.7973318099975586	-8.225809097290039	1.7553365230560303	-3.3144643306732178	0.8179495334625244	1.5281661748886108	6.086913108825684
45.456	4.300999999999995	trials	[45.557633333333335, 47.698933333333336, 48.55206666666667, 49.2147]	[1.0, 1.0, 1.0, 1.0]	4	4.0	0.7853981633974483	2.0	R	8.695777893066406	6.728326797485352	5.9850640296936035	2.52689528465271	2.8244338035583496	6.401223182678223	-0.2739565372467041	2.476942777633667
50.761	7.555999999999997	trials	[50.8618, 56.2321, 57.006033333333335, 57.654666666666664]	[1.0, 1.0, 1.0, 1.0]	4	4.0	0.7853981633974483	2.0	R	4.601565837860107	3.670424699783325	-0.1884348839521408	2.236586570739746	4.362486362457275	4.3076043128967285	-0.035183459520339966	6.6867852210998535
59.321	2.8060000000000045	trials	[59.42203333333333, 60.27113333333333, 60.89066666666667, 61.553333333333335]	[1.0, 1.0, 1.0, 1.0]	4	4.0	0.7853981633974483	2.0	R	-4.294284820556641	4.0676140785217285	-5.437471389770508	-0.7999441623687744	-5.807614803314209	6.352396488189697	-7.599990367889404	1.6846997737884521
63.13	3.198999999999991	trials	[63.2315, 64.0736, 64.71016666666667, 65.78983333333333]	[1.0, 1.0, 1.0, 1.0]	4	4.0	0.7853981633974483	2.0	R	-3.8366143703460693	-6.052157402038574	-3.83675479888916	-1.0521575212478638	5.702176570892334	-7.873941898345947	3.3965277671813965	-3.4372780323028564
67.333	1.6389999999999958	trials	[67.43393333333333, 68.04643333333334, 68.13866666666667, 68.4284]	[1.0, 1.0, 1.0, 1.0]	4	4.0	0.7853981633974483	2.0	A	-0.055750489234924316	4.2176899909973145	-3.7929577827453613	0.8960517048835754	3.531905174255371	2.1823670864105225	5.895317077636719	-8.571419715881348
69.975	4.295000000000002	trials	[70.0765, 71.95916666666666, 72.73206666666667, 73.3857]	[1.0, 1.0, 1.0, 1.0]	4	4.0	0.7853981633974483	2.0	R	0.032282356172800064	-2.3238143920898438	3.3160457611083984	-7.5123515129089355	7.042018413543701	-4.178116321563721	0.8532030582427979	4.932584762573242
75.273	2.844999999999999	trials	[75.37463333333334, 75.66536666666667, 76.33803333333333, 77.5791]	[1.0, 1.0, 1.0, 1.0]	4	4.0	0.7853981633974483	2.0	R	-3.107513189315796	1.8809086084365845	-7.917819023132324	0.5167396664619446	6.8444695472717285	1.5477555990219116	1.8918689489364624	2.2345938682556152
79.122	3.6310000000000002	trials	[79.2232, 80.37606666666667, 81.4467, 82.06323333333333]	[1.0, 1.0, 1.0, 1.0]	4	4.0	0.7853981633974483	2.0	R	2.672107696533203	-3.777082920074463	-4.617430686950684	-7.280813694000244	0.1280006468296051	-8.855894088745117	4.943850994110107	-6.256178379058838
83.756	3.3220000000000027	trials	[83.8577, 85.39853333333333, 86.4371, NaN]	[1.0, 1.0, 1.0, NaN]	4	3.0	0.7853981633974483	2.0	A	4.23454475402832	-1.3067455291748047	2.3540518283843994	3.326152801513672	-1.1485036611557007	6.894360065460205	-1.8506622314453125	1.943908452987671
88.081	8.733999999999995	trials	[88.18243333333334, 94.5803, 95.39733333333334, 96.062]	[1.0, 1.0, 1.0, 1.0]	4	4.0	0.7853981633974483	2.0	R	-1.9009132385253906	-0.05625529587268829	-5.111211776733398	-7.019808769226074	-0.39150944352149963	-5.369230270385742	0.3792281448841095	5.742061614990234
97.818	2.9440000000000026	trials	[97.9196, 98.83586666666666, 99.51053333333333, 100.24536666666667]	[1.0, 1.0, 1.0, 1.0]	4	4.0	0.7853981633974483	2.0	R	-3.905191421508789	8.319608688354492	-2.0938127040863037	3.6592535972595215	-6.245306968688965	0.8726611137390137	-3.5142548084259033	-3.3155789375305176
101.765	3.3629999999999995	trials	[101.8664, 102.94206666666666, 103.57363333333333, 104.35656666666667]	[1.0, 1.0, 1.0, 1.0]	4	4.0	0.7853981633974483	2.0	R	0.7103301882743835	0.8149105906486511	-1.2741469144821167	-3.7744085788726807	2.131998300552368	3.421377658843994	5.010303974151611	-1.2930186986923218
106.131	3.0960000000000036	trials	[106.23223333333334, 107.28183333333334, 107.9495, 108.6392]	[1.0, 1.0, 1.0, 1.0]	4	4.0	0.7853981633974483	2.0	R	-3.1778838634490967	-7.950501918792725	-1.4690428972244263	-3.2515804767608643	2.216350793838501	0.1274537891149521	-2.8927409648895264	-8.531649589538574
110.23	3.8359999999999985	trials	[110.3314, 110.976, 112.13286666666667, 113.1093]	[1.0, 1.0, 1.0, 1.0]	4	4.0	0.7853981633974483	2.0	R	-1.286100149154663	-3.7968099117279053	6.984298229217529	-6.0611042976379395	0.7243329882621765	1.7833424806594849	5.345691680908203	-7.184962749481201
115.069	9.498999999999995	trials	[115.1704, 122.46853333333334, 123.13116666666667, 123.83293333333333]	[1.0, 1.0, 1.0, 1.0]	4	4.0	0.7853981633974483	2.0	R	7.656560897827148	-2.751016139984131	2.6089844703674316	-2.1300415992736816	1.9778931140899658	2.8299710750579834	2.8047614097595215	-7.127599239349365
125.571	3.515000000000015	trials	[125.67246666666666, 126.89853333333333, 127.82083333333334, 128.44036666666668]	[1.0, 1.0, 1.0, 1.0]	4	4.0	0.7853981633974483	2.0	R	7.783205986022949	-6.663820266723633	5.134578704833984	5.057316303253174	0.7132613062858582	2.722374677658081	-7.861633777618408	1.711557149887085
130.089	3.6270000000000095	trials	[130.1907, 131.87486666666666, 132.55356666666665, 133.2142]	[1.0, 1.0, 1.0, 1.0]	4	4.0	0.7853981633974483	2.0	R	-5.697705268859863	-3.856027603149414	-0.7437477111816406	-4.533010005950928	3.8206987380981445	-2.491973876953125	1.0004193782806396	1.6367093324661255
134.72	3.2539999999999907	trials	[134.8212, 135.9179, 136.8001, 137.47276666666667]	[1.0, 1.0, 1.0, 1.0]	4	4.0	0.7853981633974483	2.0	R	-2.6956539154052734	7.6991987228393555	-2.0936925411224365	-6.517966270446777	0.7190632224082947	-2.3841536045074463	0.06872345507144928	-7.341679096221924
138.978	3.6049999999999898	trials	[139.07876666666667, 139.99103333333332, 140.67973333333333, 141.2752]	[1.0, 1.0, 1.0, 1.0]	4	4.0	0.7853981633974483	2.0	R	5.025872707366943	-7.99487829208374	1.93671452999115	-4.063326358795166	0.46080484986305237	-8.840531349182129	6.925828456878662	0.5909799337387085
143.587	3.8430000000000177	trials	[143.6882, 144.82, 145.55983333333333, 146.49716666666666]	[1.0, 1.0, 1.0, 1.0]	4	4.0	0.7853981633974483	2.0	R	2.5735597610473633	-1.8702709674835205	4.206687927246094	2.8554980754852295	-7.683066368103027	7.919685363769531	-3.2931020259857178	5.526317119598389
148.433	3.266999999999996	trials	[148.53423333333333, 149.5748, 150.30463333333333, 151.10963333333333]	[1.0, 1.0, 1.0, 1.0]	4	4.0	0.7853981633974483	2.0	R	1.8970177173614502	8.884442329406738	-5.279294013977051	7.024123191833496	-8.139697074890137	-0.6688379645347595	-4.248000621795654	2.470381021499634
152.704	10.72199999999998	trials	[152.80483333333333, 161.39516666666665, 161.99263333333334, 162.76856666666666]	[1.0, 1.0, 1.0, 1.0]	4	4.0	0.7853981633974483	2.0	R	2.3335483074188232	3.5577850341796875	2.781750440597534	8.5376558303833	4.7184343338012695	3.927964448928833	0.7368123531341553	-5.804683208465576
164.43	3.080999999999989	trials	[164.53093333333334, 165.30886666666666, 166.2823, 166.87276666666668]	[1.0, 1.0, 1.0, 1.0]	4	4.0	0.7853981633974483	2.0	R	4.376280307769775	-2.376232624053955	-3.7084500789642334	0.1718313992023468	-7.908517360687256	-2.5409963130950928	-1.0156141519546509	0.9639763832092285
168.515	2.680000000000007	trials	[168.61606666666665, 169.47723333333334, 170.13786666666667, 170.73733333333334]	[1.0, 1.0, 1.0, 1.0]	4	4.0	0.7853981633974483	2.0	R	-5.445470333099365	3.28267765045166	-2.4011664390563965	-0.9339408874511719	0.09595131874084473	3.3978488445281982	-1.2693976163864136	-1.4121222496032715
172.199	3.2039999999999793	trials	[172.30023333333332, 173.26563333333334, 173.91423333333333, 174.75933333333333]	[1.0, 1.0, 1.0, 1.0]	4	4.0	0.7853981633974483	2.0	R	-0.4092196524143219	-8.475618362426758	1.3124127388000488	-3.7813684940338135	8.850234031677246	-8.283148765563965	6.663154125213623	-3.7868523597717285
176.406	3.8959999999999866	trials	[176.50766666666667, 177.56026666666668, 178.58683333333335, 179.5793]	[1.0, 1.0, 1.0, 1.0]	4	4.0	0.7853981633974483	2.0	R	0.0	0.0	0.0	0.0	0.0	0.0	0.0	0.0
181.306	10.879999999999995	trials	[NaN, NaN, NaN, NaN]	[NaN, NaN, NaN, NaN]	4				R	0.7410870790481567	4.39792537689209	-5.213557243347168	2.714134693145752	-1.6114486455917358	-2.50895619392395	2.902461051940918	-0.35846322774887085
193.189	3.0430000000000064	trials	[193.29033333333334, 194.11336666666668, 194.83113333333333, 195.67423333333332]	[1.0, 1.0, 1.0, 1.0]	4	4.0	0.7853981633974483	2.0	R	0.0	0.0	0.0	0.0	0.0	0.0	0.0	0.0
197.235	3.7239999999999895	trials	[NaN, NaN, NaN, NaN]	[NaN, NaN, NaN, NaN]	4				R	3.8864033222198486	-4.404141426086426	-0.032021768391132355	8.696327209472656	-3.117877721786499	4.762182712554932	-4.62516975402832	-0.005213768687099218
201.963	3.459000000000003	trials	[202.0641, 203.3112, 204.26556666666667, 204.839]	[1.0, 1.0, 1.0, 1.0]	4	4.0	0.7853981633974483	2.0	R	6.9827141761779785	6.90419864654541	-0.7957695126533508	1.7051841020584106	-0.07582764327526093	-3.2427127361297607	4.744075298309326	-0.34808826446533203
206.426	3.2520000000000095	trials	[206.52716666666666, 207.5046, 208.56223333333332, 209.1096]	[1.0, 1.0, 1.0, 1.0]	4	4.0	0.7853981633974483	2.0	R	7.330247402191162	3.9311306476593018	-6.9382171630859375	5.498540878295898	-8.099776268005371	0.6353338956832886	-5.807873249053955	5.615209102630615
210.682	3.3610000000000184	trials	[210.78273333333334, 211.4855, 212.72156666666666, 213.48043333333334]	[1.0, 1.0, 1.0, 1.0]	4	4.0	0.7853981633974483	2.0	R	-5.79180908203125	0.6152349710464478	8.802433967590332	-0.6225957274436951	6.500621318817139	3.816059112548828	7.023562431335449	8.788637161254883
215.046	3.1839999999999975	trials	[215.14756666666668, 215.9606, 216.61323333333334, 217.26883333333333]	[1.0, 1.0, 1.0, 1.0]	4	4.0	0.7853981633974483	2.0	R	2.1690640449523926	7.5912041664123535	-2.797590494155884	7.014712810516357	-7.758103370666504	6.387566089630127	1.8745841979980469	5.5331950187683105
219.234	3.353999999999985	trials	[219.33496666666667, 220.0738, 220.94396666666665, 221.61363333333333]	[1.0, 1.0, 1.0, 1.0]	4	4.0	0.7853981633974483	2.0	R	-3.0831103324890137	4.884145736694336	-5.098330974578857	0.2114720195531845	-6.918206214904785	8.153481483459473	-7.927010536193848	3.256307363510132
223.592	3.337999999999994	trials	[223.6928, 224.76143333333334, 225.5544, 226.25013333333334]	[1.0, 1.0, 1.0, 1.0]	4	4.0	0.7853981633974483	2.0	R	0.0	0.0	0.0	0.0	0.0	0.0	0.0	0.0
227.933	10.355000000000018	trials	[NaN, NaN, NaN, NaN]	[NaN, NaN, NaN, NaN]	4				R	8.376131057739258	-0.14422321319580078	3.634307384490967	1.4416865110397339	8.632268905639648	1.5844541788101196	-2.563840866088867	1.2969099283218384
239.292	2.960000000000008	trials	[239.39276666666666, 240.2589, 240.96466666666666, 241.71653333333333]	[1.0, 1.0, 1.0, 1.0]	4	4.0	0.7853981633974483	2.0	R	-5.9700493812561035	4.957202434539795	-6.995331764221191	0.06345169991254807	-7.640255928039551	-6.725188732147217	-2.747267007827759	-5.6962761878967285
243.255	3.045000000000016	trials	[243.3566, 244.25683333333333, 245.0107, 245.76256666666666]	[1.0, 1.0, 1.0, 1.0]	4	4.0	0.7853981633974483	2.0	R	1.9296298027038574	-7.464505672454834	6.915159702301025	-7.084384441375732	6.627542495727539	-2.0926637649536133	5.963953495025635	2.863105535507202
247.303	2.961999999999989	trials	[247.40463333333332, 248.21566666666666, 248.86926666666668, 249.74646666666666]	[1.0, 1.0, 1.0, 1.0]	4	4.0	0.7853981633974483	2.0	R	1.7145079374313354	-4.661957740783691	6.41908073425293	-2.968737840652466	1.9501519203186035	1.7562289237976074	-2.935007333755493	0.6907625794410706
251.268	3.1119999999999948	trials	[251.3695, 252.2527, 252.92233333333334, 253.65516666666667]	[1.0, 1.0, 1.0, 1.0]	4	4.0	0.7853981633974483	2.0	R	2.0566201210021973	-6.164026260375977	2.33949613571167	-1.1720346212387085	7.133948802947998	-2.7049412727355957	6.411163806915283	2.2425410747528076
255.383	3.1729999999999734	trials	[255.4847, 256.2506, 257.1759, 257.91273333333334]	[1.0, 1.0, 1.0, 1.0]	4	4.0	0.7853981633974483	2.0	R	3.49556303024292	6.304470539093018	-5.002320289611816	8.105721473693848	-3.456223487854004	-0.8717657923698425	1.1067743301391602	1.1725070476531982
259.56	8.175999999999988	trials	[259.66106666666667, 265.9978, 266.58123333333333, 267.1697]	[1.0, 1.0, 1.0, 1.0]	4	4.0	0.7853981633974483	2.0	R	-3.8017640113830566	-0.9291332960128784	-2.955068588256836	3.9986560344696045	-1.946844220161438	-0.898637592792511	-6.1908063888549805	1.7449934482574463
268.74	3.2830000000000155	trials	[268.84086666666667, 269.9406, 270.6222666666667, 271.4734]	[1.0, 1.0, 1.0, 1.0]	4	4.0	0.7853981633974483	2.0	R	-5.38169002532959	-3.189105272293091	-2.7373926639556885	3.300762891769409	-7.359992027282715	5.206432342529297	-4.575948715209961	1.0532282590866089
273.026	2.9350000000000023	trials	[273.1275, 273.9044333333333, 274.6593, 275.5074]	[1.0, 1.0, 1.0, 1.0]	4	4.0	0.7853981633974483	2.0	R	-2.3305487632751465	-3.414229393005371	-2.7140657901763916	1.571040391921997	-8.072580337524414	5.932735919952393	-6.418263912200928	1.2143422365188599
276.964	3.0430000000000064	trials	[277.0652666666667, 278.0928333333333, 278.6863, 279.368]	[1.0, 1.0, 1.0, 1.0]	4	4.0	0.7853981633974483	2.0	R	-3.432373523712158	-2.796201229095459	1.5632734298706055	-3.0047948360443115	6.406689167022705	-4.246295928955078	2.387342691421509	-1.2722660303115845
281.01	3.033999999999992	trials	[281.1113, 282.04263333333336, 282.8235666666667, 283.5323333333333]	[1.0, 1.0, 1.0, 1.0]	4	4.0	0.7853981633974483	2.0	R	3.1993932723999023	3.661350727081299	0.6510146856307983	7.963183403015137	3.9559085369110107	4.211160659790039	-1.03648841381073	3.9355275630950928
285.047	2.8759999999999764	trials	[285.1483333333333, 285.9393, 286.71823333333333, 287.2626]	[1.0, 1.0, 1.0, 1.0]	4	4.0	0.7853981633974483	2.0	R	0.0	0.0	0.0	0.0	0.0	0.0	0.0	0.0
288.927	3.7899999999999636	trials	[NaN, NaN, NaN, NaN]	[NaN, NaN, NaN, NaN]	4				F	3.0793614387512207	-0.008761616423726082	-1.8648384809494019	-0.7536686658859253	-2.846853733062744	-5.656284809112549	-6.819191932678223	-8.692817687988281
293.721	2.879000000000019	trials	[293.82186666666666, 294.55066666666664, 295.31756666666666, 296.0744666666667]	[1.0, 1.0, 1.0, 1.0]	4	4.0	0.7853981633974483	2.0	R	0.0	0.0	0.0	0.0	0.0	0.0	0.0	0.0
297.603	11.322999999999979	trials	[NaN, NaN, NaN, NaN]	[NaN, NaN, NaN, NaN]	4				R	-0.4462261199951172	-7.6407341957092285	-1.683311104774475	-0.8085318803787231	4.0935564041137695	-2.5564777851104736	-8.462526321411133	-3.6776676177978516
309.93	2.937999999999988	trials	[310.0311, 310.69373333333334, 311.5158, 312.3548666666667]	[1.0, 1.0, 1.0, 1.0]	4	4.0	0.7853981633974483	2.0	R	-2.2218213081359863	-3.942322254180908	3.231875419616699	-0.5063866376876831	-0.8698403239250183	4.9098920822143555	-5.832607746124268	5.5189409255981445
313.872	2.9559999999999604	trials	[313.9728666666667, 314.6205, 315.2761, 316.00393333333335]	[1.0, 1.0, 1.0, 1.0]	4	4.0	0.7853981633974483	2.0	R	-2.9811532497406006	1.411726713180542	-7.847478866577148	2.5601487159729004	-4.528212070465088	8.75729751586914	-5.906069755554199	3.402794122695923
317.831	2.9969999999999573	trials	[317.9327, 318.6124, 319.44446666666664, 320.1432]	[1.0, 1.0, 1.0, 1.0]	4	4.0	0.7853981633974483	2.0	R	-2.062084436416626	0.20532990992069244	-6.364030838012695	-2.3428573608398438	-4.117677688598633	-6.809835910797119	3.533120632171631	-1.3653457164764404
321.831	3.2930000000000064	trials	[321.93263333333334, 322.93013333333334, 323.9366, 324.63536666666664]	[1.0, 1.0, 1.0, 1.0]	4	4.0	0.7853981633974483	2.0	R	8.435699462890625	-2.3475472927093506	8.8538179397583	2.634939670562744	4.363378524780273	0.43585896492004395	-0.519320547580719	-0.6408244967460632
326.127	3.0509999999999877	trials	[326.2283, 327.0643666666667, 327.716, 328.46183333333335]	[1.0, 1.0, 1.0, 1.0]	4	4.0	0.7853981633974483	2.0	R	-3.6945688724517822	3.221532106399536	-8.478070259094238	1.766157627105713	-8.09408950805664	-3.21907639503479	0.7965775728225708	-4.557205677032471
330.181	2.65300000000002	trials	[330.2823666666667, 331.0031666666667, 331.6287, 332.2372]	[1.0, 1.0, 1.0, 1.0]	4	4.0	0.7853981633974483	2.0	R	-5.6510515213012695	-5.348599433898926	-0.7444909811019897	-4.386485576629639	3.1835830211639404	2.0995395183563232	0.07503901422023773	-1.8167028427124023
333.837	2.7460000000000377	trials	[333.9384333333333, 334.7615, 335.4502, 336.0767333333333]	[1.0, 1.0, 1.0, 1.0]	4	4.0	0.7853981633974483	2.0	R	-7.806010723114014	-2.140183925628662	-6.74857759475708	3.805911064147949	-6.819425106048584	-1.193586826324463	-2.1839346885681152	0.6805070042610168
337.587	2.954999999999984	trials	[337.6877333333333, 338.64613333333335, 339.28673333333336, 339.9132666666667]	[1.0, 1.0, 1.0, 1.0]	4	4.0	0.7853981633974483	2.0	R	0.3464290499687195	-7.135715484619141	-3.378631353378296	-3.8004605770111084	3.684823989868164	-1.5904048681259155	1.1753733158111572	2.7342522144317627
341.545	2.8100000000000023	trials	[341.6465666666667, 342.3623666666667, 343.15833333333336, 343.84203333333335]	[1.0, 1.0, 1.0, 1.0]	4	4.0	0.7853981633974483	2.0	R	2.9718573093414307	-1.931864619255066	3.7166759967803955	3.0123486518859863	0.07649421691894531	6.440041542053223	1.3980239629745483	1.617846965789795
345.359	0.20500000000004093	trials	[345.46003333333334, NaN, NaN, NaN]	[1.0, NaN, NaN, NaN]	4	1.0	0.7853981633974483	2.0	A	3.7865004539489746	6.2518486976623535	7.187497615814209	-5.455644607543945	5.92812442779541	8.869097709655762	-3.9137120246887207	1.6644682884216309
346.568	6.581000000000017	trials	[346.66903333333335, 351.1431333333333, 351.90503333333334, 352.60476666666665]	[1.0, 1.0, 1.0, 1.0]	4	4.0	0.7853981633974483	2.0	R	-1.8122971057891846	-4.383022785186768	2.857196569442749	-6.590819835662842	4.518199443817139	-1.529175043106079	7.648983478546143	2.3693106174468994
354.153	3.055000000000007	trials	[354.2538666666667, 355.16313333333335, 355.9440666666667, 356.57963333333333]	[1.0, 1.0, 1.0, 1.0]	4	4.0	0.7853981633974483	2.0	R	4.27719259262085	6.061332702636719	-0.6138134598731995	7.099628925323486	-5.517066955566406	6.120800495147705	-5.348245143890381	-5.4825544357299805
358.212	2.884999999999991	trials	[358.3129333333333, 359.21116666666666, 359.9209333333333, 360.5465]	[1.0, 1.0, 1.0, 1.0]	4	4.0	0.7853981633974483	2.0	R	-2.2226462364196777	7.0945725440979	-6.922915935516357	5.389442443847656	-4.174610614776611	1.2125037908554077	-0.784398078918457	6.495472431182861
362.1	2.8559999999999945	trials	[362.2016, 363.0527, 363.76146666666665, 364.40706666666665]	[1.0, 1.0, 1.0, 1.0]	4	4.0	0.7853981633974483	2.0	R	-5.433234214782715	4.654732704162598	-1.589257001876831	1.457258701324463	3.4065494537353516	1.6619970798492432	-0.7337741255760193	4.4651594161987305
365.96	3.8310000000000173	trials	[366.0611666666667, 366.94736666666665, 367.9157666666667, 369.0967]	[1.0, 1.0, 1.0, 1.0]	4	4.0	0.7853981633974483	2.0	R	-7.250813007354736	5.977013111114502	-2.6591696739196777	3.997919797897339	-7.052037715911865	-7.98903751373291	0.11860880255699158	-7.697594165802002
370.795	3.2659999999999627	trials	[370.89616666666666, 371.6370333333333, 372.6675666666667, 373.49263333333334]	[1.0, 1.0, 1.0, 1.0]	4	4.0	0.7853981633974483	2.0	R	1.2642250061035156	-2.8306069374084473	3.009716749191284	1.8548234701156616	-6.0264739990234375	7.656954288482666	-2.1006271839141846	4.560548782348633
375.065	14.338999999999999	trials	[375.1657666666667, 387.6678, 388.80563333333333, NaN]	[1.0, 1.0, 1.0, NaN]	4	3.0	0.7853981633974483	2.0	A	-7.022966384887695	3.682722330093384	-0.60081946849823	-5.865338325500488	4.3963751792907715	-6.032801628112793	3.0812766551971436	-1.208849549293518
390.408	3.0020000000000095	trials	[390.5088666666667, 391.31986666666666, 392.0577, 392.8637]	[1.0, 1.0, 1.0, 1.0]	4	4.0	0.7853981633974483	2.0	R	5.507310390472412	-1.1577813625335693	7.906589508056641	3.2289555072784424	3.0591344833374023	8.370270729064941	-1.8514373302459717	7.428844451904297
394.414	3.4750000000000227	trials	[394.5148, 395.5704333333333, 396.5609, 397.2255333333333]	[1.0, 1.0, 1.0, 1.0]	4	4.0	0.7853981633974483	2.0	R	-6.464498519897461	5.500200271606445	4.837618827819824	8.09781265258789	3.037014961242676	3.433284282684326	4.478480339050293	-3.8064754009246826
398.893	3.119000000000028	trials	[398.99393333333336, 399.78386666666665, 400.643, 401.39486666666664]	[1.0, 1.0, 1.0, 1.0]	4	4.0	0.7853981633974483	2.0	R	0.0	0.0	0.0	0.0	0.0	0.0	0.0	0.0
403.016	2.805999999999983	trials	[NaN, NaN, NaN, NaN]	[NaN, NaN, NaN, NaN]	4				R	-1.4044406414031982	-0.7883408665657043	-6.57341194152832	5.406090259552002	-3.2648000717163086	1.6573457717895508	-8.568248748779297	1.004302740097046
406.825	3.6100000000000136	trials	[406.9266, 408.04036666666667, 408.7331, 409.83883333333335]	[1.0, 1.0, 1.0, 1.0]	4	4.0	0.7853981633974483	2.0	R	-6.444161891937256	-3.522092580795288	-3.9853200912475586	-7.875722885131836	7.202210426330566	-2.08282470703125	3.1458966732025146	0.8405840992927551
411.439	1.9739999999999895	trials	[411.5400666666667, NaN, NaN, NaN]	[1.0, NaN, NaN, NaN]	4	1.0	0.7853981633974483	2.0	A	0.0	0.0	0.0	0.0	0.0	0.0	0.0	0.0
414.416	3.240000000000009	trials	[NaN, NaN, NaN, NaN]	[NaN, NaN, NaN, NaN]	4				R	0.0	0.0	4.453946590423584	-2.2720823287963867	-0.9298180341720581	8.059342384338379	-5.86370849609375	8.869729042053223
418.66	3.856999999999971	trials	[418.761, 419.6121, 420.6005666666667, 421.7654333333333]	[1.0, 1.0, 1.0, 1.0]	4	4.0	0.7853981633974483	2.0	R	-5.1262288093566895	3.924415111541748	-4.679055213928223	-4.48697566986084	-8.544368743896484	8.75771427154541	-1.5795817375183105	1.3912129402160645
423.521	3.0399999999999636	trials	[423.6220666666667, 424.3729333333333, 425.1107333333333, 425.8626]	[1.0, 1.0, 1.0, 1.0]	4	4.0	0.7853981633974483	2.0	R	2.7163586616516113	-1.1670863628387451	-0.6684556007385254	2.5129995346069336	2.729062795639038	8.41381549835205	-0.5394593477249146	4.630065441131592
427.565	3.127999999999986	trials	[427.6661, 428.50916666666666, 429.3953666666667, 430.0550333333333]	[1.0, 1.0, 1.0, 1.0]	4	4.0	0.7853981633974483	2.0	R	6.452692031860352	-2.0700013637542725	1.1370561122894287	-6.252686500549316	4.343723297119141	-2.416374683380127	3.304091691970825	2.4743478298187256
431.696	3.1119999999999663	trials	[431.7973333333333, 432.7547333333333, 433.37626666666665, 434.2304]	[1.0, 1.0, 1.0, 1.0]	4	4.0	0.7853981633974483	2.0	R	-8.018924713134766	7.533721446990967	-8.882561683654785	2.6088733673095703	-6.367560386657715	-1.9393645524978638	-2.213776111602783	-4.722541809082031
435.811	3.2200000000000273	trials	[435.9125666666667, 436.6584, 437.4604, 438.16816666666665]	[1.0, 1.0, 1.0, 1.0]	4	4.0	0.7853981633974483	2.0	R	0.26627489924430847	-0.38095834851264954	4.071597099304199	2.8624229431152344	-0.9033408164978027	2.362431287765503	8.978190422058105	-6.579466819763184
440.035	3.0009999999999764	trials	[440.13603333333333, 440.93803333333335, 441.8342666666667, 442.51393333333334]	[1.0, 1.0, 1.0, 1.0]	4	4.0	0.7853981633974483	2.0	R	4.007896423339844	-6.035242080688477	2.2794530391693115	0.6468928456306458	-3.2530267238616943	4.379248142242432	-8.228538513183594	3.884996175765991
444.04	2.620999999999981	trials	[444.14096666666666, 444.8186666666667, 445.5214, 446.07076666666666]	[1.0, 1.0, 1.0, 1.0]	4	4.0	0.7853981633974483	2.0	R	-3.5793588161468506	2.04512357711792	-3.3749516010284424	7.040943622589111	-4.260016441345215	2.119900941848755	-7.696924209594727	-4.004147529602051
447.665	6.016999999999996	trials	[447.766, 451.1193, 451.89323333333334, 452.6601333333333]	[1.0, 1.0, 1.0, 1.0]	4	4.0	0.7853981633974483	2.0	R	-3.1341171264648438	-6.048845291137695	1.6511427164077759	-4.5992631912231445	6.87255859375	-3.4287846088409424	3.122126817703247	7.174619197845459
454.685	2.9739999999999895	trials	[454.7864, 455.46006666666665, 456.1969, 456.7613]	[1.0, 1.0, 1.0, 1.0]	4	4.0	0.7853981633974483	2.0	R	-1.4287054538726807	5.103405475616455	-4.389196872711182	1.074076771736145	-3.0612947940826416	6.023769378662109	5.9372639656066895	-3.10292387008667
458.662	3.30600000000004	trials	[458.76326666666665, 459.46503333333334, 460.0785333333333, 461.0840333333333]	[1.0, 1.0, 1.0, 1.0]	4	4.0	0.7853981633974483	2.0	R	-0.5745076537132263	-3.7649264335632324	-3.697631597518921	-7.669551372528076	6.129439830780029	1.650289535522461	-4.93854284286499	1.4214097261428833
462.972	3.0780000000000314	trials	[463.0729666666667, 463.7687, 464.4433666666667, 465.12306666666666]	[1.0, 1.0, 1.0, 1.0]	4	4.0	0.7853981633974483	2.0	R	-2.599001407623291	-2.9974753856658936	-0.09056643396615982	-7.322721481323242	-7.423492431640625	-3.021815776824951	2.066291570663452	8.298551559448242
467.054	2.022000000000048	trials	[467.1551, 467.8027, 468.4393, NaN]	[1.0, 1.0, 1.0, NaN]	4	3.0	0.7853981633974483	2.0	A	-2.5280447006225586	1.5910791158676147	-0.5251834988594055	-2.9902467727661133	5.987338542938232	-5.810468673706055	8.565869331359863	-1.5266410112380981
470.079	3.5579999999999927	trials	[470.18063333333333, 471.0808666666667, 471.7314666666667, 472.7139]	[1.0, 1.0, 1.0, 1.0]	4	4.0	0.7853981633974483	2.0	R	4.471368312835693	-1.045824408531189	1.140714168548584	-7.911032199859619	6.1097412109375	-8.46670150756836	-3.637103319168091	1.6106749773025513
474.641	2.8460000000000036	trials	[474.74193333333335, 475.4386666666667, 476.1023333333333, 476.68576666666667]	[1.0, 1.0, 1.0, 1.0]	4	4.0	0.7853981633974483	2.0	R	-2.986704111099243	-3.7293953895568848	-7.62177038192749	-1.005181074142456	-8.391362190246582	-5.94559907913208	-4.61866569519043	4.267360210418701
478.49	2.7799999999999727	trials	[478.5915, 479.197, 479.8476, 480.62856666666664]	[1.0, 1.0, 1.0, 1.0]	4	4.0	0.7853981633974483	2.0	R	-2.0206568241119385	-0.004682325292378664	-8.964749336242676	-2.731882095336914	-6.3322649002075195	-6.982767105102539	0.963809072971344	0.5345274806022644
482.274	3.045000000000016	trials	[482.3749, 483.45756666666665, 484.2475333333333, 484.7929]	[1.0, 1.0, 1.0, 1.0]	4	4.0	0.7853981633974483	2.0	R	5.8323798179626465	-3.162078619003296	-2.3773915767669678	2.1263651847839355	-2.545269727706909	-2.8708155155181885	2.4431252479553223	-2.5303525924682617
486.323	3.251000000000033	trials	[486.4239333333333, 487.1698, 488.3878, 489.12063333333333]	[1.0, 1.0, 1.0, 1.0]	4	4.0	0.7853981633974483	2.0	R	0.0	0.0	0.0	0.0	0.0	0.0	0.0	0.0
490.577	3.2180000000000177	trials	[NaN, NaN, NaN, NaN]	[NaN, NaN, NaN, NaN]	4				R	2.0714640617370605	-5.9946722984313965	3.837493896484375	-1.3169442415237427	4.1939191818237305	3.670335531234741	8.663074493408203	5.912354469299316
494.799	3.1750000000000114	trials	[494.89996666666667, 495.8503333333333, 496.4809, 497.1596]	[1.0, 1.0, 1.0, 1.0]	4	4.0	0.7853981633974483	2.0	R	0.0	0.0	0.0	0.0	0.0	0.0	0.0	0.0
498.977	2.671000000000049	trials	[NaN, NaN, NaN, NaN]	[NaN, NaN, NaN, NaN]	4				R	-2.2950057983398438	4.734768390655518	-6.91826057434082	7.783813953399658	-8.923148155212402	3.2033746242523193	-8.141639709472656	-1.7351720333099365
502.651	2.716000000000008	trials	[502.7524666666667, 503.43416666666667, 504.15996666666666, 504.8577]	[1.0, 1.0, 1.0, 1.0]	4	4.0	0.7853981633974483	2.0	R	0.0	0.0	0.0	0.0	0.0	0.0	0.0	0.0
506.37	35.971000000000004	trials	[NaN, NaN, NaN, NaN]	[NaN, NaN, NaN, NaN]	4				R	-5.95800256729126	0.46787866950035095	7.345431327819824	1.8649396896362305	2.494337797164917	3.076092481613159	-2.3413047790527344	1.804652214050293
543.344	3.1119999999999663	trials	[543.4454666666667, 544.3737666666667, 545.3462, 545.9266333333334]	[1.0, 1.0, 1.0, 1.0]	4	4.0	0.7853981633974483	2.0	R	5.688377380371094	3.2162599563598633	3.2176551818847656	-1.1306391954421997	1.2517650127410889	-5.7279510498046875	4.5831451416015625	-1.9994251728057861
547.459	1.6620000000000346	trials	[547.5607, 548.5461333333334, NaN, NaN]	[1.0, 1.0, NaN, NaN]	4	2.0	0.7853981633974483	2.0	A	6.919820308685303	5.725131034851074	2.121277093887329	7.1301164627075195	-4.759149074554443	-4.723383903503418	0.17839598655700684	-5.511197566986084
550.124	2.617999999999938	trials	[550.2253, 550.7506, 551.4523333333333, 552.1049666666667]	[1.0, 1.0, 1.0, 1.0]	4	4.0	0.7853981633974483	2.0	R	-1.6216930150985718	1.599662184715271	4.908891677856445	2.974738121032715	4.302591800689697	7.93784236907959	1.4508997201919556	3.8307929039001465
553.745	2.7309999999999945	trials	[553.8463, 554.4518, 555.343, 555.9886]	[1.0, 1.0, 1.0, 1.0]	4	4.0	0.7853981633974483	2.0	R	-2.6197595596313477	0.9273926019668579	2.156562328338623	-7.423405170440674	6.722918510437012	-5.386645317077637	2.762441396713257	-2.3346588611602783
557.479	3.8360000000000127	trials	[557.5805666666666, 558.9479666666666, 559.8121, 560.5349]	[1.0, 1.0, 1.0, 1.0]	4	4.0	0.7853981633974483	2.0	R	7.070245265960693	-4.872931003570557	5.5202131271362305	3.3861210346221924	0.5559606552124023	3.9829440116882324	-2.751465082168579	-4.361450672149658
562.318	3.2760000000000673	trials	[562.4195666666667, 562.9208, 563.8320666666667, 564.6390666666666]	[1.0, 1.0, 1.0, 1.0]	4	4.0	0.7853981633974483	2.0	R	-2.0854592323303223	0.5939944982528687	5.850899696350098	2.8918867111206055	-0.3958122432231903	-5.386481761932373	6.683969974517822	2.718754768371582
566.598	3.0289999999999964	trials	[566.6992, 567.5312666666666, 568.3462666666667, 569.0781]	[1.0, 1.0, 1.0, 1.0]	4	4.0	0.7853981633974483	2.0	R	-5.485628604888916	-0.20130302011966705	-1.1005477905273438	-3.908750534057617	1.2062931060791016	-8.344794273376465	5.490344047546387	-5.766634464263916
570.631	3.2200000000000273	trials	[570.7322, 571.5362, 572.1778, 572.7863]	[1.0, 1.0, 1.0, 1.0]	4	4.0	0.7853981633974483	2.0	R	2.6951987743377686	-1.620893955230713	-2.2046847343444824	-2.616455078125	-4.910617351531982	-6.820967674255371	-1.8696074485778809	7.594824314117432
574.854	3.0860000000000127	trials	[574.9557, 575.6474, 576.7030333333333, 577.3737]	[1.0, 1.0, 1.0, 1.0]	4	4.0	0.7853981633974483	2.0	R	-3.843799114227295	3.0010712146759033	5.079603672027588	0.6384778618812561	8.480466842651367	4.303737163543701	5.80086088180542	8.525076866149902
578.944	3.2970000000000255	trials	[579.0448333333334, 579.7445666666666, 580.5846666666666, 581.2393]	[1.0, 1.0, 1.0, 1.0]	4	4.0	0.7853981633974483	2.0	R	1.218950867652893	6.523552417755127	0.45963892340660095	-6.668104648590088	4.272345542907715	-2.1003713607788086	-7.819270610809326	3.1720376014709473
583.244	2.8199999999999363	trials	[583.3455, 584.0933666666666, 584.6698, 585.3274333333334]	[1.0, 1.0, 1.0, 1.0]	4	4.0	0.7853981633974483	2.0	R	-4.12199068069458	-0.1939869374036789	-8.546340942382812	2.135202646255493	-3.8539304733276367	3.861842155456543	7.213040828704834	5.160458087921143
587.068	3.30600000000004	trials	[587.169, 587.8747666666667, 588.8682333333334, 589.6772333333333]	[1.0, 1.0, 1.0, 1.0]	4	4.0	0.7853981633974483	2.0	R	3.855943441390991	1.4550704956054688	-7.6750898361206055	3.154219388961792	1.5094108581542969	-0.14371703565120697	8.25253677368164	-4.975986003875732
591.377	2.9420000000000073	trials	[591.4787, 592.3037666666667, 593.0516, 593.7283]	[1.0, 1.0, 1.0, 1.0]	4	4.0	0.7853981633974483	2.0	R	7.779813289642334	0.0016172952018678188	8.404850006103516	4.962396144866943	4.06209135055542	2.484403610229492	-3.232039451599121	-1.2970904111862183
595.322	2.816000000000031	trials	[595.4235, 596.025, 596.7909, 597.3693333333333]	[1.0, 1.0, 1.0, 1.0]	4	4.0	0.7853981633974483	2.0	R	-1.9696887731552124	3.540933132171631	1.5407757759094238	-5.943977355957031	5.0013251304626465	-2.3350164890289307	-2.9800314903259277	-1.5306065082550049
599.142	3.298000000000002	trials	[599.2429666666667, 600.1121333333333, 600.9311666666666, 601.7261333333333]	[1.0, 1.0, 1.0, 1.0]	4	4.0	0.7853981633974483	2.0	R	-7.058040618896484	-4.4236741065979	-2.7446835041046143	8.579751014709473	-8.904308319091797	5.7462544441223145	-7.4199700355529785	0.9716616272926331
603.443	2.5299999999999727	trials	[603.5446666666667, 604.1411333333333, 604.8218333333333, 605.3992666666667]	[1.0, 1.0, 1.0, 1.0]	4	4.0	0.7853981633974483	2.0	R	0.0	0.0	0.0	0.0	0.0	0.0	0.0	0.0
606.976	2.969000000000051	trials	[NaN, NaN, NaN, NaN]	[NaN, NaN, NaN, NaN]	4				R	5.329737186431885	-1.7779688835144043	-0.467798113822937	-4.664849281311035	-2.2167937755584717	0.8633377552032471	-3.01139760017395	-4.073119163513184
610.948	3.15300000000002	trials	[611.0492666666667, 611.9635333333333, 612.7685333333334, 613.4632666666666]	[1.0, 1.0, 1.0, 1.0]	4	4.0	0.7853981633974483	2.0	R	-7.957908630371094	-4.802520275115967	1.94057035446167	-7.704171180725098	7.559431076049805	-8.803192138671875	8.11587142944336	-3.8342511653900146
615.104	2.991999999999962	trials	[615.2056, 616.0025666666667, 616.6431666666666, 617.5323666666667]	[1.0, 1.0, 1.0, 1.0]	4	4.0	0.7853981633974483	2.0	R	6.841184616088867	1.0005364418029785	7.078588962554932	-4.484239101409912	-4.539918899536133	-3.294379949569702	-8.406845092773438	-6.464061260223389
619.099	2.48599999999999	trials	[619.2005, 619.7158, 620.4075, 621.0200333333333]	[1.0, 1.0, 1.0, 1.0]	4	4.0	0.7853981633974483	2.0	R	-0.637112557888031	0.5645621418952942	4.211379528045654	-0.6569641828536987	5.652050971984863	4.130985736846924	0.6823604106903076	4.680689334869385
622.589	3.4729999999999563	trials	[622.6901666666666, 623.5282666666667, 624.4365, 625.2675666666667]	[1.0, 1.0, 1.0, 1.0]	4	4.0	0.7853981633974483	2.0	R	0.0	0.0	0.0	0.0	0.0	0.0	0.0	0.0
627.065	5.558999999999969	trials	[NaN, NaN, NaN, NaN]	[NaN, NaN, NaN, NaN]	4				R	-0.023327486589550972	-5.464986801147461	-2.2295761108398438	5.06672477722168	-7.225061893463135	5.279146194458008	-2.8688690662384033	2.8248472213745117
633.627	2.802000000000021	trials	[633.7285666666667, 634.4233, 635.2303, 635.8568666666666]	[1.0, 1.0, 1.0, 1.0]	4	4.0	0.7853981633974483	2.0	R	-1.0032565593719482	-1.814063310623169	3.9636342525482178	-2.388516902923584	4.125858306884766	2.679410696029663	-2.947232246398926	0.11731993407011032
637.433	3.2129999999999654	trials	[637.5340333333334, 638.6688333333333, 639.3635666666667, 640.0673]	[1.0, 1.0, 1.0, 1.0]	4	4.0	0.7853981633974483	2.0	R	7.434661865234375	8.693490028381348	3.024801731109619	6.336980819702148	-1.6399469375610352	4.536947727203369	4.223344802856445	4.139451503753662
641.649	2.798999999999978	trials	[641.7504666666666, 642.6477, 643.3103666666667, 643.9369]	[1.0, 1.0, 1.0, 1.0]	4	4.0	0.7853981633974483	2.0	R	-4.319943904876709	6.710689067840576	-8.036566734313965	3.366034984588623	-3.539175271987915	1.1812081336975098	1.0696752071380615	-0.7574761509895325
645.452	3.8700000000000045	trials	[645.5529333333334, 647.3975, 648.1112666666667, 648.8481]	[1.0, 1.0, 1.0, 1.0]	4	4.0	0.7853981633974483	2.0	R	0.0	0.0	0.0	0.0	0.0	0.0	0.0	0.0
650.326	3.058999999999969	trials	[NaN, NaN, NaN, NaN]	[NaN, NaN, NaN, NaN]	4				R	-4.382233619689941	-1.9660511016845703	-0.3961159884929657	1.0523699522018433	-6.2993059158325195	8.549520492553711	-6.763474464416504	-0.9182196259498596
654.389	25.89300000000003	trials	[654.4901, 678.4937, 679.1072, 679.7588333333333]	[1.0, 1.0, 1.0, 1.0]	4	4.0	0.7853981633974483	2.0	R	-2.5602409839630127	-3.6261391639709473	-1.943996787071228	-8.588018417358398	0.2462192326784134	-4.09324836730957	3.8083295822143555	-0.5844924449920654
681.286	3.090000000000032	trials	[681.3868666666667, 682.1237, 682.9527666666667, 683.7908333333334]	[1.0, 1.0, 1.0, 1.0]	4	4.0	0.7853981633974483	2.0	R	0.0	0.0	0.0	0.0	0.0	0.0	0.0	0.0
685.38	3.3390000000000555	trials	[NaN, NaN, NaN, NaN]	[NaN, NaN, NaN, NaN]	4				R	7.528451919555664	-1.6925113201141357	-2.5921270847320557	-2.460334300994873	-3.14412522315979	5.87514591217041	-6.5540289878845215	2.218295097351074
689.723	3.475999999999999	trials	[689.8238, 690.9436, 691.6142666666667, 692.5145]	[1.0, 1.0, 1.0, 1.0]	4	4.0	0.7853981633974483	2.0	R	3.078784704208374	0.643905520439148	4.317744255065918	-4.200160980224609	-5.863846302032471	-5.6547675132751465	-1.7750462293624878	-2.776970863342285
694.203	2.7660000000000764	trials	[694.3039333333334, 694.9004, 695.8698, 696.4763333333333]	[1.0, 1.0, 1.0, 1.0]	4	4.0	0.7853981633974483	2.0	R	-3.6530399322509766	1.8569408655166626	4.1393609046936035	-8.108550071716309	5.975791931152344	-3.458009719848633	3.125349998474121	0.6499069929122925
697.972	2.697999999999979	trials	[698.0732666666667, 698.8011, 699.4557, 700.1394]	[1.0, 1.0, 1.0, 1.0]	4	4.0	0.7853981633974483	2.0	R	0.3194364011287689	-4.353164196014404	-1.7474231719970703	-8.905975341796875	-0.7077673077583313	-4.015257835388184	2.3193016052246094	-7.994812488555908
701.673	2.55499999999995	trials	[701.7744666666666, 702.5243333333333, 703.4185666666667, NaN]	[1.0, 1.0, 1.0, NaN]	4	3.0	0.7853981633974483	2.0	A	-4.798110485076904	-0.31089967489242554	3.7422051429748535	-5.384988307952881	8.741247177124023	-5.482856273651123	3.920591354370117	-4.155725479125977
705.231	3.282000000000039	trials	[705.3323, 706.1553333333334, 707.1618333333333, 707.8575666666667]	[1.0, 1.0, 1.0, 1.0]	4	4.0	0.7853981633974483	2.0	R	5.2829909324646	-1.8716981410980225	-3.459146022796631	6.704048156738281	1.5260827541351318	2.2721989154815674	8.70942211151123	-5.093921661376953
709.517	3.255999999999972	trials	[709.6179333333333, 710.5222, 711.2289333333333, 712.0870666666667]	[1.0, 1.0, 1.0, 1.0]	4	4.0	0.7853981633974483	2.0	R	4.802534580230713	-1.9736288785934448	8.991482734680176	-6.563211917877197	7.366405010223389	1.1573752164840698	8.156861305236816	8.762694358825684
713.776	2.80600000000004	trials	[713.8775, 714.6043333333333, 715.3802333333333, 716.0298666666666]	[1.0, 1.0, 1.0, 1.0]	4	4.0	0.7853981633974483	2.0	R	3.160388231277466	8.950467109680176	-1.617127776145935	7.4755635261535645	-5.501927852630615	4.327813148498535	-3.4294981956481934	-0.222465381026268
717.586	3.100999999999999	trials	[717.6869666666666, 718.5792, 719.2638666666667, 720.0829]	[1.0, 1.0, 1.0, 1.0]	4	4.0	0.7853981633974483	2.0	R	-8.354568481445312	0.6399049162864685	-4.917905330657959	-2.991809129714966	7.608390808105469	-5.539700508117676	6.100738048553467	3.372528314590454
721.691	2.6789999999999736	trials	[721.7921666666666, 722.4247333333333, 723.1244666666666, 723.741]	[1.0, 1.0, 1.0, 1.0]	4	4.0	0.7853981633974483	2.0	R	0.0	0.0	0.0	0.0	0.0	0.0	0.0	0.0
725.373	3.852999999999952	trials	[NaN, NaN, NaN, NaN]	[NaN, NaN, NaN, NaN]	4				R	-5.554468631744385	6.826760768890381	-2.540294885635376	2.837430000305176	7.664947509765625	2.323606014251709	4.114743709564209	5.844408988952637
730.229	2.7539999999999054	trials	[730.3303666666667, 730.9178, 731.6797, 732.3874666666667]	[1.0, 1.0, 1.0, 1.0]	4	4.0	0.7853981633974483	2.0	R	0.5117904543876648	2.3776051998138428	5.732069492340088	1.4939484596252441	3.7472095489501953	6.083102226257324	-0.3140280544757843	3.1665377616882324
733.986	1.6850000000000591	trials	[734.0876666666667, 734.9779, NaN, NaN]	[1.0, 1.0, NaN, NaN]	4	2.0	0.7853981633974483	2.0	A	0.0	0.0	0.0	0.0	0.0	0.0	0.0	0.0
736.674	8.743000000000052	trials	[NaN, NaN, NaN, NaN]	[NaN, NaN, NaN, NaN]	4				R	4.967563152313232	-2.8226542472839355	4.008045196533203	2.0844147205352783	-6.907827854156494	-0.7009551525115967	-3.105151891708374	-3.947438955307007
746.42	2.937999999999988	trials	[746.5215333333333, 747.4007333333333, 747.9982, 748.8132333333333]	[1.0, 1.0, 1.0, 1.0]	4	4.0	0.7853981633974483	2.0	R	0.1906938999891281	-7.707412242889404	3.514235019683838	-3.9718971252441406	-6.098640441894531	-3.273972272872925	-5.90255880355835	2.7037813663482666
750.361	3.344000000000051	trials	[750.4623333333333, 751.2753333333334, 752.0462666666666, 752.9645333333333]	[1.0, 1.0, 1.0, 1.0]	4	4.0	0.7853981633974483	2.0	R	4.112140655517578	1.621098279953003	5.790460109710693	6.331007480621338	2.1688215732574463	2.88372802734375	-6.398789882659912	8.146688461303711
754.709	10.538000000000011	trials	[754.8101, 763.9427666666667, NaN, NaN]	[1.0, 1.0, NaN, NaN]	4	2.0	0.7853981633974483	2.0	F	-7.84292459487915	1.8247098922729492	2.0926051139831543	2.7925400733947754	-2.843109607696533	1.9933398962020874	6.649330139160156	-0.14678439497947693
766.251	2.6159999999999854	trials	[766.3517666666667, 767.0595333333333, 767.6770666666666, 768.3657666666667]	[1.0, 1.0, 1.0, 1.0]	4	4.0	0.7853981633974483	2.0	R	0.0	0.0	0.0	0.0	0.0	0.0	0.0	0.0
769.871	3.0270000000000437	trials	[NaN, NaN, NaN, NaN]	[NaN, NaN, NaN, NaN]	4				R	3.7234010696411133	4.091540813446045	-0.06279372423887253	0.8258509635925293	-0.739712119102478	5.7798171043396	-5.49795389175415	3.78617787361145
773.902	2.7930000000000064	trials	[774.0027666666666, 774.6794333333333, 775.3651333333333, 776.0538333333334]	[1.0, 1.0, 1.0, 1.0]	4	4.0	0.7853981633974483	2.0	R	0.0	0.0	0.0	0.0	0.0	0.0	0.0	0.0
777.699	10.670000000000073	trials	[NaN, NaN, NaN, NaN]	[NaN, NaN, NaN, NaN]	4				R	-5.965269088745117	6.469966888427734	-3.1951537132263184	2.307460308074951	6.8869194984436035	-4.338466644287109	-7.256013870239258	-1.893415927886963
789.373	2.689999999999941	trials	[789.4741666666666, 790.0736333333333, 790.7974333333333, 791.4430333333333]	[1.0, 1.0, 1.0, 1.0]	4	4.0	0.7853981633974483	2.0	R	-1.564085602760315	-2.0116355419158936	-6.430653095245361	4.069911479949951	-6.7822675704956055	-0.91771000623703	-2.493234395980835	-3.4875731468200684
793.066	0.75	trials	[793.1673333333333, NaN, NaN, NaN]	[1.0, NaN, NaN, NaN]	4	1.0	0.7853981633974483	2.0	A	-7.396831035614014	-4.464681148529053	-2.6322414875030518	-2.9485392570495605	-3.7166147232055664	-7.829536437988281	-2.2844491004943848	-3.0390353202819824
794.819	41.405000000000086	trials	[794.9206666666666, 833.7841333333333, 834.6873666666667, 835.6407333333333]	[1.0, 1.0, 1.0, 1.0]	4	4.0	0.7853981633974483	2.0	R	0.0	0.0	-6.777133941650391	0.6992246508598328	0.7044828534126282	7.88734245300293	-4.155223846435547	6.711226463317871
837.228	3.365000000000009	trials	[837.3289333333333, 838.0798, 839.2156333333334, 840.0797666666666]	[1.0, 1.0, 1.0, 1.0]	4	4.0	0.7853981633974483	2.0	R	-5.221980094909668	1.8263487815856934	5.577956676483154	5.167618274688721	2.1214003562927246	8.780404090881348	-2.872224807739258	8.528000831604004
841.597	2.8840000000000146	trials	[841.6978, 842.4466333333334, 843.1022666666667, 843.9403666666667]	[1.0, 1.0, 1.0, 1.0]	4	4.0	0.7853981633974483	2.0	R	-5.634335041046143	4.360177993774414	-2.477841377258301	0.4824792742729187	-7.181131362915039	-6.567068099975586	-3.737731456756592	-2.9417407512664795
845.484	4.264999999999986	trials	[845.5854333333333, 847.6756333333333, 848.5347666666667, 849.1603]	[1.0, 1.0, 1.0, 1.0]	4	4.0	0.7853981633974483	2.0	R	-4.326476573944092	6.707398891448975	-5.954419136047363	1.9798409938812256	-1.3878870010375977	5.14268159866333	-7.151323318481445	8.708723068237305
850.752	2.761000000000081	trials	[850.8535, 851.5813333333333, 852.3953333333334, 853.0349333333334]	[1.0, 1.0, 1.0, 1.0]	4	4.0	0.7853981633974483	2.0	R	-5.095209121704102	4.151049613952637	-4.126700401306152	-0.7542528510093689	0.8513243198394775	-5.520912170410156	4.75642728805542	-2.398385524749756
854.517	2.8659999999999854	trials	[854.6178666666667, 855.3356333333334, 856.0694666666667, 856.7992666666667]	[1.0, 1.0, 1.0, 1.0]	4	4.0	0.7853981633974483	2.0	R	-0.040753137320280075	-0.988754391670227	3.360398530960083	-4.653746604919434	-3.1815860271453857	-7.489934921264648	1.7232228517532349	-8.460939407348633
858.386	2.7280000000000655	trials	[858.4874666666667, 859.3556, 859.9751666666667, 860.5776333333333]	[1.0, 1.0, 1.0, 1.0]	4	4.0	0.7853981633974483	2.0	R	6.256993770599365	-6.352640628814697	2.675731897354126	-2.863433599472046	7.260493278503418	-0.8684495091438293	4.056565284729004	2.9701497554779053
862.117	2.5730000000000928	trials	[862.2187333333334, 862.8432666666666, 863.5931333333333, 864.1765666666666]	[1.0, 1.0, 1.0, 1.0]	4	4.0	0.7853981633974483	2.0	R	-0.9196524620056152	3.457240104675293	-8.62607192993164	-7.3860931396484375	-5.763769149780273	-3.2864317893981934	-8.626472473144531	-8.144206047058105
865.693	2.4529999999999745	trials	[865.7946, 866.4903333333333, 867.0717666666667, 867.6512]	[1.0, 1.0, 1.0, 1.0]	4	4.0	0.7853981633974483	2.0	R	-3.6700828075408936	-7.4852681159973145	0.13943634927272797	-4.246817111968994	5.054910659790039	-3.3313333988189697	4.624736309051514	1.6501272916793823
869.15	1.7440000000000282	trials	[869.2511666666667, 870.3809666666667, NaN, NaN]	[1.0, 1.0, NaN, NaN]	4	2.0	0.7853981633974483	2.0	A	8.551981925964355	4.744758129119873	3.563671827316284	4.40305757522583	6.180788040161133	-7.86618709564209	6.69873046875	1.6457064151763916
871.898	2.92999999999995	trials	[871.999, 872.6997333333334, 873.5789333333333, 874.2766666666666]	[1.0, 1.0, 1.0, 1.0]	4	4.0	0.7853981633974483	2.0	R	-1.4352623224258423	4.506295680999756	-4.4155378341674805	-7.603445053100586	0.5733819007873535	-7.270761489868164	3.6394429206848145	-3.3211705684661865
875.832	3.0109999999999673	trials	[875.9327666666667, 876.7628333333333, 877.6540333333334, 878.3628]	[1.0, 1.0, 1.0, 1.0]	4	4.0	0.7853981633974483	2.0	R	-8.485211372375488	0.4964892566204071	5.073085308074951	1.4626268148422241	-1.4903472661972046	-7.924403667449951	1.794360637664795	-4.154696464538574
879.846	3.269999999999982	trials	[879.9477333333333, 880.6093666666667, 881.4675, 882.1421666666666]	[1.0, 1.0, 1.0, 1.0]	4	4.0	0.7853981633974483	2.0	R	0.0	0.0	0.0	0.0	0.0	0.0	0.0	0.0
884.119	3.1480000000000246	trials	[NaN, NaN, NaN, NaN]	[NaN, NaN, NaN, NaN]	4				R	-5.662261009216309	-1.3842799663543701	-1.89972722530365	-4.6772027015686035	3.074162721633911	-4.166891098022461	2.182223081588745	1.775429368019104
888.27	2.8110000000000355	trials	[888.3716333333333, 889.1596, 889.9555666666666, 890.5961666666667]	[1.0, 1.0, 1.0, 1.0]	4	4.0	0.7853981633974483	2.0	R	3.7355856895446777	6.528014659881592	-0.40909039974212646	-7.092414855957031	3.364774703979492	-1.3276869058609009	0.3223511278629303	-6.312996864318848
892.085	2.967999999999961	trials	[892.1861, 893.0723, 893.6808333333333, 894.5038666666667]	[1.0, 1.0, 1.0, 1.0]	4	4.0	0.7853981633974483	2.0	R	3.6540474891662598	-2.5847532749176025	6.846560001373291	1.2633455991744995	-0.34791719913482666	5.819108009338379	-5.341835021972656	6.06564998626709
896.057	2.77800000000002	trials	[896.1579666666667, 896.7815, 897.5594333333333, 898.3574333333333]	[1.0, 1.0, 1.0, 1.0]	4	4.0	0.7853981633974483	2.0	R	-2.816671848297119	1.7501490116119385	-2.006089448928833	7.229281425476074	-5.323940753936768	0.9542657136917114	-7.698709964752197	-3.4457876682281494
899.838	2.927000000000021	trials	[899.9393333333334, 900.7233, 901.3248, 902.1067333333333]	[1.0, 1.0, 1.0, 1.0]	4	4.0	0.7853981633974483	2.0	R	0.0	0.0	0.0	0.0	0.0	0.0	0.0	0.0
903.769	2.9589999999999463	trials	[NaN, NaN, NaN, NaN]	[NaN, NaN, NaN, NaN]	4				R	4.748354911804199	0.09057623147964478	-7.645549774169922	-7.799197196960449	-3.8992698192596436	-4.487794876098633	-8.187353134155273	-7.059241771697998
907.732	2.870999999999981	trials	[907.8329333333334, 908.5246666666667, 909.2324, 909.9772666666667]	[1.0, 1.0, 1.0, 1.0]	4	4.0	0.7853981633974483	2.0	R	0.0	0.0	0.0	0.0	0.0	0.0	0.0	0.0
911.606	2.8419999999999845	trials	[NaN, NaN, NaN, NaN]	[NaN, NaN, NaN, NaN]	4				R	-8.803732872009277	1.465239405632019	-4.390044212341309	-0.8840903043746948	-3.5334606170654297	-5.8101701736450195	1.3434633016586304	-4.707622051239014
915.452	3.1860000000000355	trials	[915.5531, 916.3831666666666, 917.2924333333333, 918.0142]	[1.0, 1.0, 1.0, 1.0]	4	4.0	0.7853981633974483	2.0	R	-1.8171002864837646	-8.58200454711914	6.51800012588501	-8.815226554870605	7.619434833526611	-3.938051462173462	5.690099239349365	0.6747203469276428
919.641	3.5970000000000937	trials	[919.7425, 921.0116666666667, 921.8216666666667, 922.5885666666667]	[1.0, 1.0, 1.0, 1.0]	4	4.0	0.7853981633974483	2.0	R	7.278486251831055	6.490959644317627	2.843859910964966	8.80052375793457	-2.2547292709350586	4.681207180023193	4.071111679077148	1.8578906059265137
924.242	8.624000000000024	trials	[924.3429333333333, 930.6846666666667, 931.4465666666666, 932.0079333333333]	[1.0, 1.0, 1.0, 1.0]	4	4.0	0.7853981633974483	2.0	R	5.0791015625	6.755232334136963	1.4780555963516235	3.036705255508423	2.5966250896453857	7.909979343414307	1.3817635774612427	3.0598132610321045
933.87	3.0570000000000164	trials	[933.9708, 934.7477333333334, 935.4324333333333, 936.459]	[1.0, 1.0, 1.0, 1.0]	4	4.0	0.7853981633974483	2.0	R	0.0	0.0	0.0	0.0	0.0	0.0	0.0	0.0
937.931	3.0559999999999263	trials	[NaN, NaN, NaN, NaN]	[NaN, NaN, NaN, NaN]	4				R	2.441866874694824	-2.6120076179504395	-8.742587089538574	-8.427661895751953	-7.100842475891113	-3.7048792839050293	-2.582953929901123	-5.8470001220703125
941.991	3.0610000000000355	trials	[942.0919666666666, 942.9290666666667, 943.6638666666666, 944.4348]	[1.0, 1.0, 1.0, 1.0]	4	4.0	0.7853981633974483	2.0	R	1.7061659097671509	-3.277282238006592	4.687819004058838	-7.290976524353027	-7.137966632843018	-1.6055219173431396	3.4620044231414795	2.440720319747925
946.056	3.0109999999999673	trials	[946.1570666666667, 947.0112, 947.8492666666667, 948.5580333333334]	[1.0, 1.0, 1.0, 1.0]	4	4.0	0.7853981633974483	2.0	R	0.0	0.0	0.0	0.0	0.0	0.0	0.0	0.0
950.071	2.953999999999951	trials	[NaN, NaN, NaN, NaN]	[NaN, NaN, NaN, NaN]	4				R	-2.3839895725250244	-0.14381586015224457	3.5713164806365967	8.226399421691895	1.6667964458465576	3.6033267974853516	2.4525516033172607	-1.3345460891723633
954.029	1.0	trials	[954.1298666666667, 954.3323666666666, NaN, NaN]	[1.0, 1.0, NaN, NaN]	4	2.0	0.7853981633974483	2.0	A	0.0	0.0	0.0	0.0	0.0	0.0	0.0	0.0
956.033	3.284999999999968	trials	[NaN, NaN, NaN, NaN]	[NaN, NaN, NaN, NaN]	4				R	-5.321334362030029	0.10574454069137573	4.671484470367432	2.279172897338867	3.0490353107452393	-3.150083303451538	3.331571578979492	1.8419276475906372
960.321	3.0919999999999845	trials	[960.4224666666667, 961.1974, 961.9653, 962.9006333333333]	[1.0, 1.0, 1.0, 1.0]	4	4.0	0.7853981633974483	2.0	R	-1.9828517436981201	6.935332298278809	-6.98063325881958	7.0842695236206055	-6.065787315368652	-2.293482542037964	-4.5887908935546875	-7.070352077484131
964.416	2.825999999999908	trials	[964.5176333333334, 965.1863, 965.864, 966.678]	[1.0, 1.0, 1.0, 1.0]	4	4.0	0.7853981633974483	2.0	R	0.01999536156654358	-5.131515026092529	4.204096794128418	-2.3941268920898438	3.937617778778076	2.598767042160034	3.7726502418518066	-2.3985109329223633
968.246	3.080000000000041	trials	[968.3471333333333, 969.3165666666666, 970.1335666666666, 970.8112666666667]	[1.0, 1.0, 1.0, 1.0]	4	4.0	0.7853981633974483	2.0	R	8.484610557556152	-0.7259573936462402	6.248098373413086	3.7459566593170166	1.835825800895691	1.393967866897583	5.137514114379883	5.1488118171691895
972.329	3.0590000000000828	trials	[972.4302666666666, 973.4588333333334, 974.2267333333333, 974.8763666666666]	[1.0, 1.0, 1.0, 1.0]	4	4.0	0.7853981633974483	2.0	R	8.71255111694336	8.644396781921387	5.530073165893555	4.787994384765625	0.5684423446655273	4.169756889343262	-4.023447036743164	2.191234588623047
976.391	3.1800000000000637	trials	[976.4923666666666, 977.3926, 978.3189, 978.9324333333333]	[1.0, 1.0, 1.0, 1.0]	4	4.0	0.7853981633974483	2.0	R	-8.448530197143555	4.519031524658203	-0.5878790020942688	3.4732825756073	2.5276248455047607	-0.4648422300815582	-3.8543968200683594	6.040788173675537
980.574	3.1230000000000473	trials	[980.6757333333334, 982.394, NaN, NaN]	[1.0, 1.0, NaN, NaN]	4	2.0	0.7853981633974483	2.0	F	0.0	0.0	0.0	0.0	0.0	0.0	0.0	0.0
984.701	16.187000000000012	trials	[NaN, NaN, NaN, NaN]	[NaN, NaN, NaN, NaN]	4				R	0.0	0.0	-7.869614601135254	0.9183644652366638	-5.156277656555176	-3.281373977661133	-1.7607046365737915	-6.951535224914551
1001.891	2.8430000000000746	trials	[1001.9926666666667, 1002.8618, 1003.4693333333333, 1004.0457666666666]	[1.0, 1.0, 1.0, 1.0]	4	4.0	0.7853981633974483	2.0	R	-5.559542179107666	-1.888440489768982	-0.7590388059616089	-0.49016743898391724	3.320218324661255	-3.3814754486083984	-7.367166042327881	0.27293694019317627
1005.738	3.1369999999999436	trials	[1005.8392, 1006.6372, 1007.2838, 1008.0507]	[1.0, 1.0, 1.0, 1.0]	4	4.0	0.7853981633974483	2.0	R	0.0	0.0	0.0	0.0	0.0	0.0	0.0	0.0
1009.878	3.217999999999961	trials	[NaN, NaN, NaN, NaN]	[NaN, NaN, NaN, NaN]	4				R	2.3761789798736572	6.77786111831665	8.386250495910645	4.94680643081665	6.948653221130371	-8.109132766723633	6.018186569213867	-3.196472644805908
1014.1	2.7630000000000337	trials	[1014.2009666666667, 1014.8796333333333, 1015.5854, 1016.2209666666666]	[1.0, 1.0, 1.0, 1.0]	4	4.0	0.7853981633974483	2.0	R	2.5552501678466797	0.41019755601882935	-5.191560745239258	-3.176102876663208	-4.528724670410156	-8.131973266601562	-1.4564158916473389	-4.187239646911621
1017.866	2.8640000000000327	trials	[1017.9673, 1018.7793333333333, 1019.4149, 1020.0504666666667]	[1.0, 1.0, 1.0, 1.0]	4	4.0	0.7853981633974483	2.0	R	3.5321953296661377	-4.524520397186279	7.929276943206787	-2.1442530155181885	3.054502487182617	-1.032239317893982	-8.914146423339844	0.4490897059440613
1021.734	2.6159999999998718	trials	[1021.8349, 1022.5767666666667, 1023.2333666666667, 1023.8358666666667]	[1.0, 1.0, 1.0, 1.0]	4	4.0	0.7853981633974483	2.0	R	-5.9514594078063965	-3.578624725341797	-3.076462745666504	0.5121447443962097	-7.521821975708008	-4.1354217529296875	-2.7129433155059814	-2.766230583190918
1025.354	2.5950000000000273	trials	[1025.4549, 1026.1376, 1026.8854333333334, 1027.4699]	[1.0, 1.0, 1.0, 1.0]	4	4.0	0.7853981633974483	2.0	R	2.7263190746307373	4.371199607849121	-3.1400768756866455	0.5201961398124695	-6.452744960784912	-3.2249650955200195	-2.482226848602295	-0.18605270981788635
1028.953	2.7660000000000764	trials	[1029.0538333333334, 1029.7716, 1030.4703333333334, 1031.2332333333334]	[1.0, 1.0, 1.0, 1.0]	4	4.0	0.7853981633974483	2.0	R	-7.179507732391357	1.52729332447052	-2.1841466426849365	1.7426304817199707	-7.122740745544434	0.9614201784133911	-4.636453628540039	-3.3765950202941895
1032.723	3.1030000000000655	trials	[1032.8241666666668, 1033.552, 1034.6898333333334, 1035.2953333333332]	[1.0, 1.0, 1.0, 1.0]	4	4.0	0.7853981633974483	2.0	R	0.0	0.0	0.0	0.0	0.0	0.0	0.0	0.0
1036.829	3.074000000000069	trials	[NaN, NaN, NaN, NaN]	[NaN, NaN, NaN, NaN]	4				R	0.04321623966097832	-7.610783100128174	-2.432040214538574	-1.4413237571716309	6.606251239776611	7.698540687561035	3.8960695266723633	3.496765375137329
1040.906	2.997000000000071	trials	[1041.0075, 1041.7543666666666, 1042.4771333333333, 1043.1077]	[1.0, 1.0, 1.0, 1.0]	4	4.0	0.7853981633974483	2.0	R	2.285242795944214	8.230182647705078	-4.685696125030518	7.03432035446167	-3.5173234939575195	2.172746181488037	5.142698764801025	8.89783763885498
1044.906	3.15300000000002	trials	[1045.0074333333334, 1046.048, 1046.7607666666668, 1047.4665333333332]	[1.0, 1.0, 1.0, 1.0]	4	4.0	0.7853981633974483	2.0	R	0.2716001868247986	7.769832134246826	-4.252193450927734	5.640209674835205	-7.1351752281188965	-1.2502830028533936	-3.1449835300445557	-4.2633161544799805
1049.063	2.729999999999791	trials	[1049.1637333333333, 1049.8574666666666, 1050.6935333333333, 1051.2689666666668]	[1.0, 1.0, 1.0, 1.0]	4	4.0	0.7853981633974483	2.0	R	1.604183554649353	-2.6995344161987305	-5.214636325836182	-7.769516468048096	-2.726205825805664	-3.432729959487915	1.9123711585998535	3.176640510559082
1052.797	1.691000000000031	trials	[1052.898, 1053.8443666666667, NaN, NaN]	[1.0, 1.0, NaN, NaN]	4	2.0	0.7853981633974483	2.0	A	7.362951755523682	7.724551200866699	5.316398620605469	1.1023269891738892	5.8886799812316895	6.0694684982299805	3.530599355697632	1.6604485511779785
1055.491	2.5730000000000928	trials	[1055.5927, 1056.3285333333333, 1056.9019666666666, 1057.4864]	[1.0, 1.0, 1.0, 1.0]	4	4.0	0.7853981633974483	2.0	R	1.300687551498413	4.081264019012451	2.9449985027313232	-0.6406257152557373	7.878472805023193	-1.4535412788391113	1.9760961532592773	-2.019841432571411
1059.067	3.1720000000000255	trials	[1059.1685666666667, 1060.0487666666668, 1060.9600333333333, 1061.5785666666666]	[1.0, 1.0, 1.0, 1.0]	4	4.0	0.7853981633974483	2.0	R	0.0	0.0	0.0	0.0	0.0	0.0	0.0	0.0
1063.243	3.0260000000000673	trials	[NaN, NaN, NaN, NaN]	[NaN, NaN, NaN, NaN]	4				R	7.776534080505371	1.3245011568069458	-2.9993579387664795	-5.836305618286133	-4.877457618713379	-1.2024365663528442	0.22139915823936462	5.378535747528076
1067.273	3.0420000000001437	trials	[1067.3739333333333, 1068.1338333333333, 1069.2085, 1069.8069666666668]	[1.0, 1.0, 1.0, 1.0]	4	4.0	0.7853981633974483	2.0	R	-4.461525917053223	7.130738735198975	-5.8821635246276855	-4.5361552238464355	-1.304325819015503	-6.5469770431518555	3.6708943843841553	-6.049800872802734
1071.319	3.0820000000001073	trials	[1071.42, 1072.5127, 1073.1112, 1073.7808333333332]	[1.0, 1.0, 1.0, 1.0]	4	4.0	0.7853981633974483	2.0	R	-5.481480121612549	-4.237330913543701	-2.780353546142578	-8.44493293762207	-0.6896438598632812	-3.903024435043335	-6.273366451263428	-1.191792368888855
1075.405	1.018000000000029	trials	[1075.5061333333333, NaN, NaN, NaN]	[1.0, NaN, NaN, NaN]	4	1.0	0.7853981633974483	2.0	A	-8.165767669677734	-5.819839000701904	-4.533229827880859	-2.384047031402588	8.156838417053223	2.5072579383850098	3.052400827407837	5.337867736816406
1077.427	3.117000000000189	trials	[1077.5281666666667, 1078.5096, 1079.2003, 1079.8168333333333]	[1.0, 1.0, 1.0, 1.0]	4	4.0	0.7853981633974483	2.0	R	3.876596689224243	-4.710732460021973	-0.11945735663175583	-1.7054786682128906	-4.641794204711914	-5.706603050231934	5.441661357879639	3.8753926753997803
1081.547	2.494999999999891	trials	[1081.6483666666666, 1082.2168, 1082.9105, 1083.4969666666666]	[1.0, 1.0, 1.0, 1.0]	4	4.0	0.7853981633974483	2.0	R	-1.404319405555725	0.813101053237915	-3.8189189434051514	-3.5652215480804443	-7.394539833068848	-7.060208320617676	-4.515435218811035	-1.9422317743301392
1085.046	2.4559999999999036	trials	[1085.1470666666667, 1085.3495666666668, 1085.9430333333332, 1086.7259666666666]	[1.0, 1.0, 1.0, 1.0]	4	4.0	0.7853981633974483	2.0	R	0.0	0.0	0.0	0.0	0.0	0.0	0.0	0.0
1088.505	3.3899999999998727	trials	[NaN, NaN, NaN, NaN]	[NaN, NaN, NaN, NaN]	4				R	5.697052001953125	7.05338191986084	-8.795929908752441	6.851691722869873	-2.0495872497558594	4.99918270111084	-0.5481255054473877	0.22994643449783325
1092.898	3.147000000000162	trials	[1092.9995666666666, 1093.8536666666666, 1094.8641666666667, 1095.4897333333333]	[1.0, 1.0, 1.0, 1.0]	4	4.0	0.7853981633974483	2.0	R	0.0	0.0	0.0	0.0	0.0	0.0	0.0	0.0
1097.049	3.7260000000001128	trials	[NaN, NaN, NaN, NaN]	[NaN, NaN, NaN, NaN]	4				R	7.362781524658203	-3.1106245517730713	4.358782768249512	0.8863731026649475	3.280529260635376	5.768725872039795	-1.7948205471038818	-0.13646672666072845
1101.778	2.9290000000000873	trials	[1101.8796, 1102.6475, 1103.5126333333333, 1104.1923333333334]	[1.0, 1.0, 1.0, 1.0]	4	4.0	0.7853981633974483	2.0	R	3.201819896697998	0.04679050296545029	5.649602890014648	4.4066481590271	2.3990063667297363	0.6074874401092529	1.4595671892166138	5.518439769744873
1105.71	2.908999999999878	trials	[1105.8113666666666, 1106.872, 1107.4985333333334, 1108.1251]	[1.0, 1.0, 1.0, 1.0]	4	4.0	0.7853981633974483	2.0	R	0.0	0.0	0.0	0.0	0.0	0.0	0.0	0.0
1109.623	3.365000000000009	trials	[NaN, NaN, NaN, NaN]	[NaN, NaN, NaN, NaN]	4				R	0.0	0.0	0.0	0.0	0.0	0.0	0.0	0.0
1113.992	8.995000000000118	trials	[NaN, NaN, NaN, NaN]	[NaN, NaN, NaN, NaN]	4				R	-7.925313949584961	0.4684934914112091	-5.887045860290527	-4.097189903259277	-2.598012685775757	-7.863123893737793	0.7049090266227722	-3.92594313621521
1123.99	2.7329999999999472	trials	[1124.0917333333334, 1124.9709, 1125.5914666666667, 1126.2561]	[1.0, 1.0, 1.0, 1.0]	4	4.0	0.7853981633974483	2.0	R	5.185112953186035	-6.145802021026611	1.8948004245758057	-2.3809852600097656	-3.10221004486084	-2.2081127166748047	-7.988767147064209	-1.1490751504898071
1127.727	2.140999999999849	trials	[1127.828, 1128.6109333333334, 1129.3287333333333, NaN]	[1.0, 1.0, 1.0, NaN]	4	3.0	0.7853981633974483	2.0	A	5.021957874298096	1.25021231174469	8.870379447937012	-3.7060489654541016	4.704896926879883	-0.9404110312461853	-0.17627102136611938	0.9924354553222656
1130.872	2.7649999999998727	trials	[1130.9728, 1131.7968666666666, 1132.4835666666668, 1133.1402]	[1.0, 1.0, 1.0, 1.0]	4	4.0	0.7853981633974483	2.0	R	6.585162162780762	3.692579746246338	2.172206401824951	6.0432868003845215	-2.4209275245666504	4.067655563354492	-6.964322090148926	1.980176568031311
1134.641	2.8229999999998654	trials	[1134.7421666666667, 1135.6033, 1136.3160666666668, 1136.9436333333333]	[1.0, 1.0, 1.0, 1.0]	4	4.0	0.7853981633974483	2.0	R	-7.921695232391357	-2.9273111820220947	-0.3561074435710907	0.8699531555175781	4.642753601074219	3.426321029663086	5.249165058135986	8.389410972595215
1138.467	2.87299999999982	trials	[1138.5686666666666, 1139.3175333333334, 1140.0232666666666, 1140.7380333333333]	[1.0, 1.0, 1.0, 1.0]	4	4.0	0.7853981633974483	2.0	R	-2.7802541255950928	1.7584534883499146	-7.63900899887085	2.9384968280792236	-6.259341239929199	-1.867386817932129	-6.717656135559082	-7.285427093505859
1142.343	3.5299999999999727	trials	[1142.4442666666666, 1143.6392666666666, 1144.3209333333334, 1145.0227]	[1.0, 1.0, 1.0, 1.0]	4	4.0	0.7853981633974483	2.0	R	-1.7177464962005615	-7.255405902862549	-6.207085609436035	-4.1650800704956055	-8.603655815124512	-8.55329704284668	-4.954647064208984	2.705298662185669
1146.876	22.020999999999958	trials	[1146.9775333333334, 1167.304, 1168.1541, NaN]	[1.0, 1.0, 1.0, NaN]	4	3.0	0.7853981633974483	2.0	A	4.014431476593018	3.9506962299346924	-0.5116534233093262	6.07544469833374	6.514674663543701	3.9892842769622803	-3.195706367492676	6.077261924743652
1169.9	2.9449999999999363	trials	[1170.0016666666668, 1170.6793666666667, 1171.4753333333333, 1172.0868666666668]	[1.0, 1.0, 1.0, 1.0]	4	4.0	0.7853981633974483	2.0	R	1.742465615272522	2.4972987174987793	-3.024862289428711	4.004807949066162	-7.37042236328125	1.531731367111206	-2.739668369293213	-0.35403573513031006
1173.848	2.826999999999998	trials	[1173.9495, 1174.6913333333334, 1175.3980666666666, 1176.175]	[1.0, 1.0, 1.0, 1.0]	4	4.0	0.7853981633974483	2.0	R	1.5150232315063477	2.272292375564575	4.730617046356201	6.1011247634887695	1.315500259399414	2.4491419792175293	3.8429746627807617	-4.294796466827393
1177.679	3.217999999999847	trials	[1177.78, 1178.9017666666666, 1179.5784666666666, 1180.3072666666667]	[1.0, 1.0, 1.0, 1.0]	4	4.0	0.7853981633974483	2.0	R	-5.762116432189941	-0.8803219795227051	-3.951350212097168	-5.540915012359619	1.2192671298980713	0.26632073521614075	3.8271987438201904	7.662947654724121
1181.9	2.7590000000000146	trials	[1182.0014666666666, 1182.5909333333334, 1183.5262666666667, 1184.1357666666668]	[1.0, 1.0, 1.0, 1.0]	4	4.0	0.7853981633974483	2.0	R	0.9381466507911682	3.582092761993408	-3.3314504623413086	0.9800664782524109	3.485684871673584	2.308936595916748	8.291146278381348	3.690072774887085
1185.663	2.7919999999999163	trials	[1185.7638, 1186.4695666666667, 1187.0800666666667, 1187.8981]	[1.0, 1.0, 1.0, 1.0]	4	4.0	0.7853981633974483	2.0	R	3.7546112537384033	1.5877299308776855	8.692931175231934	-1.2483986616134644	2.452871084213257	-2.0565500259399414	-2.202319383621216	-4.202600002288818
1189.458	2.6720000000000255	trials	[1189.5592333333334, 1190.277, 1190.9507, 1191.5822333333333]	[1.0, 1.0, 1.0, 1.0]	4	4.0	0.7853981633974483	2.0	R	0.9820489287376404	-8.057440757751465	5.248359680175781	-5.4500298500061035	8.663919448852539	-1.7984610795974731	3.8343701362609863	-0.5040666460990906
1193.133	1.7449999999998909	trials	[1193.2343666666666, 1194.1676666666667, NaN, NaN]	[1.0, 1.0, NaN, NaN]	4	2.0	0.7853981633974483	2.0	A	8.426589012145996	-8.876017570495605	3.7902281284332275	-7.004077434539795	1.834688663482666	-2.402353286743164	6.668300628662109	-1.1232150793075562
1195.882	3.104000000000042	trials	[1195.9831666666666, 1196.9606, 1197.5470666666668, 1198.1956666666667]	[1.0, 1.0, 1.0, 1.0]	4	4.0	0.7853981633974483	2.0	R	0.0	0.0	0.0	0.0	0.0	0.0	0.0	0.0
1199.989	3.3489999999999327	trials	[NaN, NaN, NaN, NaN]	[NaN, NaN, NaN, NaN]	4				R	-4.121570587158203	7.184503555297852	2.6906754970550537	1.1673164367675781	5.316771507263184	-3.0875184535980225	0.0736360102891922	-4.784242630004883
1204.342	3.3409999999998945	trials	[1204.4431666666667, 1205.3183333333334, 1206.1003, 1207.0316]	[1.0, 1.0, 1.0, 1.0]	4	4.0	0.7853981633974483	2.0	R	8.868958473205566	-7.245113849639893	4.407907962799072	-4.987010478973389	7.1984171867370605	4.875205039978027	2.327193260192871	3.7477405071258545
1208.687	2.839000000000169	trials	[1208.7879666666668, 1209.4847, 1210.1774, 1210.8531]	[1.0, 1.0, 1.0, 1.0]	4	4.0	0.7853981633974483	2.0	R	0.0	0.0	0.0	0.0	0.0	0.0	0.0	0.0
1212.529	2.9190000000000964	trials	[NaN, NaN, NaN, NaN]	[NaN, NaN, NaN, NaN]	4				R	0.0	0.0	0.0	0.0	0.0	0.0	0.0	0.0
1216.451	3.4169999999999163	trials	[NaN, NaN, NaN, NaN]	[NaN, NaN, NaN, NaN]	4				R	7.295291423797607	-2.715911626815796	3.3081746101379395	0.30118945240974426	6.954681873321533	-5.87184476852417	2.0561258792877197	-4.869771957397461
1220.872	2.701000000000022	trials	[1220.9732, 1221.8112666666666, 1222.5391, 1223.3310666666666]	[1.0, 1.0, 1.0, 1.0]	4	4.0	0.7853981633974483	2.0	A	3.885906219482422	6.052117347717285	-4.181188106536865	8.384881973266602	5.757599830627441	8.067059516906738	3.1281378269195557	2.4111716747283936
1224.576	3.117999999999938	trials	[1224.6774, 1225.7049333333334, 1226.3826333333334, 1227.1525333333334]	[1.0, 1.0, 1.0, 1.0]	4	4.0	0.7853981633974483	2.0	R	0.7500874996185303	3.7499895095825195	-4.154139995574951	4.723926067352295	0.4617135524749756	2.8019750118255615	-2.4312052726745605	-1.276139736175537
1228.697	2.875	trials	[1228.7986333333333, 1229.6547666666668, 1230.3545, 1231.0131333333334]	[1.0, 1.0, 1.0, 1.0]	4	4.0	0.7853981633974483	2.0	R	2.318880558013916	-2.837127923965454	-0.8656734824180603	1.0175594091415405	0.5279743075370789	5.8194074630737305	-3.9922611713409424	7.95657205581665
1232.575	2.7369999999998527	trials	[1232.6762666666666, 1233.4622, 1234.0817333333334, 1234.6992666666667]	[1.0, 1.0, 1.0, 1.0]	4	4.0	0.7853981633974483	2.0	R	-0.9300897717475891	-2.9098503589630127	-1.090529441833496	-7.907275676727295	2.3698506355285645	-4.298152446746826	6.735627174377441	-6.735363006591797
1236.315	2.8689999999999145	trials	[1236.4165333333333, 1237.2606333333333, 1237.9112333333333, 1238.7393]	[1.0, 1.0, 1.0, 1.0]	4	4.0	0.7853981633974483	2.0	R	5.218658447265625	1.3510031700134277	3.961681842803955	6.190425872802734	0.8457059860229492	-0.4885941445827484	-1.951214075088501	3.6559488773345947
1240.188	2.8299999999999272	trials	[1240.2891333333334, 1241.0971666666667, 1241.7497666666666, 1242.4565333333333]	[1.0, 1.0, 1.0, 1.0]	4	4.0	0.7853981633974483	2.0	R	-3.9723265171051025	8.229252815246582	-8.844306945800781	7.1050615310668945	-8.679134368896484	2.107790470123291	-8.311931610107422	-3.892887830734253
1244.021	2.991999999999962	trials	[1244.1226666666666, 1244.9016, 1245.6294, 1246.4203666666667]	[1.0, 1.0, 1.0, 1.0]	4	4.0	0.7853981633974483	2.0	R	-3.4527950286865234	-5.071356296539307	1.5279560089111328	-5.509669780731201	-8.51390266418457	0.32951241731643677	-1.5264862775802612	2.2232089042663574
1248.016	3.0960000000000036	trials	[1248.1175666666666, 1248.9817333333333, 1249.6373666666666, 1250.5325666666668]	[1.0, 1.0, 1.0, 1.0]	4	4.0	0.7853981633974483	2.0	R	-6.459156036376953	3.0409913063049316	-3.000056743621826	-0.5693594217300415	7.622063636779785	5.036641597747803	2.62262225151062	5.111372947692871
1252.116	1.4809999999999945	trials	[1252.2167666666667, 1252.2939333333334, NaN, NaN]	[1.0, 1.0, NaN, NaN]	4	2.0	0.7853981633974483	2.0	F	-2.4012067317962646	7.293632507324219	-4.995619773864746	3.019404649734497	-1.620554804801941	-6.034737586975098	-2.736621379852295	0.4201723039150238
1254.601	44.8599999999999	trials	[1254.7019333333333, 1297.4841333333334, 1298.236, 1298.9517666666666]	[1.0, 1.0, 1.0, 1.0]	4	4.0	0.7853981633974483	2.0	R	-2.1813597679138184	8.834750175476074	-6.4769816398620605	6.275915622711182	-4.592218399047852	1.644753098487854	-2.504880905151367	-5.140737533569336
1300.465	0.9139999999999873	trials	[1300.5657666666666, NaN, NaN, NaN]	[1.0, NaN, NaN, NaN]	4	1.0	0.7853981633974483	2.0	A	-7.451815128326416	-2.518362283706665	-5.066662311553955	-6.9127960205078125	-0.37909695506095886	-5.1730451583862305	1.3058596849441528	-0.46550658345222473
1302.382	2.83199999999988	trials	[1302.4835333333333, 1303.1782666666666, 1303.7496666666666, 1304.4584333333332]	[1.0, 1.0, 1.0, 1.0]	4	4.0	0.7853981633974483	2.0	R	0.0	0.0	2.992727756500244	-4.005444049835205	7.715371131896973	-2.36329984664917	-0.3007079064846039	5.1484293937683105
1306.218	2.752999999999929	trials	[1306.3190333333334, 1307.1681666666666, 1307.8087333333333, 1308.4423]	[1.0, 1.0, 1.0, 1.0]	4	4.0	0.7853981633974483	2.0	R	-5.187383651733398	-7.952982425689697	-1.2059630155563354	-4.928368091583252	5.678785800933838	-1.0869746208190918	1.3576292991638184	1.4284991025924683
1309.974	2.6639999999999873	trials	[1310.0753666666667, 1310.6999333333333, 1311.4899, 1312.0783333333334]	[1.0, 1.0, 1.0, 1.0]	4	4.0	0.7853981633974483	2.0	R	-3.360037326812744	3.0848870277404785	-1.0151389837265015	-1.3311578035354614	3.85599422454834	-0.20330075919628143	-2.059825897216797	-4.052211761474609
1313.641	2.6369999999999436	trials	[1313.7424666666666, 1314.3991, 1315.0778, 1315.7083666666667]	[1.0, 1.0, 1.0, 1.0]	4	4.0	0.7853981633974483	2.0	R	-0.953079879283905	2.653390884399414	1.0861308574676514	7.218653202056885	-2.473745822906494	3.7076308727264404	2.4117064476013184	0.27769672870635986
1317.281	2.6749999999999545	trials	[1317.3825, 1318.1273666666666, 1318.792, 1319.4085333333333]	[1.0, 1.0, 1.0, 1.0]	4	4.0	0.7853981633974483	2.0	R	1.6624438762664795	7.2836785316467285	1.2163974046707153	2.3036139011383057	-0.14363990724086761	7.1150898933410645	-3.1087448596954346	3.0891547203063965
1320.959	3.1779999999998836	trials	[1321.0606333333333, 1321.9177666666667, 1322.6506, 1323.6049666666668]	[1.0, 1.0, 1.0, 1.0]	4	4.0	0.7853981633974483	2.0	R	-8.510714530944824	-1.0590401887893677	-6.78892707824707	7.176900863647461	0.3476756811141968	3.6081602573394775	-6.598670959472656	6.711404323577881
1325.141	2.9169999999999163	trials	[1325.2420333333334, 1325.9417666666666, 1326.8941333333332, 1327.5487333333333]	[1.0, 1.0, 1.0, 1.0]	4	4.0	0.7853981633974483	2.0	R	0.0	0.0	0.0	0.0	0.0	0.0	0.0	0.0
1329.062	3.3230000000000928	trials	[NaN, NaN, NaN, NaN]	[NaN, NaN, NaN, NaN]	4				R	5.675479412078857	2.6150126457214355	2.300455331802368	-1.0740540027618408	-2.5470216274261475	0.15149402618408203	2.393928289413452	0.9176627397537231
1333.388	3.2609999999999673	trials	[1333.4895, 1334.3596333333332, 1335.1265666666666, 1335.9235333333334]	[1.0, 1.0, 1.0, 1.0]	4	4.0	0.7853981633974483	2.0	R	-5.775386810302734	-4.926460266113281	3.574653148651123	-8.978341102600098	1.0298210382461548	-3.185533046722412	-5.048660755157471	5.95595645904541
1337.653	2.703999999999951	trials	[1337.7540666666666, 1338.4879, 1339.2076666666667, 1339.7911333333334]	[1.0, 1.0, 1.0, 1.0]	4	4.0	0.7853981633974483	2.0	R	0.0	0.0	0.0	0.0	0.0	0.0	0.0	0.0
1341.36	3.5	trials	[NaN, NaN, NaN, NaN]	[NaN, NaN, NaN, NaN]	4				R	0.0	0.0	0.0	0.0	0.0	0.0	0.0	0.0
1345.863	3.2110000000000127	trials	[NaN, NaN, NaN, NaN]	[NaN, NaN, NaN, NaN]	4				R	2.5054357051849365	3.254007339477539	-1.7141214609146118	0.5715948939323425	-5.312027931213379	-2.9004464149475098	-0.4249531626701355	6.163156509399414
1350.078	3.025000000000091	trials	[1350.1789333333334, 1350.9057333333333, 1351.6335333333334, 1352.4235]	[1.0, 1.0, 1.0, 1.0]	4	4.0	0.7853981633974483	2.0	R	1.747711420059204	-0.8163492679595947	8.969532012939453	-1.778668761253357	6.56572151184082	2.6055867671966553	1.7337044477462769	3.8907368183135986
1354.107	3.413000000000011	trials	[1354.2079333333334, 1355.2735666666667, 1356.1978666666666, 1356.9507333333333]	[1.0, 1.0, 1.0, 1.0]	4	4.0	0.7853981633974483	2.0	R	8.58952808380127	4.1232523918151855	8.609956741333008	-2.307403564453125	6.070054054260254	1.9994392395019531	0.7277420163154602	3.805126905441284
1358.524	2.8880000000001473	trials	[1358.6248666666668, 1359.5802666666666, 1360.289, 1360.8925]	[1.0, 1.0, 1.0, 1.0]	4	4.0	0.7853981633974483	2.0	R	6.904026508331299	7.338069438934326	3.067455530166626	4.131712913513184	-1.922165870666504	3.8097212314605713	-4.820944309234619	-0.2642308473587036
1362.415	2.4570000000001073	trials	[1362.5165333333334, 1362.7912333333334, 1363.502, 1364.1746666666666]	[1.0, 1.0, 1.0, 1.0]	4	4.0	0.7853981633974483	2.0	R	-0.8439679145812988	2.7662246227264404	5.868049621582031	6.16982364654541	1.314896583557129	8.235930442810059	8.83403205871582	7.32846212387085
1365.876	3.0540000000000873	trials	[1365.9771333333333, 1366.8733666666667, 1367.6132, 1368.4051666666667]	[1.0, 1.0, 1.0, 1.0]	4	4.0	0.7853981633974483	2.0	R	6.998654365539551	2.677506685256958	3.386306047439575	6.134520053863525	-1.079785704612732	2.921420097351074	4.9056806564331055	4.429986953735352
1369.934	3.081000000000131	trials	[1370.0352, 1371.0778, 1371.7645, 1372.4201333333333]	[1.0, 1.0, 1.0, 1.0]	4	4.0	0.7853981633974483	2.0	R	0.3498881161212921	6.490267276763916	-4.6485514640808105	6.365366458892822	0.43946200609207153	0.11921034008264542	6.553089618682861	-2.586364507675171
1374.018	2.7660000000000764	trials	[1374.1193333333333, 1374.8551666666667, 1375.5789666666667, 1376.2376]	[1.0, 1.0, 1.0, 1.0]	4	4.0	0.7853981633974483	2.0	R	0.0	0.0	0.0	0.0	0.0	0.0	0.0	0.0
1377.787	2.9249999999999545	trials	[NaN, NaN, NaN, NaN]	[NaN, NaN, NaN, NaN]	4				R	0.0	0.0	0.0	0.0	0.0	0.0	0.0	0.0
1381.715	3.1380000000001473	trials	[NaN, NaN, NaN, NaN]	[NaN, NaN, NaN, NaN]	4				R	-5.942587375640869	6.255630016326904	-8.424571990966797	1.9151517152786255	-6.528003692626953	-2.711189031600952	-3.4963912963867188	-6.687283515930176
1385.856	2.59699999999998	trials	[1385.9577333333334, 1386.6294, 1387.2619666666667, 1387.9366333333332]	[1.0, 1.0, 1.0, 1.0]	4	4.0	0.7853981633974483	2.0	R	-1.723739504814148	2.0148708820343018	-6.382297039031982	3.830867052078247	-3.0284435749053955	0.12254290282726288	1.8689240217208862	1.1304069757461548
1389.456	3.3010000000001583	trials	[1389.5576666666666, 1390.8338333333334, 1391.4413333333334, 1392.1009666666666]	[1.0, 1.0, 1.0, 1.0]	4	4.0	0.7853981633974483	2.0	R	0.0	0.0	0.0	0.0	0.0	0.0	0.0	0.0
1393.76	3.3079999999999927	trials	[NaN, NaN, NaN, NaN]	[NaN, NaN, NaN, NaN]	4				R	-1.4327783584594727	-2.0755555629730225	3.0568063259124756	-4.2763800621032715	8.386804580688477	-2.9565799236297607	-1.435307502746582	7.821399688720703
1398.072	3.2650000000001	trials	[1398.1730333333333, 1399.0933333333332, 1399.9304, 1400.6502]	[1.0, 1.0, 1.0, 1.0]	4	4.0	0.7853981633974483	2.0	R	-6.431263446807861	8.022453308105469	-4.003582954406738	3.651370048522949	4.451033592224121	-3.151599645614624	-1.628226399421692	5.633345603942871
1402.34	71.83900000000017	trials	[1402.4416333333334, 1472.1095666666668, 1473.089, 1473.7015333333334]	[1.0, 1.0, 1.0, 1.0]	4	4.0	0.7853981633974483	2.0	R	2.983205795288086	8.927292823791504	-7.620811939239502	-1.3097628355026245	-2.7153921127319336	-2.2776761054992676	1.427681803703308	0.5214197039604187
1475.182	2.7609999999999673	trials	[1475.2834333333333, 1475.9390666666666, 1476.718, 1477.3666333333333]	[1.0, 1.0, 1.0, 1.0]	4	4.0	0.7853981633974483	2.0	R	0.0	0.0	0.0	0.0	0.0	0.0	0.0	0.0
1478.947	2.8190000000001874	trials	[NaN, NaN, NaN, NaN]	[NaN, NaN, NaN, NaN]	4				R	3.9278440475463867	4.053458213806152	3.971162796020508	-0.9463541507720947	4.98726749420166	3.949310302734375	5.307953834533691	8.93901538848877
1482.769	2.8079999999999927	trials	[1482.8702666666666, 1483.6261666666667, 1484.4221333333332, 1485.0697333333333]	[1.0, 1.0, 1.0, 1.0]	4	4.0	0.7853981633974483	2.0	R	0.3087230324745178	8.851319313049316	-6.185967922210693	-2.441436290740967	-1.1900805234909058	-2.644188404083252	-0.6691619157791138	2.977461338043213
1486.581	2.939000000000078	trials	[1486.6817333333333, 1487.4105333333334, 1488.1363333333334, 1488.8721666666668]	[1.0, 1.0, 1.0, 1.0]	4	4.0	0.7853981633974483	2.0	R	-1.6321520805358887	-1.9289273023605347	0.7895017266273499	2.445497512817383	-8.514443397521973	0.717823326587677	-7.24948263168335	-4.119518280029297
1490.523	2.5720000000001164	trials	[1490.6245333333334, 1491.2781333333332, 1491.8896666666667, 1492.5693666666666]	[1.0, 1.0, 1.0, 1.0]	4	4.0	0.7853981633974483	2.0	R	-2.851262092590332	-1.7413564920425415	-7.900890350341797	-4.451021194458008	-2.498030662536621	2.557828426361084	-5.974425792694092	6.151528358459473
1494.098	2.9610000000000127	trials	[1494.1994, 1495.0515, 1495.7622666666666, 1496.5562333333332]	[1.0, 1.0, 1.0, 1.0]	4	4.0	0.7853981633974483	2.0	R	5.820917129516602	2.577160358428955	5.1136155128479	7.526879787445068	-4.312355041503906	2.277862548828125	-2.2042768001556396	8.536507606506348
1498.062	2.79300000000012	trials	[1498.1632333333334, 1498.8589666666667, 1499.6860333333334, 1500.3817333333334]	[1.0, 1.0, 1.0, 1.0]	4	4.0	0.7853981633974483	2.0	R	2.5094666481018066	4.604905128479004	-6.63205623626709	8.748291969299316	-4.95641565322876	4.037429332733154	-3.5285234451293945	-0.7543473839759827
1501.858	3.4320000000000164	trials	[1501.9596666666666, 1502.9942333333333, 1503.9145, 1504.6283]	[1.0, 1.0, 1.0, 1.0]	4	4.0	0.7853981633974483	2.0	R	0.0	0.0	0.0	0.0	0.0	0.0	0.0	0.0
1506.293	3.1980000000000928	trials	[NaN, NaN, NaN, NaN]	[NaN, NaN, NaN, NaN]	4				R	7.167765140533447	6.247406482696533	5.224008083343506	-5.0746049880981445	8.734342575073242	4.708120822906494	3.966594696044922	6.214303016662598
1510.495	3.15300000000002	trials	[1510.5961, 1511.4161333333334, 1512.2401666666667, 1513.0792666666666]	[1.0, 1.0, 1.0, 1.0]	4	4.0	0.7853981633974483	2.0	R	6.924903869628906	1.7999002933502197	6.1854166984558105	6.7449140548706055	1.9518173933029175	-2.6998414993286133	0.7364323139190674	2.8006699085235596
1514.651	2.893000000000029	trials	[1514.7524, 1515.6366, 1516.2892333333334, 1516.9919666666667]	[1.0, 1.0, 1.0, 1.0]	4	4.0	0.7853981633974483	2.0	R	0.49671658873558044	7.794919967651367	-4.458368301391602	7.1262407302856445	0.589279294013977	4.857169151306152	-4.346108913421631	4.055954933166504
1518.548	2.5389999999999873	trials	[1518.6491, 1519.1854333333333, 1519.9192333333333, 1520.5688666666667]	[1.0, 1.0, 1.0, 1.0]	4	4.0	0.7853981633974483	2.0	R	0.0	0.0	0.0	0.0	0.0	0.0	0.0	0.0
1522.091	3.1920000000000073	trials	[NaN, NaN, NaN, NaN]	[NaN, NaN, NaN, NaN]	4				R	-2.3300864696502686	1.1498453617095947	-7.881728172302246	-3.10693359375	-6.686517715454102	-8.784161567687988	-4.394682884216309	-4.340346813201904
1526.286	2.810999999999922	trials	[1526.3873, 1527.2735, 1528.0474, 1528.6378666666667]	[1.0, 1.0, 1.0, 1.0]	4	4.0	0.7853981633974483	2.0	R	-7.514326572418213	4.865416049957275	-4.234857559204102	1.0911500453948975	-6.4636335372924805	-3.384624719619751	-5.831604480743408	1.6079009771347046
1530.101	2.717999999999847	trials	[1530.2017666666666, 1530.9696666666666, 1531.6523666666667, 1532.2899333333332]	[1.0, 1.0, 1.0, 1.0]	4	4.0	0.7853981633974483	2.0	R	0.0	0.0	0.0	0.0	0.0	0.0	0.0	0.0
1533.823	2.8309999999999036	trials	[NaN, NaN, NaN, NaN]	[NaN, NaN, NaN, NaN]	4				R	-2.2347922325134277	4.728168487548828	-8.289876937866211	-1.9826700687408447	-7.501927375793457	4.19537878036499	-8.327981948852539	-0.735912561416626
1537.657	3.1720000000000255	trials	[1537.7585, 1538.4833333333333, 1539.157, 1539.8026]	[1.0, 1.0, 1.0, 1.0]	4	4.0	0.7853981633974483	2.0	R	-3.376303195953369	-1.4293650388717651	1.464887022972107	4.881838798522949	-4.653900146484375	5.9256591796875	-5.72373104095459	-8.868056297302246
1541.833	2.6539999999999964	trials	[1541.9338666666667, 1542.6757333333333, 1543.2932666666666, 1543.993]	[1.0, 1.0, 1.0, 1.0]	4	4.0	0.7853981633974483	2.0	R	-4.592428684234619	-3.9977219104766846	-5.91048526763916	-8.820866584777832	-2.053701639175415	-4.293375015258789	-4.689223766326904	-8.542377471923828
1545.491	2.1010000000001128	trials	[1545.5919666666666, 1546.3468333333333, 1546.9693666666667, NaN]	[1.0, 1.0, 1.0, NaN]	4	3.0	0.7853981633974483	2.0	A	0.17422696948051453	-7.381840229034424	4.677324295043945	-5.208796977996826	8.537698745727539	-8.386454582214355	5.0918426513671875	-4.763461589813232
1548.595	3.20699999999988	trials	[1548.6966666666667, 1549.5277333333333, 1550.3778333333332, 1551.2389666666666]	[1.0, 1.0, 1.0, 1.0]	4	4.0	0.7853981633974483	2.0	R	6.550457000732422	-0.04395050182938576	5.516451358795166	8.449392318725586	-2.0967965126037598	-0.5739051699638367	-6.970077037811279	3.37101674079895
1552.806	2.9829999999999472	trials	[1552.9071, 1553.7161333333333, 1554.465, 1555.1837666666668]	[1.0, 1.0, 1.0, 1.0]	4	4.0	0.7853981633974483	2.0	R	1.1094814538955688	-2.9376790523529053	7.386748313903809	1.7481426000595093	8.721424102783203	6.566715240478516	5.093771934509277	3.1257646083831787
1556.793	3.3200000000001637	trials	[1556.894, 1557.7311, 1558.8067666666666, 1559.4804333333334]	[1.0, 1.0, 1.0, 1.0]	4	4.0	0.7853981633974483	2.0	R	7.1265645027160645	-5.53528356552124	-1.5263044834136963	3.565645694732666	-2.5453379154205322	8.460701942443848	-5.8333234786987305	1.1752040386199951
1561.117	2.730000000000018	trials	[1561.2177333333334, 1561.8453, 1562.5721, 1563.2407666666666]	[1.0, 1.0, 1.0, 1.0]	4	4.0	0.7853981633974483	2.0	R	-2.2542505264282227	-2.3162479400634766	-0.39884865283966064	-6.959251880645752	5.595214366912842	-8.409842491149902	4.009243488311768	-3.668039083480835
1564.851	2.910999999999831	trials	[1564.952, 1565.7139, 1566.4236666666666, 1567.1534666666666]	[1.0, 1.0, 1.0, 1.0]	4	4.0	0.7853981633974483	2.0	R	3.4717180728912354	2.644848585128784	8.13854694366455	0.850214421749115	7.781702041625977	5.837464332580566	5.707428932189941	1.2880256175994873
1568.765	2.91599999999994	trials	[1568.8667333333333, 1569.7930333333334, 1570.4677, 1571.0862333333334]	[1.0, 1.0, 1.0, 1.0]	4	4.0	0.7853981633974483	2.0	R	6.146865367889404	-6.345262050628662	2.1731083393096924	-3.310586929321289	3.8536672592163086	-8.019697189331055	2.842923879623413	-3.1229233741760254
1572.684	2.740000000000009	trials	[1572.7854666666667, 1573.6405666666667, 1574.2701333333334, 1574.9227666666666]	[1.0, 1.0, 1.0, 1.0]	4	4.0	0.7853981633974483	2.0	R	6.309604167938232	-6.7259955406188965	4.375794410705566	-2.1150972843170166	0.14984241127967834	0.557229220867157	-3.5776009559631348	3.8898208141326904
1576.428	2.69399999999996	trials	[1576.5287333333333, 1577.2806333333333, 1578.0024, 1578.6099]	[1.0, 1.0, 1.0, 1.0]	4	4.0	0.7853981633974483	2.0	R	-5.506018161773682	-0.7233350872993469	-5.342416763305664	-7.33721399307251	-3.5317063331604004	-2.6765995025634766	-0.13608655333518982	-6.948482513427734
1580.126	3.048000000000002	trials	[1580.2269333333334, 1581.0409666666667, 1581.8439333333333, 1582.5166]	[1.0, 1.0, 1.0, 1.0]	4	4.0	0.7853981633974483	2.0	R	-3.2697770595550537	-3.052332878112793	7.753968238830566	-3.2329816818237305	5.123846530914307	1.019365906715393	-5.732123374938965	4.818421840667725
1584.178	2.8059999999998126	trials	[1584.279, 1584.9837333333332, 1585.6443666666667, 1586.4734333333333]	[1.0, 1.0, 1.0, 1.0]	4	4.0	0.7853981633974483	2.0	R	-3.805368423461914	0.20457127690315247	-8.525971412658691	4.451528072357178	-0.284828245639801	3.382164716720581	4.687439918518066	3.908045768737793
1587.987	2.7539999999999054	trials	[1588.0884333333333, 1588.8563666666666, 1589.6573333333333, 1590.3149666666666]	[1.0, 1.0, 1.0, 1.0]	4	4.0	0.7853981633974483	2.0	R	-2.157900810241699	8.571121215820312	-6.742729187011719	6.576291561126709	-5.362064361572266	1.7706944942474365	-6.0604705810546875	-3.180288076400757
1591.745	3.456000000000131	trials	[1591.8457666666666, 1593.144, 1593.9409666666666, 1594.4953333333333]	[1.0, 1.0, 1.0, 1.0]	4	4.0	0.7853981633974483	2.0	R	-3.723973512649536	-8.845258712768555	5.584133148193359	-4.870058059692383	4.693962574005127	0.050063688308000565	-1.46884024143219	-2.7089850902557373
1596.205	3.1520000000000437	trials	[1596.3058333333333, 1597.2231, 1598.0872666666667, 1598.6897666666666]	[1.0, 1.0, 1.0, 1.0]	4	4.0	0.7853981633974483	2.0	R	6.3699212074279785	0.06071668490767479	-0.2932371497154236	5.128166198730469	-5.015356063842773	3.484513998031616	-3.3401317596435547	8.703961372375488
1600.361	2.5449999999998454	trials	[1600.4621666666667, 1601.1609, 1601.7984666666666, 1602.4491]	[1.0, 1.0, 1.0, 1.0]	4	4.0	0.7853981633974483	2.0	R	-3.995521306991577	3.747101306915283	-8.98318862915039	4.098067760467529	-4.2548089027404785	2.472513437271118	-2.6640031337738037	-2.267669916152954
1603.91	2.938999999999851	trials	[1604.0109666666667, 1604.8651, 1605.7322333333334, 1606.3277]	[1.0, 1.0, 1.0, 1.0]	4	4.0	0.7853981633974483	2.0	R	-7.190960884094238	1.5095274448394775	-1.9461603164672852	-4.9144368171691895	1.1883621215820312	-8.809917449951172	5.932077407836914	-7.22967529296875
1607.853	2.701999999999998	trials	[1607.9537666666668, 1608.7627666666667, 1609.4625, 1610.0018333333333]	[1.0, 1.0, 1.0, 1.0]	4	4.0	0.7853981633974483	2.0	R	-8.307506561279297	-6.697466850280762	-3.4374029636383057	-5.565170764923096	0.11214941740036011	-2.0437111854553223	4.838631629943848	-0.41264861822128296
1611.559	3.0860000000000127	trials	[1611.6599666666666, 1612.3807333333334, 1613.1236, 1614.1260666666667]	[1.0, 1.0, 1.0, 1.0]	4	4.0	0.7853981633974483	2.0	R	0.0	0.0	0.0	0.0	0.0	0.0	0.0	0.0
1615.649	2.872000000000071	trials	[NaN, NaN, NaN, NaN]	[NaN, NaN, NaN, NaN]	4				R	-2.661719560623169	2.9127964973449707	-7.209607124328613	8.43366813659668	-6.563573360443115	3.4755797386169434	-2.9037327766418457	0.06888552755117416
1619.524	3.3480000000001837	trials	[1619.6257333333333, 1620.3264666666666, 1621.3951, 1622.1038666666666]	[1.0, 1.0, 1.0, 1.0]	4	4.0	0.7853981633974483	2.0	R	0.44586044549942017	3.7810580730438232	-7.933218479156494	-8.638320922851562	0.2345089316368103	-6.707037925720215	0.8952507376670837	7.54278564453125
1623.875	2.800999999999931	trials	[1623.9765333333332, 1624.7915333333333, 1625.5093333333334, 1626.189]	[1.0, 1.0, 1.0, 1.0]	4	4.0	0.7853981633974483	2.0	R	6.165501594543457	5.646683692932129	2.2553718090057373	8.762913703918457	3.8592214584350586	2.625457286834717	5.762888431549072	8.184639930725098
1627.68	2.6499999999998636	trials	[1627.7809666666667, 1628.4616666666666, 1629.2556333333334, 1629.8761666666667]	[1.0, 1.0, 1.0, 1.0]	4	4.0	0.7853981633974483	2.0	R	3.491029739379883	3.730578899383545	-7.287063121795654	2.2375760078430176	-8.238126754760742	-2.671138286590576	-5.200146198272705	-6.642368793487549
1631.334	2.8489999999999327	trials	[1631.4350333333334, 1632.2400333333333, 1632.9337666666668, 1633.7327333333333]	[1.0, 1.0, 1.0, 1.0]	4	4.0	0.7853981633974483	2.0	R	-1.0603996515274048	-3.8383538722991943	0.4665036201477051	3.13603138923645	2.569218397140503	-8.665523529052734	4.718771457672119	-4.1511664390563965
1635.186	2.865000000000009	trials	[1635.2876, 1636.1587666666667, 1636.8294333333333, 1637.4349333333332]	[1.0, 1.0, 1.0, 1.0]	4	4.0	0.7853981633974483	2.0	R	4.661886692047119	0.8485100865364075	-0.2640194892883301	2.0884671211242676	5.9324421882629395	2.363576650619507	2.307671308517456	5.807561874389648
1639.055	1.5359999999998308	trials	[1639.1562, 1639.3587, 1639.9792333333332, NaN]	[1.0, 1.0, 1.0, NaN]	4	3.0	0.7853981633974483	2.0	A	-0.3975101411342621	1.6025656461715698	-2.4051995277404785	6.181777477264404	-1.865930199623108	-4.6882781982421875	1.046831488609314	-0.6243119835853577
1641.594	2.81899999999996	trials	[1641.6955, 1642.5536333333334, 1643.2413333333334, 1643.9501]	[1.0, 1.0, 1.0, 1.0]	4	4.0	0.7853981633974483	2.0	R	2.6099565029144287	-2.4597272872924805	-2.0179221630096436	0.7497360110282898	5.1634931564331055	-6.560431480407715	6.93377685546875	-1.8843116760253906
1645.417	2.8420000000000982	trials	[1645.518, 1646.2448, 1646.9736, 1647.6733333333334]	[1.0, 1.0, 1.0, 1.0]	4	4.0	0.7853981633974483	2.0	R	0.0	0.0	0.0	0.0	0.0	0.0	0.0	0.0
1649.262	2.798999999999978	trials	[NaN, NaN, NaN, NaN]	[NaN, NaN, NaN, NaN]	4				R	-5.361501693725586	2.928595542907715	-1.3933205604553223	-0.11336742341518402	-4.6804375648498535	-3.880974054336548	0.6615248322486877	6.33912467956543
1653.065	2.7919999999999163	trials	[1653.1659666666667, 1653.984, 1654.5915, 1655.3463666666667]	[1.0, 1.0, 1.0, 1.0]	4	4.0	0.7853981633974483	2.0	R	6.308285713195801	0.838115930557251	6.228686332702637	5.837482452392578	2.9177722930908203	2.090770721435547	1.203960657119751	-7.16698694229126
1656.86	3.0150000000001	trials	[1656.9614, 1657.7483333333332, 1658.6135, 1659.2119666666667]	[1.0, 1.0, 1.0, 1.0]	4	4.0	0.7853981633974483	2.0	R	4.680191993713379	-3.5731289386749268	-5.505161762237549	1.2863670587539673	-1.9628597497940063	6.032252311706543	6.70254373550415	4.554826736450195
1660.878	8.361000000000104	trials	[1660.9793666666667, 1666.9782666666667, 1667.8474, 1668.6033]	[1.0, 1.0, 1.0, 1.0]	4	4.0	0.7853981633974483	2.0	R	4.217109680175781	8.893330574035645	2.0726969242095947	4.376529693603516	-2.208345413208008	6.959681987762451	6.217073917388916	0.4152975380420685
1670.242	2.785000000000082	trials	[1670.3436, 1670.9661666666666, 1671.7511, 1672.4057333333333]	[1.0, 1.0, 1.0, 1.0]	4	4.0	0.7853981633974483	2.0	R	2.0155272483825684	3.1258339881896973	-2.308241128921509	5.636815547943115	0.01210756879299879	1.2078219652175903	8.989201545715332	-4.517339706420898
1674.031	2.36200000000008	trials	[1674.132, 1674.3345, 1675.0553, 1675.8332333333333]	[1.0, 1.0, 1.0, 1.0]	4	4.0	0.7853981633974483	2.0	R	0.7734411954879761	2.1473705768585205	6.720401763916016	1.9769339561462402	-4.719577312469482	2.7634615898132324	-1.1006834506988525	-0.6866989731788635
1677.396	2.699000000000069	trials	[1677.4973666666667, 1678.3073666666667, 1678.8898333333334, 1679.5815333333333]	[1.0, 1.0, 1.0, 1.0]	4	4.0	0.7853981633974483	2.0	R	0.0	0.0	0.0	0.0	0.0	0.0	0.0	0.0
1681.098	4.09699999999998	trials	[NaN, NaN, NaN, NaN]	[NaN, NaN, NaN, NaN]	4				R	0.0	0.0	0.0	0.0	0.0	0.0	0.0	0.0
1686.199	3.625	trials	[NaN, NaN, NaN, NaN]	[NaN, NaN, NaN, NaN]	4				R	5.368416786193848	4.535780429840088	8.506041526794434	0.42352399230003357	-2.5455400943756104	-4.572094440460205	5.569023609161377	-4.035778522491455
1690.827	1.7999999999999545	trials	[1690.9287, 1691.3226666666667, NaN, NaN]	[1.0, 1.0, NaN, NaN]	4	2.0	0.7853981633974483	2.0	F	0.0	0.0	0.0	0.0	0.0	0.0	0.0	0.0
1693.63	7.583999999999833	trials	[NaN, NaN, NaN, NaN]	[NaN, NaN, NaN, NaN]	4				R	8.501175880432129	-6.267630100250244	6.032358646392822	-1.9196490049362183	1.433005690574646	0.04146133363246918	3.9696455001831055	7.04953145980835
1702.218	2.8450000000000273	trials	[1702.3189666666667, 1703.0979, 1703.9279666666666, 1704.5375]	[1.0, 1.0, 1.0, 1.0]	4	4.0	0.7853981633974483	2.0	R	-0.994865357875824	6.454862117767334	-5.669896125793457	4.681704521179199	-5.772369861602783	-0.6281719207763672	-2.1221303939819336	-4.045152187347412
1706.066	2.713999999999942	trials	[1706.1675333333333, 1706.9765333333332, 1707.569, 1708.2757666666666]	[1.0, 1.0, 1.0, 1.0]	4	4.0	0.7853981633974483	2.0	R	1.9528828859329224	1.3814804576965399e-30	6.103474648989232e-32	1.0415435553037223e-34	-8.444773921371608e+37	-5.016985573672353e+31	-1.8920841134918007e+33	6.356582588519966e-34
1709.784	2.6989999999998417	trials	[1709.8847666666666, 1710.5163333333333, 1711.1749666666667, 1711.7915]	[1.0, 1.0, 1.0, 1.0]	4	4.0	0.7853981633974483	2.0	R	0.8844203352928162	-0.8373037576675415	6.946294784545898	-4.967868804931641	6.34067440032959	-0.004681962076574564	-5.135810375213623	5.0011515617370605
1713.487	2.6579999999999018	trials	[1713.5879333333332, 1714.2736666666667, 1715.0135, 1715.6490666666666]	[1.0, 1.0, 1.0, 1.0]	4	4.0	0.7853981633974483	2.0	R	0.0	0.0	0.0	0.0	0.0	0.0	0.0	0.0
1717.149	2.7600000000002183	trials	[NaN, NaN, NaN, NaN]	[NaN, NaN, NaN, NaN]	4				R	4.438472270965576	0.3841983377933502	-0.3671022355556488	1.7649422883987427	5.1094279289245605	-6.226223945617676	7.513375759124756	-1.8420438766479492
1720.912	3.127999999999929	trials	[1721.0133666666666, 1721.8474666666666, 1722.5722333333333, 1723.4093333333333]	[1.0, 1.0, 1.0, 1.0]	4	4.0	0.7853981633974483	2.0	R	4.217938423156738	1.9182873964309692	0.8392960429191589	5.895265579223633	-3.939911365509033	-0.9837681651115417	6.33570671081543	2.1482865810394287
1725.043	3.4480000000000928	trials	[1725.1446333333333, 1726.0017666666668, 1726.8167666666666, 1728.0147666666667]	[1.0, 1.0, 1.0, 1.0]	4	4.0	0.7853981633974483	2.0	R	-6.158650875091553	-3.478543758392334	5.209795951843262	-8.42410945892334	3.9277455806732178	6.277162551879883	0.9612829089164734	2.252227783203125
1729.494	2.810000000000173	trials	[1729.5956666666666, 1730.2122, 1731.0072, 1731.8342333333333]	[1.0, 1.0, 1.0, 1.0]	4	4.0	0.7853981633974483	2.0	R	0.0	0.0	0.0	0.0	0.0	0.0	0.0	0.0
1733.308	3.1230000000000473	trials	[NaN, NaN, NaN, NaN]	[NaN, NaN, NaN, NaN]	4				R	-3.6191534996032715	6.008070468902588	-8.614211082458496	6.230319023132324	-4.101600646972656	4.0771026611328125	-1.9296995401382446	-0.4265454411506653
1737.434	2.9270000000001346	trials	[1737.5354, 1738.4256, 1739.1544, 1739.8140333333333]	[1.0, 1.0, 1.0, 1.0]	4	4.0	0.7853981633974483	2.0	R	3.9600515365600586	-4.4197258949279785	5.264020919799805	0.407246470451355	2.703155517578125	4.701657772064209	-3.6023876667022705	-3.7237257957458496
1741.365	1.8099999999999454	trials	[1741.4661333333333, 1742.2390666666668, 1742.2410666666667, 1742.5869333333333]	[1.0, 1.0, 1.0, 1.0]	4	4.0	0.7853981633974483	2.0	A	-4.015395641326904	-8.706639289855957	-2.926494836807251	-3.8266499042510986	-5.194244861602783	0.6295043230056763	4.460478782653809	-0.9074609279632568
1744.179	1.6079999999999472	trials	[1744.2801333333334, 1744.4826333333333, NaN, NaN]	[1.0, 1.0, NaN, NaN]	4	2.0	0.7853981633974483	2.0	F	-5.217366695404053	0.6176616549491882	0.007717777043581009	4.9102373123168945	8.388933181762695	-2.4724042415618896	6.742805004119873	2.248852252960205
1746.79	2.1800000000000637	trials	[1746.8916, 1747.6665333333333, NaN, NaN]	[1.0, 1.0, NaN, NaN]	4	2.0	0.7853981633974483	2.0	F	0.0	0.0	0.0	0.0	0.0	0.0	0.0	0.0
1749.973	8.638000000000147	trials	[NaN, NaN, NaN, NaN]	[NaN, NaN, NaN, NaN]	4				R	-1.0380467176437378	4.748109817504883	-5.987220287322998	5.459222316741943	-7.129664897918701	0.5914897322654724	-4.435744285583496	-3.620729446411133
1759.614	3.3489999999999327	trials	[1759.7154333333333, 1760.4713333333334, 1761.8427333333334, 1762.4121333333333]	[1.0, 1.0, 1.0, 1.0]	4	4.0	0.7853981633974483	2.0	R	-6.161076610911613e+29	1.7681367886575404e-35	1.4920554496964699e-31	1.8660583436800104e-33	2.636022898637186e-38	1.2043631379089907e-29	7.105319684583473e-33	3.689297055661663e-35
1763.966	3.581000000000131	trials	[1764.0672333333334, 1765.2922666666666, 1766.1915, 1766.9564333333333]	[1.0, 1.0, 1.0, 1.0]	4	4.0	0.7853981633974483	2.0	R	0.47032472491264343	8.690017700195312	-5.477595329284668	6.537952423095703	-2.5688636302948	1.6513158082962036	-5.683696269989014	-2.2599265575408936
1768.55	1.4680000000000746	trials	[1768.6516333333334, 1769.4255333333333, NaN, NaN]	[1.0, 1.0, NaN, NaN]	4	2.0	0.7853981633974483	2.0	A	-8.753478050231934	-6.2066264152526855	-3.7535579204559326	-6.234914302825928	-6.069684982299805	4.24881649017334	-8.614006042480469	8.55305004119873
1771.022	2.98700000000008	trials	[1771.1227666666666, 1771.9668666666666, 1772.6355, 1773.5116666666668]	[1.0, 1.0, 1.0, 1.0]	4	4.0	0.7853981633974483	2.0	R	-0.18443238735198975	5.6954345703125	-4.650953769683838	7.942697048187256	-7.426322937011719	-3.8303983211517334	-2.7710649967193604	-5.654836654663086
1775.012	2.8179999999999836	trials	[1775.1136666666666, 1775.8926, 1776.5241666666666, 1777.3582333333334]	[1.0, 1.0, 1.0, 1.0]	4	4.0	0.7853981633974483	2.0	R	5.0581536293029785	1.1956655979156494	5.357633113861084	6.1866888999938965	1.3846983909606934	3.1509368419647217	0.42548954486846924	8.058066368103027
1778.834	3.0019999999999527	trials	[1778.9351333333334, 1780.0248666666666, 1780.5702, 1781.3291]	[1.0, 1.0, 1.0, 1.0]	4	4.0	0.7853981633974483	2.0	R	-4.571427345275879	7.882510185241699	-4.7251973152160645	2.8848750591278076	2.6021857261657715	-8.955913543701172	4.593871593475342	-4.369718551635742
1782.84	3.3150000000000546	trials	[1782.9411, 1783.9175, 1784.6994666666667, 1785.3440666666668]	[1.0, 1.0, 1.0, 1.0]	4	4.0	0.7853981633974483	2.0	R	8.847318649291992	-1.7413755655288696	6.184845924377441	2.4907913208007812	7.621713161468506	7.279884338378906	3.697662353515625	4.181203365325928
1787.159	2.3919999999998254	trials	[1787.2598, 1787.4623, 1788.1510333333333, 1789.0522666666666]	[1.0, 1.0, 1.0, 1.0]	4	4.0	0.7853981633974483	2.0	R	-1.3477458953857422	3.249600887298584	5.497434139251709	1.5548535585403442	1.018885850906372	6.532782077789307	-1.7870548963546753	2.394340753555298
1790.554	2.709999999999809	trials	[1790.6552333333334, 1792.1359, 1792.7394, NaN]	[1.0, 1.0, 1.0, NaN]	4	3.0	0.7853981633974483	2.0	A	-8.0248441696167	-8.83875560760498	-4.016271591186523	-5.850219249725342	-1.7370080947875977	-0.3365529775619507	-7.202703475952148	1.013450264930725
1794.267	37.29399999999987	trials	[1794.3684666666666, 1829.8405, 1830.5282, 1831.0354666666667]	[1.0, 1.0, 1.0, 1.0]	4	4.0	0.7853981633974483	2.0	R	0.5769124031066895	-7.854985237121582	-5.361154556274414	-7.777787208557129	-1.915234923362732	-4.154854774475098	-0.9301093220710754	2.0326013565063477
1832.564	4.108999999999924	trials	[1832.6655, 1834.6454333333334, 1835.3451666666667, 1836.0058]	[1.0, 1.0, 1.0, 1.0]	4	4.0	0.7853981633974483	2.0	R	3.968447208404541	6.203466892242432	-0.9214439988136292	5.159932613372803	-5.799990653991699	4.064586639404297	3.033658027648926	7.576061248779297
1837.677	8.873000000000047	trials	[1837.7782, 1844.6432333333332, 1845.2878333333333, 1845.8652666666667]	[1.0, 1.0, 1.0, 1.0]	4	4.0	0.7853981633974483	2.0	R	0.017930934205651283	-1.908947229385376	-4.79850959777832	-3.251296281814575	0.14977525174617767	-3.968567132949829	4.365128993988037	7.9133172035217285
1847.553	2.824999999999818	trials	[1847.6547, 1848.2752666666668, 1849.2867666666666, 1849.9103]	[1.0, 1.0, 1.0, 1.0]	4	4.0	0.7853981633974483	2.0	R	-0.3502051532268524	6.25029993057251	0.7518740892410278	-7.991989612579346	4.3964104652404785	-4.56892728805542	6.7855682373046875	1.5889500379562378
1851.382	3.1920000000000073	trials	[1851.4832, 1852.3183, 1853.1794333333332, 1854.0145]	[1.0, 1.0, 1.0, 1.0]	4	4.0	0.7853981633974483	2.0	R	2.9828503131866455	-8.650720596313477	7.945755958557129	-8.042800903320312	3.5273404121398926	1.3311986923217773	1.7103381156921387	-3.9669387340545654
1855.577	3.0219999999999345	trials	[1855.6786333333334, 1856.5317666666667, 1857.2856333333334, 1857.9663]	[1.0, 1.0, 1.0, 1.0]	4	4.0	0.7853981633974483	2.0	R	8.502795219421387	-0.698011040687561	5.747654914855957	3.4744226932525635	5.646341323852539	-7.80627965927124	-5.176943302154541	-5.651762008666992
1859.602	2.8889999999998963	trials	[1859.7036333333333, 1860.5216666666668, 1861.4078666666667, 1862.0193666666667]	[1.0, 1.0, 1.0, 1.0]	4	4.0	0.7853981633974483	2.0	R	-5.357813358306885	8.897233963012695	2.004970073699951	2.432447671890259	6.610424995422363	4.379184722900391	4.327134132385254	8.827396392822266
1863.494	2.563000000000102	trials	[1863.5952666666667, 1864.2128, 1864.8925, 1865.5521333333334]	[1.0, 1.0, 1.0, 1.0]	4	4.0	0.7853981633974483	2.0	R	0.8121899962425232	5.271391868591309	-3.045177698135376	8.452698707580566	-6.832595348358154	5.188427448272705	-5.242711544036865	0.44793465733528137
1867.061	1.77800000000002	trials	[1867.1621333333333, 1867.9841666666666, NaN, NaN]	[1.0, 1.0, NaN, NaN]	4	2.0	0.7853981633974483	2.0	A	-8.05919075012207	6.324134349822998	-8.437745094299316	-5.931632041931152	-3.518944501876831	-5.0341901779174805	1.369335412979126	-6.0852460861206055
1869.843	2.658999999999878	trials	[1869.9440333333334, 1870.6949, 1871.3475333333333, 1871.9630666666667]	[1.0, 1.0, 1.0, 1.0]	4	4.0	0.7853981633974483	2.0	R	-4.212592601776123	-3.2580416202545166	-4.518069744110107	-8.248701095581055	-4.298781394958496	-3.253512144088745	0.9717363119125366	-2.653791666030884
1873.506	3.1699999999998454	trials	[1873.6071333333334, 1874.4332, 1875.1339333333333, 1876.1093333333333]	[1.0, 1.0, 1.0, 1.0]	4	4.0	0.7853981633974483	2.0	R	5.962612628936768	-2.351874828338623	4.9863176345825195	2.896148681640625	-0.9308047890663147	-1.535600185394287	-0.15628165006637573	7.159308910369873
1877.679	2.9349999999999454	trials	[1877.7805, 1878.6616666666666, 1879.2942333333333, 1879.9739333333334]	[1.0, 1.0, 1.0, 1.0]	4	4.0	0.7853981633974483	2.0	R	7.134191036224365	3.311218738555908	2.6750688552856445	1.0493104457855225	-1.4803541898727417	6.8901543617248535	-0.641743004322052	1.9609830379486084
1881.617	2.905999999999949	trials	[1881.7182666666668, 1882.5383, 1883.1759, 1883.9548333333332]	[1.0, 1.0, 1.0, 1.0]	4	4.0	0.7853981633974483	2.0	R	3.8654353618621826	-5.358858585357666	8.738790512084961	-4.240640640258789	6.946838855743408	0.4272187352180481	3.212437629699707	3.75201153755188
1885.527	0.9389999999998508	trials	[1885.6279666666667, NaN, NaN, NaN]	[1.0, NaN, NaN, NaN]	4	1.0	0.7853981633974483	2.0	A	4.552977085113525	8.56895637512207	-5.746440887451172	3.2353098392486572	-2.8308603763580322	-0.826634407043457	4.886642932891846	6.821968078613281
1887.47	2.9429999999999836	trials	[1887.5708, 1888.6364333333333, 1889.2920666666666, 1889.8915666666667]	[1.0, 1.0, 1.0, 1.0]	4	4.0	0.7853981633974483	2.0	R	0.0	0.0	0.0	0.0	0.0	0.0	0.0	0.0
1891.416	2.8479999999999563	trials	[NaN, NaN, NaN, NaN]	[NaN, NaN, NaN, NaN]	4				R	2.261312246322632	3.716585397720337	-5.712553024291992	3.102353811264038	-7.99604606628418	-1.3457533121109009	-0.7743602395057678	8.376594543457031
1895.268	0.8579999999999472	trials	[1895.3691333333334, NaN, NaN, NaN]	[1.0, NaN, NaN, NaN]	4	1.0	0.7853981633974483	2.0	A	-5.680822849273682	7.4139814376831055	-5.701960563659668	2.4140260219573975	-1.7634493112564087	8.498661994934082	7.193194389343262	-2.0593223571777344
1897.13	2.7210000000000036	trials	[1897.2307666666666, 1897.9445333333333, 1898.7545666666667, 1899.3731]	[1.0, 1.0, 1.0, 1.0]	4	4.0	0.7853981633974483	2.0	R	0.0	0.0	5.6768574714660645	-4.514514923095703	3.783418893814087	0.11310768127441406	6.764269828796387	4.1273980140686035
1900.855	2.6639999999999873	trials	[1900.956, 1901.5124, 1902.3043666666667, 1903.0021]	[1.0, 1.0, 1.0, 1.0]	4	4.0	0.7853981633974483	2.0	R	0.0	0.0	0.0	0.0	0.0	0.0	0.0	0.0
1904.523	3.2610000000001946	trials	[NaN, NaN, NaN, NaN]	[NaN, NaN, NaN, NaN]	4				R	8.788922309875488	1.9373729228973389	-0.7644860148429871	7.73668909072876	6.206717014312744	0.5639564394950867	6.808197498321533	5.527646541595459
1908.787	2.742999999999938	trials	[1908.8887, 1909.6105, 1910.2881666666667, 1910.8856666666666]	[1.0, 1.0, 1.0, 1.0]	4	4.0	0.7853981633974483	2.0	R	1.8425819873809814	6.1130194664001465	-4.524271011352539	3.6323883533477783	-8.211241722106934	0.25507479906082153	-0.13224317133426666	4.157134532928467
1912.534	3.4149999999999636	trials	[1912.635, 1913.8009, 1914.7031333333334, 1915.3627666666666]	[1.0, 1.0, 1.0, 1.0]	4	4.0	0.7853981633974483	2.0	R	-5.130865573883057	4.27448844909668	-6.318877696990967	-8.639513969421387	-3.3353216648101807	-4.627233028411865	1.2061313390731812	-6.718932151794434
1916.953	2.768000000000029	trials	[1917.0539666666666, 1917.8289, 1918.5206, 1919.1431666666667]	[1.0, 1.0, 1.0, 1.0]	4	4.0	0.7853981633974483	2.0	R	-2.0972416400909424	-2.9655699729919434	-3.444237470626831	-7.967657566070557	-0.8170351982116699	-3.713505506515503	8.823808670043945	-5.233248233795166
1920.724	3.076999999999998	trials	[1920.8253333333334, 1921.7135333333333, 1922.3812, 1923.2102666666667]	[1.0, 1.0, 1.0, 1.0]	4	4.0	0.7853981633974483	2.0	R	4.167032241821289	6.9045796394348145	1.5970826148986816	2.615598440170288	5.276738166809082	-3.1086854934692383	8.87117862701416	-7.081523418426514
1924.804	0.8089999999999691	trials	[1924.9054666666666, NaN, NaN, NaN]	[1.0, NaN, NaN, NaN]	4	1.0	0.7853981633974483	2.0	A	6.02703332901001	-2.9692444801330566	4.399031639099121	7.073812961578369	1.6261534690856934	2.9131462574005127	-1.255009651184082	-1.707963466644287
1926.617	2.7819999999999254	trials	[1926.7179666666666, 1927.5680666666667, 1928.2257, 1928.8141666666668]	[1.0, 1.0, 1.0, 1.0]	4	4.0	0.7853981633974483	2.0	R	5.290244102478027	2.0946998596191406	0.3325667679309845	2.743880271911621	4.800971508026123	4.987395286560059	2.1350648403167725	0.7573904991149902
1930.402	2.7799999999999727	trials	[1930.5033666666666, 1931.3584666666666, 1931.9559666666667, 1932.6948]	[1.0, 1.0, 1.0, 1.0]	4	4.0	0.7853981633974483	2.0	R	3.5101969242095947	-4.190030574798584	3.105562686920166	0.7935698628425598	6.43435001373291	8.893328666687012	4.97809362411499	4.110095500946045
1934.186	2.9540000000001783	trials	[1934.2867333333334, 1935.1398666666666, 1935.8967333333333, 1936.6325666666667]	[1.0, 1.0, 1.0, 1.0]	4	4.0	0.7853981633974483	2.0	R	8.506473541259766	0.2375166118144989	4.955073356628418	3.7571122646331787	2.5676472187042236	8.150311470031738	-2.1288325786590576	6.434771537780762
1938.143	2.2899999999999636	trials	[1938.2445666666667, 1938.9804, 1939.7252333333333, NaN]	[1.0, 1.0, 1.0, NaN]	4	3.0	0.7853981633974483	2.0	A	0.0	0.0	0.0	0.0	0.0	0.0	0.0	0.0
1941.437	11.426000000000158	trials	[NaN, NaN, NaN, NaN]	[NaN, NaN, NaN, NaN]	4				R	3.9002912044525146	-0.7927728295326233	3.1906609535217285	4.156613349914551	2.992116689682007	-2.2987632751464844	0.5357924699783325	-7.765048980712891
1953.866	0.7409999999999854	trials	[1953.9676, NaN, NaN, NaN]	[1.0, NaN, NaN, NaN]	4	1.0	0.7853981633974483	2.0	A	4.915062427520752	-5.35216760635376	4.057369232177734	-0.4262806475162506	7.42612886428833	3.268507242202759	2.4384069442749023	2.918323040008545
1955.611	2.658999999999878	trials	[1955.7119333333333, 1956.4988666666666, 1957.1785666666667, 1957.7760333333333]	[1.0, 1.0, 1.0, 1.0]	4	4.0	0.7853981633974483	2.0	R	6.554731845855713	0.21693702042102814	2.722578763961792	-2.9946985244750977	-3.8380744457244873	-1.2122344970703125	0.7612231969833374	-3.173474073410034
1959.274	2.8570000000001983	trials	[1959.375, 1960.1218666666666, 1960.8807666666667, 1961.5353666666667]	[1.0, 1.0, 1.0, 1.0]	4	4.0	0.7853981633974483	2.0	R	-3.125412940979004	4.17163610458374	2.8751590251922607	2.846708059310913	2.9393527507781982	-5.096662998199463	-4.250984191894531	-6.863066673278809
1963.134	2.6399999999998727	trials	[1963.2356, 1963.9313333333334, 1964.604, 1965.1994666666667]	[1.0, 1.0, 1.0, 1.0]	4	4.0	0.7853981633974483	2.0	R	0.650702953338623	-7.849709510803223	5.356669902801514	-6.160367488861084	4.964136123657227	-1.1757996082305908	1.3325989246368408	-8.954371452331543
1966.777	2.8730000000000473	trials	[1966.8786333333333, 1967.7027, 1968.3021666666666, 1969.0610666666666]	[1.0, 1.0, 1.0, 1.0]	4	4.0	0.7853981633974483	2.0	R	0.0	0.0	0.0	0.0	0.0	0.0	0.0	0.0
1970.653	14.210000000000036	trials	[NaN, NaN, NaN, NaN]	[NaN, NaN, NaN, NaN]	4				R	0.0	0.0	0.0	0.0	0.0	0.0	0.0	0.0
1985.867	3.1639999999999873	trials	[NaN, NaN, NaN, NaN]	[NaN, NaN, NaN, NaN]	4				R	0.3568020462989807	-4.969178199768066	-0.8593820929527283	-0.11934337019920349	-7.9321465492248535	-2.5474226474761963	-2.5730249881744385	-4.774476528167725
1990.034	3.298999999999978	trials	[1990.1353666666666, 1990.8672, 1991.8055, 1992.6606333333334]	[1.0, 1.0, 1.0, 1.0]	4	4.0	0.7853981633974483	2.0	R	0.0	0.0	0.0	0.0	0.0	0.0	0.0	0.0
1994.337	3.1700000000000728	trials	[NaN, NaN, NaN, NaN]	[NaN, NaN, NaN, NaN]	4				R	-3.980130434036255	-6.043430805206299	0.5058785080909729	-8.251534461975098	4.422027587890625	-5.142873287200928	8.431893348693848	-2.1560721397399902
1998.51	2.747000000000071	trials	[1998.6114, 1999.3442333333332, 2000.0931, 2000.7938333333334]	[1.0, 1.0, 1.0, 1.0]	4	4.0	0.7853981633974483	2.0	R	4.068531513214111	0.2854595184326172	-7.721885681152344	-4.415987968444824	-2.8377201557159424	-3.345975160598755	-6.647768974304199	-6.583802700042725
2002.26	0.7000000000000455	trials	[2002.3617, 2002.4349, NaN, NaN]	[1.0, 1.0, NaN, NaN]	4	2.0	0.7853981633974483	2.0	A	-2.6690540313720703	-3.555630683898926	0.31962984800338745	6.11785364151001	-8.509477615356445	-0.5978019833564758	-7.133441925048828	-5.404726982116699
2003.964	1.4170000000001437	trials	[2004.0649333333333, 2004.0779666666667, NaN, NaN]	[1.0, 1.0, NaN, NaN]	4	2.0	0.7853981633974483	2.0	F	0.0	0.0	-1.1261258125305176	6.143379211425781	-2.6583728790283203	0.183645561337471	-2.1662421226501465	-4.792076110839844
2006.385	39.750999999999976	trials	[2006.4859666666666, 2043.6351666666667, 2044.6085666666668, 2045.4125666666666]	[1.0, 1.0, 1.0, 1.0]	4	4.0	0.7853981633974483	2.0	R	-8.678409576416016	8.994706153869629	-7.856297492980957	4.062756061553955	3.9184627532958984	7.16618013381958	1.666092038154602	2.702232837677002
2047.14	3.4149999999997362	trials	[2047.2411, 2048.2506333333336, 2049.321266666667, 2050.019]	[1.0, 1.0, 1.0, 1.0]	4	4.0	0.7853981633974483	2.0	R	6.9710588455200195	8.873698234558105	5.007575035095215	4.2753586769104	0.6706112027168274	1.7872381210327148	0.9195902943611145	-5.060049057006836
2051.559	2.9839999999999236	trials	[2051.660066666667, 2053.304166666667, 2053.9056333333333, NaN]	[1.0, 1.0, 1.0, NaN]	4	3.0	0.7853981633974483	2.0	A	0.0	0.0	0.0	0.0	0.0	0.0	0.0	0.0
2055.547	3.59900000000016	trials	[NaN, NaN, NaN, NaN]	[NaN, NaN, NaN, NaN]	4				R	5.841949462890625	4.265248775482178	3.4698729515075684	-1.0624386072158813	4.101973533630371	6.26214075088501	0.11127118766307831	3.249783992767334
2060.149	2.805000000000291	trials	[2060.2504, 2061.1085333333335, 2061.8233, 2062.475933333333]	[1.0, 1.0, 1.0, 1.0]	4	4.0	0.7853981633974483	2.0	R	0.7962397933006287	-1.703075647354126	-1.0630533695220947	2.938371181488037	-2.946579694747925	-5.4946489334106445	2.0526931285858154	-5.5799241065979
2063.958	2.9329999999999927	trials	[2064.0588666666667, 2064.8037, 2065.4433, 2066.1640666666667]	[1.0, 1.0, 1.0, 1.0]	4	4.0	0.7853981633974483	2.0	R	3.3437719345092773	-0.7494877576828003	4.2445969581604	4.168694496154785	-0.7271323204040527	4.699645519256592	8.690882682800293	5.293889045715332
2067.894	2.6660000000001673	trials	[2067.9956333333334, 2068.7104, 2069.2948666666666, 2070.0377]	[1.0, 1.0, 1.0, 1.0]	4	4.0	0.7853981633974483	2.0	R	3.810652256011963	-0.862109899520874	-0.8697674870491028	-2.6209933757781982	7.583000183105469	-8.211833953857422	8.261322975158691	-3.2580597400665283
2071.563	2.7640000000001237	trials	[2071.6647333333335, 2072.3715, 2073.152433333333, 2073.8622]	[1.0, 1.0, 1.0, 1.0]	4	4.0	0.7853981633974483	2.0	R	4.504674911499023	0.04157638177275658	-2.4106853008270264	6.4177775382995605	-2.217059850692749	-2.9014058113098145	-1.0954827070236206	-7.773988723754883
2075.331	2.86200000000008	trials	[2075.4321, 2076.3594, 2077.008, 2077.679666666667]	[1.0, 1.0, 1.0, 1.0]	4	4.0	0.7853981633974483	2.0	R	4.972867488861084	-8.332908630371094	6.618684768676758	-3.611544132232666	4.062286853790283	0.6855278611183167	7.273195743560791	4.518290042877197
2079.196	2.548999999999978	trials	[2079.297666666667, 2079.972333333333, 2080.583866666667, 2081.1743333333334]	[1.0, 1.0, 1.0, 1.0]	4	4.0	0.7853981633974483	2.0	R	2.661125898361206	6.44930362701416	-2.288813352584839	5.743541240692139	-7.109740257263184	7.069686412811279	-4.80802059173584	2.630983352661133
2082.748	2.8029999999998836	trials	[2082.8495, 2083.477033333333, 2084.3843, 2085.0810333333334]	[1.0, 1.0, 1.0, 1.0]	4	4.0	0.7853981633974483	2.0	R	-0.9015423059463501	-0.4898221790790558	7.479447364807129	-2.557513475418091	2.959709405899048	-0.4192965626716614	1.471745491027832	4.354167938232422
2086.555	2.499000000000251	trials	[2086.6559333333335, 2087.3687, 2088.041366666667, 2088.6258333333335]	[1.0, 1.0, 1.0, 1.0]	4	4.0	0.7853981633974483	2.0	R	-2.1305408477783203	0.886671245098114	-7.1284613609313965	0.742483913898468	-3.016789436340332	-2.102538824081421	1.7116103172302246	-0.47704294323921204
2090.057	3.0260000000002947	trials	[2090.1586333333335, 2091.0428333333334, 2091.7546, 2092.5736333333334]	[1.0, 1.0, 1.0, 1.0]	4	4.0	0.7853981633974483	2.0	R	5.999282360076904	2.095090389251709	2.766627311706543	5.909529209136963	-2.161851167678833	5.066854476928711	-6.536372661590576	2.6453754901885986
2094.086	3.0160000000000764	trials	[2094.1876333333335, 2095.1550333333334, 2095.8838333333333, 2096.5394666666666]	[1.0, 1.0, 1.0, 1.0]	4	4.0	0.7853981633974483	2.0	R	-7.959305286407471	-2.147876262664795	-3.4990713596343994	-4.407591342926025	-8.544808387756348	-1.5569169521331787	-4.647037506103516	1.5747565031051636
2098.105	2.75	trials	[2098.2066, 2098.9344333333333, 2099.6462, 2100.348933333333]	[1.0, 1.0, 1.0, 1.0]	4	4.0	0.7853981633974483	2.0	R	-1.8955273628234863	-2.600071907043457	-5.737010955810547	2.713778257369995	-1.7573347091674805	-1.542999029159546	1.047949194908142	4.969733238220215
2101.859	3.2829999999999018	trials	[2101.9599333333335, 2102.8130333333334, 2103.5468666666666, 2104.5533666666665]	[1.0, 1.0, 1.0, 1.0]	4	4.0	0.7853981633974483	2.0	R	6.051182270050049	-3.1646063327789307	2.677292823791504	0.5254981517791748	-7.5496826171875	7.521108627319336	-2.889373779296875	5.709610939025879
2106.145	3.0590000000001965	trials	[2106.2465666666667, 2107.1919, 2107.9859, 2108.7066666666665]	[1.0, 1.0, 1.0, 1.0]	4	4.0	0.7853981633974483	2.0	R	0.0	0.0	0.0	0.0	0.0	0.0	0.0	0.0
2110.207	18.50500000000011	trials	[NaN, NaN, NaN, NaN]	[NaN, NaN, NaN, NaN]	4				R	2.7134082317352295	-0.487422376871109	-1.754685640335083	1.756711483001709	-3.7309234142303467	-2.8361618518829346	1.5889476537704468	-0.1803455650806427
2129.716	2.68100000000004	trials	[2129.8170666666665, 2130.6341, 2131.2165333333332, 2131.8762]	[1.0, 1.0, 1.0, 1.0]	4	4.0	0.7853981633974483	2.0	R	2.2795708179473877	-6.768248081207275	7.213743686676025	-5.959583282470703	6.991800308227539	-0.964511513710022	5.954768657684326	-7.272418975830078
2133.401	0.7090000000002874	trials	[2133.502233333333, NaN, NaN, NaN]	[1.0, NaN, NaN, NaN]	4	1.0	0.7853981633974483	2.0	A	6.120819091796875	-2.275177001953125	8.99229621887207	-6.368417739868164	5.339258193969727	-2.954429864883423	1.0816651582717896	3.144847869873047
2135.113	3.00400000000036	trials	[2135.214466666667, 2136.2099333333335, 2136.930733333333, 2137.5061666666666]	[1.0, 1.0, 1.0, 1.0]	4	4.0	0.7853981633974483	2.0	R	-1.2383123636245728	-6.690796375274658	-7.321465492248535	-5.755486488342285	-2.3216705322265625	-5.710206508636475	5.427694320678711	-2.583181858062744
2139.12	2.919000000000324	trials	[2139.2214, 2139.877033333333, 2140.6920666666665, 2141.5271333333335]	[1.0, 1.0, 1.0, 1.0]	4	4.0	0.7853981633974483	2.0	R	-0.7690292000770569	1.4400999546051025	0.9494924545288086	7.977476596832275	0.7971751689910889	0.6822909712791443	1.7438546419143677	5.59185266494751
2143.043	3.1140000000000327	trials	[2143.1441666666665, 2143.9972666666667, 2145.0318333333335, 2145.6383333333333]	[1.0, 1.0, 1.0, 1.0]	4	4.0	0.7853981633974483	2.0	R	5.582164764404297	8.796127319335938	0.9036972522735596	7.032057762145996	-3.6005444526672363	4.861388206481934	-8.003472328186035	2.491952657699585
2147.16	2.33600000000024	trials	[2147.2613666666666, 2148.057333333333, 2148.8643333333334, NaN]	[1.0, 1.0, 1.0, NaN]	4	3.0	0.7853981633974483	2.0	A	0.0	0.0	0.0	0.0	0.0	0.0	0.0	0.0
2150.499	2.8450000000002547	trials	[NaN, NaN, NaN, NaN]	[NaN, NaN, NaN, NaN]	4				R	-1.181970477104187	-2.162092447280884	-2.822457790374756	-6.885311603546143	1.8556303977966309	-8.65038776397705	-1.267559289932251	0.019412195309996605
2154.348	3.1790000000000873	trials	[2154.4492, 2155.2442, 2155.8847666666666, 2157.0005333333334]	[1.0, 1.0, 1.0, 1.0]	4	4.0	0.7853981633974483	2.0	R	6.981966972351074	-2.738508701324463	2.495490074157715	-4.945662021636963	-7.2330193519592285	0.47475749254226685	-3.083820104598999	-2.315251111984253
2158.53	2.65099999999984	trials	[2158.6316, 2159.4285666666665, 2160.0190333333335, 2160.661633333333]	[1.0, 1.0, 1.0, 1.0]	4	4.0	0.7853981633974483	2.0	R	-1.8347795009613037	-7.1567277908325195	3.160872459411621	-7.365201950073242	4.800734519958496	-2.641765594482422	3.281862735748291	2.1219544410705566
2162.184	2.786999999999807	trials	[2162.2856666666667, 2163.0074666666665, 2163.7102, 2164.3899]	[1.0, 1.0, 1.0, 1.0]	4	4.0	0.7853981633974483	2.0	R	1.7663249969482422	6.886735916137695	-0.21323443949222565	2.2952935695648193	-6.667572498321533	5.214034557342529	-7.481884479522705	-3.2378945350646973
2165.975	2.6269999999999527	trials	[2166.0760666666665, 2166.9592666666667, 2167.5517333333332, 2168.1061]	[1.0, 1.0, 1.0, 1.0]	4	4.0	0.7853981633974483	2.0	R	-6.141550064086914	-8.054896354675293	-4.451648712158203	-3.3491299152374268	-0.4612087905406952	-0.33642545342445374	-1.609757900238037	4.529870510101318
2169.606	2.625999999999749	trials	[2169.707066666667, 2170.485, 2171.1186, 2171.7231]	[1.0, 1.0, 1.0, 1.0]	4	4.0	0.7853981633974483	2.0	R	-5.0196967124938965	0.8730524778366089	-1.1978944540023804	-2.350893259048462	2.7726356983184814	0.6880030632019043	7.834999084472656	0.9131827354431152
2173.236	2.8859999999999673	trials	[2173.3371, 2173.9807, 2174.7566333333334, 2175.5696333333335]	[1.0, 1.0, 1.0, 1.0]	4	4.0	0.7853981633974483	2.0	R	0.0	0.0	0.0	0.0	0.0	0.0	0.0	0.0
2177.126	3.1289999999999054	trials	[NaN, NaN, NaN, NaN]	[NaN, NaN, NaN, NaN]	4				R	-6.3963518142700195	5.131720066070557	-4.079594135284424	-2.9987447261810303	-1.6180164813995361	6.971652984619141	-6.457822799682617	8.227151870727539
2181.259	2.6340000000000146	trials	[2181.36, 2182.5900666666666, NaN, NaN]	[1.0, 1.0, NaN, NaN]	4	2.0	0.7853981633974483	2.0	F	6.37052583694458	2.2742862701416016	3.0407168865203857	6.004215717315674	-1.9470411539077759	6.353886127471924	-3.7820470333099365	1.7027839422225952
2184.897	2.4540000000001783	trials	[2184.9980333333333, 2186.047633333333, NaN, NaN]	[1.0, 1.0, NaN, NaN]	4	2.0	0.7853981633974483	2.0	F	0.0	0.0	5.1943206787109375	-6.647924900054932	8.49068832397461	-2.88840913772583	4.31315803527832	-0.14100360870361328
2188.354	4.149000000000342	trials	[2188.4556333333335, 2190.1749, 2191.1012, 2191.727733333333]	[1.0, 1.0, 1.0, 1.0]	4	4.0	0.7853981633974483	2.0	R	4.730116367340088	4.2699294090271	-0.2660936713218689	4.075286865234375	-1.0641155242919922	-1.5248924493789673	8.882060050964355	0.5011837482452393
2193.506	2.5900000000001455	trials	[2193.6074, 2194.3352333333332, 2195.0259333333333, 2195.5903333333335]	[1.0, 1.0, 1.0, 1.0]	4	4.0	0.7853981633974483	2.0	R	5.80211067199707	4.4399542808532715	0.8069640398025513	4.2197041511535645	3.2417969703674316	-0.1473986953496933	0.7547997236251831	4.19020938873291
2197.099	2.8779999999997017	trials	[2197.200333333333, 2198.1587, 2198.8464, 2199.4679666666666]	[1.0, 1.0, 1.0, 1.0]	4	4.0	0.7853981633974483	2.0	R	5.2734503746032715	-3.7086856365203857	0.9493061304092407	-1.1983520984649658	5.335785865783691	-5.677419662475586	1.9119460582733154	-2.033613920211792
2200.981	3.380999999999858	trials	[2201.0819666666666, 2201.9491, 2203.0819333333334, 2203.7957]	[1.0, 1.0, 1.0, 1.0]	4	4.0	0.7853981633974483	2.0	R	4.081447601318359	-6.538418292999268	0.0144127132371068	-3.6299431324005127	-2.0140719413757324	4.380382061004639	-6.792866230010986	5.851139068603516
2205.366	53.91800000000012	trials	[2205.4668333333334, 2257.1621666666665, 2257.8789333333334, 2258.6999666666666]	[1.0, 1.0, 1.0, 1.0]	4	4.0	0.7853981633974483	2.0	R	3.2071259021759033	3.1194427013397217	5.342008590698242	7.640756130218506	3.622131824493408	2.9458627700805664	-1.2401478290557861	1.4936021566390991
2260.288	3.117000000000189	trials	[2260.389166666667, 2261.128, 2261.8397666666665, 2262.4663333333333]	[1.0, 1.0, 1.0, 1.0]	4	4.0	0.7853981633974483	2.0	R	0.0	0.0	0.0	0.0	0.0	0.0	0.0	0.0
2264.408	2.8330000000000837	trials	[NaN, NaN, NaN, NaN]	[NaN, NaN, NaN, NaN]	4				R	-3.632362127304077	0.07427628338336945	-6.110598087310791	-4.268343448638916	0.047273050993680954	-6.908625602722168	3.4479920864105225	-3.243232011795044
2268.245	2.780999999999949	trials	[2268.3459, 2269.1318666666666, 2269.8306, 2270.530333333333]	[1.0, 1.0, 1.0, 1.0]	4	4.0	0.7853981633974483	2.0	R	0.0	0.0	0.0	0.0	0.0	0.0	0.0	0.0
2272.029	3.4149999999999636	trials	[NaN, NaN, NaN, NaN]	[NaN, NaN, NaN, NaN]	4				R	0.42719513177871704	-7.913289546966553	4.946972846984863	-5.7751569747924805	5.398531913757324	-0.7955893278121948	0.9298946261405945	1.4474626779556274
2276.447	3.0949999999998	trials	[2276.5482666666667, 2277.153766666667, 2278.3076333333333, 2279.0454666666665]	[1.0, 1.0, 1.0, 1.0]	4	4.0	0.7853981633974483	2.0	R	-1.9599467515945435	-2.632833480834961	7.777958393096924	7.282712936401367	4.872938632965088	3.213209390640259	1.4336999654769897	-5.145349502563477
2280.545	2.8359999999997854	trials	[2280.6464333333333, 2281.455466666667, 2282.2273666666665, 2282.8429]	[1.0, 1.0, 1.0, 1.0]	4	4.0	0.7853981633974483	2.0	R	-5.713388919830322	-6.574079513549805	1.98020339012146	-3.836528778076172	6.4016642570495605	-1.337231159210205	2.670058488845825	1.9906989336013794
2284.385	2.8229999999998654	trials	[2284.4859666666666, 2285.2408666666665, 2285.9396, 2286.5551]	[1.0, 1.0, 1.0, 1.0]	4	4.0	0.7853981633974483	2.0	R	2.8365471363067627	6.987926483154297	-2.0368905067443848	5.870068550109863	-6.763942241668701	4.240656852722168	2.167613983154297	6.840996742248535
2288.211	2.6260000000002037	trials	[2288.3124666666668, 2289.1215, 2289.7841333333336, 2290.365566666667]	[1.0, 1.0, 1.0, 1.0]	4	4.0	0.7853981633974483	2.0	R	7.208235740661621	5.02500057220459	2.448143720626831	3.494795560836792	2.0338528156280518	-1.488011121749878	4.451605796813965	2.888570785522461
2291.84	3.819999999999709	trials	[2291.9414666666667, 2293.1535, 2294.4046, 2295.1274]	[1.0, 1.0, 1.0, 1.0]	4	4.0	0.7853981633974483	2.0	R	8.772562980651855	5.404386043548584	-4.094813346862793	-2.119295120239258	5.426631927490234	-8.13802433013916	5.738457679748535	-3.1477575302124023
2296.663	3.1390000000001237	trials	[2296.7644666666665, 2297.6576666666665, 2298.3925, 2299.1844666666666]	[1.0, 1.0, 1.0, 1.0]	4	4.0	0.7853981633974483	2.0	R	8.585123062133789	0.9627776741981506	4.2253336906433105	4.132259845733643	-0.7738963961601257	4.044504642486572	8.444461822509766	-3.987748384475708
2300.806	2.8710000000000946	trials	[2300.9067333333332, 2301.679666666667, 2302.5027, 2303.1001666666666]	[1.0, 1.0, 1.0, 1.0]	4	4.0	0.7853981633974483	2.0	R	-4.300085544586182	2.3385627269744873	-4.784156799316406	-2.6379497051239014	-5.104653835296631	-7.627667427062988	2.632878065109253	-5.357450485229492
2304.68	3.219000000000051	trials	[2304.7813666666666, 2305.7217, 2306.5126666666665, 2307.108133333333]	[1.0, 1.0, 1.0, 1.0]	4	4.0	0.7853981633974483	2.0	R	7.833967685699463	-5.640809059143066	4.899911403656006	-1.5921905040740967	8.582558631896973	-4.974218368530273	4.503379821777344	6.753846168518066
2308.903	2.2840000000001055	trials	[2309.003833333333, 2309.8840333333333, NaN, NaN]	[1.0, 1.0, NaN, NaN]	4	2.0	0.7853981633974483	2.0	F	0.43750590085983276	-2.3431782722473145	5.191653728485107	-0.7946047782897949	-6.436007976531982	-3.2196898460388184	-5.995707988739014	-8.200265884399414
2312.191	22.50500000000011	trials	[2312.292, 2332.5282333333334, 2333.5738333333334, 2334.2354666666665]	[1.0, 1.0, 1.0, 1.0]	4	4.0	0.7853981633974483	2.0	R	-4.067897319793701	4.525335311889648	0.7989783883094788	-2.430776357650757	-0.973569929599762	2.24448561668396	2.3037211894989014	-1.5316716432571411
2335.699	2.688000000000102	trials	[2335.800333333333, 2336.4780333333333, 2337.0795333333335, 2337.818366666667]	[1.0, 1.0, 1.0, 1.0]	4	4.0	0.7853981633974483	2.0	R	4.071676731109619	3.1453287601470947	2.576148509979248	7.916428565979004	-2.4180760383605957	8.156682968139648	-7.413915634155273	8.360605239868164
2339.39	2.880000000000109	trials	[2339.4915, 2340.2524, 2341.011266666667, 2341.723033333333]	[1.0, 1.0, 1.0, 1.0]	4	4.0	0.7853981633974483	2.0	R	-4.99951171875	3.982174873352051	2.908855676651001	-1.093326210975647	5.173772811889648	4.808221340179443	7.754270076751709	-2.7127621173858643
2343.274	2.443000000000211	trials	[2343.3751333333335, 2344.013733333333, 2344.627266666667, 2345.2498]	[1.0, 1.0, 1.0, 1.0]	4	4.0	0.7853981633974483	2.0	R	3.28182315826416	-0.47731634974479675	1.3059965372085571	4.115733623504639	-3.593101739883423	3.116316318511963	1.4019964933395386	3.3376619815826416
2346.72	2.7510000000002037	trials	[2346.8217, 2347.6688, 2348.324433333333, 2348.964033333333]	[1.0, 1.0, 1.0, 1.0]	4	4.0	0.7853981633974483	2.0	R	6.135892391204834	5.815140724182129	3.6145339012145996	-5.800112724304199	-3.713486433029175	-3.359137535095215	1.1182126998901367	-4.645482540130615
2350.475	3.343000000000302	trials	[2350.5760333333333, 2351.408066666667, 2352.1860333333334, 2352.7193333333335]	[1.0, 1.0, 1.0, 1.0]	4	4.0	0.7853981633974483	2.0	R	5.330371379852295	-7.339498519897461	-2.0999343395233154	-0.7113654613494873	-6.161106586456299	-3.628021001815796	7.0030999183654785	-6.241449356079102
2354.822	3.0299999999997453	trials	[2354.9228, 2355.7639, 2356.4295666666667, 2357.1523333333334]	[1.0, 1.0, 1.0, 1.0]	4	4.0	0.7853981633974483	2.0	R	7.297990798950195	-1.2501531839370728	-1.285858154296875	-1.213873028755188	-6.324211597442627	8.605978965759277	-8.01980972290039	3.9022631645202637
2358.856	2.6899999999996	trials	[2358.956833333333, 2359.6916333333334, 2360.3903666666665, 2361.048]	[1.0, 1.0, 1.0, 1.0]	4	4.0	0.7853981633974483	2.0	R	-5.4484686851501465	-0.38588380813598633	0.7478228807449341	-2.5045242309570312	0.3916390538215637	3.1071417331695557	4.004061698913574	-5.357446193695068
2362.55	2.769999999999982	trials	[2362.651, 2363.3276666666666, 2363.9301666666665, 2364.7041]	[1.0, 1.0, 1.0, 1.0]	4	4.0	0.7853981633974483	2.0	R	0.07739651948213577	-2.2620785236358643	4.990849494934082	-3.1883511543273926	1.453893780708313	4.064849853515625	-3.0085322856903076	1.8094666004180908
2366.323	3.155999999999949	trials	[2366.4243666666666, 2367.2373666666667, 2368.265933333333, 2368.8774333333336]	[1.0, 1.0, 1.0, 1.0]	4	4.0	0.7853981633974483	2.0	R	0.0	0.0	0.0	0.0	0.0	0.0	0.0	0.0
2370.482	2.9760000000001128	trials	[NaN, NaN, NaN, NaN]	[NaN, NaN, NaN, NaN]	4				R	3.4925246238708496	-0.875908613204956	2.6712498664855957	4.056180953979492	-2.1306991577148438	-3.3648550510406494	0.19829443097114563	-7.789308547973633
2374.461	3.367000000000189	trials	[2374.5625666666665, 2375.8146666666667, 2376.5074, 2377.3154]	[1.0, 1.0, 1.0, 1.0]	4	4.0	0.7853981633974483	2.0	R	6.302205562591553	-8.896736145019531	3.881216049194336	-4.521944046020508	7.189507007598877	-0.7729158401489258	2.5342204570770264	1.0514488220214844
2378.831	2.757000000000062	trials	[2378.9324, 2379.6291333333334, 2380.2787333333335, 2380.9815]	[1.0, 1.0, 1.0, 1.0]	4	4.0	0.7853981633974483	2.0	R	-1.5740944147109985	3.9013171195983887	-6.548684597015381	4.404757499694824	-4.834651470184326	-0.29227256774902344	4.278749465942383	-6.874351501464844
2382.592	3.1859999999996944	trials	[2382.6927333333333, 2383.9348333333332, 2384.6526, 2385.3293]	[1.0, 1.0, 1.0, 1.0]	4	4.0	0.7853981633974483	2.0	R	0.0	0.0	0.0	0.0	0.0	0.0	0.0	0.0
2386.782	2.42699999999968	trials	[NaN, NaN, NaN, NaN]	[NaN, NaN, NaN, NaN]	4				R	-2.9894189834594727	-3.137024164199829	-5.160189628601074	-7.641217231750488	-1.087262749671936	-4.7409987449646	3.8417422771453857	-3.9014101028442383
2390.212	3.5410000000001673	trials	[2390.3136666666664, 2392.4499666666666, NaN, NaN]	[1.0, 1.0, NaN, NaN]	4	2.0	0.7853981633974483	2.0	F	-2.285686731338501	-2.5327978134155273	-5.141205310821533	-6.637187480926514	2.9465744495391846	-7.651717185974121	6.571611404418945	1.5305705070495605
2394.757	45.24299999999994	trials	[2394.857933333333, 2437.8897333333334, 2438.772933333333, 2439.449633333333]	[1.0, 1.0, 1.0, 1.0]	4	4.0	0.7853981633974483	2.0	R	-5.571443557739258	6.551964282989502	-2.2222795486450195	2.839404344558716	3.7710862159729004	1.4535017013549805	8.346847534179688	-4.531669616699219
2441.003	2.4039999999999964	trials	[2441.104733333333, 2441.591933333333, 2442.2094666666667, 2442.8069666666665]	[1.0, 1.0, 1.0, 1.0]	4	4.0	0.7853981633974483	2.0	R	3.7209372520446777	0.5356613397598267	-1.1338787078857422	1.7318063974380493	0.2284540832042694	-3.079019784927368	-3.831005334854126	-8.593609809875488
2444.411	3.094000000000051	trials	[2444.5122, 2445.1828333333333, 2446.234466666667, 2447.029433333333]	[1.0, 1.0, 1.0, 1.0]	4	4.0	0.7853981633974483	2.0	R	0.8554589748382568	-6.850895404815674	-8.373885154724121	2.852318048477173	2.8703441619873047	-5.65464973449707	7.835705280303955	-6.242179870605469
2448.508	6.523000000000138	trials	[2448.6093666666666, 2453.7581333333333, 2454.5862, NaN]	[1.0, 1.0, 1.0, NaN]	4	3.0	0.7853981633974483	2.0	A	3.075294017791748	-4.7129693031311035	-7.526240348815918	-5.008045196533203	-4.250007629394531	-8.785120964050293	-1.5859054327011108	-4.553979396820068
2456.035	3.4349999999999454	trials	[2456.136033333333, 2457.0894, 2458.1089333333334, 2458.880833333333]	[1.0, 1.0, 1.0, 1.0]	4	4.0	0.7853981633974483	2.0	R	0.0	0.0	0.0	0.0	0.0	0.0	0.0	0.0
2460.474	7.572999999999865	trials	[NaN, NaN, NaN, NaN]	[NaN, NaN, NaN, NaN]	4				R	-1.2922947406768799	3.5804190635681152	4.3566060066223145	7.782641887664795	2.6121702194213867	2.69288969039917	-0.45638588070869446	-1.2547632455825806
2469.05	2.951000000000022	trials	[2469.1513333333332, 2469.9693666666667, 2470.7282666666665, 2471.4711]	[1.0, 1.0, 1.0, 1.0]	4	4.0	0.7853981633974483	2.0	R	3.580483913421631	1.6954370737075806	5.583672046661377	-6.869251728057861	-1.4908232688903809	0.3110065758228302	3.402353048324585	3.6959166526794434
2473.005	2.755999999999858	trials	[2473.1061666666665, 2473.8249333333333, 2474.5277, 2475.1833]	[1.0, 1.0, 1.0, 1.0]	4	4.0	0.7853981633974483	2.0	R	-0.6491315960884094	6.626014232635498	-8.966771125793457	2.854346752166748	-3.9675042629241943	2.768728733062744	6.009504318237305	-3.3769655227661133
2476.764	2.6729999999997744	trials	[2476.8655, 2477.6113333333333, 2478.2559333333334, 2478.9546666666665]	[1.0, 1.0, 1.0, 1.0]	4	4.0	0.7853981633974483	2.0	R	-8.573892593383789	-3.9416091442108154	-5.704111576080322	-8.036039352416992	-1.00389564037323	-6.33076286315918	0.7746694087982178	-1.6577867269515991
2480.44	2.3510000000001128	trials	[2480.5416, 2481.486966666667, NaN, NaN]	[1.0, 1.0, NaN, NaN]	4	2.0	0.7853981633974483	2.0	F	0.0	0.0	0.0	0.0	0.0	0.0	0.0	0.0
2483.795	25.29599999999982	trials	[NaN, NaN, NaN, NaN]	[NaN, NaN, NaN, NaN]	4				R	-0.3529490530490875	1.2836917638778687	-5.198869228363037	5.070570945739746	6.685643196105957	5.571470737457275	-0.3553081750869751	3.244279623031616
2510.095	5.716000000000349	trials	[2510.196233333333, 2513.9695666666667, 2514.7164333333335, 2515.35]	[1.0, 1.0, 1.0, 1.0]	4	4.0	0.7853981633974483	2.0	R	-1.1112215518951416	8.186808586120605	-4.821050643920898	4.834620475769043	-5.3103179931640625	-0.7168912291526794	-1.0705028772354126	2.441594123840332
2516.815	2.3460000000000036	trials	[2516.9159, 2517.6577333333335, 2518.573, NaN]	[1.0, 1.0, 1.0, NaN]	4	3.0	0.7853981633974483	2.0	A	0.818120539188385	7.071183681488037	-1.292616367340088	-6.6790666580200195	-0.9908290505409241	-1.6881827116012573	-3.0852630138397217	-6.22837495803833
2520.165	2.956000000000131	trials	[2520.2662, 2521.043133333333, 2521.9945, 2522.6]	[1.0, 1.0, 1.0, 1.0]	4	4.0	0.7853981633974483	2.0	R	0.0	0.0	0.0	0.0	0.0	0.0	0.0	0.0
2524.125	2.686000000000149	trials	[NaN, NaN, NaN, NaN]	[NaN, NaN, NaN, NaN]	4				R	1.0186415910720825	-3.332486391067505	5.782676696777344	-1.8146028518676758	1.3965730667114258	-4.2150397300720215	6.349363327026367	-3.5295703411102295
2527.815	2.6469999999999345	trials	[2527.9162, 2528.669066666667, 2529.315666666667, 2529.9693]	[1.0, 1.0, 1.0, 1.0]	4	4.0	0.7853981633974483	2.0	R	0.20339325070381165	-3.773688316345215	5.20337438583374	-3.7874696254730225	2.0057363510131836	0.7200272083282471	0.31354084610939026	-3.9849143028259277
2531.465	2.92699999999968	trials	[2531.5662666666667, 2532.3412, 2532.9457, 2533.5471666666667]	[1.0, 1.0, 1.0, 1.0]	4	4.0	0.7853981633974483	2.0	R	3.49951434135437	-0.1313999742269516	2.3799986839294434	-5.297883987426758	3.716129779815674	-0.4797147810459137	-7.860437393188477	6.419497966766357
2535.396	2.9209999999998217	trials	[2535.4970333333335, 2536.2238333333335, 2537.1772, 2537.8969666666667]	[1.0, 1.0, 1.0, 1.0]	4	4.0	0.7853981633974483	2.0	R	-8.051156997680664	1.4231367111206055	2.390589952468872	4.665938377380371	-3.6461172103881836	-2.726619005203247	-8.440631866455078	-1.307948112487793
2539.32	2.7480000000000473	trials	[2539.421766666667, 2540.264866666667, 2540.9455333333335, 2541.536]	[1.0, 1.0, 1.0, 1.0]	4	4.0	0.7853981633974483	2.0	R	-5.903446197509766	-5.616392135620117	-3.9905498027801514	-0.9967786073684692	-3.1223676204681396	-6.553208827972412	1.7446544170379639	-7.698677062988281
2543.072	51.78899999999976	trials	[2543.1730666666667, 2593.1591333333336, 2593.8087666666665, 2594.4032333333334]	[1.0, 1.0, 1.0, 1.0]	4	4.0	0.7853981633974483	2.0	R	0.0	0.0	0.0	0.0	0.0	0.0	0.0	0.0
2595.865	2.6090000000003783	trials	[NaN, NaN, NaN, NaN]	[NaN, NaN, NaN, NaN]	4				R	-1.2135043144226074	-3.9233710765838623	1.426098108291626	0.32309791445732117	6.591085910797119	-0.19591890275478363	2.5126256942749023	2.6965131759643555
2599.478	3.117999999999938	trials	[2599.5790666666667, 2600.3369666666667, 2601.4557333333332, 2602.0632333333333]	[1.0, 1.0, 1.0, 1.0]	4	4.0	0.7853981633974483	2.0	R	-5.019372940063477	6.081976890563965	-0.3665529489517212	-7.520501136779785	-0.21793518960475922	-2.5227103233337402	1.009860873222351	5.298174858093262
2603.599	11.148999999999887	trials	[2603.7003, 2612.710666666667, 2613.7332, 2614.2815666666665]	[1.0, 1.0, 1.0, 1.0]	4	4.0	0.7853981633974483	2.0	R	4.421123027801514	8.953758239746094	-1.293346643447876	-0.3634378910064697	-0.5727197527885437	-5.311234951019287	2.0539190769195557	-1.0567352771759033
2615.751	2.919999999999618	trials	[2615.8524666666667, 2616.7988333333333, 2617.5657333333334, 2618.1772333333333]	[1.0, 1.0, 1.0, 1.0]	4	4.0	0.7853981633974483	2.0	R	6.08610725402832	-4.961304187774658	0.8314248323440552	4.1211090087890625	-2.3795816898345947	-2.680570602416992	-8.254776000976562	-2.078988552093506
2619.675	1.138999999999669	trials	[2619.7762, 2620.504033333333, NaN, NaN]	[1.0, 1.0, NaN, NaN]	4	2.0	0.7853981633974483	2.0	A	-7.402237415313721	-7.005770206451416	-3.934112548828125	-3.4040887355804443	-5.274948596954346	8.808359146118164	-5.342269420623779	3.808812379837036
2621.817	2.7530000000001564	trials	[2621.9185333333335, 2622.642333333333, 2623.313, 2624.123]	[1.0, 1.0, 1.0, 1.0]	4	4.0	0.7853981633974483	2.0	R	0.0	0.0	4.963865756988525	0.6000316143035889	8.62175178527832	4.008823871612549	4.2812724113464355	1.5268422365188599
2625.574	2.686999999999898	trials	[2625.6748666666667, 2626.4939, 2627.1615333333334, 2627.763033333333]	[1.0, 1.0, 1.0, 1.0]	4	4.0	0.7853981633974483	2.0	R	-2.5545356273651123	8.143851280212402	-1.145024299621582	3.3466360569000244	-4.723825931549072	-0.14509373903274536	-3.198730707168579	-4.906825065612793
2629.265	2.911000000000058	trials	[2629.3660333333332, 2630.3033333333333, 2630.920866666667, 2631.5654666666665]	[1.0, 1.0, 1.0, 1.0]	4	4.0	0.7853981633974483	2.0	R	0.0	0.0	0.0	0.0	0.0	0.0	0.0	0.0
2633.179	2.781999999999698	trials	[NaN, NaN, NaN, NaN]	[NaN, NaN, NaN, NaN]	4				R	-1.16907799243927	2.4888510704040527	-6.8717041015625	2.3905978202819824	5.608057022094727	-4.573822975158691	5.865330696105957	0.41955363750457764
2636.965	2.813999999999851	trials	[2637.0661333333333, 2637.8440666666665, 2638.5428, 2639.2555666666667]	[1.0, 1.0, 1.0, 1.0]	4	4.0	0.7853981633974483	2.0	R	2.9759140014648438	7.9196271896362305	1.6831978559494019	3.0896286964416504	-3.7440428733825684	1.730743169784546	1.2313997745513916	2.2256886959075928
2640.782	3.130999999999858	trials	[2640.8836, 2641.7417333333333, 2642.66, 2643.400866666667]	[1.0, 1.0, 1.0, 1.0]	4	4.0	0.7853981633974483	2.0	R	4.857489585876465	-6.146590232849121	7.102448463439941	5.434961318969727	-6.151131629943848	6.479253768920898	-1.3257464170455933	5.1694231033325195
2644.917	2.6920000000000073	trials	[2645.0178666666666, 2645.861966666667, 2646.4835, 2647.1080666666667]	[1.0, 1.0, 1.0, 1.0]	4	4.0	0.7853981633974483	2.0	R	-6.785065174102783	6.310424327850342	-6.418186187744141	1.3239027261734009	-1.5035545825958252	0.4039041996002197	4.914958953857422	0.3061331808567047
2648.613	3.0260000000002947	trials	[2648.714033333333, 2649.4268, 2650.4714, 2651.138066666667]	[1.0, 1.0, 1.0, 1.0]	4	4.0	0.7853981633974483	2.0	R	2.0092051029205322	4.375113010406494	-2.2134506702423096	7.052645206451416	1.0728652477264404	3.284339427947998	-3.040675640106201	6.126658916473389
2652.643	2.673999999999978	trials	[2652.7440333333334, 2653.282366666667, 2654.0964, 2654.7831]	[1.0, 1.0, 1.0, 1.0]	4	4.0	0.7853981633974483	2.0	R	-0.2622808814048767	1.231803297996521	-4.165771484375	-4.880781650543213	2.337153673171997	-8.77681827545166	7.318432331085205	-8.344541549682617
2656.321	2.8510000000001128	trials	[2656.4221666666667, 2657.2542333333336, 2657.9800333333333, 2658.577533333333]	[1.0, 1.0, 1.0, 1.0]	4	4.0	0.7853981633974483	2.0	R	0.0	0.0	0.0	0.0	0.0	0.0	0.0	0.0
2660.176	3.3279999999999745	trials	[NaN, NaN, NaN, NaN]	[NaN, NaN, NaN, NaN]	4				R	0.10060162842273712	2.26080584526062	-1.247789740562439	7.075558185577393	-6.118052005767822	5.943946361541748	-8.778589248657227	1.710561990737915
2664.507	2.576999999999771	trials	[2664.6085, 2665.1418, 2665.8606, 2666.5763666666667]	[1.0, 1.0, 1.0, 1.0]	4	4.0	0.7853981633974483	2.0	R	-3.917189598083496	0.5414621829986572	3.394346237182617	3.419848918914795	8.142398834228516	-2.7051022052764893	4.480736255645752	0.6996333599090576
2668.087	2.838000000000193	trials	[2668.1883666666668, 2668.9011333333333, 2669.646, 2670.4409666666666]	[1.0, 1.0, 1.0, 1.0]	4	4.0	0.7853981633974483	2.0	R	-2.5682573318481445	0.31419166922569275	-0.12348657846450806	7.165977954864502	8.37312126159668	0.1658564954996109	4.130492687225342	2.8116273880004883
2671.929	2.9600000000000364	trials	[2672.0299, 2673.0163666666667, 2673.7592, 2674.3988]	[1.0, 1.0, 1.0, 1.0]	4	4.0	0.7853981633974483	2.0	R	-8.393264770507812	0.5854969024658203	-5.980264186859131	-3.7937073707580566	0.4724278450012207	0.7887254953384399	-3.5289618968963623	3.7868714332580566
2675.893	2.913000000000011	trials	[2675.9937666666665, 2676.824833333333, 2677.5295666666666, 2678.1892]	[1.0, 1.0, 1.0, 1.0]	4	4.0	0.7853981633974483	2.0	R	-7.066235542297363	7.320664882659912	-0.08207934349775314	6.623750686645508	5.5126752853393555	2.3629496097564697	-0.15406917035579681	3.792344093322754
2679.809	3.1109999999998763	trials	[2679.9104666666667, 2680.7896666666666, 2681.830233333333, 2682.4638]	[1.0, 1.0, 1.0, 1.0]	4	4.0	0.7853981633974483	2.0	R	-4.962958812713623	8.167607307434082	7.554290771484375	2.280853271484375	3.0863044261932373	4.525201797485352	1.4496729373931885	-0.19935527443885803
2683.923	2.243000000000393	trials	[2684.0247, 2684.817666666667, 2685.5565, NaN]	[1.0, 1.0, 1.0, NaN]	4	3.0	0.7853981633974483	2.0	A	4.645533084869385	3.645963668823242	1.084246277809143	0.1363716572523117	5.469094753265381	-2.266356945037842	-6.877001762390137	-3.8583498001098633
2687.17	35.11299999999983	trials	[2687.2707333333333, 2719.9538666666667, 2720.6907, 2721.6591]	[1.0, 1.0, 1.0, 1.0]	4	4.0	0.7853981633974483	2.0	R	8.982895851135254	1.2907769680023193	0.5725081562995911	-3.5803468227386475	-1.9910298585891724	0.7124696373939514	8.822638511657715	4.471724510192871
2723.286	2.6419999999998254	trials	[2723.3874, 2724.136266666667, 2724.7898666666665, 2725.3362333333334]	[1.0, 1.0, 1.0, 1.0]	4	4.0	0.7853981633974483	2.0	R	2.933403968811035	1.037111759185791	-1.5418288707733154	-1.1927518844604492	-2.758471727371216	-6.042471408843994	-8.718912124633789	0.10860364139080048
2726.931	2.9659999999998945	trials	[2727.0324333333333, 2727.8394333333335, 2728.466, 2729.3321333333333]	[1.0, 1.0, 1.0, 1.0]	4	4.0	0.7853981633974483	2.0	R	-0.9337226748466492	-4.152599334716797	0.8087892532348633	-8.839138984680176	-7.134245872497559	0.7843629717826843	-6.69831657409668	-4.196597099304199
2730.9	2.757000000000062	trials	[2731.0013, 2731.6729666666665, 2732.3596666666667, 2732.9551333333334]	[1.0, 1.0, 1.0, 1.0]	4	4.0	0.7853981633974483	2.0	R	-1.827133059501648	-5.324236869812012	1.3443806171417236	1.3600797653198242	6.32940149307251	1.7468169927597046	-2.6553730964660645	-1.6882293224334717
2734.66	2.711999999999989	trials	[2734.7616333333335, 2735.4012, 2736.1079666666665, 2736.8778666666667]	[1.0, 1.0, 1.0, 1.0]	4	4.0	0.7853981633974483	2.0	R	-6.5324554443359375	2.46344256401062	-2.3406572341918945	-0.26214486360549927	6.809052467346191	4.106433391571045	2.8179244995117188	7.118226528167725
2738.376	2.906999999999698	trials	[2738.476833333333, 2739.1354666666666, 2740.1119, 2740.7525]	[1.0, 1.0, 1.0, 1.0]	4	4.0	0.7853981633974483	2.0	R	-2.02886700630188	5.889970302581787	-4.521574020385742	-2.3962268829345703	3.112760543823242	-7.526602745056152	8.664103507995605	-2.1859567165374756
2742.286	2.661000000000058	trials	[2742.3875666666668, 2743.0652333333333, 2743.7429, 2744.4446666666668]	[1.0, 1.0, 1.0, 1.0]	4	4.0	0.7853981633974483	2.0	R	-0.4534015357494354	3.4660887718200684	3.0533955097198486	7.030128002166748	-1.7667399644851685	5.701108455657959	-5.394931316375732	2.2607264518737793
2745.95	2.9420000000000073	trials	[2746.0516333333335, 2746.7674333333334, 2747.585466666667, 2748.2410666666665]	[1.0, 1.0, 1.0, 1.0]	4	4.0	0.7853981633974483	2.0	R	1.8915694952011108	6.993346691131592	-4.135234355926514	6.037877082824707	-3.9268972873687744	1.0422192811965942	-6.872041702270508	8.650273323059082
2749.895	3.163000000000011	trials	[2749.9964333333332, 2750.8766333333333, 2751.803933333333, 2752.3693333333335]	[1.0, 1.0, 1.0, 1.0]	4	4.0	0.7853981633974483	2.0	R	7.820557594299316	8.037715911865234	-2.522413969039917	0.22031259536743164	2.1071643829345703	-1.6683387756347656	-7.756887435913086	-5.763448715209961
2754.062	2.4859999999998763	trials	[2754.162766666667, 2754.802366666667, 2755.4670333333333, 2756.1016]	[1.0, 1.0, 1.0, 1.0]	4	4.0	0.7853981633974483	2.0	R	-0.6713982224464417	-1.9680770635604858	0.8801519870758057	-6.721254348754883	6.704432010650635	-4.4885430335998535	2.1954171657562256	-2.327806234359741
2757.551	3.076000000000022	trials	[2757.652433333333, 2758.5035666666668, 2759.3376333333335, 2759.9441333333334]	[1.0, 1.0, 1.0, 1.0]	4	4.0	0.7853981633974483	2.0	R	3.625488758087158	-7.118933200836182	-0.9515065550804138	-1.3810086250305176	-5.728532314300537	0.09548194706439972	3.653960943222046	-8.250452041625977
2761.63	3.144999999999982	trials	[2761.731566666667, 2762.891433333333, 2763.5561, 2764.3119666666666]	[1.0, 1.0, 1.0, 1.0]	4	4.0	0.7853981633974483	2.0	R	8.597813606262207	-8.997658729553223	5.7098212242126465	-4.9160542488098145	1.0509461164474487	-3.10087251663208	-3.8146719932556152	-1.9494553804397583
2765.779	2.798999999999978	trials	[2765.8798666666667, 2766.8222, 2767.489866666667, 2768.0913666666665]	[1.0, 1.0, 1.0, 1.0]	4	4.0	0.7853981633974483	2.0	R	-3.72349214553833	-6.948624134063721	-8.454689979553223	-3.5460023880004883	-3.4889309406280518	-2.9618473052978516	0.8555173873901367	-0.04858856275677681
2769.581	2.77599999999984	trials	[2769.6823, 2770.4432, 2771.2492, 2771.9088333333334]	[1.0, 1.0, 1.0, 1.0]	4	4.0	0.7853981633974483	2.0	R	4.417082786560059	3.4607207775115967	-8.497175216674805	7.279731750488281	-5.477915287017822	3.2942495346069336	-3.5462758541107178	-1.3175581693649292
2773.36	2.6549999999997453	trials	[2773.4617, 2774.1784666666667, 2774.8050333333335, 2775.3814666666667]	[1.0, 1.0, 1.0, 1.0]	4	4.0	0.7853981633974483	2.0	R	1.8866997957229614	-3.18507719039917	-3.0385138988494873	-2.323526382446289	-4.276710033416748	-7.167788028717041	-5.958760738372803	3.8810577392578125
2777.019	2.667000000000371	trials	[2777.1197666666667, 2777.8205, 2778.4791333333333, 2779.0986666666668]	[1.0, 1.0, 1.0, 1.0]	4	4.0	0.7853981633974483	2.0	R	-3.844942092895508	-0.6501418948173523	0.8555864095687866	1.0542737245559692	1.2742278575897217	-3.9281692504882812	-4.852046012878418	-6.741443634033203
2780.69	3.1900000000000546	trials	[2780.7908666666667, 2781.909633333333, 2782.6144, 2783.4595]	[1.0, 1.0, 1.0, 1.0]	4	4.0	0.7853981633974483	2.0	R	6.175058841705322	-6.586714744567871	5.035787105560303	-1.7182385921478271	-2.9440064430236816	-4.84444522857666	1.6236315965652466	-6.878328800201416
2784.883	2.5720000000001164	trials	[2784.9843, 2785.7451666666666, 2786.3376333333335, 2786.9511666666667]	[1.0, 1.0, 1.0, 1.0]	4	4.0	0.7853981633974483	2.0	R	-3.498347043991089	-8.470043182373047	0.07703729718923569	-4.974814414978027	4.300552845001221	-2.2986385822296143	2.999513626098633	2.5291247367858887
2788.459	2.9039999999999964	trials	[2788.5601666666666, 2789.349133333333, 2790.101, 2790.718533333333]	[1.0, 1.0, 1.0, 1.0]	4	4.0	0.7853981633974483	2.0	R	-3.8179502487182617	5.3402099609375	0.4946635067462921	-1.8122165203094482	5.493383407592773	-1.9253507852554321	-7.542246341705322	-5.484685897827148
2792.367	1.4369999999998981	trials	[2792.467866666667, 2792.5009333333333, NaN, NaN]	[1.0, 1.0, NaN, NaN]	4	2.0	0.7853981633974483	2.0	F	0.0	0.0	0.0	0.0	0.0	0.0	0.0	0.0
2794.808	25.7170000000001	trials	[NaN, NaN, NaN, NaN]	[NaN, NaN, NaN, NaN]	4				R	-7.249495983123779	2.6289477348327637	-5.336531639099121	-1.9906374216079712	0.3737506568431854	3.0651957988739014	-8.814018249511719	-3.922889232635498
2821.528	2.5710000000003674	trials	[2821.6292333333336, 2822.3510333333334, 2823.0046666666667, 2823.6402333333335]	[1.0, 1.0, 1.0, 1.0]	4	4.0	0.7853981633974483	2.0	R	-6.871004104614258	-8.529915809631348	-6.376478672027588	-3.554431438446045	-3.169511318206787	-7.390491962432861	-0.023957615718245506	-3.503913402557373
2825.103	3.0289999999999964	trials	[2825.2041, 2825.9981, 2826.827133333333, 2827.5990666666667]	[1.0, 1.0, 1.0, 1.0]	4	4.0	0.7853981633974483	2.0	R	4.92018461227417	-2.7586240768432617	-7.471503257751465	1.3246777852942085e-34	1.2212279687314863e-34	1.9668160829370847e-30	-5.797868962617342e+32	1.5012114484051343e-36
2829.136	3.0729999999998654	trials	[2829.2371333333335, 2830.0912333333335, 2831.0486333333333, 2831.6822]	[1.0, 1.0, 1.0, 1.0]	4	4.0	0.7853981633974483	2.0	R	6.740756988525391	-7.503020286560059	7.756319999694824	0.5772585272789001	6.382562160491943	5.3848347663879395	1.6765564680099487	7.074068546295166
2833.212	2.48700000000008	trials	[2833.3132333333333, 2833.9869, 2834.633533333333, 2835.234]	[1.0, 1.0, 1.0, 1.0]	4	4.0	0.7853981633974483	2.0	R	-2.6114373207092285	4.502471923828125	-8.20251178741455	-1.5240603685379028	-4.250422954559326	-4.5869011878967285	-0.5996758341789246	-1.1704634428024292
2836.703	2.7600000000002183	trials	[2836.8039, 2837.5918666666666, 2838.3317, 2838.9873333333335]	[1.0, 1.0, 1.0, 1.0]	4	4.0	0.7853981633974483	2.0	R	3.904811143875122	0.9996971487998962	3.7019755840301514	5.995581150054932	-1.2376799583435059	5.221111297607422	-6.231725215911865	5.465066432952881
2840.466	2.7390000000000327	trials	[2840.5672666666665, 2841.327133333333, 2842.1301333333336, 2842.7476666666666]	[1.0, 1.0, 1.0, 1.0]	4	4.0	0.7853981633974483	2.0	R	0.1825268268585205	1.1450870037078857	-3.7863471508026123	-2.8779327869415283	1.1123446226119995	-3.879340887069702	5.83184814453125	-2.22819447517395
2844.208	2.755999999999858	trials	[2844.3095333333335, 2845.202766666667, 2845.8313333333335, 2846.4538666666667]	[1.0, 1.0, 1.0, 1.0]	4	4.0	0.7853981633974483	2.0	R	8.351922988891602	-6.5466694831848145	5.355296611785889	-2.5441410541534424	-0.273126482963562	-2.1479077339172363	-4.728267669677734	0.12183123826980591
2847.968	2.6539999999999964	trials	[2848.0688666666665, 2848.8748666666665, 2849.4924, 2850.2082]	[1.0, 1.0, 1.0, 1.0]	4	4.0	0.7853981633974483	2.0	R	-4.3261895179748535	-4.86197566986084	-1.8964080810546875	-0.49206027388572693	-5.355871200561523	-7.492277145385742	-0.36036351323127747	-7.280378818511963
2851.626	3.1679999999996653	trials	[2851.7269666666666, 2852.5851, 2853.2828, 2854.018633333333]	[1.0, 1.0, 1.0, 1.0]	4	4.0	0.7853981633974483	2.0	R	5.634121417999268	-7.2531046867370605	5.360153675079346	-2.2606160640716553	8.501709938049316	5.922103404998779	-2.7144014835357666	4.87996768951416
2855.797	2.76299999999992	trials	[2855.8983, 2856.6060666666667, 2857.4321, 2858.0807333333332]	[1.0, 1.0, 1.0, 1.0]	4	4.0	0.7853981633974483	2.0	R	2.234189748764038	4.164813995361328	8.540359497070312	5.7238287925720215	4.8156962394714355	-4.200465679168701	-0.16932055354118347	-5.327574253082275
2859.563	0.7559999999998581	trials	[2859.6646666666666, NaN, NaN, NaN]	[1.0, NaN, NaN, NaN]	4	1.0	0.7853981633974483	2.0	A	-6.147451877593994	-7.480510711669922	-1.151473879814148	-7.681016445159912	4.9581074714660645	-7.855040073394775	7.5449981689453125	-1.2921723127365112
2861.323	3.2049999999999272	trials	[2861.424033333333, 2862.4796333333334, 2863.1172333333334, 2863.7558]	[1.0, 1.0, 1.0, 1.0]	4	4.0	0.7853981633974483	2.0	R	0.0	0.0	0.0	0.0	0.0	0.0	0.0	0.0
2865.531	2.8830000000002656	trials	[NaN, NaN, NaN, NaN]	[NaN, NaN, NaN, NaN]	4				R	0.18790915608406067	1.4244242906570435	5.078800201416016	7.810467720031738	2.573978900909424	3.4831278324127197	7.379007816314697	-1.8515832424163818
2869.418	1.7739999999998872	trials	[2869.5191, 2870.2980333333335, NaN, NaN]	[1.0, 1.0, NaN, NaN]	4	2.0	0.7853981633974483	2.0	A	8.406445503234863	3.041715383529663	1.9333326816558838	8.55665111541748	0.09433452785015106	3.9071261882781982	0.9519721269607544	-4.425734996795654
2872.196	3.088000000000193	trials	[2872.297, 2873.0639, 2873.9551333333334, 2874.6308]	[1.0, 1.0, 1.0, 1.0]	4	4.0	0.7853981633974483	2.0	R	0.0	0.0	0.0	0.0	0.0	0.0	0.0	0.0
2876.288	3.5109999999999673	trials	[NaN, NaN, NaN, NaN]	[NaN, NaN, NaN, NaN]	4				R	-4.195933818817139	4.293652534484863	5.804854869842529	1.6950809955596924	3.935736894607544	6.332580089569092	-1.725415825843811	5.533609867095947
2880.802	2.757000000000062	trials	[2880.9033666666664, 2881.6903333333335, 2882.3750333333332, 2883.0126]	[1.0, 1.0, 1.0, 1.0]	4	4.0	0.7853981633974483	2.0	R	6.8031415939331055	-2.809337615966797	2.9528086185455322	0.3804799020290375	7.9460272789001465	0.6407999992370605	6.698401927947998	5.482641696929932
2884.562	2.9020000000000437	trials	[2884.6637, 2885.4607, 2886.1975, 2886.9534]	[1.0, 1.0, 1.0, 1.0]	4	4.0	0.7853981633974483	2.0	R	6.209155082702637	-3.855476140975952	4.928706645965576	0.9777891039848328	-1.9639157056808472	2.5113954544067383	2.5567760467529297	4.647594451904297
2888.467	4.163000000000011	trials	[2888.5684, 2890.1573333333336, 2891.133766666667, 2892.0039333333334]	[1.0, 1.0, 1.0, 1.0]	4	4.0	0.7853981633974483	2.0	R	3.049304962158203	-0.3280879557132721	-4.552760124206543	6.852188587188721	4.835841655731201	6.8413987159729	0.5937378406524658	4.19478702545166
2893.634	2.9090000000001055	trials	[2893.7352333333333, 2894.503133333333, 2895.3342, 2895.924666666667]	[1.0, 1.0, 1.0, 1.0]	4	4.0	0.7853981633974483	2.0	R	3.997558355331421	7.857300758361816	-3.5253312587738037	-0.8915674686431885	-8.504072189331055	-4.360800743103027	-3.5754647254943848	-3.5188827514648438
2897.547	2.8209999999999127	trials	[2897.647933333333, 2898.5481666666665, 2899.189766666667, 2899.8043]	[1.0, 1.0, 1.0, 1.0]	4	4.0	0.7853981633974483	2.0	R	0.0	0.0	0.0	0.0	0.0	0.0	0.0	0.0
2901.371	57.20899999999983	trials	[NaN, NaN, NaN, NaN]	[NaN, NaN, NaN, NaN]	4				R	2.2974483966827393	8.847297668457031	7.897496223449707	2.405560255050659	4.756221294403076	-1.484477162361145	6.167786598205566	3.3121345043182373
2959.584	2.4039999999999964	trials	[2959.6849333333334, 2960.3726333333334, 2960.9631, 2961.5535666666665]	[1.0, 1.0, 1.0, 1.0]	4	4.0	0.7853981633974483	2.0	R	1.4359402656555176	4.92756986618042	1.708303689956665	-1.9366651773452759	0.14925161004066467	2.814056396484375	-0.48151588439941406	-2.1459972858428955
2962.991	3.2220000000002074	trials	[2963.0923666666667, 2963.8141666666666, 2964.9309333333335, 2965.5925666666667]	[1.0, 1.0, 1.0, 1.0]	4	4.0	0.7853981633974483	2.0	R	2.1786510944366455	-6.379613876342773	-7.409504413604736	2.915963888168335	-8.155240058898926	-2.028111219406128	-0.8364909291267395	1.3058444261550903
2967.217	2.643000000000029	trials	[2967.3178666666668, 2968.0316333333335, 2968.6993, 2969.4211]	[1.0, 1.0, 1.0, 1.0]	4	4.0	0.7853981633974483	2.0	R	-5.5093536376953125	-0.47301918268203735	-5.016884803771973	4.675045013427734	-4.826451301574707	-0.3213273286819458	-8.268795013427734	-3.9476568698883057
2970.864	3.086999999999989	trials	[2970.964933333333, 2972.1558666666665, 2972.7583666666665, 2973.4250333333334]	[1.0, 1.0, 1.0, 1.0]	4	4.0	0.7853981633974483	2.0	R	-5.778423309326172	-8.28332805633545	-0.8419190049171448	-7.48901891708374	2.134997844696045	-1.5043874979019165	6.654421329498291	-6.954434871673584
2974.955	2.7580000000002656	trials	[2975.0560666666665, 2975.8510333333334, 2976.5618, 2977.2244666666666]	[1.0, 1.0, 1.0, 1.0]	4	4.0	0.7853981633974483	2.0	R	6.986347198486328	-1.965464472770691	2.085944175720215	-0.9724640250205994	6.881377696990967	0.4430980682373047	2.676281213760376	3.148123264312744
2978.716	1.4729999999999563	trials	[2978.8174, 2978.8845666666666, NaN, NaN]	[1.0, 1.0, NaN, NaN]	4	2.0	0.7853981633974483	2.0	F	-2.308931589126587	3.5323798656463623	-7.060767650604248	1.9767272472381592	3.4858791828155518	2.2484352588653564	-3.731517791748047	-2.333998203277588
2981.192	46.001000000000204	trials	[2981.2935666666667, 3025.3078, 3026.0045333333333, 3026.6912333333335]	[1.0, 1.0, 1.0, 1.0]	4	4.0	0.7853981633974483	2.0	R	-7.4823384284973145	8.736061096191406	-2.5779919624328613	7.762723922729492	-0.7316797971725464	3.116098165512085	-5.1718034744262695	0.8171200752258301
3028.196	3.3969999999999345	trials	[3028.297233333333, 3029.515266666667, 3030.3513333333335, 3030.9147333333335]	[1.0, 1.0, 1.0, 1.0]	4	4.0	0.7853981633974483	2.0	R	0.0	0.0	0.0	0.0	0.0	0.0	0.0	0.0
3032.597	2.645999999999731	trials	[NaN, NaN, NaN, NaN]	[NaN, NaN, NaN, NaN]	4				R	-4.531360149383545	-0.8377072811126709	-7.8702921867370605	-6.587732315063477	-2.8845760822296143	-6.2100605964660645	-7.3344340324401855	-8.490139961242676
3036.247	2.4980000000000473	trials	[3036.3482, 3037.0399333333335, 3037.6584666666668, 3038.282]	[1.0, 1.0, 1.0, 1.0]	4	4.0	0.7853981633974483	2.0	R	-6.362555503845215	-3.5855042934417725	-3.2185463905334473	-7.473332405090332	-0.8118652105331421	-3.0906522274017334	-3.844505548477173	-7.471085548400879
3039.749	1.2409999999999854	trials	[3039.8499, 3040.4915, NaN, NaN]	[1.0, 1.0, NaN, NaN]	4	2.0	0.7853981633974483	2.0	A	-2.588942527770996	-2.631295919418335	2.0275511741638184	-4.551708698272705	5.249356746673584	-0.7281021475791931	7.622649669647217	3.67274808883667
3041.993	5.219000000000051	trials	[3042.0944666666664, 3045.2793666666666, 3045.8458, 3046.4974]	[1.0, 1.0, 1.0, 1.0]	4	4.0	0.7853981633974483	2.0	R	-1.1284770965576172	-0.6736311912536621	2.0230941772460938	3.208069324493408	6.0548505783081055	6.16525411605835	1.4397588968276978	1.0672492980957031
3048.216	14.914000000000215	trials	[3048.3169333333335, 3060.870066666667, 3062.0419666666667, 3062.6154]	[1.0, 1.0, 1.0, 1.0]	4	4.0	0.7853981633974483	2.0	R	2.656888723373413	-3.782348155975342	-5.926112651824951	-0.8680816292762756	-2.5878782272338867	-4.590472221374512	1.0226505994796753	-8.049385070800781
3064.133	3.836999999999989	trials	[3064.2344333333335, 3065.9497, 3066.6343666666667, 3067.5226]	[1.0, 1.0, 1.0, 1.0]	4	4.0	0.7853981633974483	2.0	R	3.033693552017212	6.452217102050781	-1.5689843893051147	8.405510902404785	7.14567232131958	0.873364269733429	5.306063175201416	5.522647857666016
3068.973	2.8780000000001564	trials	[3069.074433333333, 3069.676933333333, 3070.5230333333334, 3071.1566]	[1.0, 1.0, 1.0, 1.0]	4	4.0	0.7853981633974483	2.0	R	0.5859600901603699	3.873216152191162	-3.6725306510925293	6.493379592895508	-8.443767547607422	4.998287677764893	1.1972507238388062	-4.151491165161133
3072.855	2.813000000000102	trials	[3072.9560666666666, 3073.6488, 3074.4367666666667, 3075.1264666666666]	[1.0, 1.0, 1.0, 1.0]	4	4.0	0.7853981633974483	2.0	R	0.0	0.0	0.0	0.0	0.0	0.0	0.0	0.0
3076.671	6.861000000000331	trials	[NaN, NaN, NaN, NaN]	[NaN, NaN, NaN, NaN]	4				R	6.443163871765137	2.2832837104797363	-0.502819836139679	-8.914464950561523	0.19683052599430084	1.0028650760650635	-4.224843502044678	7.802498817443848
3084.536	0.9139999999997599	trials	[3084.6370666666667, NaN, NaN, NaN]	[1.0, NaN, NaN, NaN]	4	1.0	0.7853981633974483	2.0	A	5.6132893562316895	6.99500036239624	0.6200160384178162	6.735724449157715	-3.7662832736968994	2.7847659587860107	-7.203455448150635	6.415998458862305
3086.454	2.67699999999968	trials	[3086.554833333333, 3087.406933333333, 3088.0104333333334, 3088.6259666666665]	[1.0, 1.0, 1.0, 1.0]	4	4.0	0.7853981633974483	2.0	R	0.0	0.0	-4.97796106338501	0.468938946723938	-2.626549243927002	5.339713096618652	-2.251110553741455	-1.7744191884994507
3090.135	3.149999999999636	trials	[3090.2359666666666, 3091.4319333333333, 3092.6289, NaN]	[1.0, 1.0, 1.0, NaN]	4	3.0	0.7853981633974483	2.0	A	6.2044548988342285	-5.699273109436035	-4.216193199157715	3.8529577255249023	3.676133632659912	2.096860647201538	-1.483749270439148	-0.6950112581253052
3094.288	4.358000000000175	trials	[3094.3892666666666, 3096.7110333333335, 3097.3737, 3098.0734333333335]	[1.0, 1.0, 1.0, 1.0]	4	4.0	0.7853981633974483	2.0	R	6.034414291381836	6.505773544311523	2.333031415939331	3.144261121749878	8.99540901184082	5.269364356994629	4.903713703155518	8.143043518066406
3099.649	4.074000000000069	trials	[3099.7506, 3101.8417666666664, 3102.5174666666667, 3103.3064]	[1.0, 1.0, 1.0, 1.0]	4	4.0	0.7853981633974483	2.0	R	0.9277368783950806	5.111276626586914	-3.6767165660858154	3.162172317504883	-8.319138526916504	1.305315375328064	-6.747138500213623	-3.4411375522613525
3104.727	3.088000000000193	trials	[3104.8282, 3105.617133333333, 3106.6777666666667, 3107.3063333333334]	[1.0, 1.0, 1.0, 1.0]	4	4.0	0.7853981633974483	2.0	R	-4.764869689941406	-8.031411170959473	5.769747257232666	-4.825191974639893	8.958559036254883	-8.676358222961426	4.03566312789917	-7.801662445068359
3108.818	2.9159999999997126	trials	[3108.9193333333333, 3109.6491666666666, 3110.5464, 3111.2712]	[1.0, 1.0, 1.0, 1.0]	4	4.0	0.7853981633974483	2.0	R	4.882299900054932	-2.8738629817962646	5.327446460723877	2.1062819957733154	-5.811267375946045	-5.049666404724121	-1.4586361646652222	-2.5890562534332275
3112.738	2.1950000000001637	trials	[3112.8390666666664, 3113.7984666666666, 3114.435033333333, NaN]	[1.0, 1.0, 1.0, NaN]	4	3.0	0.7853981633974483	2.0	A	-6.495687961578369	-8.533879280090332	-3.699150562286377	-4.389077663421631	-7.0362701416015625	0.0771903544664383	0.8974975943565369	6.5545759201049805
3115.937	14.378999999999905	trials	[3116.038, 3128.469866666667, 3129.1756333333333, 3129.7861333333335]	[1.0, 1.0, 1.0, 1.0]	4	4.0	0.7853981633974483	2.0	R	-3.8060460090637207	-3.739306926727295	1.057239294052124	-2.5780766010284424	6.046772480010986	-1.4537479877471924	3.774553060531616	3.000128746032715
3131.32	4.312999999999647	trials	[3131.4212, 3133.7339333333334, 3134.4517333333333, 3135.080266666667]	[1.0, 1.0, 1.0, 1.0]	4	4.0	0.7853981633974483	2.0	R	6.473452568054199	7.209159851074219	1.5930653810501099	6.122044563293457	-2.862152576446533	3.8524558544158936	-7.973421096801758	-2.4582459926605225
3136.636	3.2200000000002547	trials	[3136.7374, 3138.0837333333334, 3138.7975, 3139.381966666667]	[1.0, 1.0, 1.0, 1.0]	4	4.0	0.7853981633974483	2.0	R	-5.880870342254639	6.377677917480469	-2.179513454437256	3.01613712310791	-6.7898688316345215	1.081034541130066	-0.5556182265281677	3.4441425800323486
3140.86	2.9089999999996508	trials	[3140.960866666667, 3141.757866666667, 3142.5227666666665, 3143.210466666667]	[1.0, 1.0, 1.0, 1.0]	4	4.0	0.7853981633974483	2.0	R	-3.289726495742798	7.630388259887695	2.928894519805908	-1.5604162216186523	-2.408787965774536	6.818110466003418	5.61033296585083	4.720248699188232
3144.772	2.5779999999999745	trials	[3144.8736, 3145.4991333333332, 3146.1948666666667, 3146.8013666666666]	[1.0, 1.0, 1.0, 1.0]	4	4.0	0.7853981633974483	2.0	R	-1.5928722620010376	5.5310163497924805	3.431687593460083	6.92556619644165	-1.5683072805404663	6.932803630828857	-6.259359359741211	5.202476501464844
3148.353	2.712999999999738	trials	[3148.4544666666666, 3149.1061, 3149.9572, 3150.5336333333335]	[1.0, 1.0, 1.0, 1.0]	4	4.0	0.7853981633974483	2.0	R	-4.080691337585449	0.2401624619960785	-5.414467811584473	-4.5786590576171875	-4.209155082702637	0.2738889157772064	-3.3861916065216064	-4.657919406890869
3152.069	2.8640000000000327	trials	[3152.1707, 3152.8484, 3153.7747, 3154.3962333333334]	[1.0, 1.0, 1.0, 1.0]	4	4.0	0.7853981633974483	2.0	R	1.604764699935913	-4.35732889175415	-8.120973587036133	3.10224986076355	-3.7139785289764404	-1.3616820573806763	2.618151903152466	4.082194805145264
3155.936	2.2909999999997126	trials	[3156.0373, 3156.9235, NaN, NaN]	[1.0, 1.0, NaN, NaN]	4	2.0	0.7853981633974483	2.0	F	-0.8182490468025208	0.45023250579833984	-7.754518032073975	0.5236270427703857	-7.9096479415893555	-4.473965644836426	2.3820860385894775	0.09240954369306564
3159.23	7.16399999999976	trials	[3159.3314666666665, 3164.043166666667, 3164.849166666667, 3165.7554333333333]	[1.0, 1.0, 1.0, 1.0]	4	4.0	0.7853981633974483	2.0	R	7.874257564544678	8.727128982543945	2.9015369415283203	8.20554256439209	1.2942025661468506	3.4709389209747314	3.357633113861084	-8.854516983032227
3167.398	2.2829999999999018	trials	[3167.4987333333333, 3168.2656666666667, 3168.906233333333, NaN]	[1.0, 1.0, 1.0, NaN]	4	3.0	0.7853981633974483	2.0	A	5.643917083740234	0.14919419586658478	8.33461856842041	4.363470554351807	-0.215230792760849	-6.900222301483154	2.362868070602417	-2.6161346435546875
3170.685	2.8150000000000546	trials	[3170.7859, 3171.843533333333, 3172.4731, 3173.0495333333333]	[1.0, 1.0, 1.0, 1.0]	4	4.0	0.7853981633974483	2.0	R	-7.418025016784668	3.9015603065490723	-5.793459892272949	-0.8271593451499939	-6.395839691162109	-5.790740489959717	-2.016792058944702	-3.377455949783325
3174.503	2.705999999999676	trials	[3174.6044, 3175.444466666667, 3176.0890666666664, 3176.6996]	[1.0, 1.0, 1.0, 1.0]	4	4.0	0.7853981633974483	2.0	R	0.0	0.0	0.0	0.0	0.0	0.0	0.0	0.0
3178.212	3.063000000000102	trials	[NaN, NaN, NaN, NaN]	[NaN, NaN, NaN, NaN]	4				R	-4.945767879486084	-3.853114128112793	-4.552367687225342	-8.837614059448242	0.4377376437187195	-8.523214340209961	6.958901882171631	-2.9244110584259033
3182.278	2.6940000000004147	trials	[3182.3797, 3183.1375666666668, 3183.867366666667, 3184.495933333333]	[1.0, 1.0, 1.0, 1.0]	4	4.0	0.7853981633974483	2.0	R	2.2274234294891357	-1.3078993558883667	1.7844507694244385	3.6724395751953125	-1.180495262145996	-0.3536125421524048	-7.845953941345215	-0.17887459695339203
3185.976	2.643999999999778	trials	[3186.076866666667, 3186.8207, 3187.4783333333335, 3188.0788333333335]	[1.0, 1.0, 1.0, 1.0]	4	4.0	0.7853981633974483	2.0	R	-6.211973667144775	-4.904348850250244	-1.213321328163147	-4.788264274597168	0.7323344945907593	-0.18235252797603607	-0.11735310405492783	8.239624977111816
3189.624	16.377000000000407	trials	[3189.7249333333334, 3203.8359333333333, 3204.612866666667, 3205.4178666666667]	[1.0, 1.0, 1.0, 1.0]	4	4.0	0.7853981633974483	2.0	R	-4.497721195220947	5.828738212585449	6.847140312194824	7.256291389465332	6.172876834869385	-4.118410110473633	1.1406487226486206	-7.982037544250488
3207.005	3.1659999999997126	trials	[3207.1060666666667, 3208.3651666666665, 3208.9787, 3209.6513666666665]	[1.0, 1.0, 1.0, 1.0]	4	4.0	0.7853981633974483	2.0	R	0.0	0.0	0.0	0.0	0.0	0.0	0.0	0.0
3211.174	2.8960000000001855	trials	[NaN, NaN, NaN, NaN]	[NaN, NaN, NaN, NaN]	4				R	0.0	0.0	0.0	0.0	0.0	0.0	0.0	0.0
3215.074	2.8589999999999236	trials	[NaN, NaN, NaN, NaN]	[NaN, NaN, NaN, NaN]	4				R	-2.483765125274658	6.438519477844238	-2.4817562103271484	-0.19275109469890594	-7.443114280700684	-0.8131738901138306	-8.152124404907227	6.467545032501221
3218.936	2.8079999999999927	trials	[3219.0376666666666, 3219.7735, 3220.5273666666667, 3221.176]	[1.0, 1.0, 1.0, 1.0]	4	4.0	0.7853981633974483	2.0	R	-8.543072700500488	1.4828524589538574	1.6129628419876099	-0.45283183455467224	7.591425895690918	1.8261457681655884	3.8510420322418213	8.882444381713867
3222.748	3.117999999999938	trials	[3222.849133333333, 3223.7042666666666, 3224.7027333333335, 3225.4726333333333]	[1.0, 1.0, 1.0, 1.0]	4	4.0	0.7853981633974483	2.0	R	5.366144180297852	1.58481764793396	-8.374260902404785	-3.3749425411224365	-5.548709392547607	-7.500019073486328	-2.375286102294922	-3.6361629962921143
3226.869	2.687999999999647	trials	[3226.9703666666665, 3227.8896666666665, 3228.4891333333335, 3229.1217]	[1.0, 1.0, 1.0, 1.0]	4	4.0	0.7853981633974483	2.0	R	0.0	0.0	0.0	0.0	0.0	0.0	0.0	0.0
3230.56	2.6900000000000546	trials	[NaN, NaN, NaN, NaN]	[NaN, NaN, NaN, NaN]	4				R	1.8715451955795288	-2.419832706451416	-1.2786215543746948	1.4630076885223389	6.31179141998291	0.45304423570632935	5.430699348449707	5.374799728393555
3234.253	2.888999999999669	trials	[3234.3547, 3235.2539333333334, 3235.877466666667, 3236.5762]	[1.0, 1.0, 1.0, 1.0]	4	4.0	0.7853981633974483	2.0	R	0.0	0.0	0.0	0.0	0.0	0.0	0.0	0.0
3238.145	3.456000000000131	trials	[NaN, NaN, NaN, NaN]	[NaN, NaN, NaN, NaN]	4				R	6.209686756134033	6.093536853790283	4.681127071380615	1.3329166173934937	1.1162692308425903	-5.411559581756592	4.346144676208496	-1.5947670936584473
3242.604	39.832000000000335	trials	[3242.7054333333335, 3280.7769333333335, 3281.7483333333334, NaN]	[1.0, 1.0, 1.0, NaN]	4	3.0	0.7853981633974483	2.0	A	-5.468010425567627	3.9743540287017822	2.324357748031616	-2.7347917556762695	-1.6144157648086548	7.429899215698242	0.07784806936979294	2.724982500076294
3283.44	2.9600000000000364	trials	[3283.5408, 3284.399933333333, 3285.170833333333, 3285.8876]	[1.0, 1.0, 1.0, 1.0]	4	4.0	0.7853981633974483	2.0	R	-3.6085238456726074	2.844756841659546	1.1388108730316162	7.831325531005859	6.488466262817383	1.3055661916732788	6.0644402503967285	6.287553787231445
3287.403	3.09900000000016	trials	[3287.5046333333335, 3288.2745333333332, 3289.0815333333335, 3289.9005666666667]	[1.0, 1.0, 1.0, 1.0]	4	4.0	0.7853981633974483	2.0	R	-3.198148250579834	7.21769905090332	-8.095592498779297	6.210205554962158	-7.485404014587402	1.2475781440734863	-2.812875986099243	-0.5321641564369202
3291.506	2.9340000000001965	trials	[3291.6068, 3292.5321, 3293.272933333333, 3293.988733333333]	[1.0, 1.0, 1.0, 1.0]	4	4.0	0.7853981633974483	2.0	R	8.46823787689209	-2.482621669769287	6.411539077758789	2.074788808822632	1.7741272449493408	4.28873872756958	-3.1410303115844727	3.3715550899505615
3295.443	2.786999999999807	trials	[3295.5445666666665, 3296.5059666666666, 3297.0473, 3297.6007]	[1.0, 1.0, 1.0, 1.0]	4	4.0	0.7853981633974483	2.0	R	-0.05601150169968605	-0.5632458925247192	3.5835683345794678	2.8650858402252197	3.292708396911621	-2.1264472007751465	6.349391460418701	-6.083300590515137
3299.234	0.22699999999986176	trials	[3299.335, NaN, NaN, NaN]	[1.0, NaN, NaN, NaN]	4	1.0	0.7853981633974483	2.0	A	3.2130110263824463	-2.1893157958984375	3.455764055252075	2.8047878742218018	8.279409408569336	1.4885624647140503	-1.7826522588729858	-8.315722465515137
3300.465	3.0399999999999636	trials	[3300.5660333333335, 3301.368033333333, 3302.2211666666667, 3302.966]	[1.0, 1.0, 1.0, 1.0]	4	4.0	0.7853981633974483	2.0	R	0.6499184966087341	8.456366539001465	-0.8718180656433105	3.69356107711792	-5.7976484298706055	4.551579475402832	-0.5918629765510559	-2.608489513397217
3304.509	2.9899999999997817	trials	[3304.6101, 3305.4953, 3306.2311, 3306.866666666667]	[1.0, 1.0, 1.0, 1.0]	4	4.0	0.7853981633974483	2.0	R	5.30601167678833	7.0482025146484375	0.3064192831516266	7.112063884735107	-6.097815990447998	5.543612957000732	-4.637212753295898	0.7617053985595703
3308.503	2.844000000000051	trials	[3308.604, 3309.4912, 3310.1267666666668, 3310.8094666666666]	[1.0, 1.0, 1.0, 1.0]	4	4.0	0.7853981633974483	2.0	R	-4.447866916656494	-4.234708309173584	-2.072383165359497	2.555340051651001	-0.8665125370025635	-5.488537788391113	2.3072054386138916	-1.6249234676361084
3312.35	3.0019999999999527	trials	[3312.4515666666666, 3313.2455333333332, 3314.0154333333335, 3314.676066666667]	[1.0, 1.0, 1.0, 1.0]	4	4.0	0.7853981633974483	2.0	R	5.402077674865723	-7.703723430633545	2.517764091491699	-3.6195178031921387	4.964216709136963	-7.980122089385986	-1.1402277946472168	-7.531204700469971
3316.355	3.5010000000002037	trials	[3316.4565, 3317.2183666666665, 3317.9071, 3318.6319]	[1.0, 1.0, 1.0, 1.0]	4	4.0	0.7853981633974483	2.0	R	3.801642894744873	-8.291410446166992	7.920696258544922	-5.457085132598877	3.393439292907715	-3.3348352909088135	6.77940559387207	8.370237350463867
3320.859	2.800999999999931	trials	[3320.960666666667, 3321.8438666666666, 3322.5616333333332, 3323.1390666666666]	[1.0, 1.0, 1.0, 1.0]	4	4.0	0.7853981633974483	2.0	R	0.0	0.0	0.0	0.0	0.0	0.0	0.0	0.0
3324.664	2.62099999999964	trials	[NaN, NaN, NaN, NaN]	[NaN, NaN, NaN, NaN]	4				R	0.0	0.0	0.0	0.0	0.0	0.0	0.0	0.0
3328.289	2.092999999999847	trials	[NaN, NaN, NaN, NaN]	[NaN, NaN, NaN, NaN]	4				A	3.9106132984161377	3.4412357807159424	5.960259914398193	8.001822471618652	3.479314088821411	3.660749912261963	1.7875036001205444	-1.6364651918411255
3331.386	3.0660000000002583	trials	[3331.4868, 3332.2326333333335, 3333.1509333333333, 3333.8637]	[1.0, 1.0, 1.0, 1.0]	4	4.0	0.7853981633974483	2.0	R	1.2806334495544434	6.2408294677734375	-3.7011382579803467	5.814272880554199	3.376082420349121	7.627268314361572	-1.5368139743804932	6.698048114776611
3335.456	2.6369999999997162	trials	[3335.5569, 3336.390966666667, 3336.9974666666667, 3337.593966666667]	[1.0, 1.0, 1.0, 1.0]	4	4.0	0.7853981633974483	2.0	R	-6.285048007965088	5.131436347961426	-2.3510446548461914	2.045400381088257	2.8666274547576904	4.1716837882995605	0.7973230481147766	-0.38001710176467896
3339.097	3.600999999999658	trials	[3339.1979333333334, 3341.0495333333333, 3341.669066666667, 3342.2735666666667]	[1.0, 1.0, 1.0, 1.0]	4	4.0	0.7853981633974483	2.0	R	-2.060678243637085	3.722644090652466	-5.540143013000488	0.13191622495651245	-2.747627019882202	-4.015595436096191	1.0298625230789185	-7.291350841522217
3343.701	1.2159999999998945	trials	[3343.802366666667, 3344.1151333333332, NaN, NaN]	[1.0, 1.0, NaN, NaN]	4	2.0	0.7853981633974483	2.0	A	0.0	0.0	0.0	0.0	0.0	0.0	0.0	0.0
3345.921	3.330000000000382	trials	[NaN, NaN, NaN, NaN]	[NaN, NaN, NaN, NaN]	4				R	-3.128911256790161	3.463677406311035	-4.685158729553223	-3.1207056045532227	-6.6446428298950195	-7.7207512855529785	-2.99895977973938	-4.298910617828369
3350.254	2.7730000000001382	trials	[3350.355633333333, 3351.1817, 3351.8684, 3352.497966666667]	[1.0, 1.0, 1.0, 1.0]	4	4.0	0.7853981633974483	2.0	R	-7.972461223602295	-3.7848241329193115	-3.9680025577545166	-6.778870105743408	-8.517755508422852	-8.85245418548584	-6.364727973937988	-4.339752674102783
3354.031	2.974999999999909	trials	[3354.132, 3354.8407666666667, 3355.6588, 3356.4778333333334]	[1.0, 1.0, 1.0, 1.0]	4	4.0	0.7853981633974483	2.0	R	-2.4371280670166016	-1.2455710172653198	-2.3673925399780273	-6.245084762573242	-2.9088165760040283	-1.2744851112365723	-8.82595443725586	-3.364272356033325
3358.01	2.6419999999998254	trials	[3358.1109, 3358.859733333333, 3359.5324, 3360.1820333333335]	[1.0, 1.0, 1.0, 1.0]	4	4.0	0.7853981633974483	2.0	R	0.0	0.0	0.0	0.0	0.0	0.0	0.0	0.0
3361.656	3.369999999999891	trials	[NaN, NaN, NaN, NaN]	[NaN, NaN, NaN, NaN]	4				R	2.9608404636383057	-7.291730880737305	7.919521331787109	-7.933201313018799	7.626924514770508	-2.94176983833313	2.7936227321624756	-1.661460041999817
3366.03	3.800999999999931	trials	[3366.1308, 3367.8420333333333, 3368.6019333333334, 3369.3608]	[1.0, 1.0, 1.0, 1.0]	4	4.0	0.7853981633974483	2.0	R	2.176656723022461	3.3003292083740234	7.372928142547607	-5.503634452819824	-2.786966323852539	-6.521670341491699	-0.2531530261039734	-2.211242198944092
3370.834	3.256000000000313	trials	[3370.9357, 3371.8189, 3372.7251666666666, 3373.3346666666666]	[1.0, 1.0, 1.0, 1.0]	4	4.0	0.7853981633974483	2.0	R	0.0	0.0	0.0	0.0	0.0	0.0	0.0	0.0
3375.093	4.311000000000149	trials	[NaN, NaN, NaN, NaN]	[NaN, NaN, NaN, NaN]	4				R	0.0	0.0	0.0	0.0	0.0	0.0	0.0	0.0
3380.407	2.612999999999829	trials	[NaN, NaN, NaN, NaN]	[NaN, NaN, NaN, NaN]	4				R	0.0	0.0	0.0	0.0	0.0	0.0	0.0	0.0
3384.023	3.393999999999778	trials	[NaN, NaN, NaN, NaN]	[NaN, NaN, NaN, NaN]	4				R	-5.066317081451416	3.153165817260742	-6.257122993469238	-1.7029625177383423	5.5103302001953125	6.898048400878906	0.9545843005180359	4.83766508102417
3388.42	2.8869999999997162	trials	[3388.521366666667, 3389.4436666666666, 3390.2586666666666, 3390.8421333333335]	[1.0, 1.0, 1.0, 1.0]	4	4.0	0.7853981633974483	2.0	R	2.649064540863037	-6.685379981994629	-2.374791145324707	-0.32775697112083435	-6.503581523895264	-4.228847980499268	-1.6012048721313477	-5.2120585441589355
3392.311	2.6679999999996653	trials	[3392.4120333333335, 3393.2170333333333, 3393.8686333333335, 3394.465133333333]	[1.0, 1.0, 1.0, 1.0]	4	4.0	0.7853981633974483	2.0	R	-7.625339508056641	-6.537930011749268	-3.332705020904541	-3.9740872383117676	1.6392923593521118	-3.4456539154052734	-3.3096630573272705	-2.7330241203308105
3395.983	3.0839999999998327	trials	[3396.0841333333333, 3397.3071666666665, 3397.987866666667, 3398.5743333333335]	[1.0, 1.0, 1.0, 1.0]	4	4.0	0.7853981633974483	2.0	R	-6.219357490539551	-6.93744421005249	-2.68509578704834	-3.400639057159424	-0.434207946062088	-7.865334510803223	4.163839340209961	-5.901165008544922
3400.07	8.534999999999854	trials	[3400.1713, 3406.9230333333335, 3407.5325666666668, 3408.140066666667]	[1.0, 1.0, 1.0, 1.0]	4	4.0	0.7853981633974483	2.0	R	0.20379133522510529	-2.8486218452453613	-4.618870735168457	-1.5288000106811523	-0.8730469942092896	1.7831183671951294	-1.9710700511932373	6.661063194274902
3409.609	2.867000000000189	trials	[3409.709966666667, 3410.5169666666666, 3411.2748333333334, 3411.9956333333334]	[1.0, 1.0, 1.0, 1.0]	4	4.0	0.7853981633974483	2.0	R	0.0	0.0	0.0	0.0	0.0	0.0	0.0	0.0
3413.479	3.4039999999999964	trials	[NaN, NaN, NaN, NaN]	[NaN, NaN, NaN, NaN]	4				R	-2.717076539993286	2.084120512008667	8.232796669006348	2.651338577270508	1.9847962856292725	3.0525898933410645	-7.6697187423706055	-3.2845888137817383
3417.886	3.007000000000062	trials	[3417.9875, 3418.7383666666665, 3419.7539, 3420.4165333333335]	[1.0, 1.0, 1.0, 1.0]	4	4.0	0.7853981633974483	2.0	R	-3.622105121612549	-6.220031261444092	2.7059502601623535	0.049675121903419495	7.0039238929748535	-5.841330528259277	3.55910325050354	-2.217353105545044
3421.896	3.349999999999909	trials	[3421.9974666666667, 3423.0711333333334, 3424.1107, 3424.7032]	[1.0, 1.0, 1.0, 1.0]	4	4.0	0.7853981633974483	2.0	R	5.847017288208008	4.511275768280029	0.7422255873680115	-5.0210862159729	8.017631530761719	-3.481809616088867	7.249637603759766	1.4588568210601807
3426.249	3.161000000000058	trials	[3426.350266666667, 3427.632433333333, 3428.3352, 3428.9106333333334]	[1.0, 1.0, 1.0, 1.0]	4	4.0	0.7853981633974483	2.0	R	8.278166770935059	6.351926326751709	3.6418776512145996	4.4798102378845215	-1.3191516399383545	3.8567616939544678	-5.2624192237854	6.9309515953063965
3430.413	2.7359999999998763	trials	[3430.5146, 3431.1081, 3431.8549333333335, 3432.658933333333]	[1.0, 1.0, 1.0, 1.0]	4	4.0	0.7853981633974483	2.0	R	-2.94150710105896	2.502253293991089	-2.9688823223114014	-2.4976718425750732	-7.3059611320495605	-8.705375671386719	-2.3612587451934814	-7.963810443878174
3434.153	2.71100000000024	trials	[3434.2539, 3435.0378333333333, 3435.7506, 3436.3821666666668]	[1.0, 1.0, 1.0, 1.0]	4	4.0	0.7853981633974483	2.0	R	3.4855153560638428	-0.14247551560401917	-3.200147867202759	6.047055244445801	1.6688505411148071	7.265894412994385	-0.5202858448028564	2.7705986499786377
3437.868	7.550000000000182	trials	[3437.9691, 3443.7955666666667, 3444.373, 3444.9133333333334]	[1.0, 1.0, 1.0, 1.0]	4	4.0	0.7853981633974483	2.0	R	0.0	0.0	0.0	0.0	0.0	0.0	0.0	0.0
3446.421	3.7090000000002874	trials	[NaN, NaN, NaN, NaN]	[NaN, NaN, NaN, NaN]	4				R	-5.79915714263916	-3.9742043018341064	-3.126849889755249	-8.20016860961914	-1.911598563194275	-3.35010027885437	2.695251226425171	-1.4066662788391113
3451.134	17.733000000000175	trials	[3451.2350333333334, 3467.1345, 3467.718966666667, 3468.2944]	[1.0, 1.0, 1.0, 1.0]	4	4.0	0.7853981633974483	2.0	R	-8.521114349365234	-4.669770240783691	-3.7760417461395264	-6.245932102203369	-2.2778658866882324	-1.4756629467010498	-0.5168263912200928	-6.155272006988525
3469.87	4.0	trials	[3469.9715333333334, 3471.7880666666665, 3472.700333333333, 3473.3649666666665]	[1.0, 1.0, 1.0, 1.0]	4	4.0	0.7853981633974483	2.0	R	2.6937856674194336	-2.322261333465576	-6.059804916381836	5.7457451820373535	-0.7505675554275513	5.779155731201172	-0.6849207878112793	0.7795867323875427
3474.874	3.032000000000153	trials	[3474.9749666666667, 3475.7428666666665, 3476.5619, 3477.3609]	[1.0, 1.0, 1.0, 1.0]	4	4.0	0.7853981633974483	2.0	R	-3.0249838829040527	-6.522793769836426	-8.035226821899414	-0.8104458451271057	4.33396053314209	5.187592506408691	-2.2729032039642334	-1.5490713119506836
3478.91	10.937000000000353	trials	[3479.011, 3487.9702333333335, 3488.8073, 3489.3757]	[1.0, 1.0, 1.0, 1.0]	4	4.0	0.7853981633974483	2.0	R	0.0	0.0	0.0	0.0	0.0	0.0	0.0	0.0
3490.85	3.3789999999999054	trials	[NaN, NaN, NaN, NaN]	[NaN, NaN, NaN, NaN]	4				R	0.0	0.0	0.0	0.0	0.0	0.0	0.0	0.0
3495.232	6.351000000000113	trials	[NaN, NaN, NaN, NaN]	[NaN, NaN, NaN, NaN]	4				R	0.0	0.0	0.0	0.0	0.0	0.0	0.0	0.0
3502.587	21.17599999999993	trials	[NaN, NaN, NaN, NaN]	[NaN, NaN, NaN, NaN]	4				R	3.2305829524993896	-4.1851887702941895	7.518617153167725	-1.6136589050292969	5.076559543609619	2.74940824508667	-2.1818015575408936	-7.2106804847717285
3524.767	3.79300000000012	trials	[3524.8678333333332, 3526.4046333333335, 3527.3800333333334, 3528.0116333333335]	[1.0, 1.0, 1.0, 1.0]	4	4.0	0.7853981633974483	2.0	R	-8.508773803710938	-5.47248649597168	2.370732069015503	2.928666830062866	-6.840703964233398	-8.192672729492188	-1.8407315015792847	-8.176118850708008
3529.563	2.799999999999727	trials	[3529.6647333333335, 3530.318333333333, 3531.209566666667, 3531.774966666667]	[1.0, 1.0, 1.0, 1.0]	4	4.0	0.7853981633974483	2.0	R	0.6718188524246216	-0.6827083230018616	2.145507574081421	4.095182418823242	-0.3253701329231262	-0.25162816047668457	-7.292097568511963	-3.655038833618164
3533.367	0.6079999999997199	trials	[3533.4681666666665, NaN, NaN, NaN]	[1.0, NaN, NaN, NaN]	4	1.0	0.7853981633974483	2.0	A								
