onset	duration	nwb_table	target_on_time	go_cue_time	target_id	target_corners	target_dir	result
3.891	3.8390000000000004	trials	5.3831	6.4257	5.0	[-1.  9.  1.  7.]	-2.356194490192345	F
7.982	5.422999999999999	trials	11.0151	11.9805	6.0	[-6.65685415 -4.65685415 -4.65685415 -6.65685415]	3.141592653589793	R
13.657	4.652000000000001	trials	15.639566666666667	17.005966666666666	3.0	[-9.  1. -7. -1.]	-0.7853981633974483	F
18.561	3.0539999999999985	trials	19.334733333333332	20.617933333333333	7.0	[ 4.65685415 -4.65685415  6.65685415 -6.65685415]	2.356194490192345	I
21.867	4.8919999999999995	trials	24.576766666666668	25.454933333333333	2.0	[-6.65685415  6.65685415 -4.65685415  4.65685415]	0.0	F
27.011	3.141000000000002	trials	27.667433333333335	28.848366666666667	1.0	[ 7.  1.  9. -1.]	0.7853981633974483	F
30.403	2.4340000000000046	trials	31.023766666666667	31.534033333333333	0.0	[4.65685415 6.65685415 6.65685415 4.65685415]	1.5707963267948966	F
33.089	6.518000000000001	trials	37.45976666666667	38.2377	7.0	[-1.  9.  1.  7.]	2.356194490192345	R
39.859	4.125999999999998	trials	41.59	42.680733333333336	3.0	[-6.65685415  6.65685415 -4.65685415  4.65685415]	-0.7853981633974483	F
44.237	3.8560000000000016	trials	45.4937	46.835033333333335	4.0	[ 4.65685415 -4.65685415  6.65685415 -6.65685415]	-1.5707963267948966	R
48.345	4.6640000000000015	trials	50.7728	51.760266666666666	6.0	[-1. -7.  1. -9.]	3.141592653589793	R
53.261	4.289999999999999	trials	55.05846666666667	56.305566666666664	5.0	[-9.  1. -7. -1.]	-2.356194490192345	R
57.802	4.313000000000002	trials	59.736066666666666	60.811733333333336	2.0	[-6.65685415 -4.65685415 -4.65685415 -6.65685415]	0.0	F
62.367	2.8830000000000027	trials	63.2929	63.946533333333335	3.0	[ 7.  1.  9. -1.]	-0.7853981633974483	F
65.501	2.9239999999999924	trials	66.29133333333333	67.21966666666667	7.0	[ 4.65685415 -4.65685415  6.65685415 -6.65685415]	2.356194490192345	R
68.676	4.5120000000000005	trials	71.03513333333333	72.05566666666667	5.0	[-6.65685415  6.65685415 -4.65685415  4.65685415]	-2.356194490192345	R
73.44	4.975999999999999	trials	75.75686666666667	77.01196666666667	0.0	[-6.65685415 -4.65685415 -4.65685415 -6.65685415]	1.5707963267948966	R
78.668	3.7069999999999936	trials	80.4014	81.07206666666667	1.0	[-1.  9.  1.  7.]	0.7853981633974483	F
82.627	3.277000000000001	trials	83.84993333333334	84.84443333333333	6.0	[4.65685415 6.65685415 6.65685415 4.65685415]	3.141592653589793	I
86.156	4.295999999999992	trials	88.0644	89.2674	4.0	[-9.  1. -7. -1.]	-1.5707963267948966	R
90.704	4.641000000000005	trials	92.5696	94.04026666666667	2.0	[-1. -7.  1. -9.]	0.0	F
95.596	3.1610000000000014	trials	96.84523333333334	97.50083333333333	4.0	[ 7.  1.  9. -1.]	-1.5707963267948966	R
99.009	4.861999999999995	trials	101.52583333333334	102.85113333333334	5.0	[-1. -7.  1. -9.]	-2.356194490192345	R
104.122	4.015000000000001	trials	106.00096666666667	106.69466666666666	0.0	[-6.65685415 -4.65685415 -4.65685415 -6.65685415]	1.5707963267948966	R
108.389	4.224000000000004	trials	109.8044	111.12566666666666	7.0	[-1.  9.  1.  7.]	2.356194490192345	R
112.865	3.862000000000009	trials	114.62236666666666	115.28	6.0	[-6.65685415  6.65685415 -4.65685415  4.65685415]	3.141592653589793	R
116.978	4.409000000000006	trials	118.84686666666667	120.08293333333333	1.0	[-9.  1. -7. -1.]	0.7853981633974483	F
121.639	3.055000000000007	trials	122.6092	123.39113333333333	3.0	[4.65685415 6.65685415 6.65685415 4.65685415]	-0.7853981633974483	F
124.946	3.75	trials	126.48483333333333	127.50536666666666	7.0	[ 4.65685415 -4.65685415  6.65685415 -6.65685415]	2.356194490192345	R
128.948	4.2450000000000045	trials	130.96093333333334	131.89023333333333	2.0	[-6.65685415  6.65685415 -4.65685415  4.65685415]	0.0	F
133.445	3.427000000000021	trials	134.11376666666666	135.56736666666666	3.0	[ 7.  1.  9. -1.]	-0.7853981633974483	F
137.123	4.969999999999999	trials	139.73573333333334	140.78833333333333	1.0	[ 4.65685415 -4.65685415  6.65685415 -6.65685415]	0.7853981633974483	F
142.344	4.015000000000015	trials	143.84193333333334	144.81633333333335	0.0	[4.65685415 6.65685415 6.65685415 4.65685415]	1.5707963267948966	R
146.611	4.171999999999997	trials	148.28293333333335	149.6333	4.0	[-1.  9.  1.  7.]	-1.5707963267948966	R
151.035	4.146000000000015	trials	153.03976666666668	153.99913333333333	6.0	[-1. -7.  1. -9.]	3.141592653589793	R
155.433	4.373999999999995	trials	157.13993333333335	158.62663333333333	5.0	[-9.  1. -7. -1.]	-2.356194490192345	R
160.058	4.135000000000019	trials	162.38196666666667	162.91126666666668	5.0	[-6.65685415 -4.65685415 -4.65685415 -6.65685415]	-2.356194490192345	R
164.445	4.560000000000002	trials	166.7498	167.82546666666667	4.0	[-6.65685415 -4.65685415 -4.65685415 -6.65685415]	-1.5707963267948966	R
169.257	4.057999999999993	trials	170.9773	172.01186666666666	1.0	[-1. -7.  1. -9.]	0.7853981633974483	F
173.567	3.408999999999992	trials	174.3256	175.67296666666667	2.0	[4.65685415 6.65685415 6.65685415 4.65685415]	0.0	F
177.228	3.532999999999987	trials	178.41976666666667	179.58066666666667	7.0	[ 7.  1.  9. -1.]	2.356194490192345	R
181.012	4.106999999999999	trials	182.4197	183.76606666666666	6.0	[-6.65685415  6.65685415 -4.65685415  4.65685415]	3.141592653589793	R
185.371	3.774000000000001	trials	187.17753333333334	187.78903333333332	0.0	[-9.  1. -7. -1.]	1.5707963267948966	R
189.397	4.091000000000008	trials	191.36793333333333	192.18496666666667	3.0	[-1.  9.  1.  7.]	-0.7853981633974483	F
193.74	3.2959999999999923	trials	195.05306666666667	195.80796666666666	0.0	[ 4.65685415 -4.65685415  6.65685415 -6.65685415]	1.5707963267948966	R
197.288	3.0999999999999943	trials	198.641	199.14423333333335	5.0	[-1.  9.  1.  7.]	-2.356194490192345	R
200.64	3.872000000000014	trials	202.11563333333334	203.42586666666668	4.0	[-6.65685415 -4.65685415 -4.65685415 -6.65685415]	-1.5707963267948966	R
204.763	4.585999999999984	trials	207.35063333333332	208.0634	6.0	[-1. -7.  1. -9.]	3.141592653589793	R
209.6	3.801000000000016	trials	211.18313333333333	212.23976666666667	7.0	[-9.  1. -7. -1.]	2.356194490192345	R
213.652	3.3140000000000214	trials	215.04673333333332	215.66226666666665	2.0	[-6.65685415  6.65685415 -4.65685415  4.65685415]	0.0	F
217.217	3.579999999999984	trials	218.23663333333334	219.49276666666665	1.0	[ 7.  1.  9. -1.]	0.7853981633974483	F
221.049	3.602000000000004	trials	222.30073333333334	223.34733333333332	3.0	[4.65685415 6.65685415 6.65685415 4.65685415]	-0.7853981633974483	F
224.902	4.255000000000024	trials	226.7207	227.85253333333333	3.0	[ 4.65685415 -4.65685415  6.65685415 -6.65685415]	-0.7853981633974483	F
229.408	2.9410000000000025	trials	230.1332	231.1407	7.0	[ 4.65685415 -4.65685415  6.65685415 -6.65685415]	2.356194490192345	R
232.6	4.774000000000001	trials	234.87196666666668	236.07093333333333	1.0	[-6.65685415  6.65685415 -4.65685415  4.65685415]	0.7853981633974483	F
237.626	3.4869999999999948	trials	239.1165	239.8082	5.0	[4.65685415 6.65685415 6.65685415 4.65685415]	-2.356194490192345	R
241.365	3.6389999999999816	trials	243.08536666666666	243.76603333333333	4.0	[-6.65685415 -4.65685415 -4.65685415 -6.65685415]	-1.5707963267948966	R
245.256	4.274000000000001	trials	247.88726666666668	248.84766666666667	6.0	[-1. -7.  1. -9.]	3.141592653589793	I
249.782	4.701999999999998	trials	252.58093333333332	253.18043333333333	2.0	[-9.  1. -7. -1.]	0.0	F
254.735	3.363999999999976	trials	255.92623333333333	256.52273333333335	0.0	[ 7.  1.  9. -1.]	1.5707963267948966	R
258.35	3.7729999999999677	trials	259.68756666666667	260.8194	1.0	[-1.  9.  1.  7.]	0.7853981633974483	F
262.374	3.4279999999999973	trials	263.5441666666667	264.49853333333334	3.0	[4.65685415 6.65685415 6.65685415 4.65685415]	-0.7853981633974483	F
266.053	3.555000000000007	trials	267.0849333333333	268.1856666666667	6.0	[ 4.65685415 -4.65685415  6.65685415 -6.65685415]	3.141592653589793	R
269.86	4.714999999999975	trials	271.9069333333333	273.2653	0.0	[-9.  1. -7. -1.]	1.5707963267948966	R
274.826	4.4809999999999945	trials	276.9384	278.0662	7.0	[-1.  9.  1.  7.]	2.356194490192345	R
279.559	4.222999999999956	trials	281.4867	282.55536666666666	4.0	[-6.65685415  6.65685415 -4.65685415  4.65685415]	-1.5707963267948966	R
284.034	4.103999999999985	trials	286.0149666666667	286.70166666666665	5.0	[-1. -7.  1. -9.]	-2.356194490192345	R
288.39	4.427000000000021	trials	290.4549666666667	291.5136	2.0	[-6.65685415 -4.65685415 -4.65685415 -6.65685415]	0.0	F
293.068	3.1999999999999886	trials	293.7130666666667	294.9571666666667	0.0	[ 7.  1.  9. -1.]	1.5707963267948966	R
296.52	4.0610000000000355	trials	298.3385666666667	299.46233333333333	4.0	[-1.  9.  1.  7.]	-1.5707963267948966	R
300.833	4.902999999999963	trials	303.12443333333334	304.4327	3.0	[-1. -7.  1. -9.]	-0.7853981633974483	F
305.988	3.208000000000027	trials	306.7013333333333	307.781	5.0	[ 4.65685415 -4.65685415  6.65685415 -6.65685415]	-2.356194490192345	R
309.447	4.663999999999987	trials	311.55836666666664	312.9739	7.0	[-6.65685415 -4.65685415 -4.65685415 -6.65685415]	2.356194490192345	R
314.362	4.419999999999959	trials	316.3142	317.54523333333333	6.0	[-6.65685415  6.65685415 -4.65685415  4.65685415]	3.141592653589793	R
319.034	3.9990000000000236	trials	320.5577333333333	321.72863333333333	1.0	[-9.  1. -7. -1.]	0.7853981633974483	F
323.285	3.6639999999999873	trials	324.82733333333334	325.6453666666667	2.0	[4.65685415 6.65685415 6.65685415 4.65685415]	0.0	F
327.2	2.7210000000000036	trials	328.0914333333333	328.67286666666666	4.0	[ 7.  1.  9. -1.]	-1.5707963267948966	R
330.173	4.225999999999999	trials	332.0572666666667	333.20113333333336	5.0	[-1. -7.  1. -9.]	-2.356194490192345	R
334.651	1.0190000000000055	trials				[nan nan nan nan]		A
335.922	3.350999999999999	trials	337.1038	338.01506666666666	0.0	[-9.  1. -7. -1.]	1.5707963267948966	R
339.525	3.7770000000000437	trials	341.0305666666667	341.99896666666666	1.0	[-1.  9.  1.  7.]	0.7853981633974483	F
343.554	3.024000000000001	trials	344.6204666666667	345.2751	2.0	[4.65685415 6.65685415 6.65685415 4.65685415]	0.0	F
346.83	3.336999999999989	trials	347.71816666666666	348.9592666666667	7.0	[ 7.  1.  9. -1.]	2.356194490192345	R
350.419	4.158999999999992	trials	351.9436666666667	353.2739666666667	3.0	[-6.65685415  6.65685415 -4.65685415  4.65685415]	-0.7853981633974483	F
354.83	3.680000000000007	trials	355.91953333333333	357.0323	0.0	[ 4.65685415 -4.65685415  6.65685415 -6.65685415]	1.5707963267948966	R
358.762	4.427999999999997	trials	360.9279666666667	361.5024	4.0	[-1.  9.  1.  7.]	-1.5707963267948966	R
363.441	5.30600000000004	trials	366.28726666666665	367.44413333333335	1.0	[-1. -7.  1. -9.]	0.7853981633974483	F
368.999	2.959000000000003	trials	369.8862	370.4927333333333	7.0	[4.65685415 6.65685415 6.65685415 4.65685415]	2.356194490192345	I
372.21	4.109000000000037	trials	374.28613333333334	375.01596666666666	2.0	[-6.65685415  6.65685415 -4.65685415  4.65685415]	0.0	F
376.571	3.5819999999999936	trials	377.4259333333333	378.8494666666667	3.0	[ 7.  1.  9. -1.]	-0.7853981633974483	F
380.404	4.066000000000031	trials	381.9682	383.1341	5.0	[ 4.65685415 -4.65685415  6.65685415 -6.65685415]	-2.356194490192345	R
384.722	3.8570000000000277	trials	386.3220333333333	387.3175	6.0	[-6.65685415 -4.65685415 -4.65685415 -6.65685415]	3.141592653589793	R
388.83	3.6720000000000255	trials	390.6908666666667	391.1981333333333	2.0	[-9.  1. -7. -1.]	0.0	F
392.754	3.2040000000000077	trials	394.0271666666667	394.62966666666665	5.0	[ 7.  1.  9. -1.]	-2.356194490192345	R
396.21	4.713000000000022	trials	398.40203333333335	399.7694	7.0	[-6.65685415 -4.65685415 -4.65685415 -6.65685415]	2.356194490192345	R
401.175	4.579999999999984	trials	402.99943333333334	404.25053333333335	6.0	[-6.65685415  6.65685415 -4.65685415  4.65685415]	3.141592653589793	R
406.007	4.394999999999982	trials	408.2154	409.09856666666667	3.0	[-9.  1. -7. -1.]	-0.7853981633974483	F
410.653	3.711999999999989	trials	412.0048	413.0604333333333	1.0	[ 4.65685415 -4.65685415  6.65685415 -6.65685415]	0.7853981633974483	F
414.616	3.608000000000004	trials	415.53856666666667	416.9982	4.0	[4.65685415 6.65685415 6.65685415 4.65685415]	-1.5707963267948966	R
418.476	4.293999999999983	trials	420.72243333333336	421.40113333333335	0.0	[-1. -7.  1. -9.]	1.5707963267948966	R
423.021	3.740000000000009	trials	424.8236333333333	425.4572	3.0	[-1.  9.  1.  7.]	-0.7853981633974483	F
427.013	4.085000000000036	trials	428.42656666666664	429.79496666666665	2.0	[ 4.65685415 -4.65685415  6.65685415 -6.65685415]	0.0	F
431.35	3.6469999999999914	trials	432.5117333333333	433.73676666666665	4.0	[ 7.  1.  9. -1.]	-1.5707963267948966	R
435.248	4.7590000000000146	trials	438.0224	438.5387	0.0	[-1. -7.  1. -9.]	1.5707963267948966	R
440.259	3.7969999999999686	trials	441.50806666666665	442.71906666666666	6.0	[-1.  9.  1.  7.]	3.141592653589793	I
444.308	4.067000000000007	trials	446.3521	447.07186666666666	1.0	[-9.  1. -7. -1.]	0.7853981633974483	F
448.627	2.6750000000000114	trials	449.2563	449.92696666666666	7.0	[4.65685415 6.65685415 6.65685415 4.65685415]	2.356194490192345	R
451.554	4.050000000000011	trials	453.4737666666667	454.31686666666667	5.0	[-6.65685415  6.65685415 -4.65685415  4.65685415]	-2.356194490192345	R
455.856	4.641999999999996	trials				[nan nan nan nan]		A
460.75	3.4049999999999727	trials	461.9458	462.85106666666667	3.0	[-1. -7.  1. -9.]	-0.7853981633974483	F
464.407	2.8040000000000305	trials	465.22493333333335	465.86353333333335	7.0	[ 4.65685415 -4.65685415  6.65685415 -6.65685415]	2.356194490192345	R
467.462	3.992999999999995	trials	469.5837666666667	470.1521666666667	2.0	[-6.65685415  6.65685415 -4.65685415  4.65685415]	0.0	F
471.707	2.9180000000000064	trials	472.6995	473.77616666666665	6.0	[ 7.  1.  9. -1.]	3.141592653589793	I
474.877	4.796999999999969	trials	476.85583333333335	477.90743333333336	5.0	[-9.  1. -7. -1.]	-2.356194490192345	R
479.925	3.5459999999999923	trials	481.353	482.16703333333334	1.0	[-6.65685415 -4.65685415 -4.65685415 -6.65685415]	0.7853981633974483	F
483.723	3.187999999999988	trials	484.39756666666665	485.7098	0.0	[4.65685415 6.65685415 6.65685415 4.65685415]	1.5707963267948966	R
487.162	4.091000000000008	trials	489.2185333333333	489.94933333333336	3.0	[-1.  9.  1.  7.]	-0.7853981633974483	F
491.504	3.382000000000005	trials	492.93376666666666	493.6655666666667	4.0	[ 4.65685415 -4.65685415  6.65685415 -6.65685415]	-1.5707963267948966	R
495.137	4.420999999999992	trials	497.20936666666665	498.2549666666667	2.0	[-1. -7.  1. -9.]	0.0	F
499.81	3.3240000000000123	trials	501.36066666666665	501.91606666666667	5.0	[ 7.  1.  9. -1.]	-2.356194490192345	R
503.386	3.9049999999999727	trials	504.81826666666666	505.8458	6.0	[-6.65685415 -4.65685415 -4.65685415 -6.65685415]	3.141592653589793	R
507.543	4.017999999999972	trials	509.7876	510.3840666666667	7.0	[-9.  1. -7. -1.]	2.356194490192345	R
511.813	4.20799999999997	trials	513.3213666666667	514.7168333333333	1.0	[-6.65685415  6.65685415 -4.65685415  4.65685415]	0.7853981633974483	F
516.273	2.701999999999998	trials	517.0697	517.7183	0.0	[4.65685415 6.65685415 6.65685415 4.65685415]	1.5707963267948966	R
519.227	4.499000000000024	trials	520.9723666666666	522.4229666666666	1.0	[-1.  9.  1.  7.]	0.7853981633974483	F
523.978	3.6380000000000337	trials	525.3813333333334	526.4189	6.0	[4.65685415 6.65685415 6.65685415 4.65685415]	3.141592653589793	R
527.867	4.68100000000004	trials	530.2544333333333	531.4514	7.0	[-9.  1. -7. -1.]	2.356194490192345	R
532.8	3.687000000000012	trials	534.3796666666667	535.1415666666667	5.0	[-6.65685415  6.65685415 -4.65685415  4.65685415]	-2.356194490192345	R
536.739	3.7579999999999245	trials	538.142	539.1705666666667	0.0	[-6.65685415 -4.65685415 -4.65685415 -6.65685415]	1.5707963267948966	R
540.748	4.389999999999986	trials	542.9329	543.8341333333333	2.0	[-1.  9.  1.  7.]	0.0	F
545.39	3.4840000000000373	trials	546.196	547.2847	4.0	[ 7.  1.  9. -1.]	-1.5707963267948966	R
549.125	4.591000000000008	trials	551.2245	552.4124333333333	3.0	[-1. -7.  1. -9.]	-0.7853981633974483	F
553.967	2.8039999999999736	trials	554.6740666666667	555.3988666666667	0.0	[ 4.65685415 -4.65685415  6.65685415 -6.65685415]	1.5707963267948966	R
557.023	3.286999999999921	trials	558.5005666666667	559.0068333333334	4.0	[-1.  9.  1.  7.]	-1.5707963267948966	F
560.562	4.683999999999969	trials	563.3586333333334	563.9430666666667	2.0	[-1. -7.  1. -9.]	0.0	F
565.498	3.88799999999992	trials	566.7229666666667	568.0823666666666	6.0	[ 7.  1.  9. -1.]	3.141592653589793	F
569.637	3.1800000000000637	trials	570.2657666666667	571.5810333333334	5.0	[-9.  1. -7. -1.]	-2.356194490192345	R
573.069	4.511000000000081	trials	575.0817333333333	576.2767	7.0	[-6.65685415 -4.65685415 -4.65685415 -6.65685415]	2.356194490192345	F
577.832	4.496999999999957	trials	579.9909333333334	581.0245	1.0	[-6.65685415  6.65685415 -4.65685415  4.65685415]	0.7853981633974483	F
582.58	3.1989999999999554	trials	583.8314666666666	584.4760666666666	3.0	[4.65685415 6.65685415 6.65685415 4.65685415]	-0.7853981633974483	F
586.031	3.7660000000000764	trials	587.1477	588.5993	4.0	[ 4.65685415 -4.65685415  6.65685415 -6.65685415]	-1.5707963267948966	R
590.049	3.7280000000000655	trials	591.697	592.4739333333333	2.0	[-1. -7.  1. -9.]	0.0	F
594.029	3.4980000000000473	trials	594.7385333333333	596.2242333333334	1.0	[ 7.  1.  9. -1.]	0.7853981633974483	F
597.779	3.6000000000000227	trials	598.9640333333333	599.759	6.0	[4.65685415 6.65685415 6.65685415 4.65685415]	3.141592653589793	R
601.631	4.618000000000052	trials	604.0657	604.9358666666667	0.0	[-9.  1. -7. -1.]	1.5707963267948966	R
606.501	3.961999999999989	trials	608.3964666666667	609.1172333333334	5.0	[-1.  9.  1.  7.]	-2.356194490192345	R
610.714	3.794999999999959	trials	612.4234666666666	613.1663	7.0	[-6.65685415 -4.65685415 -4.65685415 -6.65685415]	2.356194490192345	R
614.76	4.635999999999967	trials	616.6860333333333	618.0925333333333	3.0	[-6.65685415  6.65685415 -4.65685415  4.65685415]	-0.7853981633974483	F
619.647	3.6099999999999	trials	621.0839666666667	621.7967333333333	6.0	[ 4.65685415 -4.65685415  6.65685415 -6.65685415]	3.141592653589793	R
623.509	4.087999999999965	trials	625.7886333333333	626.2939	1.0	[-9.  1. -7. -1.]	0.7853981633974483	F
627.849	3.3279999999999745	trials	629.1650333333333	629.7815666666667	4.0	[4.65685415 6.65685415 6.65685415 4.65685415]	-1.5707963267948966	R
631.429	4.045000000000073	trials	633.4767333333333	634.2907666666666	7.0	[-1. -7.  1. -9.]	2.356194490192345	R
635.725	4.284999999999968	trials	638.1653666666666	638.7057333333333	2.0	[-6.65685415  6.65685415 -4.65685415  4.65685415]	0.0	F
640.262	2.796000000000049	trials	641.0786	641.7703333333334	5.0	[ 7.  1.  9. -1.]	-2.356194490192345	R
643.309	4.1200000000000045	trials	645.4334333333334	646.0890666666667	0.0	[-6.65685415 -4.65685415 -4.65685415 -6.65685415]	1.5707963267948966	R
647.681	4.583999999999946	trials	649.5727	650.9621666666667	3.0	[-1.  9.  1.  7.]	-0.7853981633974483	F
652.517	3.4189999999999827	trials	653.7470666666667	654.3997	0.0	[ 4.65685415 -4.65685415  6.65685415 -6.65685415]	1.5707963267948966	R
656.187	4.211999999999989	trials	658.146	659.2186666666666	7.0	[-1.  9.  1.  7.]	2.356194490192345	R
660.65	4.974000000000046	trials	662.8837666666667	664.3313666666667	5.0	[-6.65685415  6.65685415 -4.65685415  4.65685415]	-2.356194490192345	R
665.875	4.523000000000025	trials	668.0135	669.0951666666666	2.0	[-6.65685415 -4.65685415 -4.65685415 -6.65685415]	0.0	F
670.65	3.163000000000011	trials	671.7517666666666	672.5096666666667	4.0	[ 7.  1.  9. -1.]	-1.5707963267948966	F
674.065	1.697999999999979	trials				[nan nan nan nan]		A
676.014	3.1539999999999964	trials	676.6148666666667	677.9140666666667	6.0	[ 4.65685415 -4.65685415  6.65685415 -6.65685415]	3.141592653589793	R
679.42	3.677000000000021	trials	681.2203	681.7927	1.0	[-9.  1. -7. -1.]	0.7853981633974483	F
683.349	3.4969999999999573	trials	684.6117	685.5560666666667	5.0	[4.65685415 6.65685415 6.65685415 4.65685415]	-2.356194490192345	R
687.098	4.443000000000097	trials	689.4838	690.3830333333333	7.0	[-6.65685415 -4.65685415 -4.65685415 -6.65685415]	2.356194490192345	R
691.793	4.890999999999963	trials	694.2847333333333	695.3804666666666	1.0	[-6.65685415  6.65685415 -4.65685415  4.65685415]	0.7853981633974483	F
696.935	3.66700000000003	trials	697.6992	699.1528333333333	6.0	[4.65685415 6.65685415 6.65685415 4.65685415]	3.141592653589793	R
700.854	5.409999999999968	trials	703.9106333333333	704.8048666666666	0.0	[-9.  1. -7. -1.]	1.5707963267948966	R
706.516	4.402000000000044	trials	708.9261	709.6138	3.0	[-1.  9.  1.  7.]	-0.7853981633974483	F
711.17	3.7670000000000528	trials	712.6313	713.7089666666667	4.0	[ 4.65685415 -4.65685415  6.65685415 -6.65685415]	-1.5707963267948966	R
715.189	4.485000000000014	trials	717.2397333333333	718.3705333333334	2.0	[-1. -7.  1. -9.]	0.0	F
719.925	4.1450000000000955	trials	721.3880333333333	722.2842666666667	5.0	[ 7.  1.  9. -1.]	-2.356194490192345	R
724.321	4.214999999999918	trials	726.3263	727.7338	7.0	[-6.65685415 -4.65685415 -4.65685415 -6.65685415]	2.356194490192345	I
728.787	4.3419999999999845	trials	730.9247	731.8159333333333	6.0	[-6.65685415  6.65685415 -4.65685415  4.65685415]	3.141592653589793	R
733.381	4.949000000000069	trials	736.2268666666666	737.083	0.0	[-9.  1. -7. -1.]	1.5707963267948966	R
738.582	4.4249999999999545	trials	740.5406	741.7897	4.0	[-1.  9.  1.  7.]	-1.5707963267948966	R
743.258	4.995999999999981	trials	745.7074333333334	746.9505	2.0	[-1. -7.  1. -9.]	0.0	F
748.505	2.7100000000000364	trials	749.2091	749.9118666666667	3.0	[ 7.  1.  9. -1.]	-0.7853981633974483	F
751.467	3.324000000000069	trials	752.3038	753.4877333333334	1.0	[ 4.65685415 -4.65685415  6.65685415 -6.65685415]	0.7853981633974483	F
755.043	4.468999999999937	trials	757.0175	758.2084666666667	0.0	[4.65685415 6.65685415 6.65685415 4.65685415]	1.5707963267948966	R
759.763	3.1920000000000073	trials	761.0705666666667	761.652	4.0	[-1.  9.  1.  7.]	-1.5707963267948966	F
763.207	3.73599999999999	trials	765.1086	765.6379	7.0	[-1. -7.  1. -9.]	2.356194490192345	R
767.195	4.270999999999958	trials	769.4784333333333	770.2884666666666	6.0	[-6.65685415  6.65685415 -4.65685415  4.65685415]	3.141592653589793	R
771.718	4.525000000000091	trials	774.2954	774.94	2.0	[-9.  1. -7. -1.]	0.0	F
776.495	2.8319999999999936	trials	777.4542666666666	778.0236666666667	1.0	[ 7.  1.  9. -1.]	0.7853981633974483	F
779.579	3.713000000000079	trials	780.8196	782.0476666666667	5.0	[4.65685415 6.65685415 6.65685415 4.65685415]	-2.356194490192345	R
783.543	3.994000000000028	trials	785.0360666666667	786.2340333333333	3.0	[-6.65685415 -4.65685415 -4.65685415 -6.65685415]	-0.7853981633974483	F
787.789	4.250999999999976	trials	789.3247333333334	790.5557666666666	6.0	[ 4.65685415 -4.65685415  6.65685415 -6.65685415]	3.141592653589793	R
792.292	5.627999999999929	trials	795.4329	796.6158333333333	1.0	[-9.  1. -7. -1.]	0.7853981633974483	F
798.172	3.752999999999929	trials	799.4298333333334	800.305	0.0	[4.65685415 6.65685415 6.65685415 4.65685415]	1.5707963267948966	R
802.177	3.427000000000021	trials	803.7495333333334	804.3009	4.0	[-1.  9.  1.  7.]	-1.5707963267948966	F
805.856	4.316000000000031	trials	808.1956	808.8672666666666	2.0	[-1. -7.  1. -9.]	0.0	F
810.423	2.745999999999981	trials	811.0476666666667	811.8607	7.0	[ 7.  1.  9. -1.]	2.356194490192345	R
813.421	4.344999999999914	trials	815.7473333333334	816.4621	3.0	[-6.65685415  6.65685415 -4.65685415  4.65685415]	-0.7853981633974483	F
818.018	3.1569999999999254	trials	818.9041666666667	819.8916333333333	5.0	[ 4.65685415 -4.65685415  6.65685415 -6.65685415]	-2.356194490192345	R
821.426	4.750999999999976	trials	823.9356666666666	825.0624666666666	7.0	[-6.65685415 -4.65685415 -4.65685415 -6.65685415]	2.356194490192345	R
826.429	4.624000000000024	trials	828.8488666666667	829.4042666666667	4.0	[-6.65685415  6.65685415 -4.65685415  4.65685415]	-1.5707963267948966	R
831.305	1.3530000000000655	trials				[nan nan nan nan]		A
832.91	3.064000000000078	trials	833.8613	834.6703333333334	2.0	[ 4.65685415 -4.65685415  6.65685415 -6.65685415]	0.0	F
836.225	2.6809999999999263	trials	837.0743	837.6026	1.0	[ 7.  1.  9. -1.]	0.7853981633974483	F
839.157	3.419999999999959	trials	840.3354	841.2296	5.0	[4.65685415 6.65685415 6.65685415 4.65685415]	-2.356194490192345	R
842.829	3.6140000000000327	trials	844.5939666666667	845.1273	6.0	[-6.65685415 -4.65685415 -4.65685415 -6.65685415]	3.141592653589793	R
846.694	5.12600000000009	trials	849.1823666666667	850.5437333333333	0.0	[-9.  1. -7. -1.]	1.5707963267948966	R
852.072	3.7670000000000528	trials	853.3637333333334	854.6609666666667	0.0	[-1.  9.  1.  7.]	1.5707963267948966	R
856.091	4.138000000000034	trials	857.8318333333333	858.9255666666667	5.0	[-1.  9.  1.  7.]	-2.356194490192345	F
860.48	5.01400000000001	trials	863.1169666666667	864.1896333333333	4.0	[-6.65685415 -4.65685415 -4.65685415 -6.65685415]	-1.5707963267948966	F
865.746	3.86099999999999	trials	867.1279333333333	868.3038333333334	2.0	[-1. -7.  1. -9.]	0.0	F
869.859	2.7229999999999563	trials	870.7669666666667	871.2792333333333	3.0	[ 7.  1.  9. -1.]	-0.7853981633974483	F
872.834	3.0170000000000528	trials	873.6661666666666	874.5102666666667	7.0	[ 4.65685415 -4.65685415  6.65685415 -6.65685415]	2.356194490192345	R
876.102	4.284999999999968	trials	877.8525666666667	879.1277333333334	6.0	[-6.65685415  6.65685415 -4.65685415  4.65685415]	3.141592653589793	R
880.638	4.7999999999999545	trials	882.7607333333333	884.1341666666667	1.0	[-9.  1. -7. -1.]	0.7853981633974483	F
885.69	3.7309999999999945	trials	887.2218333333333	887.9215666666666	6.0	[4.65685415 6.65685415 6.65685415 4.65685415]	3.141592653589793	R
889.673	5.4360000000000355	trials	892.5039333333333	893.8051666666667	3.0	[-9.  1. -7. -1.]	-0.7853981633974483	F
895.361	4.0919999999999845	trials	896.8808	898.2331666666666	7.0	[ 4.65685415 -4.65685415  6.65685415 -6.65685415]	2.356194490192345	R
899.705	4.706999999999994	trials	901.9764666666666	903.1082666666666	1.0	[-6.65685415  6.65685415 -4.65685415  4.65685415]	0.7853981633974483	F
904.663	3.173000000000002	trials	905.413	906.5327666666667	2.0	[4.65685415 6.65685415 6.65685415 4.65685415]	0.0	F
908.088	2.884999999999991	trials	908.9167	909.6695666666667	5.0	[ 7.  1.  9. -1.]	-2.356194490192345	F
911.224	5.74899999999991	trials	913.8960666666667	915.1882666666667	4.0	[-6.65685415 -4.65685415 -4.65685415 -6.65685415]	-1.5707963267948966	R
917.224	5.01400000000001	trials	919.7476	920.9646	0.0	[-1. -7.  1. -9.]	1.5707963267948966	R
922.489	4.081000000000017	trials	924.5725666666667	925.2663	3.0	[-1.  9.  1.  7.]	-0.7853981633974483	F
926.821	4.096000000000004	trials	928.1143666666667	929.6141	2.0	[ 4.65685415 -4.65685415  6.65685415 -6.65685415]	0.0	F
931.169	3.247000000000071	trials	931.7484	932.8992333333333	6.0	[ 7.  1.  9. -1.]	3.141592653589793	R
934.668	4.294999999999959	trials	936.9182333333333	937.5949	0.0	[-9.  1. -7. -1.]	1.5707963267948966	R
939.215	3.342999999999961	trials	940.45	941.2269333333334	7.0	[-1.  9.  1.  7.]	2.356194490192345	R
942.81	4.407000000000039	trials	944.6935333333333	946.0358666666667	5.0	[-6.65685415  6.65685415 -4.65685415  4.65685415]	-2.356194490192345	R
947.468	4.137000000000057	trials	949.4273	950.3014666666667	4.0	[-6.65685415 -4.65685415 -4.65685415 -6.65685415]	-1.5707963267948966	F
951.856	4.052000000000021	trials	953.8703333333333	954.6051333333334	1.0	[-1. -7.  1. -9.]	0.7853981633974483	F
956.16	2.425000000000068	trials	956.7705333333333	957.2818	3.0	[4.65685415 6.65685415 6.65685415 4.65685415]	-0.7853981633974483	F
958.837	3.6280000000000427	trials	959.7499333333334	960.8967666666666	6.0	[ 4.65685415 -4.65685415  6.65685415 -6.65685415]	3.141592653589793	R
962.716	4.371999999999957	trials	964.8004666666667	965.7177333333333	0.0	[-9.  1. -7. -1.]	1.5707963267948966	R
967.34	3.564999999999941	trials	969.0089	969.6013666666666	4.0	[-1.  9.  1.  7.]	-1.5707963267948966	F
971.156	3.618000000000052	trials	972.267	973.47	1.0	[-1. -7.  1. -9.]	0.7853981633974483	F
975.026	3.366000000000099	trials	975.9281	977.0889666666667	2.0	[4.65685415 6.65685415 6.65685415 4.65685415]	0.0	F
978.644	3.780999999999949	trials	980.0864	981.125	7.0	[ 7.  1.  9. -1.]	2.356194490192345	R
982.677	3.947999999999979	trials	984.7650333333333	985.3204	5.0	[-6.65685415  6.65685415 -4.65685415  4.65685415]	-2.356194490192345	F
986.876	5.204000000000065	trials	989.4085666666666	990.7769666666667	3.0	[-6.65685415 -4.65685415 -4.65685415 -6.65685415]	-0.7853981633974483	F
992.332	3.8559999999999945	trials	993.7483333333333	994.5443333333334	7.0	[ 4.65685415 -4.65685415  6.65685415 -6.65685415]	2.356194490192345	R
996.44	4.70799999999997	trials	998.7287	999.8765666666667	6.0	[-6.65685415  6.65685415 -4.65685415  4.65685415]	3.141592653589793	R
1001.399	5.1749999999999545	trials	1003.9376333333333	1005.2699666666666	4.0	[-9.  1. -7. -1.]	-1.5707963267948966	F
1006.826	3.8829999999999245	trials	1008.1571333333334	1009.5325333333334	0.0	[-1. -7.  1. -9.]	1.5707963267948966	R
1010.961	4.7719999999999345	trials	1013.0131666666666	1014.4297	2.0	[-1.  9.  1.  7.]	0.0	F
1015.985	3.33299999999997	trials	1017.0712666666667	1018.0146	1.0	[ 7.  1.  9. -1.]	0.7853981633974483	F
1019.569	2.8330000000000837	trials	1020.2411333333333	1021.0982666666666	5.0	[4.65685415 6.65685415 6.65685415 4.65685415]	-2.356194490192345	F
1022.653	4.5629999999998745	trials	1024.6310333333333	1025.8179666666667	0.0	[-6.65685415 -4.65685415 -4.65685415 -6.65685415]	1.5707963267948966	R
1027.468	4.408999999999878	trials	1029.5211666666667	1030.1778	5.0	[-1.  9.  1.  7.]	-2.356194490192345	R
1032.129	3.4860000000001037	trials	1033.7617	1034.3120666666666	4.0	[-6.65685415 -4.65685415 -4.65685415 -6.65685415]	-1.5707963267948966	F
1035.867	2.7350000000001273	trials	1036.7782	1037.2984666666666	1.0	[-1. -7.  1. -9.]	0.7853981633974483	F
1038.853	3.9990000000000236	trials	1040.3981666666666	1041.5490333333332	2.0	[4.65685415 6.65685415 6.65685415 4.65685415]	0.0	F
1043.104	2.84699999999998	trials	1043.7214333333334	1045.1399666666666	7.0	[ 7.  1.  9. -1.]	2.356194490192345	I
1046.203	4.6189999999999145	trials	1048.5424	1049.4767333333334	6.0	[-6.65685415  6.65685415 -4.65685415  4.65685415]	3.141592653589793	R
1051.074	3.6399999999998727	trials	1052.6656333333333	1053.4105	3.0	[-9.  1. -7. -1.]	-0.7853981633974483	F
1054.965	4.0190000000000055	trials	1056.5152	1057.4816	4.0	[ 4.65685415 -4.65685415  6.65685415 -6.65685415]	-1.5707963267948966	R
1059.236	4.161999999999807	trials	1061.2920666666666	1062.0950666666668	2.0	[-1. -7.  1. -9.]	0.0	F
1063.65	3.4969999999998436	trials	1064.9982666666667	1065.8433666666667	1.0	[ 7.  1.  9. -1.]	0.7853981633974483	F
1067.398	3.5590000000001965	trials	1068.4438333333333	1069.5555666666667	6.0	[4.65685415 6.65685415 6.65685415 4.65685415]	3.141592653589793	R
1071.209	4.233999999999924	trials	1072.6723333333334	1074.1610333333333	7.0	[-9.  1. -7. -1.]	2.356194490192345	R
1075.695	4.113000000000056	trials	1077.7890333333332	1078.4416666666666	0.0	[-6.65685415  6.65685415 -4.65685415  4.65685415]	1.5707963267948966	R
1080.06	4.115000000000009	trials	1081.7699	1082.9849333333334	5.0	[-1.  9.  1.  7.]	-2.356194490192345	R
1084.427	5.311000000000149	trials	1087.1553	1088.4344666666666	3.0	[-6.65685415 -4.65685415 -4.65685415 -6.65685415]	-0.7853981633974483	F
1089.989	3.33199999999988	trials	1091.2675	1092.0163666666667	2.0	[ 4.65685415 -4.65685415  6.65685415 -6.65685415]	0.0	F
1093.572	3.4120000000000346	trials	1094.684	1095.6794666666667	3.0	[ 7.  1.  9. -1.]	-0.7853981633974483	F
1097.235	3.9550000000001546	trials	1098.7541	1099.927	0.0	[ 4.65685415 -4.65685415  6.65685415 -6.65685415]	1.5707963267948966	R
1101.442	4.5750000000000455	trials	1103.5861	1104.7129	1.0	[-1.  9.  1.  7.]	0.7853981633974483	F
1106.269	3.6440000000000055	trials	1107.2792666666667	1108.5815	5.0	[4.65685415 6.65685415 6.65685415 4.65685415]	-2.356194490192345	R
1110.164	4.807999999999993	trials	1112.3528666666666	1113.8455666666666	7.0	[-6.65685415 -4.65685415 -4.65685415 -6.65685415]	2.356194490192345	R
1115.224	4.197000000000116	trials	1116.7598	1117.8926	6.0	[-6.65685415  6.65685415 -4.65685415  4.65685415]	3.141592653589793	R
1119.673	5.031999999999925	trials	1122.3065666666666	1123.4013	4.0	[-9.  1. -7. -1.]	-1.5707963267948966	F
1124.956	3.3200000000001637	trials	1125.7240666666667	1126.9581333333333	5.0	[-1. -7.  1. -9.]	-2.356194490192345	R
1128.528	4.770999999999958	trials	1131.0001666666667	1132.1289666666667	0.0	[-6.65685415 -4.65685415 -4.65685415 -6.65685415]	1.5707963267948966	R
1133.551	3.826000000000022	trials	1134.9289333333334	1136.0737666666666	4.0	[-1.  9.  1.  7.]	-1.5707963267948966	F
1137.629	2.9610000000000127	trials	1138.2271	1139.2867333333334	1.0	[-1. -7.  1. -9.]	0.7853981633974483	F
1140.842	3.3619999999998527	trials	1141.9513666666667	1142.9007	2.0	[4.65685415 6.65685415 6.65685415 4.65685415]	0.0	F
1144.456	3.4290000000000873	trials	1145.0811333333334	1146.5818666666667	3.0	[ 7.  1.  9. -1.]	-0.7853981633974483	F
1148.137	3.2740000000001146	trials	1148.8284333333334	1149.9321666666667	7.0	[ 4.65685415 -4.65685415  6.65685415 -6.65685415]	2.356194490192345	R
1151.662	3.6949999999999363	trials	1152.9536666666668	1153.6283666666666	6.0	[-6.65685415  6.65685415 -4.65685415  4.65685415]	3.141592653589793	R
1155.608	4.246000000000095	trials	1157.4799	1158.4804	7.0	[-9.  1. -7. -1.]	2.356194490192345	R
1160.105	4.2970000000000255	trials	1161.9991333333332	1163.3053666666667	0.0	[-6.65685415  6.65685415 -4.65685415  4.65685415]	1.5707963267948966	R
1164.654	3.4449999999999363	trials	1166.2898	1166.7960666666668	3.0	[-1.  9.  1.  7.]	-0.7853981633974483	F
1168.351	3.394999999999982	trials	1169.2551666666666	1170.1333333333334	5.0	[ 4.65685415 -4.65685415  6.65685415 -6.65685415]	-2.356194490192345	R
1171.998	4.156999999999925	trials	1173.5207333333333	1174.8520666666666	4.0	[-6.65685415 -4.65685415 -4.65685415 -6.65685415]	-1.5707963267948966	F
1176.407	3.9980000000000473	trials	1177.7061333333334	1179.1016	1.0	[-1. -7.  1. -9.]	0.7853981633974483	F
1180.656	4.16800000000012	trials	1182.3667	1183.5205666666666	2.0	[4.65685415 6.65685415 6.65685415 4.65685415]	0.0	F
1185.075	3.7609999999999673	trials	1186.1551333333334	1187.3922	6.0	[ 7.  1.  9. -1.]	3.141592653589793	R
1189.087	4.644999999999982	trials	1191.0543	1192.4277	1.0	[-9.  1. -7. -1.]	0.7853981633974483	F
1193.984	3.5750000000000455	trials	1195.3108666666667	1195.8522	5.0	[4.65685415 6.65685415 6.65685415 4.65685415]	-2.356194490192345	R
1197.811	5.120000000000118	trials	1200.1047666666666	1201.5453333333332	6.0	[-6.65685415 -4.65685415 -4.65685415 -6.65685415]	3.141592653589793	R
1203.182	4.008000000000038	trials	1205.0921333333333	1205.7588	0.0	[-9.  1. -7. -1.]	1.5707963267948966	R
1207.442	3.410000000000082	trials	1208.9306666666666	1209.5492	2.0	[-1.  9.  1.  7.]	0.0	F
1211.104	3.186999999999898	trials	1212.2609333333332	1212.8815	7.0	[ 7.  1.  9. -1.]	2.356194490192345	R
1214.543	5.566000000000031	trials	1217.7225	1218.8062	3.0	[-6.65685415  6.65685415 -4.65685415  4.65685415]	-0.7853981633974483	F
1220.361	3.7949999999998454	trials	1221.6171666666667	1222.8522666666668	4.0	[ 4.65685415 -4.65685415  6.65685415 -6.65685415]	-1.5707963267948966	F
1224.407	3.241999999999962	trials	1225.1419333333333	1226.0331333333334	5.0	[-1. -7.  1. -9.]	-2.356194490192345	R
1227.901	1.4199999999998454	trials				[nan nan nan nan]		A
1229.573	3.5289999999999964	trials	1230.3328333333334	1231.7974666666667	3.0	[-1.  9.  1.  7.]	-0.7853981633974483	F
1233.353	3.2770000000000437	trials	1234.1082	1234.9924	6.0	[ 4.65685415 -4.65685415  6.65685415 -6.65685415]	3.141592653589793	R
1236.882	3.6399999999998727	trials	1238.5953333333334	1239.2179	1.0	[-9.  1. -7. -1.]	0.7853981633974483	F
1240.774	2.8330000000000837	trials	1241.5366333333334	1242.085	4.0	[4.65685415 6.65685415 6.65685415 4.65685415]	-1.5707963267948966	R
1243.858	5.29300000000012	trials	1246.5811666666666	1247.8463	2.0	[-1. -7.  1. -9.]	0.0	F
1249.402	3.3769999999999527	trials	1250.8497666666667	1251.3530333333333	7.0	[ 7.  1.  9. -1.]	2.356194490192345	R
1253.03	4.163999999999987	trials	1254.4637333333333	1255.8903	2.0	[-6.65685415  6.65685415 -4.65685415  4.65685415]	0.0	F
1257.445	3.9170000000001437	trials	1258.9047666666668	1260.2661666666668	5.0	[ 7.  1.  9. -1.]	-2.356194490192345	R
1261.614	3.90300000000002	trials	1263.1593333333333	1264.1528	7.0	[-6.65685415 -4.65685415 -4.65685415 -6.65685415]	2.356194490192345	R
1265.769	4.486000000000104	trials	1267.7006333333334	1268.9517333333333	4.0	[-6.65685415  6.65685415 -4.65685415  4.65685415]	-1.5707963267948966	F
1270.507	3.3840000000000146	trials	1271.8288666666667	1272.5867666666666	3.0	[-1. -7.  1. -9.]	-0.7853981633974483	F
1274.143	4.233999999999924	trials	1275.8248	1277.12	0.0	[ 4.65685415 -4.65685415  6.65685415 -6.65685415]	1.5707963267948966	R
1278.629	5.022000000000162	trials	1281.2923666666666	1282.348	1.0	[-1.  9.  1.  7.]	0.7853981633974483	F
1283.903	3.117999999999938	trials	1284.5183666666667	1285.5439333333334	6.0	[4.65685415 6.65685415 6.65685415 4.65685415]	3.141592653589793	R
1287.272	3.8150000000000546	trials	1288.9694333333334	1289.8666666666666	5.0	[-9.  1. -7. -1.]	-2.356194490192345	R
1291.338	3.6870000000001255	trials	1293.1608333333334	1293.7152333333333	6.0	[-6.65685415 -4.65685415 -4.65685415 -6.65685415]	3.141592653589793	R
1295.277	4.169999999999845	trials	1297.6680333333334	1298.1702666666667	7.0	[-9.  1. -7. -1.]	2.356194490192345	R
1299.699	4.550999999999931	trials	1301.8634666666667	1303.1235666666666	0.0	[-6.65685415  6.65685415 -4.65685415  4.65685415]	1.5707963267948966	R
1304.502	3.382000000000062	trials	1305.9245333333333	1306.5811666666666	3.0	[-1.  9.  1.  7.]	-0.7853981633974483	F
1308.136	3.0989999999999327	trials	1308.7575666666667	1309.9315	1.0	[ 4.65685415 -4.65685415  6.65685415 -6.65685415]	0.7853981633974483	F
1311.486	3.0909999999998945	trials	1312.0828333333334	1312.9309333333333	4.0	[4.65685415 6.65685415 6.65685415 4.65685415]	-1.5707963267948966	R
1314.829	4.776000000000067	trials	1316.9990333333333	1318.3012666666666	2.0	[-1. -7.  1. -9.]	0.0	F
1319.856	2.6569999999999254	trials	1320.5639	1321.2095	1.0	[ 7.  1.  9. -1.]	0.7853981633974483	F
1322.764	3.6010000000001128	trials	1324.2480333333333	1325.0590333333334	5.0	[4.65685415 6.65685415 6.65685415 4.65685415]	-2.356194490192345	R
1326.617	4.267000000000053	trials	1328.264	1329.5812666666666	2.0	[-6.65685415 -4.65685415 -4.65685415 -6.65685415]	0.0	F
1331.136	3.1369999999999436	trials	1331.7466666666667	1333.0649333333333	4.0	[ 7.  1.  9. -1.]	-1.5707963267948966	R
1334.525	4.135999999999967	trials	1336.0513333333333	1337.4528333333333	0.0	[-1. -7.  1. -9.]	1.5707963267948966	R
1338.912	3.5650000000000546	trials	1340.4021666666667	1341.1740666666667	3.0	[-1.  9.  1.  7.]	-0.7853981633974483	F
1342.729	2.6920000000000073	trials	1343.5018333333333	1344.2336666666667	7.0	[ 4.65685415 -4.65685415  6.65685415 -6.65685415]	2.356194490192345	R
1345.672	4.810999999999922	trials	1347.8797333333334	1349.2581333333333	6.0	[-6.65685415  6.65685415 -4.65685415  4.65685415]	3.141592653589793	R
1350.735	4.455000000000155	trials	1352.5352666666668	1353.9337666666668	0.0	[-9.  1. -7. -1.]	1.5707963267948966	R
1355.441	4.2280000000000655	trials	1357.3161666666667	1358.3657666666666	1.0	[-1.  9.  1.  7.]	0.7853981633974483	F
1359.921	3.80600000000004	trials	1361.3983	1362.4238333333333	2.0	[4.65685415 6.65685415 6.65685415 4.65685415]	0.0	F
1363.979	4.095000000000027	trials	1365.2749	1366.7786333333333	7.0	[ 7.  1.  9. -1.]	2.356194490192345	R
1368.326	4.796000000000049	trials	1370.6101666666666	1371.9815666666666	6.0	[-6.65685415  6.65685415 -4.65685415  4.65685415]	3.141592653589793	R
1373.374	4.139999999999873	trials	1375.5835	1376.2321333333334	5.0	[-9.  1. -7. -1.]	-2.356194490192345	R
1377.766	3.893000000000029	trials	1379.5674	1380.3543666666667	4.0	[-6.65685415 -4.65685415 -4.65685415 -6.65685415]	-1.5707963267948966	F
1381.91	4.531999999999925	trials	1383.6605666666667	1385.1382333333333	3.0	[-1. -7.  1. -9.]	-0.7853981633974483	F
1386.694	3.5520000000001346	trials	1387.9783	1388.8564666666666	6.0	[ 4.65685415 -4.65685415  6.65685415 -6.65685415]	3.141592653589793	R
1390.498	4.961000000000013	trials	1392.6529	1394.0724333333333	4.0	[-9.  1. -7. -1.]	-1.5707963267948966	R
1395.71	4.309999999999945	trials	1398.1646	1398.6989	0.0	[-1. -7.  1. -9.]	1.5707963267948966	R
1400.272	4.086000000000013	trials	1402.2256666666667	1403.1770333333334	5.0	[-1.  9.  1.  7.]	-2.356194490192345	R
1404.61	3.4010000000000673	trials	1405.977	1406.7078	1.0	[-6.65685415 -4.65685415 -4.65685415 -6.65685415]	0.7853981633974483	F
1408.263	2.9450000000001637	trials	1409.2461	1409.9047333333333	3.0	[4.65685415 6.65685415 6.65685415 4.65685415]	-0.7853981633974483	F
1411.46	3.7159999999998945	trials	1412.9453	1413.9498	7.0	[ 4.65685415 -4.65685415  6.65685415 -6.65685415]	2.356194490192345	R
1415.427	4.1400000000001	trials	1417.0053666666668	1418.2635	2.0	[-6.65685415  6.65685415 -4.65685415  4.65685415]	0.0	F
1419.818	3.105000000000018	trials	1420.7146	1421.7561666666666	0.0	[ 7.  1.  9. -1.]	1.5707963267948966	R
1423.175	4.923000000000002	trials	1425.5465666666666	1426.92	7.0	[-1.  9.  1.  7.]	2.356194490192345	R
1428.35	4.1030000000000655	trials	1430.4337333333333	1431.1635333333334	6.0	[-6.65685415  6.65685415 -4.65685415  4.65685415]	3.141592653589793	R
1432.704	4.816000000000031	trials	1435.3419	1436.2160666666666	3.0	[-9.  1. -7. -1.]	-0.7853981633974483	F
1437.772	2.991999999999962	trials	1438.7032666666667	1439.2396	5.0	[ 4.65685415 -4.65685415  6.65685415 -6.65685415]	-2.356194490192345	R
1441.016	4.214999999999918	trials	1443.027	1443.9272333333333	4.0	[-6.65685415 -4.65685415 -4.65685415 -6.65685415]	-1.5707963267948966	F
1445.483	2.814000000000078	trials	1446.1668	1446.9938333333334	1.0	[-1. -7.  1. -9.]	0.7853981633974483	F
1448.549	3.47199999999998	trials	1450.0143333333333	1450.7181	2.0	[4.65685415 6.65685415 6.65685415 4.65685415]	0.0	F
1452.273	3.4020000000000437	trials	1453.4629	1454.3892	0.0	[ 7.  1.  9. -1.]	1.5707963267948966	R
1455.927	4.2280000000000655	trials	1457.4829	1458.8512666666666	3.0	[-1.  9.  1.  7.]	-0.7853981633974483	F
1460.406	2.7770000000000437	trials	1461.1099	1461.8798	2.0	[ 4.65685415 -4.65685415  6.65685415 -6.65685415]	0.0	F
1463.435	3.2409999999999854	trials	1464.2908	1465.4757333333334	6.0	[ 7.  1.  9. -1.]	3.141592653589793	R
1466.927	4.475000000000136	trials	1468.8852	1470.3478333333333	7.0	[-9.  1. -7. -1.]	2.356194490192345	R
1471.654	4.589999999999918	trials	1473.6490333333334	1474.9412333333332	4.0	[-6.65685415  6.65685415 -4.65685415  4.65685415]	-1.5707963267948966	F
1476.496	3.578999999999951	trials	1477.4835666666668	1478.8058333333333	5.0	[-1. -7.  1. -9.]	-2.356194490192345	R
1480.327	4.039999999999964	trials	1482.4258333333332	1483.0634	1.0	[-6.65685415 -4.65685415 -4.65685415 -6.65685415]	0.7853981633974483	F
1484.618	2.933999999999969	trials	1485.2328	1486.3666	5.0	[4.65685415 6.65685415 6.65685415 4.65685415]	-2.356194490192345	R
1487.803	3.7129999999999654	trials	1489.1735666666666	1490.3595333333333	7.0	[-6.65685415 -4.65685415 -4.65685415 -6.65685415]	2.356194490192345	R
1491.768	4.623000000000047	trials	1494.0837666666666	1495.0872666666667	3.0	[-6.65685415  6.65685415 -4.65685415  4.65685415]	-0.7853981633974483	F
1496.642	3.3029999999998836	trials	1497.9143	1498.6822	0.0	[ 4.65685415 -4.65685415  6.65685415 -6.65685415]	1.5707963267948966	R
1500.197	4.481000000000222	trials	1502.2470333333333	1503.3969	6.0	[-1.  9.  1.  7.]	3.141592653589793	R
1504.93	4.739000000000033	trials	1507.1051	1507.871	4.0	[-9.  1. -7. -1.]	-1.5707963267948966	R
1509.921	4.657999999999902	trials	1512.3120333333334	1513.2754333333332	1.0	[-1. -7.  1. -9.]	0.7853981633974483	F
1514.83	3.47199999999998	trials	1516.1445666666666	1516.9986666666666	2.0	[4.65685415 6.65685415 6.65685415 4.65685415]	0.0	F
1518.554	3.6879999999998745	trials	1520.0031333333334	1520.9384666666667	2.0	[ 7.  1.  9. -1.]	0.0	F
1522.493	3.6670000000001437	trials	1523.9910333333332	1524.8762333333334	7.0	[ 7.  1.  9. -1.]	2.356194490192345	R
1526.412	3.5879999999999654	trials	1528.1844666666666	1528.6967333333334	1.0	[-6.65685415  6.65685415 -4.65685415  4.65685415]	0.7853981633974483	F
1530.252	4.213999999999942	trials	1531.7924	1533.1618	3.0	[4.65685415 6.65685415 6.65685415 4.65685415]	-0.7853981633974483	F
1534.718	3.716999999999871	trials	1535.7201666666667	1536.9231666666667	4.0	[ 4.65685415 -4.65685415  6.65685415 -6.65685415]	-1.5707963267948966	R
1538.687	4.253000000000156	trials	1540.5271	1541.6328333333333	6.0	[-1. -7.  1. -9.]	3.141592653589793	R
1543.192	4.412000000000035	trials	1545.2578666666666	1546.3205	5.0	[-9.  1. -7. -1.]	-2.356194490192345	R
1547.855	3.4629999999999654	trials	1549.1074	1549.9886	0.0	[-6.65685415 -4.65685415 -4.65685415 -6.65685415]	1.5707963267948966	R
1551.57	3.7650000000001	trials	1553.0301333333334	1554.0316333333333	3.0	[-1.  9.  1.  7.]	-0.7853981633974483	F
1555.586	3.326999999999998	trials	1556.2311	1557.6095333333333	1.0	[ 4.65685415 -4.65685415  6.65685415 -6.65685415]	0.7853981633974483	F
1559.164	3.4580000000000837	trials	1560.0335333333333	1561.3187333333333	2.0	[4.65685415 6.65685415 6.65685415 4.65685415]	0.0	F
1562.874	3.713999999999942	trials	1564.3723	1565.4640333333334	4.0	[ 7.  1.  9. -1.]	-1.5707963267948966	R
1566.839	3.660000000000082	trials	1568.4735	1569.2554333333333	5.0	[-1. -7.  1. -9.]	-2.356194490192345	R
1570.75	4.582000000000107	trials	1572.7671666666668	1574.1455666666666	7.0	[-6.65685415 -4.65685415 -4.65685415 -6.65685415]	2.356194490192345	R
1575.583	3.5629999999998745	trials	1577.3726	1578.1766	0.0	[-6.65685415  6.65685415 -4.65685415  4.65685415]	1.5707963267948966	I
1579.398	4.359000000000151	trials	1581.2522333333334	1582.6226333333334	6.0	[-1.  9.  1.  7.]	3.141592653589793	R
1584.009	4.196999999999889	trials	1586.3128	1587.0716666666667	6.0	[-9.  1. -7. -1.]	3.141592653589793	R
1588.457	3.9629999999999654	trials	1590.4982	1591.1167333333333	3.0	[-9.  1. -7. -1.]	-0.7853981633974483	F
1592.672	3.0960000000000036	trials	1593.4675666666667	1594.4650333333334	4.0	[ 4.65685415 -4.65685415  6.65685415 -6.65685415]	-1.5707963267948966	F
1596.02	3.380000000000109	trials	1596.0585666666666	1598.0970666666667	0.0	[-1. -7.  1. -9.]	1.5707963267948966	F
1599.652	2.716999999999871	trials	1600.2955333333334	1601.1356	0.0	[ 7.  1.  9. -1.]	1.5707963267948966	R
1602.62	3.941000000000031	trials	1604.2383	1605.2568333333334	1.0	[-1.  9.  1.  7.]	0.7853981633974483	F
1606.813	3.1529999999997926	trials	1607.8683333333333	1608.7836	7.0	[4.65685415 6.65685415 6.65685415 4.65685415]	2.356194490192345	R
1610.217	4.584999999999809	trials	1612.577	1613.6817666666666	5.0	[-6.65685415  6.65685415 -4.65685415  4.65685415]	-2.356194490192345	R
1615.053	4.727999999999838	trials	1617.1022666666668	1618.4766666666667	3.0	[-6.65685415 -4.65685415 -4.65685415 -6.65685415]	-0.7853981633974483	F
1620.033	3.520000000000209	trials	1620.9157333333333	1622.3593	5.0	[ 4.65685415 -4.65685415  6.65685415 -6.65685415]	-2.356194490192345	R
1623.805	4.121999999999844	trials	1625.3898333333334	1626.8374333333334	7.0	[-6.65685415 -4.65685415 -4.65685415 -6.65685415]	2.356194490192345	R
1628.179	4.015999999999849	trials	1630.286	1630.9155666666666	6.0	[-6.65685415  6.65685415 -4.65685415  4.65685415]	3.141592653589793	R
1632.446	4.829000000000178	trials	1634.9957	1635.9711	4.0	[-9.  1. -7. -1.]	-1.5707963267948966	F
1637.527	2.571999999999889	trials	1638.2668	1638.7951333333333	1.0	[-1. -7.  1. -9.]	0.7853981633974483	F
1640.351	2.8659999999999854	trials	1640.9565	1641.9138666666668	2.0	[4.65685415 6.65685415 6.65685415 4.65685415]	0.0	F
1643.469	3.588999999999942	trials	1644.8972666666666	1645.5358666666666	0.0	[ 7.  1.  9. -1.]	1.5707963267948966	R
1647.309	4.77800000000002	trials	1649.4375666666667	1650.7839	2.0	[-1.  9.  1.  7.]	0.0	F
1652.339	3.1110000000001037	trials	1653.1457666666668	1654.1472333333334	3.0	[ 7.  1.  9. -1.]	-0.7853981633974483	F
1655.702	2.775000000000091	trials	1656.2895666666666	1656.867	7.0	[ 4.65685415 -4.65685415  6.65685415 -6.65685415]	2.356194490192345	R
1658.729	3.6399999999998727	trials	1660.2053	1661.0644333333332	4.0	[-6.65685415  6.65685415 -4.65685415  4.65685415]	-1.5707963267948966	F
1662.62	3.4700000000000273	trials	1663.9014666666667	1664.8137333333334	5.0	[-1. -7.  1. -9.]	-2.356194490192345	R
1666.342	3.6599999999998545	trials	1667.7921333333334	1668.5921	6.0	[-6.65685415 -4.65685415 -4.65685415 -6.65685415]	3.141592653589793	R
1670.253	4.7409999999999854	trials	1672.4426666666666	1673.6907666666666	1.0	[-9.  1. -7. -1.]	0.7853981633974483	F
1675.246	2.824999999999818	trials	1675.9443666666666	1676.5047666666667	0.0	[4.65685415 6.65685415 6.65685415 4.65685415]	1.5707963267948966	R
1678.322	4.0870000000002165	trials	1680.3533333333332	1681.1052	4.0	[-1.  9.  1.  7.]	-1.5707963267948966	F
1682.661	3.288000000000011	trials	1683.7968666666666	1684.6459666666667	2.0	[-1. -7.  1. -9.]	0.0	F
1686.201	3.4680000000000746	trials	1687.3055666666667	1688.4735	0.0	[ 7.  1.  9. -1.]	1.5707963267948966	R
1689.921	4.7999999999999545	trials	1691.9812	1693.4177666666667	1.0	[-1.  9.  1.  7.]	0.7853981633974483	F
1694.973	3.3859999999999673	trials	1696.4843666666666	1697.0919	7.0	[4.65685415 6.65685415 6.65685415 4.65685415]	2.356194490192345	R
1698.611	3.9420000000000073	trials	1700.1895666666667	1701.2502	3.0	[-6.65685415  6.65685415 -4.65685415  4.65685415]	-0.7853981633974483	F
1702.805	3.9279999999998836	trials	1704.1714666666667	1705.5709333333334	5.0	[ 4.65685415 -4.65685415  6.65685415 -6.65685415]	-2.356194490192345	R
1706.984	3.921000000000049	trials	1708.4069666666667	1709.7834	6.0	[-6.65685415 -4.65685415 -4.65685415 -6.65685415]	3.141592653589793	I
1711.157	6.473000000000184	trials	1715.2951	1716.3928	7.0	[-9.  1. -7. -1.]	2.356194490192345	R
1717.882	3.5190000000000055	trials	1719.5266	1720.1601666666666	6.0	[-6.65685415  6.65685415 -4.65685415  4.65685415]	3.141592653589793	R
1721.653	4.6059999999999945	trials	1723.9325333333334	1725.0362666666667	0.0	[-9.  1. -7. -1.]	1.5707963267948966	R
1726.511	3.865000000000009	trials	1728.2141666666666	1729.0723	3.0	[-1.  9.  1.  7.]	-0.7853981633974483	F
1730.627	3.0800000000001546	trials	1731.4211333333333	1732.4025666666666	2.0	[ 4.65685415 -4.65685415  6.65685415 -6.65685415]	0.0	F
1733.958	3.97199999999998	trials	1735.2155666666667	1736.6681666666666	4.0	[ 7.  1.  9. -1.]	-1.5707963267948966	R
1738.182	5.076999999999998	trials	1740.4686	1741.9553	1.0	[-1. -7.  1. -9.]	0.7853981633974483	F
1743.51	3.0809999999999036	trials	1744.3121333333333	1745.3286666666668	5.0	[4.65685415 6.65685415 6.65685415 4.65685415]	-2.356194490192345	R
1746.842	3.7819999999999254	trials	1748.5276	1749.3205666666668	1.0	[-6.65685415 -4.65685415 -4.65685415 -6.65685415]	0.7853981633974483	F
1750.875	3.451000000000022	trials	1751.6594	1753.0859333333333	5.0	[4.65685415 6.65685415 6.65685415 4.65685415]	-2.356194490192345	R
1754.578	4.673000000000002	trials	1756.7089333333333	1758.0202	4.0	[-6.65685415 -4.65685415 -4.65685415 -6.65685415]	-1.5707963267948966	R
1759.503	4.7560000000000855	trials	1761.7654666666667	1762.9554333333333	2.0	[-1. -7.  1. -9.]	0.0	F
1764.51	3.2280000000000655	trials	1765.3453666666667	1766.6155333333334	7.0	[ 7.  1.  9. -1.]	2.356194490192345	R
1767.99	3.7509999999999764	trials	1769.3693666666666	1770.5944	6.0	[-6.65685415  6.65685415 -4.65685415  4.65685415]	3.141592653589793	R
1771.993	4.538999999999987	trials	1774.3838333333333	1775.2279	3.0	[-9.  1. -7. -1.]	-0.7853981633974483	F
1776.784	2.811999999999898	trials	1777.3923	1778.3797333333334	0.0	[ 4.65685415 -4.65685415  6.65685415 -6.65685415]	1.5707963267948966	R
1779.847	4.445999999999913	trials	1781.7270666666666	1782.9902	1.0	[-1.  9.  1.  7.]	0.7853981633974483	F
1784.545	3.4579999999998563	trials	1785.9796	1786.6392666666666	6.0	[4.65685415 6.65685415 6.65685415 4.65685415]	3.141592653589793	R
1788.254	5.0090000000000146	trials	1790.9359333333334	1792.2261333333333	7.0	[-9.  1. -7. -1.]	2.356194490192345	R
1793.514	3.5579999999999927	trials	1794.8276	1795.7689333333333	2.0	[-6.65685415  6.65685415 -4.65685415  4.65685415]	0.0	F
1797.324	2.918999999999869	trials	1797.9303	1798.9398	4.0	[ 7.  1.  9. -1.]	-1.5707963267948966	F
1800.495	2.6740000000002055	trials	1801.3287333333333	1801.8991333333333	5.0	[-1. -7.  1. -9.]	-2.356194490192345	R
1803.421	4.473999999999933	trials	1805.1051	1806.5918	3.0	[-6.65685415 -4.65685415 -4.65685415 -6.65685415]	-0.7853981633974483	F
1808.147	3.336999999999989	trials	1809.2183333333332	1810.3371	0.0	[ 4.65685415 -4.65685415  6.65685415 -6.65685415]	1.5707963267948966	R
1811.736	4.292999999999893	trials	1814.0513333333333	1814.726	2.0	[-1.  9.  1.  7.]	0.0	F
1816.281	2.6590000000001055	trials	1816.9134333333334	1817.6362333333334	3.0	[ 7.  1.  9. -1.]	-0.7853981633974483	F
1819.192	3.45900000000006	trials	1820.0572333333334	1821.3474333333334	1.0	[ 4.65685415 -4.65685415  6.65685415 -6.65685415]	0.7853981633974483	F
1822.902	3.105000000000018	trials	1824.1173333333334	1824.7027666666668	4.0	[4.65685415 6.65685415 6.65685415 4.65685415]	-1.5707963267948966	F
1826.259	3.627999999999929	trials	1827.9618666666668	1828.6004666666668	6.0	[-1. -7.  1. -9.]	3.141592653589793	R
1830.138	4.792000000000144	trials	1832.7126666666666	1833.7783	5.0	[-9.  1. -7. -1.]	-2.356194490192345	R
1835.182	3.9269999999999072	trials	1836.7787666666666	1837.9145666666666	0.0	[-6.65685415 -4.65685415 -4.65685415 -6.65685415]	1.5707963267948966	R
1839.36	3.6720000000000255	trials	1840.8849666666667	1841.8413333333333	7.0	[-1.  9.  1.  7.]	2.356194490192345	R
1843.284	3.9939999999999145	trials	1844.8067	1846.1059333333333	5.0	[-6.65685415  6.65685415 -4.65685415  4.65685415]	-2.356194490192345	R
1847.529	4.851000000000113	trials	1850.1209	1851.2587333333333	7.0	[-6.65685415 -4.65685415 -4.65685415 -6.65685415]	2.356194490192345	R
1852.631	4.285999999999831	trials	1854.7103	1855.808	0.0	[-6.65685415  6.65685415 -4.65685415  4.65685415]	1.5707963267948966	R
1857.168	3.994000000000142	trials	1859.1623333333334	1859.8590666666666	4.0	[-1.  9.  1.  7.]	-1.5707963267948966	F
1861.414	3.9890000000000327	trials	1863.45	1864.1838	6.0	[-1. -7.  1. -9.]	3.141592653589793	R
1865.654	4.185999999999922	trials	1867.7937666666667	1868.5356333333334	1.0	[-9.  1. -7. -1.]	0.7853981633974483	F
1870.092	3.0319999999999254	trials	1870.9115333333334	1871.8207666666667	3.0	[4.65685415 6.65685415 6.65685415 4.65685415]	-0.7853981633974483	F
1873.376	3.438000000000102	trials	1874.7360333333334	1875.5109333333332	2.0	[ 4.65685415 -4.65685415  6.65685415 -6.65685415]	0.0	F
1877.066	3.8509999999998854	trials	1878.2998666666667	1879.7805333333333	0.0	[ 7.  1.  9. -1.]	1.5707963267948966	R
1881.169	4.570999999999913	trials	1883.0366333333334	1884.4361	2.0	[-1.  9.  1.  7.]	0.0	F
1885.992	3.561000000000149	trials	1886.9032333333334	1888.3608666666667	5.0	[ 7.  1.  9. -1.]	-2.356194490192345	R
1889.804	3.9349999999999454	trials	1891.7322333333334	1892.4359666666667	1.0	[-6.65685415 -4.65685415 -4.65685415 -6.65685415]	0.7853981633974483	F
1893.991	2.897999999999911	trials	1894.8379333333332	1895.6960666666666	7.0	[4.65685415 6.65685415 6.65685415 4.65685415]	2.356194490192345	R
1897.141	4.166999999999916	trials	1899.1165666666666	1899.9095333333332	6.0	[-6.65685415  6.65685415 -4.65685415  4.65685415]	3.141592653589793	R
1901.56	3.644999999999982	trials	1903.2999333333332	1903.9014333333334	3.0	[-9.  1. -7. -1.]	-0.7853981633974483	F
1905.456	3.1870000000001255	trials	1906.1269666666667	1907.3399666666667	4.0	[ 4.65685415 -4.65685415  6.65685415 -6.65685415]	-1.5707963267948966	F
1908.895	3.604000000000042	trials	1910.0657666666666	1911.3158666666666	6.0	[-1. -7.  1. -9.]	3.141592653589793	R
1912.75	5.130000000000109	trials	1915.3939666666668	1916.8105	0.0	[-9.  1. -7. -1.]	1.5707963267948966	R
1918.132	4.5219999999999345	trials	1920.2410333333332	1921.3497666666667	2.0	[-1.  9.  1.  7.]	0.0	F
1922.906	3.4600000000000364	trials	1923.7748	1925.063	1.0	[ 7.  1.  9. -1.]	0.7853981633974483	F
1926.618	3.1230000000000473	trials	1927.3326333333334	1928.3782333333334	5.0	[4.65685415 6.65685415 6.65685415 4.65685415]	-2.356194490192345	R
1929.992	4.343000000000075	trials	1932.1345666666666	1933.0317666666667	4.0	[-6.65685415 -4.65685415 -4.65685415 -6.65685415]	-1.5707963267948966	F
1934.587	3.423999999999978	trials	1936.1465	1936.75	7.0	[-1. -7.  1. -9.]	2.356194490192345	R
1938.263	3.77800000000002	trials	1940.2086	1940.7379333333333	3.0	[-6.65685415  6.65685415 -4.65685415  4.65685415]	-0.7853981633974483	F
1942.293	2.966000000000122	trials	1943.3413666666668	1943.8997666666667	5.0	[ 4.65685415 -4.65685415  6.65685415 -6.65685415]	-2.356194490192345	R
1945.511	4.2690000000000055	trials	1947.8475666666666	1948.4340333333334	6.0	[-6.65685415 -4.65685415 -4.65685415 -6.65685415]	3.141592653589793	R
1950.032	5.010999999999967	trials	1952.5051333333333	1953.9717666666666	0.0	[-9.  1. -7. -1.]	1.5707963267948966	R
1955.295	4.49799999999982	trials	1957.1075666666666	1958.49	1.0	[-1.  9.  1.  7.]	0.7853981633974483	F
1960.045	3.1829999999999927	trials	1961.0182666666667	1961.9245333333333	3.0	[4.65685415 6.65685415 6.65685415 4.65685415]	-0.7853981633974483	F
1963.479	3.4449999999999363	trials	1964.4578333333334	1965.6197	4.0	[ 4.65685415 -4.65685415  6.65685415 -6.65685415]	-1.5707963267948966	F
1967.176	4.143000000000029	trials	1968.5650333333333	1970.0146333333332	2.0	[-1. -7.  1. -9.]	0.0	F
1971.57	2.701999999999998	trials	1972.4186	1972.9228333333333	7.0	[ 7.  1.  9. -1.]	2.356194490192345	R
1974.524	0.9720000000002074	trials				[nan nan nan nan]		A
1975.748	3.183999999999969	trials	1977.1222666666667	1977.6285333333333	2.0	[-1. -7.  1. -9.]	0.0	F
1979.183	2.8220000000001164	trials	1979.8530333333333	1980.7502666666667	0.0	[ 7.  1.  9. -1.]	1.5707963267948966	R
1982.257	3.865000000000009	trials	1983.8429666666666	1984.662	5.0	[-1.  9.  1.  7.]	-2.356194490192345	R
1986.373	4.88799999999992	trials	1988.6007666666667	1989.9581333333333	3.0	[-6.65685415 -4.65685415 -4.65685415 -6.65685415]	-0.7853981633974483	F
1991.513	2.8120000000001255	trials	1992.3891666666666	1993.0889333333334	7.0	[ 4.65685415 -4.65685415  6.65685415 -6.65685415]	2.356194490192345	R
1994.577	4.309999999999945	trials	1996.6537666666666	1997.6262	6.0	[-6.65685415  6.65685415 -4.65685415  4.65685415]	3.141592653589793	R
1999.139	5.222000000000207	trials	2002.1213333333333	2003.0576666666666	1.0	[-9.  1. -7. -1.]	0.7853981633974483	F
2004.613	3.1549999999999727	trials	2005.6872	2006.6085	7.0	[4.65685415 6.65685415 6.65685415 4.65685415]	2.356194490192345	R
2008.02	4.5620000000001255	trials	2009.9979	2011.2781	4.0	[-6.65685415  6.65685415 -4.65685415  4.65685415]	-1.5707963267948966	F
2012.834	2.604000000000042	trials	2013.4815666666666	2014.1351666666667	3.0	[-1. -7.  1. -9.]	-0.7853981633974483	F
2015.69	2.66599999999994	trials	2016.4619666666667	2017.0514333333333	1.0	[ 4.65685415 -4.65685415  6.65685415 -6.65685415]	0.7853981633974483	F
2018.607	3.216000000000122	trials	2019.4894666666667	2020.4639	6.0	[4.65685415 6.65685415 6.65685415 4.65685415]	3.141592653589793	R
2022.075	4.156999999999925	trials	2024.0929	2024.9279666666666	2.0	[-9.  1. -7. -1.]	0.0	F
2026.484	2.9890000000000327	trials	2027.1274333333333	2028.2452333333333	0.0	[ 7.  1.  9. -1.]	1.5707963267948966	R
2029.725	3.32100000000014	trials	2031.1153333333334	2031.8983	5.0	[-1.  9.  1.  7.]	-2.356194490192345	R
2033.298	4.661000000000058	trials	2035.3819333333333	2036.6561	2.0	[-6.65685415 -4.65685415 -4.65685415 -6.65685415]	0.0	F
2038.211	3.33400000000006	trials	2038.8826333333334	2040.3563	0.0	[ 7.  1.  9. -1.]	1.5707963267948966	R
2041.797	4.30600000000004	trials	2043.5532333333333	2044.9607333333333	5.0	[-1.  9.  1.  7.]	-2.356194490192345	R
2046.354	4.171000000000049	trials	2048.4965	2049.2213	1.0	[-6.65685415 -4.65685415 -4.65685415 -6.65685415]	0.7853981633974483	F
2050.776	3.0510000000003856	trials	2051.6433333333334	2052.624766666667	6.0	[4.65685415 6.65685415 6.65685415 4.65685415]	3.141592653589793	R
2054.078	4.355000000000018	trials	2056.212666666667	2057.129933333333	3.0	[-9.  1. -7. -1.]	-0.7853981633974483	F
2058.685	3.8710000000000946	trials	2060.0151	2061.3604666666665	4.0	[ 4.65685415 -4.65685415  6.65685415 -6.65685415]	-1.5707963267948966	R
2062.808	4.099999999999909	trials	2064.774933333333	2065.705233333333	7.0	[-1. -7.  1. -9.]	2.356194490192345	R
2067.16	3.7080000000000837	trials	2069.0706	2069.667066666667	5.0	[-6.65685415  6.65685415 -4.65685415  4.65685415]	-2.356194490192345	R
2071.12	3.9839999999999236	trials	2073.1096333333335	2073.800333333333	4.0	[-6.65685415 -4.65685415 -4.65685415 -6.65685415]	-1.5707963267948966	F
2075.355	3.6289999999999054	trials	2076.263466666667	2077.680966666667	1.0	[-1. -7.  1. -9.]	0.7853981633974483	F
2079.236	2.88799999999992	trials	2080.0298	2080.842833333333	0.0	[4.65685415 6.65685415 6.65685415 4.65685415]	1.5707963267948966	R
2082.376	3.4649999999996908	trials	2083.725	2084.5691	6.0	[-1.  9.  1.  7.]	3.141592653589793	R
2086.093	4.130000000000109	trials	2088.2402	2089.0151333333333	7.0	[-9.  1. -7. -1.]	2.356194490192345	R
2090.475	3.718000000000302	trials	2092.2150666666666	2092.8897333333334	2.0	[-6.65685415  6.65685415 -4.65685415  4.65685415]	0.0	F
2094.445	2.7719999999999345	trials	2095.3448333333336	2095.9122666666667	3.0	[ 7.  1.  9. -1.]	-0.7853981633974483	F
2097.468	3.3200000000001637	trials	2098.7332666666666	2099.4841333333334	1.0	[ 4.65685415 -4.65685415  6.65685415 -6.65685415]	0.7853981633974483	F
2101.04	3.7260000000001128	trials	2102.542733333333	2103.3226666666665	4.0	[4.65685415 6.65685415 6.65685415 4.65685415]	-1.5707963267948966	R
2105.018	4.4659999999998945	trials	2106.853433333333	2108.1797	2.0	[-1. -7.  1. -9.]	0.0	F
2109.736	3.7280000000000655	trials	2111.1210333333333	2112.253833333333	0.0	[ 7.  1.  9. -1.]	1.5707963267948966	R
2113.715	4.049999999999727	trials	2115.9670666666666	2116.4763333333335	6.0	[-1.  9.  1.  7.]	3.141592653589793	R
2118.016	3.824000000000069	trials	2119.835666666667	2120.6276333333335	7.0	[-9.  1. -7. -1.]	2.356194490192345	R
2122.091	4.947000000000116	trials	2124.370933333333	2125.7343	3.0	[-6.65685415  6.65685415 -4.65685415  4.65685415]	-0.7853981633974483	F
2127.289	3.524999999999636	trials	2128.371866666667	2129.5828666666666	5.0	[ 4.65685415 -4.65685415  6.65685415 -6.65685415]	-2.356194490192345	R
2131.066	4.3520000000003165	trials	2133.0966	2134.1151333333332	1.0	[-6.65685415 -4.65685415 -4.65685415 -6.65685415]	0.7853981633974483	F
2135.67	2.9420000000000073	trials	2136.6664666666666	2137.3090666666667	4.0	[4.65685415 6.65685415 6.65685415 4.65685415]	-1.5707963267948966	F
2138.864	3.4200000000000728	trials	2140.4047333333333	2140.9811666666665	2.0	[-1. -7.  1. -9.]	0.0	F
2142.536	3.0160000000000764	trials	2143.105433333333	2144.5239666666666	7.0	[ 7.  1.  9. -1.]	2.356194490192345	R
2145.803	4.280999999999949	trials	2147.6647666666668	2148.9239	6.0	[-6.65685415  6.65685415 -4.65685415  4.65685415]	3.141592653589793	R
2150.335	4.036000000000058	trials	2152.449633333333	2153.0531333333333	0.0	[-9.  1. -7. -1.]	1.5707963267948966	R
2154.623	4.197000000000116	trials	2156.3363	2157.5172333333335	3.0	[-1.  9.  1.  7.]	-0.7853981633974483	F
2159.072	3.5969999999997526	trials	2160.1648	2161.4931	5.0	[ 4.65685415 -4.65685415  6.65685415 -6.65685415]	-2.356194490192345	R
2162.921	3.3520000000003165	trials	2164.2820333333334	2164.9888	5.0	[-6.65685415 -4.65685415 -4.65685415 -6.65685415]	-2.356194490192345	R
2166.525	3.913000000000011	trials	2168.4403666666667	2169.1350666666667	3.0	[-6.65685415 -4.65685415 -4.65685415 -6.65685415]	-0.7853981633974483	F
2170.69	3.338999999999942	trials	2171.4538333333335	2172.9144666666666	0.0	[ 4.65685415 -4.65685415  6.65685415 -6.65685415]	1.5707963267948966	R
2174.281	4.402000000000044	trials	2176.349	2177.591066666667	6.0	[-1.  9.  1.  7.]	3.141592653589793	R
2178.934	4.266999999999825	trials	2180.7148333333334	2181.8977666666665	2.0	[-9.  1. -7. -1.]	0.0	F
2183.453	4.08199999999988	trials	2184.805	2186.2305333333334	1.0	[ 7.  1.  9. -1.]	0.7853981633974483	F
2187.786	2.8200000000001637	trials	2189.2811		7.0	[4.65685415 6.65685415 6.65685415 4.65685415]	2.356194490192345	A
2190.858	3.518000000000029	trials	2192.465	2193.0725333333335	4.0	[-6.65685415  6.65685415 -4.65685415  4.65685415]	-1.5707963267948966	F
2194.627	3.8350000000000364	trials	2195.8775	2197.2689333333333	5.0	[-1. -7.  1. -9.]	-2.356194490192345	R
2198.714	4.037000000000262	trials	2200.511	2201.4473333333335	1.0	[-6.65685415 -4.65685415 -4.65685415 -6.65685415]	0.7853981633974483	F
2203.002	3.313000000000102	trials	2204.2422666666666	2205.012166666667	3.0	[4.65685415 6.65685415 6.65685415 4.65685415]	-0.7853981633974483	F
2206.567	3.3640000000000327	trials	2207.614633333333	2208.6452	6.0	[ 4.65685415 -4.65685415  6.65685415 -6.65685415]	3.141592653589793	R
2210.183	5.088999999999942	trials	2212.6702	2213.9684	4.0	[-9.  1. -7. -1.]	-1.5707963267948966	F
2215.523	3.5160000000000764	trials	2216.8355333333334	2217.825	7.0	[-1. -7.  1. -9.]	2.356194490192345	R
2219.291	4.8449999999998	trials	2221.7698	2222.8324333333335	2.0	[-6.65685415  6.65685415 -4.65685415  4.65685415]	0.0	F
2224.387	2.88799999999992	trials	2225.2303666666667	2226.0805	0.0	[ 7.  1.  9. -1.]	1.5707963267948966	R
2227.527	4.2719999999999345	trials	2229.7446	2230.4954666666667	1.0	[-1.  9.  1.  7.]	0.7853981633974483	F
2232.05	2.919999999999618	trials	2233.0187333333333	2233.6653333333334	2.0	[4.65685415 6.65685415 6.65685415 4.65685415]	0.0	F
2235.221	3.856999999999971	trials	2236.662766666667	2237.7745333333332	3.0	[ 7.  1.  9. -1.]	-0.7853981633974483	F
2239.329	3.41399999999976	trials	2240.678733333333	2241.377466666667	6.0	[ 4.65685415 -4.65685415  6.65685415 -6.65685415]	3.141592653589793	R
2242.994	5.1479999999996835	trials	2245.5739	2246.839033333333	4.0	[-9.  1. -7. -1.]	-1.5707963267948966	F
2248.394	3.5350000000003092	trials	2249.3923666666665	2250.5322	5.0	[-1. -7.  1. -9.]	-2.356194490192345	R
2252.18	4.331000000000131	trials	2254.4028333333335	2255.0795	0.0	[-6.65685415 -4.65685415 -4.65685415 -6.65685415]	1.5707963267948966	R
2256.763	4.026000000000295	trials	2258.2614	2259.7290333333335	7.0	[-1.  9.  1.  7.]	2.356194490192345	R
2261.04	4.16800000000012	trials	2262.832766666667	2263.9044	2.0	[-6.65685415  6.65685415 -4.65685415  4.65685415]	0.0	F
2265.459	3.1230000000000473	trials	2266.558	2267.2788	4.0	[ 7.  1.  9. -1.]	-1.5707963267948966	F
2268.834	2.64200000000028	trials	2269.475233333333	2270.2822666666666	0.0	[-1. -7.  1. -9.]	1.5707963267948966	R
2271.728	3.520999999999731	trials	2273.0310666666664	2273.945366666667	1.0	[-1.  9.  1.  7.]	0.7853981633974483	F
2275.5	2.800999999999931	trials	2276.1979333333334	2276.9518333333335	6.0	[4.65685415 6.65685415 6.65685415 4.65685415]	3.141592653589793	R
2278.553	4.644999999999982	trials	2281.024933333333	2282.036433333333	7.0	[-9.  1. -7. -1.]	2.356194490192345	R
2283.45	4.532000000000153	trials	2285.187266666667	2286.678966666667	3.0	[-6.65685415  6.65685415 -4.65685415  4.65685415]	-0.7853981633974483	F
2288.234	3.5	trials	2289.7165	2290.3400666666666	5.0	[ 4.65685415 -4.65685415  6.65685415 -6.65685415]	-2.356194490192345	R
2291.985	4.058999999999742	trials	2293.3906333333334	2294.7239666666665	6.0	[-6.65685415 -4.65685415 -4.65685415 -6.65685415]	3.141592653589793	R
2296.296	4.092000000000098	trials	2298.4792666666667	2299.084766666667	1.0	[-9.  1. -7. -1.]	0.7853981633974483	F
2300.64	3.7450000000003456	trials	2301.7143	2303.1649	5.0	[4.65685415 6.65685415 6.65685415 4.65685415]	-2.356194490192345	R
2304.637	4.43100000000004	trials	2306.885133333333	2307.8615666666665	7.0	[-6.65685415 -4.65685415 -4.65685415 -6.65685415]	2.356194490192345	R
2309.319	4.664000000000215	trials	2311.257	2312.6795333333334	2.0	[-6.65685415  6.65685415 -4.65685415  4.65685415]	0.0	F
2314.234	3.286000000000058	trials	2315.3481666666667	2316.2163333333333	4.0	[ 7.  1.  9. -1.]	-1.5707963267948966	F
2317.771	3.9179999999996653	trials	2319.2218	2320.384666666667	3.0	[-1. -7.  1. -9.]	-0.7853981633974483	F
2321.941	2.9520000000002256	trials	2322.627233333333	2323.6377333333335	0.0	[ 4.65685415 -4.65685415  6.65685415 -6.65685415]	1.5707963267948966	R
2325.145	3.7669999999998254	trials	2326.7625	2327.7078666666666	5.0	[-1.  9.  1.  7.]	-2.356194490192345	R
2329.163	4.2409999999999854	trials	2331.2185666666664	2332.1007666666665	3.0	[-6.65685415 -4.65685415 -4.65685415 -6.65685415]	-0.7853981633974483	F
2333.656	3.543999999999869	trials	2334.8536	2335.9142333333334	6.0	[ 4.65685415 -4.65685415  6.65685415 -6.65685415]	3.141592653589793	R
2337.452	4.979999999999563	trials	2339.7878666666666	2341.128166666667	2.0	[-9.  1. -7. -1.]	0.0	F
2342.684	2.6089999999999236	trials	2343.4339	2343.945166666667	7.0	[ 7.  1.  9. -1.]	2.356194490192345	R
2345.544	3.9580000000000837	trials	2347.6564	2348.198733333333	4.0	[-6.65685415  6.65685415 -4.65685415  4.65685415]	-1.5707963267948966	F
2349.754	2.8470000000002074	trials	2350.539566666667	2351.297433333333	1.0	[-1. -7.  1. -9.]	0.7853981633974483	F
2352.852	3.300000000000182	trials	2353.8277333333335	2355.0387333333333	0.0	[4.65685415 6.65685415 6.65685415 4.65685415]	1.5707963267948966	R
2356.403	3.8410000000003492	trials	2357.8898	2358.999566666667	6.0	[-1.  9.  1.  7.]	3.141592653589793	R
2360.495	4.664000000000215	trials	2362.396	2363.855633333333	3.0	[-9.  1. -7. -1.]	-0.7853981633974483	F
2365.41	3.2960000000002765	trials	2366.513233333333	2367.402433333333	4.0	[ 4.65685415 -4.65685415  6.65685415 -6.65685415]	-1.5707963267948966	F
2368.957	2.6200000000003456	trials	2369.533733333333	2370.2735666666667	2.0	[-1. -7.  1. -9.]	0.0	F
2371.828	3.7600000000002183	trials	2373.2800333333334	2374.3757333333333	0.0	[ 7.  1.  9. -1.]	1.5707963267948966	R
2375.839	3.4140000000002146	trials	2377.478433333333	2377.9967333333334	7.0	[-1.  9.  1.  7.]	2.356194490192345	R
2379.504	4.80600000000004	trials	2381.725	2383.1455333333333	5.0	[-6.65685415  6.65685415 -4.65685415  4.65685415]	-2.356194490192345	R
2384.562	4.0090000000000146	trials	2386.5409666666665	2387.267766666667	1.0	[-6.65685415 -4.65685415 -4.65685415 -6.65685415]	0.7853981633974483	F
2388.823	2.911000000000058	trials	2389.6376333333333	2390.4296	1.0	[4.65685415 6.65685415 6.65685415 4.65685415]	0.7853981633974483	F
2391.985	3.5949999999998	trials	2393.0842	2394.4867	7.0	[4.65685415 6.65685415 6.65685415 4.65685415]	2.356194490192345	R
2395.832	4.1550000000002	trials	2397.8530333333333	2398.6841	4.0	[-6.65685415  6.65685415 -4.65685415  4.65685415]	-1.5707963267948966	F
2400.239	3.3580000000001746	trials	2401.4790333333335	2402.442433333333	0.0	[-1. -7.  1. -9.]	1.5707963267948966	R
2403.849	4.098999999999705	trials	2405.7296	2406.6448666666665	3.0	[-1.  9.  1.  7.]	-0.7853981633974483	F
2408.2	3.4400000000000546	trials	2409.6884333333333	2410.3109666666664	5.0	[ 4.65685415 -4.65685415  6.65685415 -6.65685415]	-2.356194490192345	R
2411.892	4.335000000000036	trials	2414.2357333333334	2414.8863333333334	6.0	[-6.65685415 -4.65685415 -4.65685415 -6.65685415]	3.141592653589793	R
2416.478	5.269999999999982	trials	2419.8316333333332	2420.445133333333	2.0	[-9.  1. -7. -1.]	0.0	F
2422.0	3.300999999999931	trials	2422.663666666667	2423.997966666667	2.0	[ 7.  1.  9. -1.]	0.0	F
2425.553	3.617999999999938	trials	2426.4861333333333	2427.867566666667	1.0	[ 7.  1.  9. -1.]	0.7853981633974483	F
2429.422	4.481999999999971	trials	2431.2169	2432.6835333333333	5.0	[4.65685415 6.65685415 6.65685415 4.65685415]	-2.356194490192345	R
2434.155	4.0659999999998035	trials	2435.8845	2437.113533333333	7.0	[-6.65685415 -4.65685415 -4.65685415 -6.65685415]	2.356194490192345	R
2438.473	4.177000000000135	trials	2440.469866666667	2441.3470666666667	3.0	[-6.65685415  6.65685415 -4.65685415  4.65685415]	-0.7853981633974483	F
2442.902	4.039999999999964	trials	2444.2813333333334	2445.6377	4.0	[ 4.65685415 -4.65685415  6.65685415 -6.65685415]	-1.5707963267948966	F
2447.194	2.9890000000000327	trials	2447.8211333333334	2449.0682333333334	6.0	[-1. -7.  1. -9.]	3.141592653589793	R
2450.435	3.967999999999847	trials	2452.469666666667	2453.2075	0.0	[-9.  1. -7. -1.]	1.5707963267948966	R
2454.655	3.6149999999997817	trials	2456.3042	2456.976866666667	0.0	[-1.  9.  1.  7.]	1.5707963267948966	R
2458.522	4.249000000000251	trials	2460.724166666667	2461.468	1.0	[-1.  9.  1.  7.]	0.7853981633974483	F
2463.023	2.993999999999687	trials	2463.9060666666664	2464.6338666666666	6.0	[4.65685415 6.65685415 6.65685415 4.65685415]	3.141592653589793	R
2466.269	5.825000000000273	trials	2469.588166666667	2470.7901666666667	3.0	[-9.  1. -7. -1.]	-0.7853981633974483	F
2472.346	3.6140000000000327	trials	2473.5821	2474.7289333333333	7.0	[ 4.65685415 -4.65685415  6.65685415 -6.65685415]	2.356194490192345	R
2476.212	3.8760000000002037	trials	2477.9529666666667	2478.7850333333336	2.0	[-6.65685415  6.65685415 -4.65685415  4.65685415]	0.0	F
2480.34	3.644999999999982	trials	2481.8586666666665	2482.6817	4.0	[ 7.  1.  9. -1.]	-1.5707963267948966	F
2484.237	2.900000000000091	trials	2485.1087333333335	2485.773366666667	5.0	[-1. -7.  1. -9.]	-2.356194490192345	R
2487.388	4.326000000000022	trials	2489.1948666666667	2490.4109	2.0	[-6.65685415 -4.65685415 -4.65685415 -6.65685415]	0.0	F
2491.966	3.32300000000032	trials	2492.868	2494.086	6.0	[ 7.  1.  9. -1.]	3.141592653589793	R
2495.541	3.957999999999629	trials	2497.1325666666667	2498.336566666667	5.0	[-9.  1. -7. -1.]	-2.356194490192345	R
2499.751	3.895999999999731	trials	2501.7721	2502.400666666667	7.0	[-6.65685415 -4.65685415 -4.65685415 -6.65685415]	2.356194490192345	R
2503.898	4.560999999999694	trials	2506.4236666666666	2507.3068333333335	0.0	[-6.65685415  6.65685415 -4.65685415  4.65685415]	1.5707963267948966	R
2508.71	4.407000000000153	trials	2510.4456333333333	2511.8140333333336	1.0	[-1.  9.  1.  7.]	0.7853981633974483	F
2513.369	3.4589999999998327	trials	2514.5257666666666	2515.5242333333335	4.0	[4.65685415 6.65685415 6.65685415 4.65685415]	-1.5707963267948966	F
2517.079	3.0729999999998654	trials	2517.6736	2518.8485	3.0	[-1. -7.  1. -9.]	-0.7853981633974483	F
2520.403	3.449000000000069	trials	2521.250466666667	2522.5487	3.0	[ 4.65685415 -4.65685415  6.65685415 -6.65685415]	-0.7853981633974483	F
2524.104	3.76700000000028	trials	2525.5050333333334	2526.7320666666665	7.0	[ 4.65685415 -4.65685415  6.65685415 -6.65685415]	2.356194490192345	R
2528.123	1.038000000000011	trials				[nan nan nan nan]		A
2529.413	2.894999999999982	trials	2530.3831333333333	2530.9866333333334	0.0	[ 7.  1.  9. -1.]	1.5707963267948966	R
2532.56	3.5080000000002656	trials	2534.1324666666665	2534.7309333333333	6.0	[-1.  9.  1.  7.]	3.141592653589793	R
2536.32	4.580999999999676	trials	2538.934366666667	2539.598033333333	1.0	[-9.  1. -7. -1.]	0.7853981633974483	F
2541.153	3.7330000000001746	trials	2542.409	2543.582933333333	4.0	[4.65685415 6.65685415 6.65685415 4.65685415]	-1.5707963267948966	F
2545.138	3.844000000000051	trials	2546.4420333333333	2547.8345	5.0	[-1. -7.  1. -9.]	-2.356194490192345	R
2549.234	4.436999999999898	trials	2551.1878	2552.493066666667	6.0	[-6.65685415 -4.65685415 -4.65685415 -6.65685415]	3.141592653589793	R
2553.923	4.3400000000001455	trials	2556.071933333333	2556.9230666666667	0.0	[-9.  1. -7. -1.]	1.5707963267948966	R
2558.515	4.76700000000028	trials	2560.653333333333	2562.156033333333	5.0	[-1.  9.  1.  7.]	-2.356194490192345	R
2563.533	4.644999999999982	trials	2565.4231666666665	2566.874766666667	1.0	[-6.65685415 -4.65685415 -4.65685415 -6.65685415]	0.7853981633974483	F
2568.43	3.1400000000003274	trials	2569.2145666666665	2570.3484	7.0	[4.65685415 6.65685415 6.65685415 4.65685415]	2.356194490192345	R
2571.822	3.824000000000069	trials	2573.6937	2574.3413	4.0	[-6.65685415  6.65685415 -4.65685415  4.65685415]	-1.5707963267948966	F
2575.897	3.7600000000002183	trials	2577.3929	2578.3532666666665	2.0	[-1. -7.  1. -9.]	0.0	F
2579.908	3.061999999999898	trials	2581.1161333333334	2581.6665	3.0	[ 7.  1.  9. -1.]	-0.7853981633974483	F
2583.221	3.9020000000000437	trials	2584.5416333333333	2585.9391	7.0	[ 4.65685415 -4.65685415  6.65685415 -6.65685415]	2.356194490192345	R
2587.375	4.657000000000153	trials	2589.3335333333334	2590.729	1.0	[-6.65685415  6.65685415 -4.65685415  4.65685415]	0.7853981633974483	F
2592.284	3.862999999999829	trials	2593.7184333333335	2594.8372	6.0	[4.65685415 6.65685415 6.65685415 4.65685415]	3.141592653589793	R
2596.399	5.213000000000193	trials	2599.073733333333	2600.3088	0.0	[-9.  1. -7. -1.]	1.5707963267948966	F
2601.864	11.967000000000098	trials	2611.268	2612.5281333333332	3.0	[-1.  9.  1.  7.]	-0.7853981633974483	F
2614.083	2.9470000000001164	trials	2614.7997666666665	2615.707033333333	5.0	[ 4.65685415 -4.65685415  6.65685415 -6.65685415]	-2.356194490192345	R
2617.282	7.094000000000051	trials	2621.8523	2623.0723333333335	4.0	[-6.65685415 -4.65685415 -4.65685415 -6.65685415]	-1.5707963267948966	F
2624.627	4.088999999999942	trials	2626.0226333333335	2627.4131	2.0	[-1. -7.  1. -9.]	0.0	F
2628.968	3.3150000000000546	trials	2630.1168	2630.9799666666668	5.0	[ 7.  1.  9. -1.]	-2.356194490192345	F
2632.535	17.832000000000335	trials	2648.4794	2649.0628666666667	2.0	[-6.65685415 -4.65685415 -4.65685415 -6.65685415]	0.0	F
2650.619	3.2599999999997635	trials	2651.2783666666664	2652.7801	6.0	[ 7.  1.  9. -1.]	3.141592653589793	R
2654.13	3.6279999999997017	trials	2655.555966666667	2656.4552	3.0	[-9.  1. -7. -1.]	-0.7853981633974483	F
2658.01	2.8929999999995744	trials	2658.6827333333335	2659.600033333333	4.0	[ 4.65685415 -4.65685415  6.65685415 -6.65685415]	-1.5707963267948966	F
2661.155	3.0739999999996144	trials	2662.1533666666664	2662.9252666666666	1.0	[-1. -7.  1. -9.]	0.7853981633974483	F
2664.48	3.048999999999978	trials	2665.498666666667	2666.2254666666668	7.0	[4.65685415 6.65685415 6.65685415 4.65685415]	2.356194490192345	F
2667.78	3.2739999999998872	trials	2668.6064	2669.7512333333334	0.0	[-6.65685415  6.65685415 -4.65685415  4.65685415]	1.5707963267948966	F
2671.306	3.699000000000069	trials	2672.5953	2673.7020333333335	5.0	[-1.  9.  1.  7.]	-2.356194490192345	F
2675.257	3.780999999999949	trials	2676.4438666666665	2677.8423333333335	0.0	[-6.65685415 -4.65685415 -4.65685415 -6.65685415]	1.5707963267948966	R
2679.29	3.8760000000002037	trials	2681.1244666666666	2681.8623	1.0	[-1.  9.  1.  7.]	0.7853981633974483	F
2683.417	3.0109999999999673	trials	2684.0898333333334	2685.1244	6.0	[4.65685415 6.65685415 6.65685415 4.65685415]	3.141592653589793	F
2686.679	3.6549999999997453	trials	2687.960433333333	2689.0311	2.0	[-9.  1. -7. -1.]	0.0	F
2690.586	2.8970000000003893	trials	2691.1654	2692.178933333333	3.0	[ 7.  1.  9. -1.]	-0.7853981633974483	F
2693.735	3.6709999999998217	trials	2694.758333333333	2696.233	7.0	[ 4.65685415 -4.65685415  6.65685415 -6.65685415]	2.356194490192345	R
2697.658	4.722000000000207	trials	2699.8710333333333	2701.0770333333335	4.0	[-6.65685415  6.65685415 -4.65685415  4.65685415]	-1.5707963267948966	F
2702.632	4.11200000000008	trials	2704.1967666666665	2705.4398666666666	4.0	[-1. -7.  1. -9.]	-1.5707963267948966	F
2706.996	2.4149999999999636	trials	2707.600233333333	2708.1064666666666	3.0	[-1. -7.  1. -9.]	-0.7853981633974483	F
2709.662	4.122000000000298	trials	2710.9084333333335	2712.3690666666666	6.0	[ 4.65685415 -4.65685415  6.65685415 -6.65685415]	3.141592653589793	R
2714.035	5.003000000000156	trials	2716.4792666666667	2717.733366666667	2.0	[-9.  1. -7. -1.]	0.0	F
2719.289	3.007999999999811	trials	2719.995	2721.176933333333	0.0	[ 7.  1.  9. -1.]	1.5707963267948966	R
2722.548	1.8640000000000327	trials				[nan nan nan nan]		A
2724.664	3.418999999999869	trials	2726.2064333333333	2726.7798333333335	1.0	[-6.65685415  6.65685415 -4.65685415  4.65685415]	0.7853981633974483	F
2728.335	4.025000000000091	trials	2729.8083666666666	2731.173766666667	5.0	[4.65685415 6.65685415 6.65685415 4.65685415]	-2.356194490192345	R
2732.611	5.175000000000182	trials	2735.1446333333333	2736.482933333333	4.0	[-6.65685415 -4.65685415 -4.65685415 -6.65685415]	-1.5707963267948966	F
2738.038	11.780999999999949	trials	2747.1534333333334	2748.5158333333334	1.0	[-1. -7.  1. -9.]	0.7853981633974483	F
2750.071	3.606000000000222	trials	2751.0842	2752.5709	0.0	[4.65685415 6.65685415 6.65685415 4.65685415]	1.5707963267948966	R
2753.928	4.364000000000033	trials	2755.7768666666666	2756.9888666666666	2.0	[-1.  9.  1.  7.]	0.0	F
2758.544	3.11200000000008	trials	2759.1662666666666	2760.4855333333335	5.0	[ 7.  1.  9. -1.]	-2.356194490192345	R
2761.908	5.497000000000298	trials	2764.788233333333	2766.2669	6.0	[-6.65685415 -4.65685415 -4.65685415 -6.65685415]	3.141592653589793	R
2767.656	4.929000000000087	trials	2770.5004	2771.317433333333	7.0	[-9.  1. -7. -1.]	2.356194490192345	R
2772.836	3.494000000000142	trials	2774.3189	2775.0266666666666	3.0	[-6.65685415  6.65685415 -4.65685415  4.65685415]	-0.7853981633974483	F
2776.582	4.055000000000291	trials	2778.076233333333	2779.3333333333335	1.0	[ 4.65685415 -4.65685415  6.65685415 -6.65685415]	0.7853981633974483	F
2780.888	3.1350000000002183	trials	2781.8425666666667	2782.7197666666666	5.0	[4.65685415 6.65685415 6.65685415 4.65685415]	-2.356194490192345	F
2784.275	7.80600000000004	trials	2789.6429333333335	2790.776766666667	2.0	[-6.65685415 -4.65685415 -4.65685415 -6.65685415]	0.0	F
2792.333	3.894999999999982	trials	2793.840366666667	2795.080466666667	6.0	[ 7.  1.  9. -1.]	3.141592653589793	R
2796.48	4.313000000000102	trials	2798.7435333333333	2799.6347666666666	0.0	[-9.  1. -7. -1.]	1.5707963267948966	R
2801.044	4.628999999999905	trials	2802.8838333333333	2804.3685	3.0	[-1.  9.  1.  7.]	-0.7853981633974483	F
2805.924	3.3270000000002256	trials	2807.117333333333	2807.9474	4.0	[ 4.65685415 -4.65685415  6.65685415 -6.65685415]	-1.5707963267948966	F
2809.502	3.2849999999998545	trials	2810.497733333333	2811.6285333333335	7.0	[-1. -7.  1. -9.]	2.356194490192345	R
2813.039	3.4979999999995925	trials	2814.7513	2815.9011666666665	0.0	[-6.65685415  6.65685415 -4.65685415  4.65685415]	1.5707963267948966	I
2816.788	4.105999999999767	trials	2818.8204	2819.5893	2.0	[-1.  9.  1.  7.]	0.0	F
2821.145	3.8150000000000546	trials	2822.5286	2823.6564	1.0	[ 7.  1.  9. -1.]	0.7853981633974483	F
2825.211	3.2800000000002	trials	2826.6939666666667	2827.2984666666666	7.0	[4.65685415 6.65685415 6.65685415 4.65685415]	2.356194490192345	R
2828.743	3.9900000000002365	trials	2830.4292333333333	2831.4297	3.0	[-6.65685415  6.65685415 -4.65685415  4.65685415]	-0.7853981633974483	F
2832.985	3.7170000000000982	trials	2834.2517333333335	2835.459733333333	6.0	[ 4.65685415 -4.65685415  6.65685415 -6.65685415]	3.141592653589793	R
2836.953	3.9520000000002256	trials	2838.7278333333334	2839.602	4.0	[-9.  1. -7. -1.]	-1.5707963267948966	F
2841.157	3.75	trials	2842.203466666667	2843.6691	5.0	[-1. -7.  1. -9.]	-2.356194490192345	R
2845.159	3.78899999999976	trials	2847.1507666666666	2847.704133333333	6.0	[-6.65685415 -4.65685415 -4.65685415 -6.65685415]	3.141592653589793	R
2849.2	4.757000000000062	trials	2851.3121	2852.8068	5.0	[-9.  1. -7. -1.]	-2.356194490192345	R
2854.208	4.016000000000076	trials	2855.9055	2857.0523333333335	7.0	[-6.65685415 -4.65685415 -4.65685415 -6.65685415]	2.356194490192345	R
2858.476	4.836999999999989	trials	2860.6051666666667	2862.009666666667	3.0	[-6.65685415  6.65685415 -4.65685415  4.65685415]	-0.7853981633974483	F
2863.565	4.132000000000062	trials	2864.973	2866.392533333333	1.0	[ 4.65685415 -4.65685415  6.65685415 -6.65685415]	0.7853981633974483	F
2867.948	3.3340000000002874	trials	2868.996	2869.978433333333	4.0	[4.65685415 6.65685415 6.65685415 4.65685415]	-1.5707963267948966	F
2871.533	3.72400000000016	trials	2872.8265	2874.0876333333335	0.0	[-1. -7.  1. -9.]	1.5707963267948966	R
2875.508	4.22400000000016	trials	2877.1803333333332	2878.4284333333335	2.0	[-1.  9.  1.  7.]	0.0	F
2879.983	3.2619999999997162	trials	2880.8133333333335	2881.9421666666667	3.0	[ 7.  1.  9. -1.]	-0.7853981633974483	F
2883.497	3.4670000000000982	trials	2884.8303333333333	2885.6593666666668	4.0	[ 4.65685415 -4.65685415  6.65685415 -6.65685415]	-1.5707963267948966	F
2887.215	2.992999999999938	trials	2888.0342666666666	2889.0217333333335	5.0	[-1. -7.  1. -9.]	-2.356194490192345	R
2890.459	4.292000000000371	trials	2892.3830666666668	2893.4477333333334	1.0	[-6.65685415 -4.65685415 -4.65685415 -6.65685415]	0.7853981633974483	F
2895.003	3.2779999999997926	trials	2895.9148333333333	2897.1148333333335	0.0	[4.65685415 6.65685415 6.65685415 4.65685415]	1.5707963267948966	R
2898.532	4.346999999999753	trials	2900.7649	2901.6691333333333	6.0	[-1.  9.  1.  7.]	3.141592653589793	R
2903.131	4.6030000000000655	trials	2905.2069333333334	2906.599366666667	7.0	[-9.  1. -7. -1.]	2.356194490192345	R
2907.986	4.325000000000273	trials	2909.8975666666665	2911.0073333333335	2.0	[-6.65685415  6.65685415 -4.65685415  4.65685415]	0.0	F
2912.562	3.4729999999999563	trials	2913.8163	2914.8188	7.0	[ 7.  1.  9. -1.]	2.356194490192345	R
2916.286	3.880000000000109	trials	2917.7921666666666	2918.862833333333	2.0	[-6.65685415  6.65685415 -4.65685415  4.65685415]	0.0	F
2920.418	3.4719999999997526	trials	2921.2207	2922.5860666666667	3.0	[ 7.  1.  9. -1.]	-0.7853981633974483	F
2924.142	3.6510000000002947	trials	2924.995066666667	2926.488766666667	1.0	[ 4.65685415 -4.65685415  6.65685415 -6.65685415]	0.7853981633974483	F
2928.045	3.5160000000000764	trials	2929.430066666667	2930.3353333333334	6.0	[4.65685415 6.65685415 6.65685415 4.65685415]	3.141592653589793	R
2931.813	4.032999999999902	trials	2933.6415333333334	2934.5427666666665	4.0	[-9.  1. -7. -1.]	-1.5707963267948966	F
2936.098	3.8150000000000546	trials	2937.3206666666665	2938.7552333333333	0.0	[-1. -7.  1. -9.]	1.5707963267948966	R
2940.165	4.2029999999999745	trials	2942.388233333333	2943.1682	5.0	[-1.  9.  1.  7.]	-2.356194490192345	R
2944.62	4.105000000000018	trials	2946.6608666666666	2947.421733333333	2.0	[-6.65685415 -4.65685415 -4.65685415 -6.65685415]	0.0	F
2948.977	3.0090000000000146	trials	2949.8287333333333	2950.6828333333333	3.0	[ 7.  1.  9. -1.]	-0.7853981633974483	F
2952.238	4.005000000000109	trials	2953.7184	2955.0406666666668	0.0	[ 4.65685415 -4.65685415  6.65685415 -6.65685415]	1.5707963267948966	R
2956.494	3.518999999999778	trials	2957.8847333333333	2958.709766666667	4.0	[-1.  9.  1.  7.]	-1.5707963267948966	F
2960.265	3.5640000000003056	trials	2961.0586	2962.524266666667	1.0	[-1. -7.  1. -9.]	0.7853981633974483	F
2964.08	3.4909999999999854	trials	2964.8901333333333	2966.3277	7.0	[4.65685415 6.65685415 6.65685415 4.65685415]	2.356194490192345	R
2967.822	4.194999999999709	trials	2970.0970666666667	2970.702566666667	6.0	[-6.65685415  6.65685415 -4.65685415  4.65685415]	3.141592653589793	R
2972.268	3.869999999999891	trials	2974.1731666666665	2974.903	5.0	[-9.  1. -7. -1.]	-2.356194490192345	R
2976.39	4.0340000000001055	trials	2978.0688666666665	2979.1194666666665	3.0	[-6.65685415 -4.65685415 -4.65685415 -6.65685415]	-0.7853981633974483	F
2980.675	2.8489999999997053	trials	2981.6086333333333	2982.2201666666665	2.0	[ 4.65685415 -4.65685415  6.65685415 -6.65685415]	0.0	F
2983.776	3.2530000000001564	trials	2984.4086	2985.6857666666665	6.0	[ 7.  1.  9. -1.]	3.141592653589793	R
2987.281	3.56899999999996	trials	2988.8957333333333	2989.718766666667	7.0	[-9.  1. -7. -1.]	2.356194490192345	R
2991.101	3.4909999999999854	trials	2992.7743666666665	2993.4209666666666	0.0	[-6.65685415  6.65685415 -4.65685415  4.65685415]	1.5707963267948966	R
2994.844	3.8299999999999272	trials	2996.5407333333333	2997.3707666666664	4.0	[-1.  9.  1.  7.]	-1.5707963267948966	F
2998.926	3.71100000000024	trials	3000.2319	3001.333633333333	1.0	[-1. -7.  1. -9.]	0.7853981633974483	F
3002.889	3.668999999999869	trials	3004.0333333333333	3005.4628666666667	5.0	[4.65685415 6.65685415 6.65685415 4.65685415]	-2.356194490192345	R
3006.809	3.962999999999738	trials	3008.7781	3009.5861	7.0	[-6.65685415 -4.65685415 -4.65685415 -6.65685415]	2.356194490192345	R
3011.024	3.8850000000002183	trials	3012.9264	3013.563	6.0	[-6.65685415  6.65685415 -4.65685415  4.65685415]	3.141592653589793	R
3015.161	4.436000000000149	trials	3017.6040333333335	3018.2937333333334	1.0	[-9.  1. -7. -1.]	0.7853981633974483	F
3019.849	2.9739999999997053	trials	3020.963366666667	3021.8435666666664	0.0	[4.65685415 6.65685415 6.65685415 4.65685415]	1.5707963267948966	I
3023.075	0.9149999999999636	trials				[nan nan nan nan]		A
3024.242	4.891999999999825	trials	3026.6194	3027.8304333333335	4.0	[ 7.  1.  9. -1.]	-1.5707963267948966	F
3029.385	3.1099999999996726	trials	3030.5662	3031.191766666667	3.0	[-1. -7.  1. -9.]	-0.7853981633974483	F
3032.747	3.9349999999999454	trials	3034.2694	3035.5034666666666	5.0	[ 4.65685415 -4.65685415  6.65685415 -6.65685415]	-2.356194490192345	R
3036.934	4.889999999999873	trials	3039.4051666666664	3040.5209333333332	4.0	[-6.65685415 -4.65685415 -4.65685415 -6.65685415]	-1.5707963267948966	F
3042.076	3.436000000000149	trials	3043.4813	3044.272233333333	6.0	[-1. -7.  1. -9.]	3.141592653589793	R
3045.764	5.377999999999702	trials	3048.7092666666667	3050.0706333333333	7.0	[-9.  1. -7. -1.]	2.356194490192345	R
3051.394	3.6220000000002983	trials	3053.053066666667	3053.7127	2.0	[-6.65685415  6.65685415 -4.65685415  4.65685415]	0.0	F
3055.268	3.3079999999999927	trials	3055.9392333333335	3057.4058666666665	5.0	[ 7.  1.  9. -1.]	-2.356194490192345	R
3058.827	4.767999999999574	trials	3061.2043	3062.292	1.0	[-6.65685415 -4.65685415 -4.65685415 -6.65685415]	0.7853981633974483	F
3063.847	2.550999999999931	trials	3064.5245333333332	3065.0949666666666	3.0	[4.65685415 6.65685415 6.65685415 4.65685415]	-0.7853981633974483	F
3066.65	3.5520000000001346	trials	3067.5450333333333	3068.446266666667	0.0	[ 4.65685415 -4.65685415  6.65685415 -6.65685415]	1.5707963267948966	R
3070.453	3.4520000000002256	trials	3071.8938333333335	3072.575533333333	6.0	[-1.  9.  1.  7.]	3.141592653589793	R
3074.156	4.304999999999836	trials	3076.3348666666666	3077.1579	4.0	[-9.  1. -7. -1.]	-1.5707963267948966	F
3078.713	3.4220000000000255	trials	3079.4937	3080.832033333333	2.0	[-1. -7.  1. -9.]	0.0	F
3082.387	4.013999999999669	trials	3083.7362333333335	3085.0966333333336	1.0	[ 7.  1.  9. -1.]	0.7853981633974483	F
3086.653	3.211999999999989	trials	3087.6158666666665	3088.5622333333336	3.0	[4.65685415 6.65685415 6.65685415 4.65685415]	-0.7853981633974483	F
3090.117	3.3539999999998145	trials	3091.6318666666666	3092.1812	5.0	[ 4.65685415 -4.65685415  6.65685415 -6.65685415]	-2.356194490192345	R
3093.723	4.304000000000087	trials	3095.8683666666666	3096.6713666666665	0.0	[-6.65685415 -4.65685415 -4.65685415 -6.65685415]	1.5707963267948966	R
3098.278	3.480000000000018	trials	3099.8713	3100.5941	7.0	[-1.  9.  1.  7.]	2.356194490192345	I
3102.01	2.7279999999996107	trials				[nan nan nan nan]		A
3104.99	11.015000000000327	trials	3113.380866666667	3114.702133333333	3.0	[-9.  1. -7. -1.]	-0.7853981633974483	F
3116.257	4.177999999999884	trials	3117.8058333333333	3119.2755	5.0	[ 4.65685415 -4.65685415  6.65685415 -6.65685415]	-2.356194490192345	R
3120.687	3.7510000000002037	trials	3122.4864666666667	3123.0759333333335	0.0	[-6.65685415 -4.65685415 -4.65685415 -6.65685415]	1.5707963267948966	R
3124.69	3.681999999999789	trials	3126.1525666666666	3127.232266666667	7.0	[-1.  9.  1.  7.]	2.356194490192345	R
3128.624	5.057000000000244	trials	3131.2823	3132.3780333333334	4.0	[-6.65685415  6.65685415 -4.65685415  4.65685415]	-1.5707963267948966	F
3133.933	3.55600000000004	trials	3135.1018	3136.1855	1.0	[-1. -7.  1. -9.]	0.7853981633974483	F
3137.74	3.4440000000004147	trials	3138.587466666667	3139.8796666666667	2.0	[4.65685415 6.65685415 6.65685415 4.65685415]	0.0	F
3141.436	2.687999999999647	trials	3142.0009333333333	3142.8209666666667	3.0	[ 7.  1.  9. -1.]	-0.7853981633974483	F
3144.376	3.363999999999578	trials	3145.151766666667	3146.4369333333334	1.0	[ 4.65685415 -4.65685415  6.65685415 -6.65685415]	0.7853981633974483	F
3147.992	2.855000000000018	trials	3149.047433333333	3149.610833333333	5.0	[4.65685415 6.65685415 6.65685415 4.65685415]	-2.356194490192345	R
3151.099	4.471000000000004	trials	3153.351133333333	3154.251366666667	0.0	[-6.65685415 -4.65685415 -4.65685415 -6.65685415]	1.5707963267948966	R
3155.821	3.7480000000000473	trials	3157.5254666666665	3158.4738333333335	7.0	[-1.  9.  1.  7.]	2.356194490192345	R
3159.82	4.4789999999998145	trials	3161.9264	3162.9980666666665	6.0	[-6.65685415  6.65685415 -4.65685415  4.65685415]	3.141592653589793	R
3164.551	4.8279999999999745	trials	3166.964933333333	3168.074666666667	2.0	[-9.  1. -7. -1.]	0.0	F
3169.631	2.9410000000002583	trials	3170.3904333333335	3171.2686	4.0	[ 7.  1.  9. -1.]	-1.5707963267948966	F
3172.823	3.4529999999999745	trials	3174.018433333333	3175.0349666666666	5.0	[-1. -7.  1. -9.]	-2.356194490192345	R
3176.528	4.834000000000287	trials	3178.7291333333333	3180.058433333333	1.0	[-6.65685415 -4.65685415 -4.65685415 -6.65685415]	0.7853981633974483	F
3181.613	3.79300000000012	trials	3182.9085	3184.1024666666667	3.0	[4.65685415 6.65685415 6.65685415 4.65685415]	-0.7853981633974483	F
3185.657	3.3869999999997162	trials	3186.841266666667	3187.7405	4.0	[ 4.65685415 -4.65685415  6.65685415 -6.65685415]	-1.5707963267948966	F
3189.295	4.210000000000036	trials	3190.7399666666665	3192.2266666666665	0.0	[-1. -7.  1. -9.]	1.5707963267948966	R
3193.756	3.9529999999999745	trials	3195.5489	3196.303766666667	6.0	[-1.  9.  1.  7.]	3.141592653589793	R
3197.961	4.47400000000016	trials	3199.947833333333	3201.131766666667	2.0	[-9.  1. -7. -1.]	0.0	F
3202.687	3.6970000000001164	trials	3203.8926333333334	3205.3472333333334	7.0	[ 7.  1.  9. -1.]	2.356194490192345	R
3206.635	4.479999999999563	trials	3208.7517	3209.8113333333336	4.0	[-6.65685415  6.65685415 -4.65685415  4.65685415]	-1.5707963267948966	F
3211.366	3.8040000000000873	trials	3212.5541333333335	3214.054866666667	7.0	[-1. -7.  1. -9.]	2.356194490192345	R
3215.421	4.600000000000364	trials	3217.7711	3218.8728333333333	0.0	[-6.65685415  6.65685415 -4.65685415  4.65685415]	1.5707963267948966	R
3220.272	4.46100000000024	trials	3222.4015666666664	3223.4301333333333	2.0	[-1.  9.  1.  7.]	0.0	F
3224.985	3.25	trials	3225.5945	3226.9308333333333	1.0	[ 7.  1.  9. -1.]	0.7853981633974483	F
3228.487	3.8159999999998035	trials	3229.9453	3230.9999333333335	3.0	[4.65685415 6.65685415 6.65685415 4.65685415]	-0.7853981633974483	F
3232.555	2.6720000000000255	trials	3233.3758333333335	3233.8831	5.0	[ 4.65685415 -4.65685415  6.65685415 -6.65685415]	-2.356194490192345	R
3235.479	4.791000000000167	trials	3237.8269	3239.148166666667	6.0	[-6.65685415 -4.65685415 -4.65685415 -6.65685415]	3.141592653589793	R
3240.522	4.106999999999971	trials	3242.4533666666666	3243.325533333333	2.0	[-9.  1. -7. -1.]	0.0	F
3244.88	2.60799999999972	trials	3245.4508333333333	3246.1836333333335	4.0	[ 7.  1.  9. -1.]	-1.5707963267948966	F
3247.74	3.693000000000211	trials	3248.8793333333333	3250.1294333333335	3.0	[-1. -7.  1. -9.]	-0.7853981633974483	F
3251.684	3.0719999999996617	trials	3252.6035666666667	3253.5459333333333	6.0	[ 4.65685415 -4.65685415  6.65685415 -6.65685415]	3.141592653589793	R
3255.008	4.441000000000258	trials	3256.8150333333333	3258.1453333333334	1.0	[-9.  1. -7. -1.]	0.7853981633974483	F
3259.7	3.0010000000002037	trials	3260.6596	3261.4816333333333	0.0	[4.65685415 6.65685415 6.65685415 4.65685415]	1.5707963267948966	R
3262.952	4.593999999999596	trials	3265.1898333333334	3266.2905666666666	5.0	[-1.  9.  1.  7.]	-2.356194490192345	R
3267.797	4.322999999999865	trials	3269.7652	3271.1416	7.0	[-6.65685415 -4.65685415 -4.65685415 -6.65685415]	2.356194490192345	R
3272.372	3.9410000000002583	trials	3274.203233333333	3275.2177333333334	7.0	[-6.65685415  6.65685415 -4.65685415  4.65685415]	2.356194490192345	R
3276.565	3.63799999999992	trials	3278.1079	3279.0302	6.0	[-6.65685415  6.65685415 -4.65685415  4.65685415]	3.141592653589793	R
3280.455	4.882000000000062	trials	3282.7444333333333	3284.233133333333	5.0	[-9.  1. -7. -1.]	-2.356194490192345	R
3285.589	4.153000000000247	trials	3287.9142666666667	3288.4385666666667	4.0	[-6.65685415 -4.65685415 -4.65685415 -6.65685415]	-1.5707963267948966	F
3289.993	2.438999999999851	trials	3290.631	3291.2255	0.0	[-1. -7.  1. -9.]	1.5707963267948966	R
3292.684	3.8349999999995816	trials	3294.3953666666666	3295.2154	2.0	[-1.  9.  1.  7.]	0.0	F
3296.77	4.139000000000124	trials	3298.2689666666665	3299.6053	1.0	[ 7.  1.  9. -1.]	0.7853981633974483	F
3301.16	3.4400000000000546	trials	3302.2989666666667	3303.2964666666667	3.0	[4.65685415 6.65685415 6.65685415 4.65685415]	-0.7853981633974483	F
3304.851	2.5270000000000437	trials	3305.6443	3306.1766	7.0	[ 4.65685415 -4.65685415  6.65685415 -6.65685415]	2.356194490192345	R
3307.629	3.936000000000149	trials	3309.6412	3310.2617666666665	1.0	[-6.65685415  6.65685415 -4.65685415  4.65685415]	0.7853981633974483	F
3311.817	3.0659999999998035	trials	3312.7369	3313.58	4.0	[4.65685415 6.65685415 6.65685415 4.65685415]	-1.5707963267948966	F
3315.135	3.2729999999996835	trials	3316.6446	3317.1669	6.0	[-1. -7.  1. -9.]	3.141592653589793	R
3318.66	5.333000000000084	trials	3321.404433333333	3322.6896333333334	2.0	[-9.  1. -7. -1.]	0.0	F
3324.244	3.730000000000018	trials	3325.5868	3326.867	5.0	[ 7.  1.  9. -1.]	-2.356194490192345	R
3328.225	4.2800000000002	trials	3330.2123	3331.330066666667	0.0	[-6.65685415 -4.65685415 -4.65685415 -6.65685415]	1.5707963267948966	R
3332.757	3.2660000000000764	trials	3334.1651	3334.7195	3.0	[-1.  9.  1.  7.]	-0.7853981633974483	F
3336.274	4.106999999999971	trials	3337.752033333333	3339.2006333333334	4.0	[ 4.65685415 -4.65685415  6.65685415 -6.65685415]	-1.5707963267948966	R
3340.632	5.099999999999909	trials	3343.0622	3344.4276	1.0	[-1. -7.  1. -9.]	0.7853981633974483	F
3345.983	2.4729999999999563	trials	3347.1192666666666		0.0	[4.65685415 6.65685415 6.65685415 4.65685415]	1.5707963267948966	A
3348.707	3.8160000000002583	trials	3350.5287333333335	3351.3377666666665	7.0	[-1.  9.  1.  7.]	2.356194490192345	R
3352.774	4.410000000000309	trials	3355.0439666666666	3355.9722666666667	6.0	[-6.65685415  6.65685415 -4.65685415  4.65685415]	3.141592653589793	R
3357.436	4.778999999999996	trials	3360.0002666666664	3361.1080333333334	5.0	[-9.  1. -7. -1.]	-2.356194490192345	R
3362.466	3.7350000000001273	trials	3364.229766666667	3364.8974333333335	3.0	[-6.65685415 -4.65685415 -4.65685415 -6.65685415]	-0.7853981633974483	F
3366.452	3.143999999999778	trials	3367.7425	3368.2928666666667	2.0	[ 4.65685415 -4.65685415  6.65685415 -6.65685415]	0.0	F
3369.848	3.1700000000000728	trials	3370.9584666666665	3371.8106	7.0	[ 7.  1.  9. -1.]	2.356194490192345	R
3373.269	3.292000000000371	trials	3374.7569	3375.375433333333	5.0	[-6.65685415  6.65685415 -4.65685415  4.65685415]	-2.356194490192345	R
3376.813	3.7979999999997744	trials	3378.2566	3379.3082	1.0	[-6.65685415 -4.65685415 -4.65685415 -6.65685415]	0.7853981633974483	F
3380.863	3.0280000000002474	trials	3381.4274666666665	3382.6966333333335	0.0	[4.65685415 6.65685415 6.65685415 4.65685415]	1.5707963267948966	R
3384.142	4.083000000000084	trials	3385.5697666666665	3386.9913	6.0	[-1.  9.  1.  7.]	3.141592653589793	R
3388.477	4.518000000000029	trials	3390.9812	3391.6919666666668	2.0	[-9.  1. -7. -1.]	0.0	F
3393.247	4.016000000000076	trials	3395.0092	3395.959566666667	4.0	[ 7.  1.  9. -1.]	-1.5707963267948966	F
3397.514	0.07400000000006912	trials				[nan nan nan nan]		A
3397.839	4.554999999999836	trials	3400.3595	3401.0071	7.0	[ 4.65685415 -4.65685415  6.65685415 -6.65685415]	2.356194490192345	R
3402.645	4.394999999999982	trials	3404.607033333333	3405.9694	0.0	[-6.65685415  6.65685415 -4.65685415  4.65685415]	1.5707963267948966	R
3407.292	4.838000000000193	trials	3409.7518	3410.9959	6.0	[-1.  9.  1.  7.]	3.141592653589793	R
3412.381	5.048000000000229	trials	3414.8153666666667	3416.1256333333336	2.0	[-9.  1. -7. -1.]	0.0	F
3417.681	2.56899999999996	trials	3418.3531666666668	3418.9737	5.0	[ 7.  1.  9. -1.]	-2.356194490192345	R
3420.502	4.019000000000233	trials	3421.7716666666665	3423.2182333333335	4.0	[-6.65685415 -4.65685415 -4.65685415 -6.65685415]	-1.5707963267948966	F
3424.773	3.013999999999669	trials	3425.7786	3426.483366666667	1.0	[-1. -7.  1. -9.]	0.7853981633974483	F
3428.038	3.206000000000131	trials	3429.2412	3429.9409333333333	3.0	[4.65685415 6.65685415 6.65685415 4.65685415]	-0.7853981633974483	F
3431.496	2.8409999999998945	trials	3432.1364	3433.0336333333335	3.0	[ 4.65685415 -4.65685415  6.65685415 -6.65685415]	-0.7853981633974483	F
3434.588	3.8969999999999345	trials	3435.910766666667	3437.1819333333333	1.0	[ 4.65685415 -4.65685415  6.65685415 -6.65685415]	0.7853981633974483	F
3438.737	3.895999999999731	trials	3440.1342666666665	3441.330233333333	2.0	[4.65685415 6.65685415 6.65685415 4.65685415]	0.0	F
3442.885	5.9979999999995925	trials	3446.6534333333334	3447.6549333333332	5.0	[ 7.  1.  9. -1.]	-2.356194490192345	R
3449.135	4.101999999999862	trials	3451.4694	3452.054866666667	7.0	[-6.65685415 -4.65685415 -4.65685415 -6.65685415]	2.356194490192345	R
3453.488	3.6720000000000255	trials	3455.2919	3455.9766	0.0	[-6.65685415  6.65685415 -4.65685415  4.65685415]	1.5707963267948966	R
3457.411	4.036999999999807	trials	3459.0783	3460.2031	6.0	[-1.  9.  1.  7.]	3.141592653589793	R
3461.7	4.263000000000375	trials	3463.176466666667	3464.6601666666666	4.0	[-9.  1. -7. -1.]	-1.5707963267948966	F
3466.215	2.824999999999818	trials	3466.9318	3467.7368	1.0	[-1. -7.  1. -9.]	0.7853981633974483	F
3469.292	2.6399999999998727	trials	3470.0746	3470.6289666666667	4.0	[4.65685415 6.65685415 6.65685415 4.65685415]	-1.5707963267948966	F
3472.184	3.23299999999972	trials	3473.0139	3474.1136333333334	2.0	[-1. -7.  1. -9.]	0.0	F
3475.669	3.4850000000001273	trials	3477.0900333333334	3477.9271	5.0	[ 7.  1.  9. -1.]	-2.356194490192345	R
3479.406	4.344000000000051	trials	3481.2092333333335	3482.6358	7.0	[-6.65685415 -4.65685415 -4.65685415 -6.65685415]	2.356194490192345	R
3484.001	3.9099999999998545	trials	3486.1465	3486.6738333333333	0.0	[-6.65685415  6.65685415 -4.65685415  4.65685415]	1.5707963267948966	R
3488.163	4.661999999999807	trials	3490.4121	3491.5509333333334	6.0	[-1.  9.  1.  7.]	3.141592653589793	R
3493.077	3.606999999999971	trials	3494.774933333333	3495.3804333333333	3.0	[-9.  1. -7. -1.]	-0.7853981633974483	F
3496.935	3.3589999999999236	trials	3497.8425666666667	3499.166833333333	5.0	[ 4.65685415 -4.65685415  6.65685415 -6.65685415]	-2.356194490192345	R
3500.545	4.163000000000011	trials	3501.9958666666666	3503.4033666666664	4.0	[-6.65685415 -4.65685415 -4.65685415 -6.65685415]	-1.5707963267948966	F
3504.959	3.669000000000324	trials	3506.1111	3507.3251	1.0	[-1. -7.  1. -9.]	0.7853981633974483	F
3508.88	3.2669999999998254	trials	3509.630833333333	3510.7486	0.0	[4.65685415 6.65685415 6.65685415 4.65685415]	1.5707963267948966	R
3512.399	3.61200000000008	trials	3513.9275	3514.7074333333335	2.0	[-1.  9.  1.  7.]	0.0	F
3516.262	3.618999999999687	trials	3517.3881	3518.5068666666666	6.0	[ 7.  1.  9. -1.]	3.141592653589793	R
3520.133	4.787000000000262	trials	3522.4957666666664	3523.8381	7.0	[-9.  1. -7. -1.]	2.356194490192345	R
3525.171	4.5470000000000255	trials	3527.2656	3528.4144666666666	3.0	[-6.65685415  6.65685415 -4.65685415  4.65685415]	-0.7853981633974483	F
3529.969	3.494999999999891	trials	3530.7763333333332	3532.160766666667	1.0	[ 4.65685415 -4.65685415  6.65685415 -6.65685415]	0.7853981633974483	F
3533.716	3.2390000000000327	trials	3534.7692333333334	3535.8359	7.0	[4.65685415 6.65685415 6.65685415 4.65685415]	2.356194490192345	R
3537.206	4.045000000000073	trials	3539.429833333333	3539.9521	6.0	[-6.65685415  6.65685415 -4.65685415  4.65685415]	3.141592653589793	R
3541.503	4.838999999999942	trials	3544.0733333333333	3545.037733333333	4.0	[-9.  1. -7. -1.]	-1.5707963267948966	F
3546.594	2.9969999999998436	trials	3547.448733333333	3548.379033333333	0.0	[-1. -7.  1. -9.]	1.5707963267948966	R
3549.843	3.843000000000302	trials	3551.7905	3552.381966666667	2.0	[-1.  9.  1.  7.]	0.0	F
3553.938	3.3279999999999745	trials	3555.4275333333335	3555.9548666666665	5.0	[ 7.  1.  9. -1.]	-2.356194490192345	R
3557.518	4.338999999999942	trials	3559.2971666666667	3560.553266666667	3.0	[-6.65685415 -4.65685415 -4.65685415 -6.65685415]	-0.7853981633974483	F
3562.108	2.8289999999997235	trials	3562.8840666666665	3563.6329333333333	3.0	[ 4.65685415 -4.65685415  6.65685415 -6.65685415]	-0.7853981633974483	F
3565.189	2.8450000000002547	trials	3566.3015333333333	3566.8288666666667	6.0	[ 4.65685415 -4.65685415  6.65685415 -6.65685415]	3.141592653589793	R
3568.285	4.213000000000193	trials	3570.1541	3571.1947	4.0	[-9.  1. -7. -1.]	-1.5707963267948966	F
3572.75	3.143999999999778	trials	3573.6969	3574.6563	0.0	[-1. -7.  1. -9.]	1.5707963267948966	R
3576.146	4.109999999999673	trials	3578.429666666667	3578.9529666666667	1.0	[-1.  9.  1.  7.]	0.7853981633974483	F
3580.508	2.9200000000000728	trials	3581.4832333333334	3582.1408666666666	5.0	[4.65685415 6.65685415 6.65685415 4.65685415]	-2.356194490192345	R
3583.68	4.2409999999999854	trials	3585.9202666666665	3586.7844	7.0	[-6.65685415 -4.65685415 -4.65685415 -6.65685415]	2.356194490192345	R
3588.173	3.8400000000001455	trials	3590.0475	3590.7091666666665	2.0	[-6.65685415  6.65685415 -4.65685415  4.65685415]	0.0	F
3592.265	3.343000000000302	trials	3593.0389333333333	3594.538666666667	5.0	[ 7.  1.  9. -1.]	-2.356194490192345	R
3595.86	4.435999999999694	trials	3598.126566666667	3598.9927333333335	4.0	[-6.65685415 -4.65685415 -4.65685415 -6.65685415]	-1.5707963267948966	F
3600.548	0.19000000000005457	trials				[nan nan nan nan]		A
3600.99	6.657000000000153	trials	3605.393633333333	3606.7951	6.0	[4.65685415 6.65685415 6.65685415 4.65685415]	3.141592653589793	I
3607.899	4.614000000000033	trials	3610.2737333333334	3611.2100666666665	3.0	[-9.  1. -7. -1.]	-0.7853981633974483	F
3612.765	3.213000000000193	trials	3614.0360666666666	3614.8260333333333	7.0	[ 4.65685415 -4.65685415  6.65685415 -6.65685415]	2.356194490192345	R
3616.23	3.838000000000193	trials	3618.1583	3618.837	0.0	[-6.65685415  6.65685415 -4.65685415  4.65685415]	1.5707963267948966	R
3620.32	3.9549999999999272	trials	3622.1432	3622.9712666666665	2.0	[-1.  9.  1.  7.]	0.0	F
3624.526	3.5970000000002074	trials	3625.8604333333333	3626.9902333333334	7.0	[ 7.  1.  9. -1.]	2.356194490192345	R
3628.375	4.199999999999818	trials	3630.242333333333	3631.4202333333333	6.0	[-6.65685415  6.65685415 -4.65685415  4.65685415]	3.141592653589793	R
3632.827	5.251999999999953	trials	3635.7951	3636.7745333333332	2.0	[-9.  1. -7. -1.]	0.0	F
3638.33	3.8600000000001273	trials	3639.8251	3641.0180666666665	0.0	[ 7.  1.  9. -1.]	1.5707963267948966	R
3642.442	4.4090000000001055	trials	3644.3032333333335	3645.5473333333334	4.0	[-1.  9.  1.  7.]	-1.5707963267948966	F
3647.102	3.831000000000131	trials	3648.5738333333334	3649.6294666666668	3.0	[-1. -7.  1. -9.]	-0.7853981633974483	F
3651.184	3.1469999999999345	trials	3652.1437	3653.0279	1.0	[ 4.65685415 -4.65685415  6.65685415 -6.65685415]	0.7853981633974483	F
3654.583	3.375999999999749	trials	3655.9441333333334	3656.6408666666666	5.0	[4.65685415 6.65685415 6.65685415 4.65685415]	-2.356194490192345	R
3658.211	2.3640000000000327	trials	3659.7606333333333		7.0	[-6.65685415 -4.65685415 -4.65685415 -6.65685415]	2.356194490192345	A
3660.826	8.144999999999982	trials	3666.5484666666666	3667.7073333333333	6.0	[-6.65685415  6.65685415 -4.65685415  4.65685415]	3.141592653589793	R
3669.222	5.981999999999971	trials	3673.0416	3673.9649	4.0	[-9.  1. -7. -1.]	-1.5707963267948966	R
3675.456	4.261999999999716	trials	3677.0545666666667	3678.4149333333335	2.0	[-1. -7.  1. -9.]	0.0	F
3679.97	3.4650000000001455	trials	3681.2991	3682.1321666666668	3.0	[ 7.  1.  9. -1.]	-0.7853981633974483	F
3683.687	2.5030000000001564	trials	3684.3286333333335	3684.8910333333333	0.0	[ 4.65685415 -4.65685415  6.65685415 -6.65685415]	1.5707963267948966	R
3686.442	3.7460000000000946	trials	3687.8694	3688.8849333333333	1.0	[-1.  9.  1.  7.]	0.7853981633974483	F
3690.44	3.2039999999997235	trials	3691.4212333333335	3692.5039333333334	5.0	[4.65685415 6.65685415 6.65685415 4.65685415]	-2.356194490192345	R
3693.895	3.961999999999989	trials	3695.4191666666666	3696.553966666667	1.0	[-6.65685415 -4.65685415 -4.65685415 -6.65685415]	0.7853981633974483	F
3698.109	3.4169999999999163	trials	3699.1253666666667	3700.4346	5.0	[4.65685415 6.65685415 6.65685415 4.65685415]	-2.356194490192345	R
3701.778	3.7960000000002765	trials	3703.41	3704.4886666666666	7.0	[-6.65685415 -4.65685415 -4.65685415 -6.65685415]	2.356194490192345	R
3705.826	4.371000000000095	trials	3707.7137	3708.893633333333	4.0	[-6.65685415  6.65685415 -4.65685415  4.65685415]	-1.5707963267948966	F
3710.448	3.456000000000131	trials	3711.9792666666667	3712.6138666666666	6.0	[-1. -7.  1. -9.]	3.141592653589793	R
3714.156	3.574000000000069	trials	3716.0083	3716.5466333333334	0.0	[-9.  1. -7. -1.]	1.5707963267948966	R
3717.981	3.506999999999607	trials	3719.2834333333335	3720.1846666666665	2.0	[-1.  9.  1.  7.]	0.0	F
3721.74	2.6910000000002583	trials	3722.444266666667	3723.1279666666665	3.0	[ 7.  1.  9. -1.]	-0.7853981633974483	F
3724.683	3.5779999999999745	trials	3725.656233333333	3726.9574666666667	2.0	[ 4.65685415 -4.65685415  6.65685415 -6.65685415]	0.0	F
3728.512	2.7829999999999018	trials	3729.2451666666666	3729.992	4.0	[ 7.  1.  9. -1.]	-1.5707963267948966	F
3731.547	3.242000000000189	trials	3732.6486	3733.4857	3.0	[-1. -7.  1. -9.]	-0.7853981633974483	F
3735.041	3.3969999999999345	trials	3736.3117	3737.2570333333333	0.0	[ 4.65685415 -4.65685415  6.65685415 -6.65685415]	1.5707963267948966	R
3738.69	4.255000000000109	trials	3740.8720333333335	3741.846433333333	7.0	[-1.  9.  1.  7.]	2.356194490192345	R
3743.197	3.475999999999658	trials	3744.5080666666668	3745.5306	6.0	[-6.65685415  6.65685415 -4.65685415  4.65685415]	3.141592653589793	R
3746.925	4.362999999999829	trials	3749.1997	3750.1560666666664	5.0	[-9.  1. -7. -1.]	-2.356194490192345	R
3751.54	4.0590000000001965	trials	3753.5765666666666	3754.2953666666667	1.0	[-6.65685415 -4.65685415 -4.65685415 -6.65685415]	0.7853981633974483	F
3755.85	3.0450000000000728	trials	3757.0732666666668	3757.5915333333332	2.0	[4.65685415 6.65685415 6.65685415 4.65685415]	0.0	F
3759.146	2.8299999999999272	trials	3760.0396333333333	3760.7082666666665	6.0	[ 7.  1.  9. -1.]	3.141592653589793	R
3762.228	11.293999999999869	trials	3772.0284		1.0	[-9.  1. -7. -1.]	0.7853981633974483	A
3773.774	4.072000000000116	trials	3775.3767	3776.7320666666665	7.0	[4.65685415 6.65685415 6.65685415 4.65685415]	2.356194490192345	R
3778.097	3.7279999999996107	trials	3779.4708666666666	3780.5214666666666	3.0	[-6.65685415  6.65685415 -4.65685415  4.65685415]	-0.7853981633974483	F
3782.076	3.643000000000029	trials	3783.5089	3784.7008666666666	0.0	[ 4.65685415 -4.65685415  6.65685415 -6.65685415]	1.5707963267948966	R
3785.971	4.1729999999997744	trials	3787.7434	3788.8411333333333	4.0	[-1.  9.  1.  7.]	-1.5707963267948966	F
3790.396	3.625999999999749	trials	3791.6761666666666	3792.8661333333334	5.0	[-1. -7.  1. -9.]	-2.356194490192345	R
3794.274	4.1150000000002365	trials	3795.8295	3796.6726	5.0	[-6.65685415 -4.65685415 -4.65685415 -6.65685415]	-2.356194490192345	R
3798.64	4.769999999999982	trials	3800.6895666666665	3802.1070666666665	1.0	[-6.65685415 -4.65685415 -4.65685415 -6.65685415]	0.7853981633974483	F
3803.662	3.1660000000001673	trials	3804.5782	3805.5245666666665	4.0	[4.65685415 6.65685415 6.65685415 4.65685415]	-1.5707963267948966	F
3807.079	1.0489999999999782	trials				[nan nan nan nan]		A
3808.38	3.0109999999999673	trials	3809.1505666666667	3810.1991666666668	6.0	[ 7.  1.  9. -1.]	3.141592653589793	R
3811.643	5.117000000000189	trials	3814.140966666667	3815.4572333333335	3.0	[-9.  1. -7. -1.]	-0.7853981633974483	F
3817.012	3.112999999999829	trials	3817.8040666666666	3819.0932666666668	0.0	[ 4.65685415 -4.65685415  6.65685415 -6.65685415]	1.5707963267948966	R
3820.376	1.5719999999996617	trials				[nan nan nan nan]		A
3822.2	2.4200000000000728	trials	3822.9057333333335	3823.408966666667	7.0	[-6.65685415  6.65685415 -4.65685415  4.65685415]	2.356194490192345	R
3824.872	5.539000000000215	trials	3827.9322	3829.108133333333	4.0	[-6.65685415  6.65685415 -4.65685415  4.65685415]	-1.5707963267948966	F
3830.663	3.1159999999999854	trials	3831.6053333333334	3832.5166	6.0	[-1. -7.  1. -9.]	3.141592653589793	R
3834.03	4.742999999999938	trials	3836.8714	3837.4699	3.0	[-9.  1. -7. -1.]	-0.7853981633974483	F
3839.025	3.663000000000011	trials	3840.520466666667	3841.3846	2.0	[ 4.65685415 -4.65685415  6.65685415 -6.65685415]	0.0	F
3842.939	4.04300000000012	trials	3844.352966666667	3845.678266666667	1.0	[ 7.  1.  9. -1.]	0.7853981633974483	F
3847.233	2.888999999999669	trials	3848.5814666666665	3849.2892333333334	0.0	[4.65685415 6.65685415 6.65685415 4.65685415]	1.5707963267948966	I
3850.374	4.412000000000262	trials	3852.3067333333333	3853.5969333333333	5.0	[-1.  9.  1.  7.]	-2.356194490192345	R
3855.038	4.5659999999998035	trials	3856.9111666666668	3858.3006	1.0	[-6.65685415 -4.65685415 -4.65685415 -6.65685415]	0.7853981633974483	F
3859.855	3.5979999999999563	trials	3860.8920333333335	3862.1973	6.0	[4.65685415 6.65685415 6.65685415 4.65685415]	3.141592653589793	R
3863.705	4.824000000000069	trials	3866.3025	3867.2257666666665	4.0	[-9.  1. -7. -1.]	-1.5707963267948966	F
3868.781	3.73700000000008	trials	3870.2202	3871.2948666666666	0.0	[-1. -7.  1. -9.]	1.5707963267948966	R
3872.77	4.70699999999988	trials	3874.861733333333	3876.3233666666665	5.0	[-1.  9.  1.  7.]	-2.356194490192345	R
3877.729	4.236000000000331	trials	3879.6516333333334	3880.6621333333333	2.0	[-6.65685415 -4.65685415 -4.65685415 -6.65685415]	0.0	F
3882.217	2.9329999999999927	trials	3883.3047	3883.8470333333335	3.0	[ 7.  1.  9. -1.]	-0.7853981633974483	F
3885.402	3.3159999999998035	trials	3886.5968666666668	3887.5322	7.0	[ 4.65685415 -4.65685415  6.65685415 -6.65685415]	2.356194490192345	R
3888.97	3.907000000000153	trials	3890.6579666666667	3891.8048	5.0	[-6.65685415  6.65685415 -4.65685415  4.65685415]	-2.356194490192345	R
3893.129	3.981000000000222	trials	3894.7220666666667	3896.0032333333334	0.0	[-6.65685415 -4.65685415 -4.65685415 -6.65685415]	1.5707963267948966	R
3897.362	3.775000000000091	trials	3899.0949	3899.931	6.0	[-1.  9.  1.  7.]	3.141592653589793	R
3901.389	4.096000000000004	trials	3903.564	3904.1815333333334	2.0	[-9.  1. -7. -1.]	0.0	F
3905.736	2.729000000000269	trials	3906.311833333333	3907.1619333333333	3.0	[ 7.  1.  9. -1.]	-0.7853981633974483	F
3908.717	2.9710000000000036	trials	3909.5338333333334	3910.3849333333333	4.0	[ 4.65685415 -4.65685415  6.65685415 -6.65685415]	-1.5707963267948966	F
3911.94	2.4160000000001673	trials	3912.9673666666667		7.0	[-1. -7.  1. -9.]	2.356194490192345	A
3914.607	4.994000000000142	trials	3917.3522333333335	3918.2976	1.0	[-6.65685415  6.65685415 -4.65685415  4.65685415]	0.7853981633974483	F
3919.852	1.3389999999999418	trials	3920.5492		1.0	[4.65685415 6.65685415 6.65685415 4.65685415]	0.7853981633974483	A
3921.442	27.277999999999793	trials				[nan nan nan nan]		A
3948.972	13.153999999999996	trials	3959.7054	3960.7059	0.0	[ 7.  1.  9. -1.]	1.5707963267948966	R
3962.378	3.944999999999709	trials	3964.4000666666666	3965.0186	3.0	[-1.  9.  1.  7.]	-0.7853981633974483	F
3966.574	3.5230000000001382	trials	3967.9679333333333	3968.6676666666667	6.0	[ 4.65685415 -4.65685415  6.65685415 -6.65685415]	3.141592653589793	R
3970.349	4.95699999999988	trials	3972.6255	3974.090133333333	5.0	[-9.  1. -7. -1.]	-2.356194490192345	R
3975.558	4.913000000000011	trials	3977.8414333333335	3979.2148666666667	7.0	[-6.65685415 -4.65685415 -4.65685415 -6.65685415]	2.356194490192345	R
3980.723	4.316000000000258	trials	3982.7055333333333	3983.7361	4.0	[-6.65685415  6.65685415 -4.65685415  4.65685415]	-1.5707963267948966	F
3985.291	3.2529999999997017	trials	3986.524	3987.2408	2.0	[-1. -7.  1. -9.]	0.0	F
3988.796	4.1840000000001965	trials	3990.3214333333335	3991.6768	4.0	[ 7.  1.  9. -1.]	-1.5707963267948966	F
3993.232	4.067000000000007	trials	3994.9439	3995.9955333333332	1.0	[-1. -7.  1. -9.]	0.7853981633974483	F
3997.55	3.5339999999996508	trials	3998.4666666666667	3999.7809333333335	0.0	[4.65685415 6.65685415 6.65685415 4.65685415]	1.5707963267948966	F
4001.336	2.6350000000002183	trials	4002.1087	4002.6681	7.0	[-1.  9.  1.  7.]	2.356194490192345	F
4004.223	3.3099999999999454	trials	4005.5632666666666	4006.2299333333335	3.0	[-6.65685415  6.65685415 -4.65685415  4.65685415]	-0.7853981633974483	F
4007.785	3.361000000000331	trials	4009.2173666666667	4009.879	5.0	[ 4.65685415 -4.65685415  6.65685415 -6.65685415]	-2.356194490192345	R
4011.398	4.281999999999698	trials	4013.0549	4014.4343	6.0	[-6.65685415 -4.65685415 -4.65685415 -6.65685415]	3.141592653589793	R
4015.932	4.028000000000247	trials	4017.3836333333334	4018.7319666666667	7.0	[-9.  1. -7. -1.]	2.356194490192345	R
4020.212	3.911999999999807	trials	4021.5299333333332	4022.8301666666666	6.0	[-6.65685415  6.65685415 -4.65685415  4.65685415]	3.141592653589793	R
4024.376	3.8919999999998254	trials	4025.6993	4027.0366	0.0	[-9.  1. -7. -1.]	1.5707963267948966	R
4028.519	4.37900000000036	trials	4031.0495666666666	4031.5939333333336	4.0	[-1.  9.  1.  7.]	-1.5707963267948966	F
4033.15	2.5899999999996908	trials	4033.7152	4034.4359666666664	1.0	[-1. -7.  1. -9.]	0.7853981633974483	F
4035.992	3.69399999999996	trials	4037.1858	4038.3827666666666	3.0	[4.65685415 6.65685415 6.65685415 4.65685415]	-0.7853981633974483	F
4039.938	3.518000000000029	trials	4041.1907666666666	4042.111033333333	5.0	[ 4.65685415 -4.65685415  6.65685415 -6.65685415]	-2.356194490192345	R
4043.708	3.5419999999999163	trials	4046.0969333333333		2.0	[-6.65685415 -4.65685415 -4.65685415 -6.65685415]	0.0	A
4047.501	3.9159999999997126	trials	4049.1665666666668	4050.241233333333	6.0	[ 7.  1.  9. -1.]	3.141592653589793	R
4051.669	4.675999999999931	trials	4053.9805	4055.041133333333	3.0	[-9.  1. -7. -1.]	-0.7853981633974483	F
4056.597	2.955999999999676	trials	4057.3418666666666	4058.2902	5.0	[ 4.65685415 -4.65685415  6.65685415 -6.65685415]	-2.356194490192345	R
4059.805	4.574000000000069	trials	4059.855666666667	4063.0761	8.0	[-6.65685415 -4.65685415 -4.65685415 -6.65685415]		F
4064.631	3.2910000000001673	trials	4065.890066666667	4066.5848	0.0	[ 7.  1.  9. -1.]	1.5707963267948966	R
4068.174	4.213000000000193	trials	4070.0664666666667	4071.0839666666666	1.0	[-1.  9.  1.  7.]	0.7853981633974483	F
4072.639	3.2469999999998436	trials	4073.5531	4074.6919333333335	7.0	[4.65685415 6.65685415 6.65685415 4.65685415]	2.356194490192345	R
4076.138	4.8270000000002256	trials	4078.2167	4079.6612666666665	4.0	[-6.65685415  6.65685415 -4.65685415  4.65685415]	-1.5707963267948966	F
4081.216	2.7800000000002	trials	4081.909866666667	4082.7319	0.0	[-1. -7.  1. -9.]	1.5707963267948966	R
4084.248	3.688999999999851	trials	4085.8847333333333	4086.709766666667	6.0	[-1.  9.  1.  7.]	3.141592653589793	R
4088.188	4.91399999999976	trials	4090.3969333333334	4091.7984	3.0	[-9.  1. -7. -1.]	-0.7853981633974483	F
4093.353	3.5640000000003056	trials	4094.6114	4095.6139	2.0	[ 4.65685415 -4.65685415  6.65685415 -6.65685415]	0.0	F
4097.169	3.555000000000291	trials	4098.101066666667	4099.419333333333	1.0	[ 7.  1.  9. -1.]	0.7853981633974483	F
4100.975	3.1289999999999054	trials	4101.608766666666	4102.885933333333	4.0	[4.65685415 6.65685415 6.65685415 4.65685415]	-1.5707963267948966	R
4104.356	4.847000000000662	trials	4106.800666666667	4108.001633333333	5.0	[-1. -7.  1. -9.]	-2.356194490192345	R
4109.454	3.3770000000004075	trials	4110.818633333333	4111.595566666667	7.0	[-6.65685415 -4.65685415 -4.65685415 -6.65685415]	2.356194490192345	R
4113.082	4.5549999999993815	trials	4115.294766666667	4116.333333333333	1.0	[-6.65685415  6.65685415 -4.65685415  4.65685415]	0.7853981633974483	F
4117.888	3.25	trials	4119.149333333334	4119.8731333333335	0.0	[4.65685415 6.65685415 6.65685415 4.65685415]	1.5707963267948966	R
4121.39	4.210999999999331	trials	4123.509166666667	4124.424433333334	7.0	[-1.  9.  1.  7.]	2.356194490192345	R
4125.853	3.970999999999549	trials	4127.948166666667	4128.5206	3.0	[-6.65685415  6.65685415 -4.65685415  4.65685415]	-0.7853981633974483	F
4130.075	3.979000000000269	trials	4131.438833333334	4132.921533333333	5.0	[ 4.65685415 -4.65685415  6.65685415 -6.65685415]	-2.356194490192345	R
4134.306	3.962000000000444	trials	4136.0874	4136.9645666666665	2.0	[-6.65685415 -4.65685415 -4.65685415 -6.65685415]	0.0	F
4138.519	3.048999999999978	trials	4139.163033333333	4140.210633333333	6.0	[ 7.  1.  9. -1.]	3.141592653589793	R
4141.82	4.298999999999978	trials	4143.810566666667	4144.816066666666	4.0	[-9.  1. -7. -1.]	-1.5707963267948966	F
4146.371	3.131000000000313	trials	4147.017533333334	4148.186433333333	0.0	[-1. -7.  1. -9.]	1.5707963267948966	R
4149.753	4.642000000000735	trials	4151.938733333333	4153.0916	1.0	[-1.  9.  1.  7.]	0.7853981633974483	F
4154.646	3.8320000000003347	trials	4155.8294	4157.173733333333	3.0	[4.65685415 6.65685415 6.65685415 4.65685415]	-0.7853981633974483	F
4158.73	3.160000000000764	trials	4159.312066666666	4160.587233333334	2.0	[ 4.65685415 -4.65685415  6.65685415 -6.65685415]	0.0	F
4162.142	3.980999999999767	trials	4163.370133333333	4164.862833333334	7.0	[ 7.  1.  9. -1.]	2.356194490192345	R
4166.375	3.8140000000003056	trials	4168.1841	4168.863766666666	6.0	[-6.65685415  6.65685415 -4.65685415  4.65685415]	3.141592653589793	R
4170.441	5.0479999999997744	trials	4172.712333333333	4174.185	4.0	[-9.  1. -7. -1.]	-1.5707963267948966	F
4175.741	3.193000000000211	trials	4176.880666666667	4177.632533333333	5.0	[-1. -7.  1. -9.]	-2.356194490192345	R
4179.185	3.719000000000051	trials	4180.8385	4181.606433333333	0.0	[-6.65685415 -4.65685415 -4.65685415 -6.65685415]	1.5707963267948966	R
4183.155	4.055000000000291	trials	4185.191333333333	4185.9071	2.0	[-1.  9.  1.  7.]	0.0	F
4187.462	3.157999999999447	trials	4188.6048	4189.311566666666	7.0	[ 7.  1.  9. -1.]	2.356194490192345	R
4190.871	4.670000000000073	trials	4192.934533333333	4194.237766666667	4.0	[-6.65685415  6.65685415 -4.65685415  4.65685415]	-1.5707963267948966	F
4195.793	3.8020000000005894	trials	4197.243233333334	4198.288833333333	5.0	[-1. -7.  1. -9.]	-2.356194490192345	R
4199.847	4.230000000000473	trials	4201.474766666666	4202.801033333333	6.0	[-6.65685415 -4.65685415 -4.65685415 -6.65685415]	3.141592653589793	R
4204.329	4.016999999999825	trials	4206.509266666667	4207.042566666667	3.0	[-9.  1. -7. -1.]	-0.7853981633974483	F
4208.597	3.850000000000364	trials	4209.8275	4211.143766666667	1.0	[ 4.65685415 -4.65685415  6.65685415 -6.65685415]	0.7853981633974483	F
4212.699	3.9030000000002474	trials	4214.106133333334	4215.336166666667	5.0	[4.65685415 6.65685415 6.65685415 4.65685415]	-2.356194490192345	R
4216.854	3.243999999999687	trials	4218.082	4218.894	0.0	[-6.65685415 -4.65685415 -4.65685415 -6.65685415]	1.5707963267948966	R
4220.35	5.009999999999309	trials	4222.891933333333	4224.262333333333	7.0	[-1.  9.  1.  7.]	2.356194490192345	R
4225.612	3.9390000000003056	trials	4227.089366666667	4228.248233333334	4.0	[-6.65685415  6.65685415 -4.65685415  4.65685415]	-1.5707963267948966	F
4229.803	2.8010000000003856	trials	4230.463733333333	4231.2998	1.0	[-1. -7.  1. -9.]	0.7853981633974483	F
4232.856	3.048999999999978	trials	4233.922333333333	4234.602	2.0	[4.65685415 6.65685415 6.65685415 4.65685415]	0.0	F
4236.157	3.1779999999998836	trials	4237.3719	4237.9814	6.0	[ 7.  1.  9. -1.]	3.141592653589793	R
4239.586	4.2479999999995925	trials	4241.4811	4242.5307	3.0	[-9.  1. -7. -1.]	-0.7853981633974483	F
4244.086	3.657000000000153	trials	4245.301566666667	4246.4394	2.0	[ 4.65685415 -4.65685415  6.65685415 -6.65685415]	0.0	F
4247.994	3.5010000000002037	trials	4249.3696666666665	4250.190733333333	1.0	[ 7.  1.  9. -1.]	0.7853981633974483	F
4251.747	3.657999999999447	trials	4253.259333333333	4254.0844	5.0	[4.65685415 6.65685415 6.65685415 4.65685415]	-2.356194490192345	R
4255.656	3.9719999999997526	trials	4257.539966666666	4258.324933333333	3.0	[-6.65685415 -4.65685415 -4.65685415 -6.65685415]	-0.7853981633974483	F
4259.88	2.9390000000003056	trials	4260.671733333334	4261.4607	6.0	[ 4.65685415 -4.65685415  6.65685415 -6.65685415]	3.141592653589793	R
4263.071	3.9580000000005384	trials	4264.806	4265.7253	4.0	[-9.  1. -7. -1.]	-1.5707963267948966	F
4267.28	3.097000000000662	trials	4268.117233333333	4269.170833333334	7.0	[-1. -7.  1. -9.]	2.356194490192345	R
4270.628	4.0020000000004075	trials	4272.081066666667	4273.4645	0.0	[-6.65685415  6.65685415 -4.65685415  4.65685415]	1.5707963267948966	R
4274.882	4.530000000000655	trials	4276.913066666667	4278.163166666666	7.0	[-1.  9.  1.  7.]	2.356194490192345	R
4279.664	4.694000000000415	trials	4282.116	4283.053333333333	2.0	[-6.65685415  6.65685415 -4.65685415  4.65685415]	0.0	F
4284.609	3.9420000000000073	trials	4286.077833333334	4287.1966	6.0	[ 7.  1.  9. -1.]	3.141592653589793	R
4288.803	4.03400000000056	trials	4290.3324	4291.6657	0.0	[-9.  1. -7. -1.]	1.5707963267948966	R
4293.088	4.173000000000684	trials	4295.0481	4295.956366666666	3.0	[-1.  9.  1.  7.]	-0.7853981633974483	F
4297.512	3.8209999999999127	trials	4298.8134666666665	4300.029466666667	4.0	[ 4.65685415 -4.65685415  6.65685415 -6.65685415]	-1.5707963267948966	F
4301.584	3.9420000000000073	trials	4302.7312	4304.2219	5.0	[-1. -7.  1. -9.]	-2.356194490192345	F
4305.778	3.319999999999709	trials	4306.344166666667	4307.794766666667	1.0	[-6.65685415 -4.65685415 -4.65685415 -6.65685415]	0.7853981633974483	F
4309.35	3.8350000000000364	trials	4310.777166666667	4311.8819	4.0	[4.65685415 6.65685415 6.65685415 4.65685415]	-1.5707963267948966	F
4313.437	3.6210000000000946	trials	4315.141	4315.754533333334	5.0	[-1. -7.  1. -9.]	-2.356194490192345	F
4317.309	4.287999999999556	trials	4319.299333333333	4320.187533333334	0.0	[-6.65685415 -4.65685415 -4.65685415 -6.65685415]	1.5707963267948966	R
4321.849	3.751999999999498	trials	4323.7624	4324.297733333334	1.0	[-1.  9.  1.  7.]	0.7853981633974483	F
4325.853	3.5140000000001237	trials	4327.2992	4328.0641	2.0	[4.65685415 6.65685415 6.65685415 4.65685415]	0.0	F
4329.619	3.761000000000422	trials	4330.947233333333	4332.0169	6.0	[ 7.  1.  9. -1.]	3.141592653589793	R
4333.632	3.469000000000051	trials	4335.060466666667	4335.7973	3.0	[-9.  1. -7. -1.]	-0.7853981633974483	F
4337.352	3.9160000000001673	trials	4338.759633333333	4340.113	7.0	[ 4.65685415 -4.65685415  6.65685415 -6.65685415]	2.356194490192345	R
4341.52	4.174999999999272	trials	4343.3179666666665	4344.566066666666	6.0	[-6.65685415  6.65685415 -4.65685415  4.65685415]	3.141592653589793	R
4345.947	4.5090000000000146	trials	4348.2402	4348.879766666667	5.0	[-9.  1. -7. -1.]	-2.356194490192345	R
4350.707	4.411999999999352	trials	4352.781466666666	4353.8160333333335	2.0	[-6.65685415 -4.65685415 -4.65685415 -6.65685415]	0.0	F
4355.371	3.032000000000153	trials	4356.3633666666665	4357.0992	1.0	[ 7.  1.  9. -1.]	0.7853981633974483	F
4358.655	3.253000000000611	trials	4360.0385	4360.637966666666	7.0	[4.65685415 6.65685415 6.65685415 4.65685415]	2.356194490192345	R
4362.16	4.496000000000095	trials	4364.253966666667	4365.5151	0.0	[-6.65685415  6.65685415 -4.65685415  4.65685415]	1.5707963267948966	R
4366.908	4.791999999999462	trials	4369.047866666667	4370.3972	4.0	[-1.  9.  1.  7.]	-1.5707963267948966	F
4371.952	3.194999999999709	trials	4372.790133333333	4373.843766666667	3.0	[-1. -7.  1. -9.]	-0.7853981633974483	F
4375.399	2.9729999999999563	trials	4375.9881	4377.0798	6.0	[ 4.65685415 -4.65685415  6.65685415 -6.65685415]	3.141592653589793	R
4378.624	4.287000000000262	trials	4380.770966666667	4381.608033333333	3.0	[-9.  1. -7. -1.]	-0.7853981633974483	F
4383.163	3.6500000000005457	trials	4384.461133333333	4385.471633333334	5.0	[ 4.65685415 -4.65685415  6.65685415 -6.65685415]	-2.356194490192345	R
4387.065	3.563000000000102	trials	4388.812933333334	4389.3252	4.0	[-6.65685415 -4.65685415 -4.65685415 -6.65685415]	-1.5707963267948966	F
4390.88	3.394999999999527	trials	4392.002866666667	4393.056466666667	7.0	[-1. -7.  1. -9.]	2.356194490192345	R
4394.526	5.0789999999997235	trials	4397.082466666667	4398.499	0.0	[-6.65685415  6.65685415 -4.65685415  4.65685415]	1.5707963267948966	R
4399.856	3.8090000000001965	trials	4401.584666666667	4402.3615666666665	2.0	[-1.  9.  1.  7.]	0.0	F
4403.916	3.4769999999998618	trials	4405.211666666667	4406.089833333333	1.0	[ 7.  1.  9. -1.]	0.7853981633974483	F
4407.645	3.3840000000000146	trials	4408.3304	4409.7248666666665	2.0	[4.65685415 6.65685415 6.65685415 4.65685415]	0.0	F
4411.281	3.48700000000008	trials	4412.0777	4413.465166666667	3.0	[ 7.  1.  9. -1.]	-0.7853981633974483	F
4415.02	3.061999999999898	trials	4416.134766666667	4416.8776333333335	7.0	[ 4.65685415 -4.65685415  6.65685415 -6.65685415]	2.356194490192345	R
4418.333	4.592000000000553	trials	4420.675066666667	4421.6204	1.0	[-6.65685415  6.65685415 -4.65685415  4.65685415]	0.7853981633974483	F
4423.176	3.162999999999556	trials	4424.492533333333	4425.010833333334	0.0	[4.65685415 6.65685415 6.65685415 4.65685415]	1.5707963267948966	R
4426.591	4.344000000000051	trials	4428.553633333333	4429.766633333334	6.0	[-1.  9.  1.  7.]	3.141592653589793	R
4431.186	4.220000000000255	trials	4433.0618	4434.234733333334	5.0	[-9.  1. -7. -1.]	-2.356194490192345	R
4435.657	3.501999999999498	trials	4437.195066666667	4437.855733333334	4.0	[-6.65685415 -4.65685415 -4.65685415 -6.65685415]	-1.5707963267948966	F
4439.411	3.632999999999811	trials	4440.378966666667	4441.740366666667	3.0	[-1. -7.  1. -9.]	-0.7853981633974483	F
4443.295	2.631000000000313	trials	4443.9689	4444.7418	7.0	[ 4.65685415 -4.65685415  6.65685415 -6.65685415]	2.356194490192345	R
4446.177	4.204999999999927	trials	4447.903666666667	4449.0786	2.0	[-6.65685415  6.65685415 -4.65685415  4.65685415]	0.0	F
4450.633	3.71100000000024	trials	4451.5387	4453.040433333334	4.0	[ 7.  1.  9. -1.]	-1.5707963267948966	F
4454.595	3.2919999999994616	trials	4455.666933333333	4456.796733333334	6.0	[-1. -7.  1. -9.]	3.141592653589793	R
4458.139	4.278000000000247	trials	4460.027766666667	4461.228766666667	0.0	[-9.  1. -7. -1.]	1.5707963267948966	R
4462.668	4.11200000000008	trials	4464.681333333333	4465.4763	1.0	[-1.  9.  1.  7.]	0.7853981633974483	F
4467.031	4.203000000000429	trials	4468.480766666667	4469.9825	5.0	[4.65685415 6.65685415 6.65685415 4.65685415]	-2.356194490192345	R
4471.485	4.785000000000764	trials	4473.583433333333	4474.966866666667	1.0	[-6.65685415 -4.65685415 -4.65685415 -6.65685415]	0.7853981633974483	F
4476.522	3.8339999999998327	trials	4477.728733333333	4479.098133333333	6.0	[4.65685415 6.65685415 6.65685415 4.65685415]	3.141592653589793	R
4480.608	5.1599999999998545	trials	4483.07	4484.499533333334	5.0	[-9.  1. -7. -1.]	-2.356194490192345	R
4486.019	3.1979999999994106	trials	4487.4699	4488.012266666667	7.0	[-6.65685415 -4.65685415 -4.65685415 -6.65685415]	2.356194490192345	R
4489.469	5.02599999999984	trials	4491.831733333333	4493.191133333334	3.0	[-6.65685415  6.65685415 -4.65685415  4.65685415]	-0.7853981633974483	F
4494.747	3.8040000000000873	trials	4495.993066666667	4497.2482	2.0	[ 4.65685415 -4.65685415  6.65685415 -6.65685415]	0.0	F
4498.803	3.498000000000502	trials	4499.931866666667	4500.9965	4.0	[ 7.  1.  9. -1.]	-1.5707963267948966	F
4502.552	3.0700000000006185	trials	4503.3714	4504.518233333333	0.0	[-1. -7.  1. -9.]	1.5707963267948966	R
4505.874	4.7260000000005675	trials	4508.130233333333	4509.515666666666	0.0	[-1.  9.  1.  7.]	1.5707963267948966	R
4510.852	3.3779999999997017	trials	4512.3066	4512.927133333334	3.0	[-1.  9.  1.  7.]	-0.7853981633974483	F
4514.482	2.605999999999767	trials	4515.178733333333	4515.785233333333	2.0	[ 4.65685415 -4.65685415  6.65685415 -6.65685415]	0.0	F
4517.34	3.2299999999995634	trials	4518.009733333333	4519.487433333334	7.0	[ 7.  1.  9. -1.]	2.356194490192345	R
4520.822	3.9729999999999563	trials	4522.412666666667	4523.6628	6.0	[-6.65685415  6.65685415 -4.65685415  4.65685415]	3.141592653589793	R
4525.046	3.7919999999994616	trials	4526.9259	4527.5695	5.0	[-9.  1. -7. -1.]	-2.356194490192345	R
4529.089	3.9849999999996726	trials	4530.5499	4531.770933333333	4.0	[-6.65685415 -4.65685415 -4.65685415 -6.65685415]	-1.5707963267948966	F
4533.326	3.7470000000002983	trials	4534.753333333333	4535.7698666666665	1.0	[-1. -7.  1. -9.]	0.7853981633974483	F
4537.325	3.5780000000004293	trials	4538.656	4539.465033333333	5.0	[4.65685415 6.65685415 6.65685415 4.65685415]	-2.356194490192345	R
4541.154	4.166999999999462	trials	4543.1321333333335	4544.017333333333	2.0	[-6.65685415 -4.65685415 -4.65685415 -6.65685415]	0.0	F
4545.572	3.1729999999997744	trials	4546.284966666667	4547.489966666667	6.0	[ 7.  1.  9. -1.]	3.141592653589793	R
4548.997	4.628999999999905	trials	4551.023733333333	4552.5234666666665	0.0	[-9.  1. -7. -1.]	1.5707963267948966	R
4553.878	4.875	trials	4556.174533333334	4557.4497	3.0	[-1.  9.  1.  7.]	-0.7853981633974483	F
4559.005	2.7609999999995125	trials	4559.725333333334	4560.463166666666	1.0	[ 4.65685415 -4.65685415  6.65685415 -6.65685415]	0.7853981633974483	F
4562.018	3.113999999999578	trials	4563.205966666666	4563.828533333333	4.0	[4.65685415 6.65685415 6.65685415 4.65685415]	-1.5707963267948966	F
4565.383	3.5399999999999636	trials	4566.849033333333	4567.676066666667	7.0	[-1. -7.  1. -9.]	2.356194490192345	R
4569.175	4.005000000000109	trials	4570.8219	4572.045933333334	0.0	[-6.65685415  6.65685415 -4.65685415  4.65685415]	1.5707963267948966	R
4573.431	4.369000000000597	trials	4575.626833333334	4576.496966666667	1.0	[-1.  9.  1.  7.]	0.7853981633974483	F
4578.052	3.9520000000002256	trials	4579.580633333333	4580.7355	7.0	[4.65685415 6.65685415 6.65685415 4.65685415]	2.356194490192345	R
4582.255	3.7650000000003274	trials	4583.7229333333335	4584.7164	2.0	[-6.65685415  6.65685415 -4.65685415  4.65685415]	0.0	F
4586.271	2.7310000000006767	trials	4586.954933333333	4587.769966666667	6.0	[ 7.  1.  9. -1.]	3.141592653589793	R
4589.254	4.5659999999998035	trials	4591.192466666666	4592.516766666667	3.0	[-9.  1. -7. -1.]	-0.7853981633974483	F
4594.072	3.032000000000153	trials	4595.137266666667	4595.8009	4.0	[ 4.65685415 -4.65685415  6.65685415 -6.65685415]	-1.5707963267948966	F
4597.356	3.3720000000002983	trials	4598.594866666666	4599.455	5.0	[-1. -7.  1. -9.]	-2.356194490192345	R
4600.98	3.4390000000003056	trials	4602.539633333334	4603.085	6.0	[-6.65685415 -4.65685415 -4.65685415 -6.65685415]	3.141592653589793	R
4604.671	4.639999999999418	trials	4607.296466666667	4608.008233333333	3.0	[-9.  1. -7. -1.]	-0.7853981633974483	F
4609.563	4.229000000000269	trials	4610.992633333333	4612.4873333333335	4.0	[ 4.65685415 -4.65685415  6.65685415 -6.65685415]	-1.5707963267948966	F
4614.043	0.10100000000056752	trials				[nan nan nan nan]		A
4614.396	4.025000000000546	trials	4615.945933333333	4617.211066666667	5.0	[-6.65685415  6.65685415 -4.65685415  4.65685415]	-2.356194490192345	R
4618.673	1.037000000000262	trials				[nan nan nan nan]		A
4619.962	4.095999999999549	trials	4621.436566666666	4622.753833333333	2.0	[4.65685415 6.65685415 6.65685415 4.65685415]	0.0	F
4624.31	3.145999999999731	trials	4625.372333333334	4626.218433333333	0.0	[ 7.  1.  9. -1.]	1.5707963267948966	R
4627.707	2.183999999999287	trials	4629.713133333334		2.0	[-1.  9.  1.  7.]	0.0	A
4630.142	0.14900000000034197	trials				[nan nan nan nan]		A
4630.542	0.08799999999973807	trials				[nan nan nan nan]		A
4630.882	2.838999999999942	trials	4631.869466666667	4632.417833333333	6.0	[-1. -7.  1. -9.]	3.141592653589793	F
4633.973	3.632999999999811	trials	4635.357133333333	4636.1150333333335	5.0	[-9.  1. -7. -1.]	-2.356194490192345	R
4637.857	3.1840000000001965	trials	4639.342033333333	4639.8813666666665	7.0	[-6.65685415 -4.65685415 -4.65685415 -6.65685415]	2.356194490192345	R
4641.293	4.314000000000306	trials	4643.267766666667	4644.562	0.0	[-6.65685415  6.65685415 -4.65685415  4.65685415]	1.5707963267948966	R
4645.858	5.2960000000002765	trials	4648.372466666667	4649.851133333334	3.0	[-1.  9.  1.  7.]	-0.7853981633974483	F
4651.406	3.6909999999998035	trials	4652.679133333333	4653.793933333333	3.0	[ 4.65685415 -4.65685415  6.65685415 -6.65685415]	-0.7853981633974483	F
4655.349	4.208999999999833	trials	4656.774333333334	4658.255	1.0	[ 4.65685415 -4.65685415  6.65685415 -6.65685415]	0.7853981633974483	F
4659.81	3.582999999999629	trials	4660.6910333333335	4662.0885	0.0	[4.65685415 6.65685415 6.65685415 4.65685415]	1.5707963267948966	F
4663.644	3.243999999999687	trials	4665.054866666666	4665.5842	4.0	[-1.  9.  1.  7.]	-1.5707963267948966	F
4667.14	3.03899999999976	trials	4668.343033333334	4668.875366666667	5.0	[-1. -7.  1. -9.]	-2.356194490192345	F
4670.43	4.054000000000087	trials	4672.664766666667	4673.181066666667	2.0	[-6.65685415 -4.65685415 -4.65685415 -6.65685415]	0.0	F
4674.736	2.7849999999998545	trials	4675.389533333333	4676.242666666667	6.0	[ 7.  1.  9. -1.]	3.141592653589793	R
4677.772	4.216000000000349	trials	4680.276666666667	4680.818033333333	7.0	[-9.  1. -7. -1.]	2.356194490192345	R
4682.24	3.9409999999998035	trials	4684.201433333334	4684.9883666666665	6.0	[-6.65685415  6.65685415 -4.65685415  4.65685415]	3.141592653589793	R
4686.433	4.556999999999789	trials	4688.608366666666	4689.846433333333	0.0	[-9.  1. -7. -1.]	1.5707963267948966	R
4691.242	5.041999999999462	trials	4693.6579	4694.9812	4.0	[-1.  9.  1.  7.]	-1.5707963267948966	F
4696.536	3.350000000000364	trials	4697.614733333333	4698.5831333333335	3.0	[-1. -7.  1. -9.]	-0.7853981633974483	F
4700.138	3.2700000000004366	trials	4701.3109	4702.218166666667	5.0	[ 4.65685415 -4.65685415  6.65685415 -6.65685415]	-2.356194490192345	R
4703.66	3.506000000000313	trials	4705.1614666666665	4705.8622	1.0	[-6.65685415 -4.65685415 -4.65685415 -6.65685415]	0.7853981633974483	F
4707.418	3.8450000000002547	trials	4708.751366666666	4709.959366666667	2.0	[4.65685415 6.65685415 6.65685415 4.65685415]	0.0	F
4711.514	2.787999999999556	trials	4712.452566666667	4713.1453	7.0	[ 7.  1.  9. -1.]	2.356194490192345	R
4714.554	3.680000000000291	trials	4716.114666666666	4717.1743	0.0	[-6.65685415  6.65685415 -4.65685415  4.65685415]	1.5707963267948966	R
4718.486	4.71100000000024	trials	4720.850433333333	4721.894033333333	2.0	[-1.  9.  1.  7.]	0.0	F
4723.449	2.8900000000003274	trials	4724.040333333333	4725.114	5.0	[ 7.  1.  9. -1.]	-2.356194490192345	R
4726.591	3.6920000000000073	trials	4728.136533333333	4728.9796	3.0	[-6.65685415 -4.65685415 -4.65685415 -6.65685415]	-0.7853981633974483	F
4730.534	3.6760000000003856	trials	4732.027166666667	4732.906366666667	1.0	[ 4.65685415 -4.65685415  6.65685415 -6.65685415]	0.7853981633974483	F
4734.461	2.7979999999997744	trials	4735.237166666667	4735.956933333333	7.0	[4.65685415 6.65685415 6.65685415 4.65685415]	2.356194490192345	R
4737.511	4.300999999999476	trials	4739.943833333334	4740.509233333333	4.0	[-6.65685415  6.65685415 -4.65685415  4.65685415]	-1.5707963267948966	F
4742.064	3.056999999999789	trials	4742.9904	4743.816466666667	6.0	[-1. -7.  1. -9.]	3.141592653589793	R
4745.372	4.26299999999992	trials	4747.410366666667	4748.357733333333	5.0	[-9.  1. -7. -1.]	-2.356194490192345	R
4749.887	1.7570000000005166	trials				[nan nan nan nan]		A
4751.896	3.72400000000016	trials	4753.209766666667	4754.316533333334	2.0	[-1. -7.  1. -9.]	0.0	F
4755.871	2.8890000000001237	trials	4756.7175	4757.4834	6.0	[ 7.  1.  9. -1.]	3.141592653589793	R
4759.011	4.482999999999265	trials	4760.821666666667	4762.191066666666	3.0	[-9.  1. -7. -1.]	-0.7853981633974483	F
4763.746	3.2229999999999563	trials	4765.041166666667	4765.7338666666665	0.0	[ 4.65685415 -4.65685415  6.65685415 -6.65685415]	1.5707963267948966	R
4767.221	3.7960000000002765	trials	4768.9599	4769.7709	7.0	[-1.  9.  1.  7.]	2.356194490192345	R
4771.269	4.219000000000051	trials	4773.087133333333	4774.1848666666665	1.0	[-6.65685415  6.65685415 -4.65685415  4.65685415]	0.7853981633974483	F
4775.74	3.8450000000002547	trials	4776.827433333333	4778.157733333333	6.0	[4.65685415 6.65685415 6.65685415 4.65685415]	3.141592653589793	I
4779.837	4.300999999999476	trials	4782.076466666666	4782.9436	7.0	[-9.  1. -7. -1.]	2.356194490192345	R
4784.389	4.543999999999869	trials	4786.510466666667	4787.628233333333	2.0	[-6.65685415  6.65685415 -4.65685415  4.65685415]	0.0	F
4789.184	2.936999999999898	trials	4790.131466666667	4790.8683	5.0	[ 7.  1.  9. -1.]	-2.356194490192345	R
4792.373	4.707000000000335	trials	4794.715833333334	4795.776466666666	3.0	[-6.65685415 -4.65685415 -4.65685415 -6.65685415]	-0.7853981633974483	F
4797.331	2.813000000000102	trials	4798.065166666666	4798.994466666667	0.0	[ 4.65685415 -4.65685415  6.65685415 -6.65685415]	1.5707963267948966	R
4800.396	3.9030000000002474	trials	4802.2154666666665	4802.9954	4.0	[-1.  9.  1.  7.]	-1.5707963267948966	F
4804.55	3.4219999999995707	trials	4806.113133333333	4806.6685333333335	1.0	[-1. -7.  1. -9.]	0.7853981633974483	F
4808.223	3.5330000000003565	trials	4810.0379	4810.586266666666	0.0	[4.65685415 6.65685415 6.65685415 4.65685415]	1.5707963267948966	R
4812.008	4.574999999999818	trials	4814.415766666667	4815.2799	2.0	[-1.  9.  1.  7.]	0.0	F
4816.835	3.7830000000003565	trials	4818.234233333334	4819.314933333333	1.0	[ 7.  1.  9. -1.]	0.7853981633974483	F
4820.87	2.9700000000002547	trials	4821.787066666667	4822.3214	6.0	[4.65685415 6.65685415 6.65685415 4.65685415]	3.141592653589793	R
4824.092	4.261000000000422	trials	4826.1539	4827.050133333333	4.0	[-9.  1. -7. -1.]	-1.5707963267948966	F
4828.605	3.865000000000691	trials	4829.987433333334	4831.241533333333	5.0	[-1. -7.  1. -9.]	-2.356194490192345	R
4832.721	4.051000000000386	trials	4834.434466666667	4835.627433333333	7.0	[-6.65685415 -4.65685415 -4.65685415 -6.65685415]	2.356194490192345	R
4837.024	5.117999999999483	trials	4839.4258666666665	4840.838366666667	3.0	[-6.65685415  6.65685415 -4.65685415  4.65685415]	-0.7853981633974483	F
4842.393	2.832999999999629	trials	4843.276433333333	4843.9230333333335	2.0	[ 4.65685415 -4.65685415  6.65685415 -6.65685415]	0.0	F
4845.478	3.5559999999995853	trials	4846.3681	4847.759566666667	6.0	[ 7.  1.  9. -1.]	3.141592653589793	R
4849.285	3.931999999999789	trials	4850.989566666667	4851.912866666667	1.0	[-9.  1. -7. -1.]	0.7853981633974483	F
4853.469	3.149000000000342	trials	4854.7429	4855.4717	7.0	[4.65685415 6.65685415 6.65685415 4.65685415]	2.356194490192345	R
4856.869	4.2590000000000146	trials	4858.7418333333335	4859.915733333333	5.0	[-6.65685415  6.65685415 -4.65685415  4.65685415]	-2.356194490192345	R
4861.379	3.881000000000313	trials	4863.1588	4864.110166666666	0.0	[-6.65685415 -4.65685415 -4.65685415 -6.65685415]	1.5707963267948966	R
4865.512	4.769000000000233	trials	4867.7903	4868.978233333333	3.0	[-1.  9.  1.  7.]	-0.7853981633974483	F
4870.533	3.268000000000029	trials	4871.584733333333	4872.498	4.0	[ 4.65685415 -4.65685415  6.65685415 -6.65685415]	-1.5707963267948966	F
4874.053	3.212999999999738	trials	4874.8578333333335	4876.074866666667	6.0	[-1. -7.  1. -9.]	3.141592653589793	R
4877.517	5.2409999999999854	trials	4880.550966666667	4881.455233333333	1.0	[-9.  1. -7. -1.]	0.7853981633974483	F
4883.01	3.1159999999999854	trials	4884.1058	4884.917833333333	7.0	[4.65685415 6.65685415 6.65685415 4.65685415]	2.356194490192345	R
4886.377	5.121999999999389	trials	4888.880666666667	4890.194933333333	3.0	[-6.65685415  6.65685415 -4.65685415  4.65685415]	-0.7853981633974483	F
4891.751	3.8299999999999272	trials	4893.0029	4894.2770666666665	2.0	[ 4.65685415 -4.65685415  6.65685415 -6.65685415]	0.0	F
4895.833	3.5520000000005894	trials	4896.855466666667	4898.206833333334	0.0	[ 7.  1.  9. -1.]	1.5707963267948966	R
4899.636	4.277999999999338	trials	4901.1992666666665	4902.694966666667	5.0	[-1.  9.  1.  7.]	-2.356194490192345	R
4904.166	4.188000000000102	trials	4906.181633333334	4907.050766666666	4.0	[-6.65685415 -4.65685415 -4.65685415 -6.65685415]	-1.5707963267948966	F
4908.606	2.9279999999998836	trials	4909.489833333333	4910.3740333333335	0.0	[-1. -7.  1. -9.]	1.5707963267948966	R
4911.786	5.0330000000003565	trials	4914.1083	4915.5158	2.0	[-1.  9.  1.  7.]	0.0	F
4917.071	3.9390000000003056	trials	4918.632533333333	4919.7062	4.0	[ 7.  1.  9. -1.]	-1.5707963267948966	F
4921.262	3.2359999999998763	trials	4922.223466666666	4923.194866666667	5.0	[-1. -7.  1. -9.]	-2.356194490192345	F
4924.75	3.2399999999997817	trials	4925.807366666667	4926.8329	7.0	[-6.65685415 -4.65685415 -4.65685415 -6.65685415]	2.356194490192345	R
4928.241	3.6989999999996144	trials	4929.626833333334	4930.636333333333	3.0	[-6.65685415  6.65685415 -4.65685415  4.65685415]	-0.7853981633974483	F
4932.191	4.068000000000211	trials	4933.730033333333	4934.956066666667	1.0	[ 4.65685415 -4.65685415  6.65685415 -6.65685415]	0.7853981633974483	F
4936.511	2.9309999999995853	trials	4937.437233333333	4938.213166666666	6.0	[4.65685415 6.65685415 6.65685415 4.65685415]	3.141592653589793	R
4939.694	4.977999999999156	trials	4942.164966666666	4943.5805	7.0	[-9.  1. -7. -1.]	2.356194490192345	R
4944.924	5.158999999999651	trials	4947.382933333333	4948.7794	2.0	[-6.65685415  6.65685415 -4.65685415  4.65685415]	0.0	F
4950.334	3.2049999999999272	trials	4951.500166666667	4952.235966666667	4.0	[ 7.  1.  9. -1.]	-1.5707963267948966	F
4953.791	3.1979999999994106	trials	4954.724166666667	4955.685533333333	1.0	[-1. -7.  1. -9.]	0.7853981633974483	F
4957.24	2.98700000000008	trials	4958.226866666667	4958.906533333334	5.0	[4.65685415 6.65685415 6.65685415 4.65685415]	-2.356194490192345	R
4960.478	3.662999999999556	trials	4962.2669	4962.819266666666	6.0	[-6.65685415 -4.65685415 -4.65685415 -6.65685415]	3.141592653589793	R
4964.392	4.42200000000048	trials	4966.2167	4967.5109	3.0	[-9.  1. -7. -1.]	-0.7853981633974483	F
4969.066	2.918000000000575	trials	4970.2006	4970.787033333333	0.0	[ 4.65685415 -4.65685415  6.65685415 -6.65685415]	1.5707963267948966	R
4972.236	4.449999999999818	trials	4973.940866666667	4975.382466666667	3.0	[-1.  9.  1.  7.]	-0.7853981633974483	F
4976.937	4.132999999999811	trials	4978.326766666667	4979.765333333334	1.0	[ 4.65685415 -4.65685415  6.65685415 -6.65685415]	0.7853981633974483	F
4981.321	3.469000000000051	trials	4982.7357	4983.436466666667	5.0	[4.65685415 6.65685415 6.65685415 4.65685415]	-2.356194490192345	R
4985.041	1.220999999999549	trials				[nan nan nan nan]		A
4986.514	0.14800000000013824	trials				[nan nan nan nan]		A
4986.914	4.3510000000005675	trials	4989.021333333333	4990.1371	0.0	[-6.65685415  6.65685415 -4.65685415  4.65685415]	1.5707963267948966	R
4991.517	4.746000000000095	trials	4993.735033333333	4995.188633333333	6.0	[-1.  9.  1.  7.]	3.141592653589793	R
4996.515	5.318999999999505	trials	4999.4362	5000.5309	4.0	[-9.  1. -7. -1.]	-1.5707963267948966	F
5002.086	3.1719999999995707	trials	5003.5444	5004.363433333333	7.0	[-1. -7.  1. -9.]	2.356194490192345	I
5005.509	4.291000000000167	trials	5007.2145	5008.5819	6.0	[-6.65685415  6.65685415 -4.65685415  4.65685415]	3.141592653589793	R
5010.052	4.163000000000466	trials	5012.379333333333	5012.911633333333	2.0	[-9.  1. -7. -1.]	0.0	F
5014.467	3.0579999999999927	trials	5015.6865333333335	5016.221866666667	1.0	[ 7.  1.  9. -1.]	0.7853981633974483	F
5017.777	2.9600000000000364	trials	5018.359166666667	5019.4338333333335	3.0	[4.65685415 6.65685415 6.65685415 4.65685415]	-0.7853981633974483	F
5020.989	3.393000000000029	trials	5021.8278	5023.2433	0.0	[ 4.65685415 -4.65685415  6.65685415 -6.65685415]	1.5707963267948966	R
5024.634	4.244999999999891	trials	5026.748	5027.7194	5.0	[-1.  9.  1.  7.]	-2.356194490192345	R
5029.131	4.15099999999984	trials	5031.035666666667	5031.979	4.0	[-6.65685415 -4.65685415 -4.65685415 -6.65685415]	-1.5707963267948966	F
5033.534	3.219000000000051	trials	5034.8361	5035.4486	1.0	[-1. -7.  1. -9.]	0.7853981633974483	F
5037.004	3.4020000000000437	trials	5037.993933333333	5039.102666666667	2.0	[4.65685415 6.65685415 6.65685415 4.65685415]	0.0	F
5040.658	3.5119999999997162	trials	5042.123166666666	5042.999366666667	0.0	[ 7.  1.  9. -1.]	1.5707963267948966	R
5044.422	4.713000000000648	trials	5046.752666666666	5047.994766666667	7.0	[-1.  9.  1.  7.]	2.356194490192345	R
5049.386	4.363999999999578	trials	5051.5546	5052.5611	6.0	[-6.65685415  6.65685415 -4.65685415  4.65685415]	3.141592653589793	R
5054.002	4.772999999999229	trials	5056.0197	5057.4713	4.0	[-9.  1. -7. -1.]	-1.5707963267948966	F
5059.026	3.492000000000189	trials	5060.2953	5061.2146	3.0	[-1. -7.  1. -9.]	-0.7853981633974483	F
5062.769	3.5739999999996144	trials	5063.811033333333	5065.078166666666	5.0	[ 4.65685415 -4.65685415  6.65685415 -6.65685415]	-2.356194490192345	R
5066.595	4.278999999999542	trials	5068.8756	5069.569333333333	2.0	[-6.65685415 -4.65685415 -4.65685415 -6.65685415]	0.0	F
5071.125	3.1090000000003783	trials	5071.796866666667	5072.930666666667	4.0	[ 7.  1.  9. -1.]	-1.5707963267948966	F
5074.486	3.274000000000342	trials	5075.091033333333	5076.594766666667	0.0	[-1. -7.  1. -9.]	1.5707963267948966	R
5078.011	3.8809999999994034	trials	5079.920033333334	5080.5877	3.0	[-1.  9.  1.  7.]	-0.7853981633974483	F
5082.144	2.5159999999996217	trials	5082.8874	5083.4488	5.0	[ 4.65685415 -4.65685415  6.65685415 -6.65685415]	-2.356194490192345	R
5084.911	4.376000000000204	trials	5087.151	5087.984066666667	1.0	[-6.65685415 -4.65685415 -4.65685415 -6.65685415]	0.7853981633974483	F
5089.539	3.623000000000502	trials	5090.800066666667	5091.891766666667	6.0	[4.65685415 6.65685415 6.65685415 4.65685415]	3.141592653589793	R
5093.414	4.488000000000284	trials	5095.821533333334	5096.7698666666665	7.0	[-9.  1. -7. -1.]	2.356194490192345	R
5098.153	3.774999999999636	trials	5099.646	5100.623433333333	1.0	[-6.65685415  6.65685415 -4.65685415  4.65685415]	0.7853981633974483	F
5102.179	2.756999999999607	trials	5103.1096333333335	5103.632933333333	3.0	[4.65685415 6.65685415 6.65685415 4.65685415]	-0.7853981633974483	F
5105.188	3.7650000000003274	trials	5106.6835	5107.6559	6.0	[ 4.65685415 -4.65685415  6.65685415 -6.65685415]	3.141592653589793	R
5109.205	5.2590000000000146	trials	5112.0368	5113.160566666666	2.0	[-9.  1. -7. -1.]	0.0	F
5114.715	3.3419999999996435	trials	5116.133966666666	5116.825666666667	7.0	[ 7.  1.  9. -1.]	2.356194490192345	R
5118.308	3.923999999999978	trials	5120.3364	5121.0682	0.0	[-6.65685415  6.65685415 -4.65685415  4.65685415]	1.5707963267948966	R
5122.484	4.274999999999636	trials	5124.910766666667	5125.4561	4.0	[-1.  9.  1.  7.]	-1.5707963267948966	F
5127.011	2.936999999999898	trials	5128.0656	5128.574866666667	5.0	[-1. -7.  1. -9.]	-2.356194490192345	R
5130.2	4.605999999999767	trials	5132.232933333334	5133.5031	1.0	[-6.65685415 -4.65685415 -4.65685415 -6.65685415]	0.7853981633974483	F
5135.058	2.8010000000003856	trials	5135.874966666666	5136.555666666667	2.0	[4.65685415 6.65685415 6.65685415 4.65685415]	0.0	F
5138.111	3.4970000000002983	trials	5139.368666666666	5140.304966666667	3.0	[ 7.  1.  9. -1.]	-0.7853981633974483	F
5141.86	0.6670000000003711	trials				[nan nan nan nan]		A
5142.778	6.798999999999978	trials	5147.536933333334	5148.313866666666	5.0	[-1.  9.  1.  7.]	-2.356194490192345	R
5149.829	27.39100000000053	trials				[nan nan nan nan]		A
