onset	duration	nwb_table	target_on_time	go_cue_time	target_id	target_corners	target_dir	result
1.996	2.773	trials	3.5377666666666667	3.5387666666666666	2.0	[6.999997615814209, 1.0063706636428833, 8.99999713897705, -0.9936293959617615]	0.0	R
5.02	3.3019999999999996	trials	7.232933333333333	7.233933333333334	1.0	[4.654601573944092, 6.659106254577637, 6.654601573944092, 4.659106254577637]	0.7853981633974483	R
8.573	5.184999999999999	trials	12.6193	12.6203	6.0	[-8.999977111816406, 0.9808881878852844, -6.999977111816406, -1.0191118717193604]	3.141592653589793	R
14.01	3.363999999999999	trials	16.275366666666667	16.276366666666668	0.0	[-1.0, 9.0, 1.0, 7.0]	1.5707963267948966	R
17.626	2.7709999999999972	trials	19.212666666666667	19.213666666666665	3.0	[4.663607120513916, -4.650093078613281, 6.663607120513916, -6.650093078613281]	-0.7853981633974483	R
20.648	3.224	trials	22.830666666666666	22.831666666666667	4.0	[-0.987258791923523, -6.999989986419678, 1.012741208076477, -8.99998950958252]	-1.5707963267948966	R
24.124	2.3590000000000018	trials	25.3038	25.3048	2.0	[-0.987258791923523, -6.999989986419678, 1.012741208076477, -8.99998950958252]	0.0	R
26.734	2.683	trials	28.314266666666665	28.315266666666666	1.0	[4.654601573944092, 6.659106254577637, 6.654601573944092, 4.659106254577637]	0.7853981633974483	R
29.669	2.413999999999998	trials	30.998933333333333	30.999933333333335	0.0	[-1.0, 9.0, 1.0, 7.0]	1.5707963267948966	R
32.334	3.2779999999999987	trials	34.47456666666667	34.475566666666666	7.0	[-6.672598838806152, 6.64106559753418, -4.672598838806152, 4.64106559753418]	2.356194490192345	R
35.864	2.5800000000000054	trials	37.325633333333336	37.326633333333334	3.0	[4.663607120513916, -4.650093078613281, 6.663607120513916, -6.650093078613281]	-0.7853981633974483	R
38.696	2.475999999999999	trials	40.1767	40.1777	4.0	[-0.987258791923523, -6.999989986419678, 1.012741208076477, -8.99998950958252]	-1.5707963267948966	R
41.424	3.253	trials	43.5932	43.5942	6.0	[-8.999977111816406, 0.9808881878852844, -6.999977111816406, -1.0191118717193604]	3.141592653589793	R
44.929	2.6909999999999954	trials	46.60366666666667	46.60466666666667	5.0	[-6.645581245422363, -4.668104648590088, -4.645581245422363, -6.668104648590088]	-2.356194490192345	R
47.872	2.9570000000000007	trials	49.74346666666667	49.74446666666667	3.0	[-6.645581245422363, -4.668104648590088, -4.645581245422363, -6.668104648590088]	-0.7853981633974483	R
51.081	3.113999999999997	trials	52.974466666666665	52.97546666666667	7.0	[-6.672598838806152, 6.64106559753418, -4.672598838806152, 4.64106559753418]	2.356194490192345	R
54.446	1.9149999999999991	trials				[NaN, NaN, NaN, NaN]		A
56.612	0.3159999999999954	trials				[NaN, NaN, NaN, NaN]		A
57.18	1.9230000000000018	trials	57.99593333333333	57.99693333333333	1.0	[4.654601573944092, 6.659106254577637, 6.654601573944092, 4.659106254577637]	0.7853981633974483	R
59.354	2.9740000000000038	trials	61.300133333333335	61.30113333333333	5.0	[-6.645581245422363, -4.668104648590088, -4.645581245422363, -6.668104648590088]	-2.356194490192345	R
62.579	2.946000000000005	trials	64.37776666666667	64.3788	0.0	[-1.0, 9.0, 1.0, 7.0]	1.5707963267948966	R
65.776	3.2700000000000102	trials	67.95566666666667	67.95666666666666	6.0	[-8.999977111816406, 0.9808881878852844, -6.999977111816406, -1.0191118717193604]	3.141592653589793	R
69.298	3.6670000000000016	trials	71.86036666666666	71.86136666666667	6.0	[-8.999977111816406, 0.9808881878852844, -6.999977111816406, -1.0191118717193604]	3.141592653589793	R
73.217	3.5520000000000067	trials	75.63373333333334	75.63473333333333	0.0	[-1.0, 9.0, 1.0, 7.0]	1.5707963267948966	R
77.02	2.8700000000000045	trials	78.7705	78.7715	1.0	[4.654601573944092, 6.659106254577637, 6.654601573944092, 4.659106254577637]	0.7853981633974483	R
80.142	2.5490000000000066	trials	81.47923333333334	81.48023333333333	7.0	[-6.672598838806152, 6.64106559753418, -4.672598838806152, 4.64106559753418]	2.356194490192345	R
82.943	3.2879999999999967	trials	85.22553333333333	85.22653333333334	5.0	[-6.645581245422363, -4.668104648590088, -4.645581245422363, -6.668104648590088]	-2.356194490192345	R
86.483	3.185999999999993	trials	88.34326666666666	88.34426666666667	2.0	[6.999997615814209, 1.0063706636428833, 8.99999713897705, -0.9936293959617615]	0.0	R
89.92	3.0720000000000027	trials	91.96326666666667	91.96426666666666	4.0	[-0.987258791923523, -6.999989986419678, 1.012741208076477, -8.99998950958252]	-1.5707963267948966	R
93.243	3.594999999999999	trials	95.67246666666666	95.67346666666667	3.0	[4.663607120513916, -4.650093078613281, 6.663607120513916, -6.650093078613281]	-0.7853981633974483	R
97.09	2.5360000000000014	trials	98.49946666666666	98.5005	2.0	[4.663607120513916, -4.650093078613281, 6.663607120513916, -6.650093078613281]	0.0	R
99.878	3.2620000000000005	trials	102.02023333333334	102.02123333333333	4.0	[-0.987258791923523, -6.999989986419678, 1.012741208076477, -8.99998950958252]	-1.5707963267948966	R
103.392	3.4710000000000036	trials	105.84873333333333	105.84973333333333	5.0	[-6.645581245422363, -4.668104648590088, -4.645581245422363, -6.668104648590088]	-2.356194490192345	R
107.115	3.0919999999999987	trials				[NaN, NaN, NaN, NaN]		A
110.458	0.2950000000000017	trials				[NaN, NaN, NaN, NaN]		A
111.005	0.24200000000000443	trials				[NaN, NaN, NaN, NaN]		A
111.499	7.582000000000008	trials				[NaN, NaN, NaN, NaN]		A
119.332	2.112000000000009	trials	120.2645	120.2655	3.0	[4.663607120513916, -4.650093078613281, 6.663607120513916, -6.650093078613281]	-0.7853981633974483	R
121.696	3.141999999999996	trials	123.62586666666667	123.62686666666667	1.0	[4.663607120513916, -4.650093078613281, 6.663607120513916, -6.650093078613281]	0.7853981633974483	R
125.09	2.930999999999983	trials	126.95613333333333	126.95713333333333	5.0	[-6.645581245422363, -4.668104648590088, -4.645581245422363, -6.668104648590088]	-2.356194490192345	R
128.272	2.6350000000000193	trials	130.22823333333332	130.22923333333333	4.0	[-0.987258791923523, -6.999989986419678, 1.012741208076477, -8.99998950958252]	-1.5707963267948966	I
131.159	3.2360000000000184	trials	133.60663333333332	133.60763333333333	2.0	[6.999997615814209, 1.0063706636428833, 8.99999713897705, -0.9936293959617615]	0.0	I
134.646	2.9920000000000186	trials	136.51283333333333	136.51383333333334	6.0	[-8.999977111816406, 0.9808881878852844, -6.999977111816406, -1.0191118717193604]	3.141592653589793	R
137.889	2.9279999999999973	trials	139.58146666666667	139.58246666666668	7.0	[-6.672598838806152, 6.64106559753418, -4.672598838806152, 4.64106559753418]	2.356194490192345	R
141.068	2.8359999999999843	trials	142.7393	142.7403	0.0	[-1.0, 9.0, 1.0, 7.0]	1.5707963267948966	R
144.156	2.9420000000000073	trials	146.33623333333333	146.33723333333333	3.0	[4.663607120513916, -4.650093078613281, 6.663607120513916, -6.650093078613281]	-0.7853981633974483	I
147.35	2.9989999999999952	trials	149.25446666666667	149.25546666666668	5.0	[4.663607120513916, -4.650093078613281, 6.663607120513916, -6.650093078613281]	-2.356194490192345	R
150.601	3.4890000000000043	trials	152.95766666666665	152.95866666666666	6.0	[-8.999977111816406, 0.9808881878852844, -6.999977111816406, -1.0191118717193604]	3.141592653589793	R
154.342	2.875	trials	156.08843333333334	156.08943333333335	2.0	[6.999997615814209, 1.0063706636428833, 8.99999713897705, -0.9936293959617615]	0.0	R
157.469	3.3160000000000025	trials	159.55203333333333	159.55303333333333	7.0	[-6.672598838806152, 6.64106559753418, -4.672598838806152, 4.64106559753418]	2.356194490192345	R
161.037	10.794999999999987	trials	170.6957	170.6967	1.0	[4.654601573944092, 6.659106254577637, 6.654601573944092, 4.659106254577637]	0.7853981633974483	R
172.083	2.7820000000000107	trials	173.7623	173.7633	3.0	[4.663607120513916, -4.650093078613281, 6.663607120513916, -6.650093078613281]	-0.7853981633974483	R
175.117	2.5940000000000225	trials	176.67953333333332	176.68056666666666	4.0	[-0.987258791923523, -6.999989986419678, 1.012741208076477, -8.99998950958252]	-1.5707963267948966	R
177.963	3.2990000000000066	trials	180.1291	180.1301	0.0	[-1.0, 9.0, 1.0, 7.0]	1.5707963267948966	R
181.514	3.3859999999999957	trials	183.81126666666665	183.81226666666666	5.0	[-1.0, 9.0, 1.0, 7.0]	-2.356194490192345	R
185.152	2.443000000000012	trials	186.48086666666666	186.48186666666666	4.0	[-0.987258791923523, -6.999989986419678, 1.012741208076477, -8.99998950958252]	-1.5707963267948966	R
187.846	3.4199999999999875	trials	190.14896666666667	190.15	1.0	[4.654601573944092, 6.659106254577637, 6.654601573944092, 4.659106254577637]	0.7853981633974483	R
191.517	2.828000000000003	trials	193.23563333333334	193.23663333333334	2.0	[6.999997615814209, 1.0063706636428833, 8.99999713897705, -0.9936293959617615]	0.0	R
194.597	2.525999999999982	trials	195.93233333333333	195.93333333333334	7.0	[-6.672598838806152, 6.64106559753418, -4.672598838806152, 4.64106559753418]	2.356194490192345	R
197.375	2.9639999999999986	trials	199.2235	199.2245	6.0	[-8.999977111816406, 0.9808881878852844, -6.999977111816406, -1.0191118717193604]	3.141592653589793	R
200.591	2.5149999999999864	trials	202.46456666666666	202.46556666666666	0.0	[-1.0, 9.0, 1.0, 7.0]	1.5707963267948966	I
203.358	3.686000000000007	trials	205.9091	205.9101	3.0	[4.663607120513916, -4.650093078613281, 6.663607120513916, -6.650093078613281]	-0.7853981633974483	R
207.296	3.4310000000000116	trials	209.54813333333334	209.54913333333334	3.0	[4.663607120513916, -4.650093078613281, 6.663607120513916, -6.650093078613281]	-0.7853981633974483	R
210.979	2.822999999999979	trials	212.72503333333333	212.72603333333333	6.0	[-8.999977111816406, 0.9808881878852844, -6.999977111816406, -1.0191118717193604]	3.141592653589793	R
214.053	2.9939999999999998	trials	215.76256666666666	215.76356666666666	1.0	[4.654601573944092, 6.659106254577637, 6.654601573944092, 4.659106254577637]	0.7853981633974483	R
217.298	2.5219999999999914	trials	218.54146666666668	218.54246666666666	0.0	[-1.0, 9.0, 1.0, 7.0]	1.5707963267948966	R
220.071	3.9540000000000077	trials	222.9023	222.9033	7.0	[-6.672598838806152, 6.64106559753418, -4.672598838806152, 4.64106559753418]	2.356194490192345	R
224.277	3.386000000000024	trials	226.50823333333332	226.50923333333333	2.0	[6.999997615814209, 1.0063706636428833, 8.99999713897705, -0.9936293959617615]	0.0	R
227.915	2.951000000000022	trials	229.8415	229.8425	4.0	[-0.987258791923523, -6.999989986419678, 1.012741208076477, -8.99998950958252]	-1.5707963267948966	R
231.118	3.0670000000000073	trials	233.1417	233.1427	5.0	[-6.645581245422363, -4.668104648590088, -4.645581245422363, -6.668104648590088]	-2.356194490192345	R
234.437	2.7399999999999807	trials	236.1201	236.1211	6.0	[-6.645581245422363, -4.668104648590088, -4.645581245422363, -6.668104648590088]	3.141592653589793	R
237.428	3.312000000000012	trials	239.72706666666667	239.72806666666668	5.0	[-6.645581245422363, -4.668104648590088, -4.645581245422363, -6.668104648590088]	-2.356194490192345	R
240.991	2.5529999999999973	trials	242.4097	242.4107	0.0	[-1.0, 9.0, 1.0, 7.0]	1.5707963267948966	R
243.795	2.545000000000016	trials	245.20463333333333	245.20563333333334	1.0	[4.654601573944092, 6.659106254577637, 6.654601573944092, 4.659106254577637]	0.7853981633974483	R
246.592	2.6299999999999955	trials	248.11886666666666	248.11986666666667	7.0	[-6.672598838806152, 6.64106559753418, -4.672598838806152, 4.64106559753418]	2.356194490192345	R
249.473	3.312999999999988	trials	251.6767	251.6777	2.0	[6.999997615814209, 1.0063706636428833, 8.99999713897705, -0.9936293959617615]	0.0	R
253.038	2.8289999999999793	trials	254.79443333333333	254.79546666666667	4.0	[-0.987258791923523, -6.999989986419678, 1.012741208076477, -8.99998950958252]	-1.5707963267948966	R
256.119	3.227999999999952	trials	258.06756666666666	258.06856666666664	3.0	[4.663607120513916, -4.650093078613281, 6.663607120513916, -6.650093078613281]	-0.7853981633974483	R
259.598	3.117999999999995	trials	261.52916666666664	261.5301666666667	3.0	[4.663607120513916, -4.650093078613281, 6.663607120513916, -6.650093078613281]	-0.7853981633974483	R
262.968	3.0670000000000073	trials	264.87846666666667	264.87946666666664	7.0	[-6.672598838806152, 6.64106559753418, -4.672598838806152, 4.64106559753418]	2.356194490192345	R
266.287	2.9399999999999977	trials	268.0493666666667	268.05036666666666	1.0	[4.654601573944092, 6.659106254577637, 6.654601573944092, 4.659106254577637]	0.7853981633974483	R
269.479	2.698000000000036	trials	271.10996666666665	271.1109666666667	5.0	[-6.645581245422363, -4.668104648590088, -4.645581245422363, -6.668104648590088]	-2.356194490192345	R
272.428	3.632000000000005	trials	274.96753333333334	274.9685333333333	4.0	[-0.987258791923523, -6.999989986419678, 1.012741208076477, -8.99998950958252]	-1.5707963267948966	R
276.312	3.277999999999963	trials	278.4130666666667	278.41406666666666	6.0	[-8.999977111816406, 0.9808881878852844, -6.999977111816406, -1.0191118717193604]	3.141592653589793	R
279.842	3.8170000000000073	trials	282.3949666666667	282.39596666666665	2.0	[6.999997615814209, 1.0063706636428833, 8.99999713897705, -0.9936293959617615]	0.0	R
283.911	2.4699999999999704	trials	285.1929	285.1939	0.0	[-1.0, 9.0, 1.0, 7.0]	1.5707963267948966	R
286.632	2.856999999999971	trials	288.4630333333333	288.46403333333336	4.0	[-1.0, 9.0, 1.0, 7.0]	-1.5707963267948966	R
289.74	3.502999999999986	trials	292.082	292.083	2.0	[6.999997615814209, 1.0063706636428833, 8.99999713897705, -0.9936293959617615]	0.0	R
293.495	2.358000000000004	trials	294.7346	294.7356	6.0	[-8.999977111816406, 0.9808881878852844, -6.999977111816406, -1.0191118717193604]	3.141592653589793	R
296.105	3.4389999999999645	trials	298.4458	298.4468	3.0	[4.663607120513916, -4.650093078613281, 6.663607120513916, -6.650093078613281]	-0.7853981633974483	R
299.795	2.834000000000003	trials	301.5024	301.5034	0.0	[-1.0, 9.0, 1.0, 7.0]	1.5707963267948966	R
302.881	2.657000000000039	trials	304.43766666666664	304.4386666666667	1.0	[4.654601573944092, 6.659106254577637, 6.654601573944092, 4.659106254577637]	0.7853981633974483	R
305.79	3.055999999999983	trials	307.7669333333333	307.76793333333336	5.0	[-6.645581245422363, -4.668104648590088, -4.645581245422363, -6.668104648590088]	-2.356194490192345	R
309.097	3.2390000000000327	trials	311.18743333333333	311.1884333333333	7.0	[-6.672598838806152, 6.64106559753418, -4.672598838806152, 4.64106559753418]	2.356194490192345	R
312.588	3.593999999999994	trials	315.0149333333333	315.01593333333335	7.0	[-6.672598838806152, 6.64106559753418, -4.672598838806152, 4.64106559753418]	2.356194490192345	R
316.433	3.2620000000000005	trials	318.59383333333335	318.5948333333333	6.0	[-8.999977111816406, 0.9808881878852844, -6.999977111816406, -1.0191118717193604]	3.141592653589793	R
319.946	3.533999999999992	trials	322.1105333333333	322.11153333333334	1.0	[4.654601573944092, 6.659106254577637, 6.654601573944092, 4.659106254577637]	0.7853981633974483	R
323.732	10.59499999999997	trials	333.32236666666665	333.3233666666667	2.0	[6.999997615814209, 1.0063706636428833, 8.99999713897705, -0.9936293959617615]	0.0	F
334.579	0.32900000000000773	trials				[NaN, NaN, NaN, NaN]		A
335.16	5.016999999999996	trials	339.0756666666667	339.07666666666665	4.0	[-0.987258791923523, -6.999989986419678, 1.012741208076477, -8.99998950958252]	-1.5707963267948966	R
340.429	3.0850000000000364	trials	342.4019333333333	342.40293333333335	3.0	[4.663607120513916, -4.650093078613281, 6.663607120513916, -6.650093078613281]	-0.7853981633974483	R
343.765	3.016999999999996	trials	345.5527333333333	345.55373333333335	0.0	[-1.0, 9.0, 1.0, 7.0]	1.5707963267948966	R
347.033	2.419999999999959	trials	348.37373333333335	348.3747333333333	0.0	[-1.0, 9.0, 1.0, 7.0]	1.5707963267948966	R
349.705	3.1620000000000346	trials	351.8233	351.8243	4.0	[-0.987258791923523, -6.999989986419678, 1.012741208076477, -8.99998950958252]	-1.5707963267948966	R
353.119	2.8939999999999486	trials	354.9069666666667	354.90796666666665	3.0	[4.663607120513916, -4.650093078613281, 6.663607120513916, -6.650093078613281]	-0.7853981633974483	R
356.264	2.8419999999999845	trials	358.08483333333334	358.0858333333333	5.0	[-6.645581245422363, -4.668104648590088, -4.645581245422363, -6.668104648590088]	-2.356194490192345	R
359.358	3.055000000000007	trials	361.22063333333335	361.22163333333333	7.0	[-6.672598838806152, 6.64106559753418, -4.672598838806152, 4.64106559753418]	2.356194490192345	R
362.664	3.1469999999999914	trials	364.7223333333333	364.72333333333336	6.0	[-8.999977111816406, 0.9808881878852844, -6.999977111816406, -1.0191118717193604]	3.141592653589793	R
366.063	2.7379999999999995	trials	367.5914333333333	367.59243333333336	1.0	[4.654601573944092, 6.659106254577637, 6.654601573944092, 4.659106254577637]	0.7853981633974483	R
369.053	2.8460000000000036	trials	370.8034333333333	370.80443333333335	2.0	[6.999997615814209, 1.0063706636428833, 8.99999713897705, -0.9936293959617615]	0.0	R
372.151	2.8009999999999877	trials	373.8860666666667	373.88706666666667	6.0	[6.999997615814209, 1.0063706636428833, 8.99999713897705, -0.9936293959617615]	3.141592653589793	R
375.203	2.8350000000000364	trials	376.9617	376.9627	1.0	[4.654601573944092, 6.659106254577637, 6.654601573944092, 4.659106254577637]	0.7853981633974483	R
378.29	2.4009999999999536	trials	379.5762	379.5772	0.0	[-1.0, 9.0, 1.0, 7.0]	1.5707963267948966	R
380.943	2.6229999999999905	trials	382.4002	382.4012	3.0	[4.663607120513916, -4.650093078613281, 6.663607120513916, -6.650093078613281]	-0.7853981633974483	R
383.818	3.1650000000000205	trials	385.8588	385.8598	5.0	[-6.645581245422363, -4.668104648590088, -4.645581245422363, -6.668104648590088]	-2.356194490192345	R
387.234	3.1829999999999927	trials	389.2502	389.2512	2.0	[6.999997615814209, 1.0063706636428833, 8.99999713897705, -0.9936293959617615]	0.0	R
390.669	3.093999999999994	trials	392.63863333333336	392.63963333333334	7.0	[-6.672598838806152, 6.64106559753418, -4.672598838806152, 4.64106559753418]	2.356194490192345	R
394.015	2.723000000000013	trials	395.6390666666667	395.64006666666666	4.0	[-0.987258791923523, -6.999989986419678, 1.012741208076477, -8.99998950958252]	-1.5707963267948966	R
396.989	2.5270000000000437	trials	398.4671	398.4681	4.0	[-0.987258791923523, -6.999989986419678, 1.012741208076477, -8.99998950958252]	-1.5707963267948966	R
399.767	2.8430000000000177	trials	401.4946	401.4956	3.0	[4.663607120513916, -4.650093078613281, 6.663607120513916, -6.650093078613281]	-0.7853981633974483	R
402.862	2.637999999999977	trials	404.3817666666667	404.38276666666667	5.0	[-6.645581245422363, -4.668104648590088, -4.645581245422363, -6.668104648590088]	-2.356194490192345	R
405.751	2.664000000000044	trials	407.31606666666664	407.3170666666667	6.0	[-8.999977111816406, 0.9808881878852844, -6.999977111816406, -1.0191118717193604]	3.141592653589793	R
408.666	2.9119999999999777	trials	410.50696666666664	410.5079666666667	7.0	[-6.672598838806152, 6.64106559753418, -4.672598838806152, 4.64106559753418]	2.356194490192345	R
411.829	3.259999999999991	trials	413.9886333333333	413.98963333333336	0.0	[-1.0, 9.0, 1.0, 7.0]	1.5707963267948966	R
415.341	2.5679999999999836	trials	416.8346666666667	416.8357	1.0	[4.654601573944092, 6.659106254577637, 6.654601573944092, 4.659106254577637]	0.7853981633974483	R
418.161	2.9950000000000045	trials	420.04263333333336	420.04363333333333	2.0	[6.999997615814209, 1.0063706636428833, 8.99999713897705, -0.9936293959617615]	0.0	R
421.408	2.894999999999982	trials	423.1764333333333	423.17743333333334	0.0	[6.999997615814209, 1.0063706636428833, 8.99999713897705, -0.9936293959617615]	1.5707963267948966	R
424.555	3.079999999999984	trials	426.5758666666667	426.57686666666666	4.0	[-0.987258791923523, -6.999989986419678, 1.012741208076477, -8.99998950958252]	-1.5707963267948966	R
427.887	3.343999999999994	trials	430.1236666666667	430.12466666666666	1.0	[4.654601573944092, 6.659106254577637, 6.654601573944092, 4.659106254577637]	0.7853981633974483	R
431.483	2.451999999999998	trials	432.8213666666667	432.82236666666665	7.0	[-6.672598838806152, 6.64106559753418, -4.672598838806152, 4.64106559753418]	2.356194490192345	R
434.187	4.058999999999969	trials	437.0729333333333	437.07393333333334	2.0	[6.999997615814209, 1.0063706636428833, 8.99999713897705, -0.9936293959617615]	0.0	R
438.497	2.983000000000004	trials	440.33903333333336	440.34003333333334	3.0	[4.663607120513916, -4.650093078613281, 6.663607120513916, -6.650093078613281]	-0.7853981633974483	R
441.732	2.6499999999999773	trials	443.28833333333336	443.2893666666667	5.0	[-6.645581245422363, -4.668104648590088, -4.645581245422363, -6.668104648590088]	-2.356194490192345	R
444.634	2.5219999999999914	trials	446.07126666666665	446.0722666666667	6.0	[-8.999977111816406, 0.9808881878852844, -6.999977111816406, -1.0191118717193604]	3.141592653589793	R
447.408	3.0609999999999786	trials	449.40953333333334	449.4105333333333	3.0	[-8.999977111816406, 0.9808881878852844, -6.999977111816406, -1.0191118717193604]	-0.7853981633974483	R
450.721	2.836999999999989	trials	452.5333	452.5343	5.0	[-6.645581245422363, -4.668104648590088, -4.645581245422363, -6.668104648590088]	-2.356194490192345	R
453.809	3.0909999999999513	trials	455.8806	455.8816	4.0	[-0.987258791923523, -6.999989986419678, 1.012741208076477, -8.99998950958252]	-1.5707963267948966	R
457.152	2.869000000000028	trials	458.8941	458.8951	0.0	[-1.0, 9.0, 1.0, 7.0]	1.5707963267948966	R
460.272	2.829999999999984	trials	461.9927666666667	461.99376666666666	7.0	[-6.672598838806152, 6.64106559753418, -4.672598838806152, 4.64106559753418]	2.356194490192345	R
463.353	1.0740000000000123	trials				[NaN, NaN, NaN, NaN]		A
464.678	2.2620000000000005	trials	465.77616666666665	465.7771666666667	1.0	[4.654601573944092, 6.659106254577637, 6.654601573944092, 4.659106254577637]	0.7853981633974483	R
467.192	2.7549999999999955	trials	468.86783333333335	468.8688333333333	6.0	[-8.999977111816406, 0.9808881878852844, -6.999977111816406, -1.0191118717193604]	3.141592653589793	R
470.198	2.8700000000000045	trials	472.0307	472.0317	5.0	[-8.999977111816406, 0.9808881878852844, -6.999977111816406, -1.0191118717193604]	-2.356194490192345	R
473.32	2.391999999999996	trials	475.0081	475.0091	7.0	[-6.672598838806152, 6.64106559753418, -4.672598838806152, 4.64106559753418]	2.356194490192345	I
475.963	3.676999999999964	trials	478.50376666666665	478.5047666666667	2.0	[6.999997615814209, 1.0063706636428833, 8.99999713897705, -0.9936293959617615]	0.0	R
479.891	2.734999999999957	trials	481.52726666666666	481.52826666666664	4.0	[-0.987258791923523, -6.999989986419678, 1.012741208076477, -8.99998950958252]	-1.5707963267948966	R
482.878	2.5960000000000036	trials	484.42646666666667	484.42746666666665	6.0	[-8.999977111816406, 0.9808881878852844, -6.999977111816406, -1.0191118717193604]	3.141592653589793	R
485.726	3.762999999999977	trials	488.39733333333334	488.3983333333333	0.0	[-1.0, 9.0, 1.0, 7.0]	1.5707963267948966	R
489.741	3.187999999999988	trials	491.7707	491.7717	3.0	[4.663607120513916, -4.650093078613281, 6.663607120513916, -6.650093078613281]	-0.7853981633974483	R
493.18	2.4279999999999973	trials	494.48243333333335	494.4834333333333	1.0	[4.654601573944092, 6.659106254577637, 6.654601573944092, 4.659106254577637]	0.7853981633974483	R
495.86	2.848000000000013	trials	497.60116666666664	497.6021666666667	3.0	[4.654601573944092, 6.659106254577637, 6.654601573944092, 4.659106254577637]	-0.7853981633974483	R
498.96	2.4990000000000236	trials	500.3109	500.3119	2.0	[6.999997615814209, 1.0063706636428833, 8.99999713897705, -0.9936293959617615]	0.0	R
501.71	3.125	trials	503.7574666666667	503.75846666666666	4.0	[-0.987258791923523, -6.999989986419678, 1.012741208076477, -8.99998950958252]	-1.5707963267948966	R
505.087	3.2139999999999986	trials	507.194	507.195	0.0	[-1.0, 9.0, 1.0, 7.0]	1.5707963267948966	R
508.552	2.8389999999999986	trials	510.3819	510.3829	6.0	[-8.999977111816406, 0.9808881878852844, -6.999977111816406, -1.0191118717193604]	3.141592653589793	R
511.643	3.2550000000000523	trials	513.8004	513.8014	1.0	[4.654601573944092, 6.659106254577637, 6.654601573944092, 4.659106254577637]	0.7853981633974483	R
515.15	3.133000000000038	trials	517.1978333333333	517.1988333333334	7.0	[-6.672598838806152, 6.64106559753418, -4.672598838806152, 4.64106559753418]	2.356194490192345	R
518.534	2.441000000000031	trials	519.9236	519.9246	5.0	[-6.645581245422363, -4.668104648590088, -4.645581245422363, -6.668104648590088]	-2.356194490192345	R
521.227	2.9150000000000773	trials	523.0734	523.0744	1.0	[-6.645581245422363, -4.668104648590088, -4.645581245422363, -6.668104648590088]	0.7853981633974483	R
524.394	0.6380000000000337	trials				[NaN, NaN, NaN, NaN]		A
525.284	0.4550000000000409	trials				[NaN, NaN, NaN, NaN]		A
525.991	2.4769999999999754	trials	527.3791	527.3801	7.0	[-6.672598838806152, 6.64106559753418, -4.672598838806152, 4.64106559753418]	2.356194490192345	R
528.719	3.4129999999998972	trials	531.0642333333333	531.0652333333334	3.0	[4.663607120513916, -4.650093078613281, 6.663607120513916, -6.650093078613281]	-0.7853981633974483	R
532.384	2.8450000000000273	trials	534.187	534.188	5.0	[-6.645581245422363, -4.668104648590088, -4.645581245422363, -6.668104648590088]	-2.356194490192345	R
535.48	2.992999999999938	trials	537.3638666666667	537.3648666666667	0.0	[-1.0, 9.0, 1.0, 7.0]	1.5707963267948966	R
538.724	3.058999999999969	trials	540.7332333333334	540.7342333333333	4.0	[-0.987258791923523, -6.999989986419678, 1.012741208076477, -8.99998950958252]	-1.5707963267948966	R
542.034	2.6499999999999773	trials	543.5823	543.5833333333334	0.0	[-0.987258791923523, -6.999989986419678, 1.012741208076477, -8.99998950958252]	1.5707963267948966	R
544.936	3.009999999999991	trials	546.8855	546.8865333333333	6.0	[-8.999977111816406, 0.9808881878852844, -6.999977111816406, -1.0191118717193604]	3.141592653589793	R
548.198	2.947999999999979	trials	550.0313333333334	550.0323333333333	2.0	[6.999997615814209, 1.0063706636428833, 8.99999713897705, -0.9936293959617615]	0.0	R
551.398	2.6970000000000027	trials	553.0207333333333	553.0217333333334	3.0	[4.663607120513916, -4.650093078613281, 6.663607120513916, -6.650093078613281]	-0.7853981633974483	R
554.347	2.483000000000061	trials	555.7976333333334	555.7986333333333	4.0	[-0.987258791923523, -6.999989986419678, 1.012741208076477, -8.99998950958252]	-1.5707963267948966	R
557.082	2.657000000000039	trials	558.5204	558.5214	1.0	[4.654601573944092, 6.659106254577637, 6.654601573944092, 4.659106254577637]	0.7853981633974483	R
559.991	0.7520000000000664	trials				[NaN, NaN, NaN, NaN]		A
560.995	2.4420000000000073	trials	562.3689666666667	562.3699666666666	7.0	[-6.672598838806152, 6.64106559753418, -4.672598838806152, 4.64106559753418]	2.356194490192345	R
563.688	3.3920000000000528	trials	565.9809333333334	565.9819333333334	3.0	[-6.672598838806152, 6.64106559753418, -4.672598838806152, 4.64106559753418]	-0.7853981633974483	R
567.331	2.6140000000000327	trials	568.8781	568.8791	4.0	[-0.987258791923523, -6.999989986419678, 1.012741208076477, -8.99998950958252]	-1.5707963267948966	R
570.196	3.2999999999999545	trials	572.3427	572.3437	2.0	[6.999997615814209, 1.0063706636428833, 8.99999713897705, -0.9936293959617615]	0.0	R
573.747	2.384999999999991	trials	575.0795	575.0805	5.0	[-6.645581245422363, -4.668104648590088, -4.645581245422363, -6.668104648590088]	-2.356194490192345	R
576.384	0.7029999999999745	trials				[NaN, NaN, NaN, NaN]		A
577.338	2.2590000000000146	trials	578.4458666666667	578.4468666666667	7.0	[-6.672598838806152, 6.64106559753418, -4.672598838806152, 4.64106559753418]	2.356194490192345	R
579.848	3.5810000000000173	trials	582.3595666666666	582.3605666666666	1.0	[4.654601573944092, 6.659106254577637, 6.654601573944092, 4.659106254577637]	0.7853981633974483	R
583.681	0.6849999999999454	trials				[NaN, NaN, NaN, NaN]		A
584.617	1.83400000000006	trials	585.3069	585.3079	5.0	[-1.0, 9.0, 1.0, 7.0]	-2.356194490192345	R
586.702	2.95799999999997	trials	588.8968	588.8978	1.0	[4.654601573944092, 6.659106254577637, 6.654601573944092, 4.659106254577637]	0.7853981633974483	I
589.911	3.00100000000009	trials	591.795	591.796	2.0	[6.999997615814209, 1.0063706636428833, 8.99999713897705, -0.9936293959617615]	0.0	R
593.163	2.1129999999999427	trials	594.2039666666667	594.2049666666667	4.0	[-0.987258791923523, -6.999989986419678, 1.012741208076477, -8.99998950958252]	-1.5707963267948966	R
595.527	2.5699999999999363	trials	597.0039333333333	597.0049333333334	6.0	[-8.999977111816406, 0.9808881878852844, -6.999977111816406, -1.0191118717193604]	3.141592653589793	R
598.348	3.1299999999999955	trials	600.3793	600.3803	7.0	[-6.672598838806152, 6.64106559753418, -4.672598838806152, 4.64106559753418]	2.356194490192345	R
601.73	3.6369999999999436	trials	604.1857666666667	604.1867666666667	3.0	[4.663607120513916, -4.650093078613281, 6.663607120513916, -6.650093078613281]	-0.7853981633974483	R
605.618	0.8299999999999272	trials				[NaN, NaN, NaN, NaN]		A
606.7	1.73599999999999	trials	607.2684	607.2694	1.0	[-1.0, 9.0, 1.0, 7.0]	0.7853981633974483	R
608.688	2.868000000000052	trials	610.4904	610.4914	4.0	[-0.987258791923523, -6.999989986419678, 1.012741208076477, -8.99998950958252]	-1.5707963267948966	R
611.808	3.3999999999999773	trials	614.0452333333334	614.0462333333334	2.0	[6.999997615814209, 1.0063706636428833, 8.99999713897705, -0.9936293959617615]	0.0	R
615.46	2.699999999999932	trials	617.1008333333333	617.1018333333334	5.0	[-6.645581245422363, -4.668104648590088, -4.645581245422363, -6.668104648590088]	-2.356194490192345	R
618.412	2.91599999999994	trials	620.2185666666667	620.2195666666667	3.0	[4.663607120513916, -4.650093078613281, 6.663607120513916, -6.650093078613281]	-0.7853981633974483	R
621.58	3.31899999999996	trials	623.6581	623.6591	0.0	[-1.0, 9.0, 1.0, 7.0]	1.5707963267948966	R
625.151	2.8590000000000373	trials	626.846	626.847	6.0	[-8.999977111816406, 0.9808881878852844, -6.999977111816406, -1.0191118717193604]	3.141592653589793	R
628.262	3.4740000000000464	trials	630.5973333333334	630.5983333333334	7.0	[-6.672598838806152, 6.64106559753418, -4.672598838806152, 4.64106559753418]	2.356194490192345	R
631.988	2.6399999999999864	trials	633.4614333333334	633.4624333333334	0.0	[-6.672598838806152, 6.64106559753418, -4.672598838806152, 4.64106559753418]	1.5707963267948966	R
634.88	2.701000000000022	trials	636.513	636.514	4.0	[-0.987258791923523, -6.999989986419678, 1.012741208076477, -8.99998950958252]	-1.5707963267948966	R
637.832	2.716000000000008	trials	639.4021666666666	639.4031666666667	2.0	[6.999997615814209, 1.0063706636428833, 8.99999713897705, -0.9936293959617615]	0.0	R
640.8	2.2520000000000664	trials	641.9735666666667	641.9745666666666	6.0	[-8.999977111816406, 0.9808881878852844, -6.999977111816406, -1.0191118717193604]	3.141592653589793	R
643.304	2.5810000000000173	trials	645.0151	645.0161	5.0	[-6.645581245422363, -4.668104648590088, -4.645581245422363, -6.668104648590088]	-2.356194490192345	I
646.137	2.6380000000000337	trials	647.5784666666667	647.5794666666667	7.0	[-6.672598838806152, 6.64106559753418, -4.672598838806152, 4.64106559753418]	2.356194490192345	R
649.027	3.0989999999999327	trials	650.9869333333334	650.9879333333333	1.0	[4.654601573944092, 6.659106254577637, 6.654601573944092, 4.659106254577637]	0.7853981633974483	R
652.377	3.0120000000000573	trials	654.235	654.236	3.0	[4.663607120513916, -4.650093078613281, 6.663607120513916, -6.650093078613281]	-0.7853981633974483	R
655.641	3.2690000000000055	trials	657.7888333333333	657.7898333333334	1.0	[4.663607120513916, -4.650093078613281, 6.663607120513916, -6.650093078613281]	0.7853981633974483	R
659.161	2.8610000000001037	trials	660.9627	660.9637	4.0	[-0.987258791923523, -6.999989986419678, 1.012741208076477, -8.99998950958252]	-1.5707963267948966	R
662.274	3.1609999999999445	trials	664.2599	664.2609	3.0	[4.663607120513916, -4.650093078613281, 6.663607120513916, -6.650093078613281]	-0.7853981633974483	R
665.686	2.644999999999982	trials	667.0067	667.0077	6.0	[-8.999977111816406, 0.9808881878852844, -6.999977111816406, -1.0191118717193604]	3.141592653589793	R
668.583	3.643000000000029	trials	671.1149	671.1159	2.0	[6.999997615814209, 1.0063706636428833, 8.99999713897705, -0.9936293959617615]	0.0	R
672.477	2.58299999999997	trials	674.3038333333334	674.3048333333334	5.0	[-6.645581245422363, -4.668104648590088, -4.645581245422363, -6.668104648590088]	-2.356194490192345	I
675.311	3.464999999999918	trials	677.5619	677.5629	7.0	[-6.672598838806152, 6.64106559753418, -4.672598838806152, 4.64106559753418]	2.356194490192345	R
679.028	2.691000000000031	trials	680.4591	680.4601	0.0	[-1.0, 9.0, 1.0, 7.0]	1.5707963267948966	R
681.971	3.4669999999999845	trials	684.3507666666667	684.3517666666667	5.0	[-1.0, 9.0, 1.0, 7.0]	-2.356194490192345	R
685.69	3.04099999999994	trials	687.6269	687.6279	1.0	[4.654601573944092, 6.659106254577637, 6.654601573944092, 4.659106254577637]	0.7853981633974483	R
688.982	3.0679999999999836	trials	690.9672	690.9682	6.0	[-8.999977111816406, 0.9808881878852844, -6.999977111816406, -1.0191118717193604]	3.141592653589793	R
692.302	2.975999999999999	trials	694.1821666666667	694.1831666666667	0.0	[-1.0, 9.0, 1.0, 7.0]	1.5707963267948966	R
695.53	2.8170000000000073	trials	697.2708333333334	697.2718333333333	7.0	[-6.672598838806152, 6.64106559753418, -4.672598838806152, 4.64106559753418]	2.356194490192345	R
698.598	3.074000000000069	trials	700.6071	700.6081333333333	3.0	[4.663607120513916, -4.650093078613281, 6.663607120513916, -6.650093078613281]	-0.7853981633974483	R
701.923	3.0720000000000027	trials	703.8993	703.9003	4.0	[-0.987258791923523, -6.999989986419678, 1.012741208076477, -8.99998950958252]	-1.5707963267948966	R
705.247	3.3940000000000055	trials	707.5152666666667	707.5162666666666	2.0	[6.999997615814209, 1.0063706636428833, 8.99999713897705, -0.9936293959617615]	0.0	R
708.893	3.004000000000019	trials	710.7944	710.7954	6.0	[6.999997615814209, 1.0063706636428833, 8.99999713897705, -0.9936293959617615]	3.141592653589793	R
712.149	2.629000000000019	trials	713.6585	713.6595	1.0	[4.654601573944092, 6.659106254577637, 6.654601573944092, 4.659106254577637]	0.7853981633974483	R
715.03	2.5930000000000746	trials	716.5908	716.5918	4.0	[-0.987258791923523, -6.999989986419678, 1.012741208076477, -8.99998950958252]	-1.5707963267948966	R
717.875	2.245999999999981	trials	718.9767333333333	718.9777333333334	7.0	[-6.672598838806152, 6.64106559753418, -4.672598838806152, 4.64106559753418]	2.356194490192345	R
720.372	3.2000000000000455	trials	722.4433333333334	722.4443333333334	2.0	[6.999997615814209, 1.0063706636428833, 8.99999713897705, -0.9936293959617615]	0.0	R
723.824	0.789000000000101	trials				[NaN, NaN, NaN, NaN]		A
724.864	2.1269999999999527	trials	725.8337333333334	725.8347333333334	0.0	[-1.0, 9.0, 1.0, 7.0]	1.5707963267948966	R
727.242	2.7409999999999854	trials	728.7289333333333	728.7299333333333	3.0	[4.663607120513916, -4.650093078613281, 6.663607120513916, -6.650093078613281]	-0.7853981633974483	I
730.235	3.2649999999999864	trials	732.38	732.381	0.0	[4.663607120513916, -4.650093078613281, 6.663607120513916, -6.650093078613281]	1.5707963267948966	R
733.751	2.7760000000000673	trials	735.4205333333333	735.4215333333333	7.0	[-6.672598838806152, 6.64106559753418, -4.672598838806152, 4.64106559753418]	2.356194490192345	R
736.779	2.850999999999999	trials	738.9493	738.9503	6.0	[-8.999977111816406, 0.9808881878852844, -6.999977111816406, -1.0191118717193604]	3.141592653589793	I
739.882	3.5049999999999955	trials	742.2324333333333	742.2334333333333	2.0	[6.999997615814209, 1.0063706636428833, 8.99999713897705, -0.9936293959617615]	0.0	R
743.639	3.016999999999939	trials	745.5727333333333	745.5737333333333	4.0	[-0.987258791923523, -6.999989986419678, 1.012741208076477, -8.99998950958252]	-1.5707963267948966	R
746.908	3.326000000000022	trials	749.0934666666667	749.0944666666667	3.0	[4.663607120513916, -4.650093078613281, 6.663607120513916, -6.650093078613281]	-0.7853981633974483	R
750.486	2.75	trials	752.2042	752.2052	5.0	[-6.645581245422363, -4.668104648590088, -4.645581245422363, -6.668104648590088]	-2.356194490192345	R
753.487	0.8780000000000427	trials				[NaN, NaN, NaN, NaN]		A
754.616	2.18100000000004	trials	755.7179333333333	755.7189333333333	5.0	[4.654601573944092, 6.659106254577637, 6.654601573944092, 4.659106254577637]	-2.356194490192345	R
757.048	2.558999999999969	trials	758.5108666666666	758.5118666666667	0.0	[-1.0, 9.0, 1.0, 7.0]	1.5707963267948966	R
759.858	2.8250000000000455	trials	761.5694333333333	761.5704666666667	2.0	[6.999997615814209, 1.0063706636428833, 8.99999713897705, -0.9936293959617615]	0.0	R
762.935	2.6420000000000528	trials	764.3934666666667	764.3944666666666	7.0	[-6.672598838806152, 6.64106559753418, -4.672598838806152, 4.64106559753418]	2.356194490192345	R
765.829	2.4780000000000655	trials	767.1463	767.1473	3.0	[4.663607120513916, -4.650093078613281, 6.663607120513916, -6.650093078613281]	-0.7853981633974483	R
768.559	2.951999999999998	trials	770.4354666666667	770.4364666666667	6.0	[-8.999977111816406, 0.9808881878852844, -6.999977111816406, -1.0191118717193604]	3.141592653589793	R
771.763	2.826999999999998	trials	773.5923	773.5933	4.0	[-0.987258791923523, -6.999989986419678, 1.012741208076477, -8.99998950958252]	-1.5707963267948966	R
774.841	2.3139999999999645	trials	776.0002666666667	776.0012666666667	1.0	[4.654601573944092, 6.659106254577637, 6.654601573944092, 4.659106254577637]	0.7853981633974483	R
777.407	2.687000000000012	trials	779.1019666666666	779.1029666666667	5.0	[4.654601573944092, 6.659106254577637, 6.654601573944092, 4.659106254577637]	-2.356194490192345	R
780.346	2.91700000000003	trials	782.1575666666666	782.1585666666666	7.0	[-6.672598838806152, 6.64106559753418, -4.672598838806152, 4.64106559753418]	2.356194490192345	R
783.515	3.16700000000003	trials	785.557	785.558	1.0	[4.654601573944092, 6.659106254577637, 6.654601573944092, 4.659106254577637]	0.7853981633974483	R
786.933	2.6119999999999663	trials	788.4221	788.4231	6.0	[-8.999977111816406, 0.9808881878852844, -6.999977111816406, -1.0191118717193604]	3.141592653589793	R
789.797	3.5119999999999436	trials	792.1954666666667	792.1964666666667	0.0	[-1.0, 9.0, 1.0, 7.0]	1.5707963267948966	R
793.561	8.909999999999968	trials	801.3903	801.3913	3.0	[4.663607120513916, -4.650093078613281, 6.663607120513916, -6.650093078613281]	-0.7853981633974483	R
802.723	2.5020000000000664	trials	804.1642	804.1652	4.0	[-0.987258791923523, -6.999989986419678, 1.012741208076477, -8.99998950958252]	-1.5707963267948966	R
805.476	3.4629999999999654	trials	807.8463333333333	807.8473333333334	2.0	[6.999997615814209, 1.0063706636428833, 8.99999713897705, -0.9936293959617615]	0.0	R
809.191	3.2369999999999663	trials	811.3791	811.3801	2.0	[6.999997615814209, 1.0063706636428833, 8.99999713897705, -0.9936293959617615]	0.0	R
812.679	2.2889999999999873	trials	813.8522333333333	813.8532333333334	4.0	[-0.987258791923523, -6.999989986419678, 1.012741208076477, -8.99998950958252]	-1.5707963267948966	R
815.22	2.6720000000000255	trials	816.7023	816.7033	0.0	[-1.0, 9.0, 1.0, 7.0]	1.5707963267948966	R
818.144	2.8339999999999463	trials	819.8551333333334	819.8561333333333	7.0	[-6.672598838806152, 6.64106559753418, -4.672598838806152, 4.64106559753418]	2.356194490192345	R
821.23	2.6269999999999527	trials	822.8134666666666	822.8144666666667	5.0	[-6.645581245422363, -4.668104648590088, -4.645581245422363, -6.668104648590088]	-2.356194490192345	R
824.109	3.228999999999928	trials	826.3041333333333	826.3051333333333	6.0	[-8.999977111816406, 0.9808881878852844, -6.999977111816406, -1.0191118717193604]	3.141592653589793	R
827.589	2.964999999999918	trials	829.6284	829.6294	1.0	[4.654601573944092, 6.659106254577637, 6.654601573944092, 4.659106254577637]	0.7853981633974483	I
830.805	3.2549999999999955	trials	832.8975	832.8985	3.0	[4.663607120513916, -4.650093078613281, 6.663607120513916, -6.650093078613281]	-0.7853981633974483	R
834.312	3.3700000000000045	trials	836.5746333333333	836.5756333333334	3.0	[4.663607120513916, -4.650093078613281, 6.663607120513916, -6.650093078613281]	-0.7853981633974483	R
837.934	3.105000000000018	trials	839.8658	839.8668	0.0	[-1.0, 9.0, 1.0, 7.0]	1.5707963267948966	R
841.29	3.1370000000000573	trials	843.3314	843.3324333333334	6.0	[-8.999977111816406, 0.9808881878852844, -6.999977111816406, -1.0191118717193604]	3.141592653589793	R
844.679	3.2280000000000655	trials	846.7970333333334	846.7980333333334	2.0	[6.999997615814209, 1.0063706636428833, 8.99999713897705, -0.9936293959617615]	0.0	R
848.158	2.3980000000000246	trials	849.4315666666666	849.4325666666666	1.0	[4.654601573944092, 6.659106254577637, 6.654601573944092, 4.659106254577637]	0.7853981633974483	R
850.808	2.3490000000000464	trials	852.0821333333333	852.0831333333333	5.0	[-6.645581245422363, -4.668104648590088, -4.645581245422363, -6.668104648590088]	-2.356194490192345	R
853.408	2.5639999999999645	trials	854.8610333333334	854.8620333333333	7.0	[-6.672598838806152, 6.64106559753418, -4.672598838806152, 4.64106559753418]	2.356194490192345	R
856.223	3.0120000000000573	trials	858.1652333333334	858.1662333333334	4.0	[-0.987258791923523, -6.999989986419678, 1.012741208076477, -8.99998950958252]	-1.5707963267948966	R
859.487	2.729000000000042	trials	861.1225666666667	861.1235666666666	0.0	[-0.987258791923523, -6.999989986419678, 1.012741208076477, -8.99998950958252]	1.5707963267948966	R
862.468	3.0200000000000955	trials	864.4508333333333	864.4518333333333	4.0	[-0.987258791923523, -6.999989986419678, 1.012741208076477, -8.99998950958252]	-1.5707963267948966	R
865.74	2.4829999999999472	trials	867.0773666666666	867.0783666666666	7.0	[-6.672598838806152, 6.64106559753418, -4.672598838806152, 4.64106559753418]	2.356194490192345	R
868.475	2.558999999999969	trials	869.8923333333333	869.8933666666667	6.0	[-8.999977111816406, 0.9808881878852844, -6.999977111816406, -1.0191118717193604]	3.141592653589793	R
871.286	1.1890000000000782	trials				[NaN, NaN, NaN, NaN]		A
872.726	1.717999999999961	trials	873.3178666666666	873.3188666666666	1.0	[4.654601573944092, 6.659106254577637, 6.654601573944092, 4.659106254577637]	0.7853981633974483	R
874.695	2.5190000000000055	trials	876.1839666666667	876.1849666666667	5.0	[-6.645581245422363, -4.668104648590088, -4.645581245422363, -6.668104648590088]	-2.356194490192345	R
877.465	2.6219999999999573	trials	878.9508333333333	878.9518333333333	3.0	[4.663607120513916, -4.650093078613281, 6.663607120513916, -6.650093078613281]	-0.7853981633974483	R
880.338	2.883000000000038	trials	882.1979	882.1989	5.0	[4.663607120513916, -4.650093078613281, 6.663607120513916, -6.650093078613281]	-2.356194490192345	R
883.473	2.9950000000000045	trials	885.4379333333334	885.4389333333334	0.0	[-1.0, 9.0, 1.0, 7.0]	1.5707963267948966	R
886.719	3.0119999999999436	trials	888.5045666666666	888.5055666666667	7.0	[-6.672598838806152, 6.64106559753418, -4.672598838806152, 4.64106559753418]	2.356194490192345	R
889.982	2.84699999999998	trials	891.7486	891.7496	4.0	[-0.987258791923523, -6.999989986419678, 1.012741208076477, -8.99998950958252]	-1.5707963267948966	R
893.081	0.92999999999995	trials				[NaN, NaN, NaN, NaN]		A
894.263	1.8109999999999218	trials	894.8763666666666	894.8773666666667	6.0	[-8.999977111816406, 0.9808881878852844, -6.999977111816406, -1.0191118717193604]	3.141592653589793	R
896.326	3.3310000000000173	trials	898.5625333333334	898.5635333333333	1.0	[4.654601573944092, 6.659106254577637, 6.654601573944092, 4.659106254577637]	0.7853981633974483	R
899.909	2.754000000000019	trials	901.4517	901.4527	3.0	[4.663607120513916, -4.650093078613281, 6.663607120513916, -6.650093078613281]	-0.7853981633974483	R
902.914	3.1270000000000664	trials	904.9072666666667	904.9082666666667	0.0	[4.663607120513916, -4.650093078613281, 6.663607120513916, -6.650093078613281]	1.5707963267948966	R
906.293	2.5720000000000027	trials	907.7683666666667	907.7693666666667	1.0	[4.654601573944092, 6.659106254577637, 6.654601573944092, 4.659106254577637]	0.7853981633974483	R
909.117	2.257000000000062	trials	910.2405	910.2415	4.0	[-0.987258791923523, -6.999989986419678, 1.012741208076477, -8.99998950958252]	-1.5707963267948966	R
911.626	2.6520000000000437	trials	913.0986	913.0996	3.0	[4.663607120513916, -4.650093078613281, 6.663607120513916, -6.650093078613281]	-0.7853981633974483	R
914.529	2.9400000000000546	trials	916.4589333333333	916.4599666666667	2.0	[6.999997615814209, 1.0063706636428833, 8.99999713897705, -0.9936293959617615]	0.0	I
917.721	2.592999999999961	trials	919.2248	919.2258333333333	6.0	[-8.999977111816406, 0.9808881878852844, -6.999977111816406, -1.0191118717193604]	3.141592653589793	R
920.565	2.9139999999999873	trials	922.4347666666666	922.4358	5.0	[-6.645581245422363, -4.668104648590088, -4.645581245422363, -6.668104648590088]	-2.356194490192345	R
923.731	3.0299999999999727	trials	925.6828333333333	925.6838333333334	7.0	[-6.672598838806152, 6.64106559753418, -4.672598838806152, 4.64106559753418]	2.356194490192345	R
927.012	3.3080000000001064	trials	929.1805333333333	929.1815333333333	7.0	[-6.672598838806152, 6.64106559753418, -4.672598838806152, 4.64106559753418]	2.356194490192345	R
930.572	2.9589999999999463	trials	932.4596666666666	932.4606666666666	4.0	[-0.987258791923523, -6.999989986419678, 1.012741208076477, -8.99998950958252]	-1.5707963267948966	R
933.783	3.4829999999999472	trials	936.0876666666667	936.0886666666667	3.0	[4.663607120513916, -4.650093078613281, 6.663607120513916, -6.650093078613281]	-0.7853981633974483	R
937.517	2.5179999999999154	trials	938.8485333333333	938.8495333333333	2.0	[6.999997615814209, 1.0063706636428833, 8.99999713897705, -0.9936293959617615]	0.0	R
940.287	0.7089999999999463	trials				[NaN, NaN, NaN, NaN]		A
941.247	2.532000000000039	trials	942.6770333333334	942.6780333333334	5.0	[-6.645581245422363, -4.668104648590088, -4.645581245422363, -6.668104648590088]	-2.356194490192345	R
944.03	2.7910000000000537	trials	945.6995333333333	945.7005333333333	6.0	[-8.999977111816406, 0.9808881878852844, -6.999977111816406, -1.0191118717193604]	3.141592653589793	R
947.073	2.7609999999999673	trials	948.7140333333333	948.7150333333333	0.0	[-1.0, 9.0, 1.0, 7.0]	1.5707963267948966	R
950.085	3.5090000000000146	trials	952.3630666666667	952.3640666666666	7.0	[-1.0, 9.0, 1.0, 7.0]	2.356194490192345	R
953.846	2.780999999999949	trials	955.4678	955.4688	2.0	[6.999997615814209, 1.0063706636428833, 8.99999713897705, -0.9936293959617615]	0.0	R
956.878	2.8579999999999472	trials	958.5494333333334	958.5504333333333	6.0	[-8.999977111816406, 0.9808881878852844, -6.999977111816406, -1.0191118717193604]	3.141592653589793	R
959.988	3.0569999999999027	trials	961.9518666666667	961.9529	3.0	[4.663607120513916, -4.650093078613281, 6.663607120513916, -6.650093078613281]	-0.7853981633974483	R
963.296	3.3019999999999072	trials	965.4335333333333	965.4345333333333	0.0	[-1.0, 9.0, 1.0, 7.0]	1.5707963267948966	R
966.85	3.377999999999929	trials	969.1587666666667	969.1597666666667	5.0	[-6.645581245422363, -4.668104648590088, -4.645581245422363, -6.668104648590088]	-2.356194490192345	R
970.48	3.187999999999988	trials	972.5461666666666	972.5472	1.0	[4.654601573944092, 6.659106254577637, 6.654601573944092, 4.659106254577637]	0.7853981633974483	R
973.92	2.7520000000000664	trials	975.6138	975.6148	4.0	[-0.987258791923523, -6.999989986419678, 1.012741208076477, -8.99998950958252]	-1.5707963267948966	R
976.924	2.572999999999979	trials	978.3967	978.3977	6.0	[-0.987258791923523, -6.999989986419678, 1.012741208076477, -8.99998950958252]	3.141592653589793	R
979.749	3.36099999999999	trials	981.8382333333333	981.8392666666666	1.0	[4.654601573944092, 6.659106254577637, 6.654601573944092, 4.659106254577637]	0.7853981633974483	R
983.362	2.5579999999999927	trials	984.8176333333333	984.8186333333333	7.0	[-6.672598838806152, 6.64106559753418, -4.672598838806152, 4.64106559753418]	2.356194490192345	R
986.172	2.76400000000001	trials	987.8231	987.8241	3.0	[4.663607120513916, -4.650093078613281, 6.663607120513916, -6.650093078613281]	-0.7853981633974483	R
989.188	2.4329999999999927	trials	990.604	990.605	4.0	[-0.987258791923523, -6.999989986419678, 1.012741208076477, -8.99998950958252]	-1.5707963267948966	R
991.872	3.0819999999999936	trials	993.9042	993.9052	5.0	[-6.645581245422363, -4.668104648590088, -4.645581245422363, -6.668104648590088]	-2.356194490192345	R
995.205	2.6920000000000073	trials	996.7633	996.7643	2.0	[6.999997615814209, 1.0063706636428833, 8.99999713897705, -0.9936293959617615]	0.0	R
998.149	3.1520000000000437	trials	1000.1797666666666	1000.1808	0.0	[-1.0, 9.0, 1.0, 7.0]	1.5707963267948966	R
1001.552	6.923999999999978	trials	1007.3706333333333	1007.3716333333333	6.0	[-1.0, 9.0, 1.0, 7.0]	3.141592653589793	R
1008.728	2.8350000000000364	trials	1010.3650666666666	1010.3660666666667	3.0	[4.663607120513916, -4.650093078613281, 6.663607120513916, -6.650093078613281]	-0.7853981633974483	R
1011.815	3.185999999999922	trials	1013.8346666666666	1013.8356666666666	7.0	[-6.672598838806152, 6.64106559753418, -4.672598838806152, 4.64106559753418]	2.356194490192345	R
1015.252	3.4460000000000264	trials	1017.5659333333333	1017.5669333333333	1.0	[4.654601573944092, 6.659106254577637, 6.654601573944092, 4.659106254577637]	0.7853981633974483	R
1018.949	0.5270000000000437	trials				[NaN, NaN, NaN, NaN]		A
1019.727	2.6240000000000236	trials	1021.1418333333334	1021.1428333333333	5.0	[-6.645581245422363, -4.668104648590088, -4.645581245422363, -6.668104648590088]	-2.356194490192345	R
1022.602	3.3039999999999736	trials	1024.8530333333333	1024.8540333333333	4.0	[-0.987258791923523, -6.999989986419678, 1.012741208076477, -8.99998950958252]	-1.5707963267948966	R
1026.157	2.981999999999971	trials	1028.0118666666667	1028.0128666666667	0.0	[-1.0, 9.0, 1.0, 7.0]	1.5707963267948966	R
1029.39	2.8259999999997945	trials	1031.1576666666667	1031.1587	5.0	[-1.0, 9.0, 1.0, 7.0]	-2.356194490192345	R
1032.468	2.377999999999929	trials	1033.7711666666667	1033.7721666666666	4.0	[-0.987258791923523, -6.999989986419678, 1.012741208076477, -8.99998950958252]	-1.5707963267948966	R
1035.097	3.213999999999942	trials	1037.1696	1037.1706	7.0	[-6.672598838806152, 6.64106559753418, -4.672598838806152, 4.64106559753418]	2.356194490192345	R
1038.563	3.3049999999998363	trials	1040.7374666666667	1040.7384666666667	1.0	[4.654601573944092, 6.659106254577637, 6.654601573944092, 4.659106254577637]	0.7853981633974483	R
1042.12	2.3020000000001346	trials	1043.2697333333333	1043.2707666666668	2.0	[6.999997615814209, 1.0063706636428833, 8.99999713897705, -0.9936293959617615]	0.0	R
1044.673	2.4700000000000273	trials	1046.0426333333332	1046.0436333333334	3.0	[4.663607120513916, -4.650093078613281, 6.663607120513916, -6.650093078613281]	-0.7853981633974483	R
1047.395	2.752999999999929	trials	1049.0761666666667	1049.0771666666667	0.0	[-1.0, 9.0, 1.0, 7.0]	1.5707963267948966	R
1050.399	2.9200000000000728	trials	1052.2189666666666	1052.2199666666668	6.0	[-8.999977111816406, 0.9808881878852844, -6.999977111816406, -1.0191118717193604]	3.141592653589793	R
1053.57	2.7840000000001055	trials	1055.2013666666667	1055.2023666666666	3.0	[-8.999977111816406, 0.9808881878852844, -6.999977111816406, -1.0191118717193604]	-0.7853981633974483	R
1056.606	2.550999999999931	trials	1058.0755	1058.0765	0.0	[-1.0, 9.0, 1.0, 7.0]	1.5707963267948966	R
1059.409	2.9939999999999145	trials	1061.2965	1061.2975	2.0	[6.999997615814209, 1.0063706636428833, 8.99999713897705, -0.9936293959617615]	0.0	R
1062.655	2.9960000000000946	trials	1064.5756333333334	1064.5766333333333	6.0	[-8.999977111816406, 0.9808881878852844, -6.999977111816406, -1.0191118717193604]	3.141592653589793	R
1065.903	3.01299999999992	trials	1067.8287	1067.8297333333333	5.0	[-6.645581245422363, -4.668104648590088, -4.645581245422363, -6.668104648590088]	-2.356194490192345	R
1069.168	2.7460000000000946	trials	1070.766	1070.767	1.0	[4.654601573944092, 6.659106254577637, 6.654601573944092, 4.659106254577637]	0.7853981633974483	R
1072.165	3.9570000000001073	trials	1075.0286	1075.0296	7.0	[-6.672598838806152, 6.64106559753418, -4.672598838806152, 4.64106559753418]	2.356194490192345	R
1076.374	2.58199999999988	trials	1077.8245333333334	1077.8255333333334	4.0	[-0.987258791923523, -6.999989986419678, 1.012741208076477, -8.99998950958252]	-1.5707963267948966	R
1079.208	2.4309999999998126	trials	1080.5352666666668	1080.5362666666667	3.0	[-0.987258791923523, -6.999989986419678, 1.012741208076477, -8.99998950958252]	-0.7853981633974483	R
1081.891	2.298999999999978	trials	1082.9101666666666	1082.9111666666668	6.0	[-8.999977111816406, 0.9808881878852844, -6.999977111816406, -1.0191118717193604]	3.141592653589793	R
1084.442	3.0650000000000546	trials	1086.2685	1086.2695	0.0	[-1.0, 9.0, 1.0, 7.0]	1.5707963267948966	R
1087.758	2.91599999999994	trials	1089.6318333333334	1089.6328333333333	4.0	[-0.987258791923523, -6.999989986419678, 1.012741208076477, -8.99998950958252]	-1.5707963267948966	R
1090.926	2.673000000000002	trials	1092.4999666666668	1092.5009666666667	1.0	[4.654601573944092, 6.659106254577637, 6.654601573944092, 4.659106254577637]	0.7853981633974483	R
1093.85	2.591000000000122	trials	1095.3119333333334	1095.3129333333334	2.0	[6.999997615814209, 1.0063706636428833, 8.99999713897705, -0.9936293959617615]	0.0	R
1096.692	2.731999999999971	trials	1098.2372	1098.2382	7.0	[-6.672598838806152, 6.64106559753418, -4.672598838806152, 4.64106559753418]	2.356194490192345	R
1099.676	2.4149999999999636	trials	1101.0151	1101.0161	5.0	[-6.645581245422363, -4.668104648590088, -4.645581245422363, -6.668104648590088]	-2.356194490192345	R
1102.342	2.8049999999998363	trials	1104.0977666666668	1104.0987666666667	4.0	[-6.645581245422363, -4.668104648590088, -4.645581245422363, 6.594518135937889e-31]	-1.5707963267948966	R
1105.399	2.6950000000001637	trials	1106.9308	1106.9318	1.0	[4.654601573944092, 6.659106254577637, 6.654601573944092, 4.659106254577637]	0.7853981633974483	R
1108.345	2.7609999999999673	trials	1109.9743333333333	1109.9753333333333	3.0	[4.663607120513916, -4.650093078613281, 6.663607120513916, -6.650093078613281]	-0.7853981633974483	R
1111.358	3.1510000000000673	trials	1113.4038666666668	1113.4048666666667	6.0	[-8.999977111816406, 0.9808881878852844, -6.999977111816406, -1.0191118717193604]	3.141592653589793	R
1114.76	2.7940000000000964	trials	1116.4644666666666	1116.4654666666668	0.0	[-1.0, 9.0, 1.0, 7.0]	1.5707963267948966	R
1117.806	4.685999999999922	trials				[NaN, NaN, NaN, NaN]		A
1122.744	2.3079999999999927	trials	1123.8748333333333	1123.8758666666668	2.0	[6.999997615814209, 1.0063706636428833, 8.99999713897705, -0.9936293959617615]	0.0	R
1125.303	3.06899999999996	trials	1127.1489666666666	1127.1499666666666	7.0	[-6.672598838806152, 6.64106559753418, -4.672598838806152, 4.64106559753418]	2.356194490192345	R
1128.624	3.1299999999998818	trials	1130.6597	1130.6607	4.0	[-6.672598838806152, 6.64106559753418, -4.672598838806152, 4.64106559753418]	-1.5707963267948966	R
1132.006	3.036999999999807	trials	1133.9127666666666	1133.9137666666666	1.0	[4.654601573944092, 6.659106254577637, 6.654601573944092, 4.659106254577637]	0.7853981633974483	R
1135.294	3.0019999999999527	trials	1137.1798666666666	1137.1808666666666	2.0	[6.999997615814209, 1.0063706636428833, 8.99999713897705, -0.9936293959617615]	0.0	R
1138.547	3.173000000000002	trials	1140.5402333333334	1140.5412333333334	7.0	[-6.672598838806152, 6.64106559753418, -4.672598838806152, 4.64106559753418]	2.356194490192345	R
1141.972	2.98700000000008	trials	1143.8624666666667	1143.8634666666667	0.0	[-1.0, 9.0, 1.0, 7.0]	1.5707963267948966	R
1145.211	2.8129999999998745	trials	1146.9601666666667	1146.9611666666667	6.0	[-8.999977111816406, 0.9808881878852844, -6.999977111816406, -1.0191118717193604]	3.141592653589793	R
1148.275	2.4769999999998618	trials	1149.6658666666667	1149.6668666666667	5.0	[-6.645581245422363, -4.668104648590088, -4.645581245422363, -6.668104648590088]	-2.356194490192345	R
1151.003	2.4149999999999636	trials	1152.6402666666668	1152.6412666666668	3.0	[4.663607120513916, -4.650093078613281, 6.663607120513916, -6.650093078613281]	-0.7853981633974483	I
1153.67	2.905999999999949	trials	1155.3911	1155.3921	0.0	[4.663607120513916, -4.650093078613281, 6.663607120513916, -6.650093078613281]	1.5707963267948966	R
1156.828	3.1140000000000327	trials	1158.8597	1158.8607	5.0	[-6.645581245422363, -4.668104648590088, -4.645581245422363, -6.668104648590088]	-2.356194490192345	R
1160.194	3.393000000000029	trials	1162.5218	1162.5228	4.0	[-0.987258791923523, -6.999989986419678, 1.012741208076477, -8.99998950958252]	-1.5707963267948966	R
1163.839	2.4429999999999836	trials	1165.1693666666667	1165.1703666666667	1.0	[4.654601573944092, 6.659106254577637, 6.654601573944092, 4.659106254577637]	0.7853981633974483	R
1166.534	2.40099999999984	trials	1167.8339666666666	1167.8349666666666	2.0	[6.999997615814209, 1.0063706636428833, 8.99999713897705, -0.9936293959617615]	0.0	R
1169.186	2.4420000000000073	trials	1170.2971	1170.2981	7.0	[-6.672598838806152, 6.64106559753418, -4.672598838806152, 4.64106559753418]	2.356194490192345	R
1171.88	2.7339999999999236	trials	1173.5822333333333	1173.5832333333333	6.0	[-8.999977111816406, 0.9808881878852844, -6.999977111816406, -1.0191118717193604]	3.141592653589793	R
1174.865	2.5299999999999727	trials	1176.2779333333333	1176.2789333333333	3.0	[4.663607120513916, -4.650093078613281, 6.663607120513916, -6.650093078613281]	-0.7853981633974483	R
1177.646	2.8099999999999454	trials	1179.3646	1179.3656	0.0	[4.663607120513916, -4.650093078613281, 6.663607120513916, -6.650093078613281]	1.5707963267948966	R
1180.708	9.539999999999964	trials	1189.0927333333334	1189.0937333333334	3.0	[4.663607120513916, -4.650093078613281, 6.663607120513916, -6.650093078613281]	-0.7853981633974483	R
1190.499	3.1340000000000146	trials	1192.3989666666666	1192.3999666666666	1.0	[4.654601573944092, 6.659106254577637, 6.654601573944092, 4.659106254577637]	0.7853981633974483	R
1193.885	2.258000000000038	trials	1195.0696	1195.0706	4.0	[-0.987258791923523, -6.999989986419678, 1.012741208076477, -8.99998950958252]	-1.5707963267948966	R
1196.395	3.1110000000001037	trials	1198.4149	1198.4159	5.0	[-6.645581245422363, -4.668104648590088, -4.645581245422363, -6.668104648590088]	-2.356194490192345	R
1199.757	2.344000000000051	trials	1201.2238666666667	1201.2248666666667	7.0	[-6.672598838806152, 6.64106559753418, -4.672598838806152, 4.64106559753418]	2.356194490192345	I
1202.353	3.1669999999999163	trials	1204.2544	1204.2554	2.0	[6.999997615814209, 1.0063706636428833, 8.99999713897705, -0.9936293959617615]	0.0	R
1205.771	2.6670000000001437	trials	1207.3591	1207.3601	6.0	[-8.999977111816406, 0.9808881878852844, -6.999977111816406, -1.0191118717193604]	3.141592653589793	R
1208.689	2.625	trials	1210.0748333333333	1210.0758333333333	0.0	[-8.999977111816406, 0.9808881878852844, -6.999977111816406, -1.0191118717193604]	1.5707963267948966	R
1211.566	1.88799999999992	trials				[NaN, NaN, NaN, NaN]		A
1213.706	3.213000000000193	trials	1215.5323666666666	1215.5333666666668	7.0	[-6.672598838806152, 6.64106559753418, -4.672598838806152, 4.64106559753418]	2.356194490192345	R
1217.17	2.5529999999998836	trials	1218.6150333333333	1218.6160333333332	6.0	[-8.999977111816406, 0.9808881878852844, -6.999977111816406, -1.0191118717193604]	3.141592653589793	R
1219.974	3.115000000000009	trials	1221.9242333333334	1221.9252333333334	1.0	[4.654601573944092, 6.659106254577637, 6.654601573944092, 4.659106254577637]	0.7853981633974483	R
1223.341	2.439000000000078	trials	1225.1302	1225.1312	5.0	[-6.645581245422363, -4.668104648590088, -4.645581245422363, -6.668104648590088]	-2.356194490192345	I
1226.031	3.3200000000001637	trials	1228.4254	1228.4264	3.0	[4.663607120513916, -4.650093078613281, 6.663607120513916, -6.650093078613281]	-0.7853981633974483	I
1229.602	3.2229999999999563	trials	1231.6985	1231.6995	2.0	[6.999997615814209, 1.0063706636428833, 8.99999713897705, -0.9936293959617615]	0.0	R
1233.077	2.938000000000102	trials	1234.8683666666666	1234.8693666666666	2.0	[6.999997615814209, 1.0063706636428833, 8.99999713897705, -0.9936293959617615]	0.0	R
1236.267	2.474999999999909	trials	1237.6372666666666	1237.6382666666666	3.0	[4.663607120513916, -4.650093078613281, 6.663607120513916, -6.650093078613281]	-0.7853981633974483	R
1238.994	2.9429999999999836	trials	1240.756	1240.757	0.0	[-1.0, 9.0, 1.0, 7.0]	1.5707963267948966	R
1242.189	2.8519999999998618	trials	1243.9529333333332	1243.9539333333332	1.0	[4.654601573944092, 6.659106254577637, 6.654601573944092, 4.659106254577637]	0.7853981633974483	R
1245.292	3.1200000000001182	trials	1247.3243	1247.3253	5.0	[-6.645581245422363, -4.668104648590088, -4.645581245422363, -6.668104648590088]	-2.356194490192345	R
1248.664	3.1140000000000327	trials	1250.5162333333333	1250.5172333333333	7.0	[-6.672598838806152, 6.64106559753418, -4.672598838806152, 4.64106559753418]	2.356194490192345	R
1252.03	3.008000000000038	trials	1253.9778333333334	1253.9788333333333	6.0	[-8.999977111816406, 0.9808881878852844, -6.999977111816406, -1.0191118717193604]	3.141592653589793	R
1255.29	2.9500000000000455	trials	1257.1677333333334	1257.1687333333334	4.0	[-0.987258791923523, -6.999989986419678, 1.012741208076477, -8.99998950958252]	-1.5707963267948966	R
1258.492	3.229000000000042	trials	1260.6584	1260.6594	3.0	[-0.987258791923523, -6.999989986419678, 1.012741208076477, -8.99998950958252]	-0.7853981633974483	R
1261.973	2.785000000000082	trials	1263.7009666666668	1263.7019666666667	6.0	[-8.999977111816406, 0.9808881878852844, -6.999977111816406, -1.0191118717193604]	3.141592653589793	R
1265.009	2.935999999999922	trials	1266.8307333333332	1266.8317333333334	1.0	[4.654601573944092, 6.659106254577637, 6.654601573944092, 4.659106254577637]	0.7853981633974483	R
1268.196	2.7560000000000855	trials	1269.7800333333332	1269.7810333333334	2.0	[6.999997615814209, 1.0063706636428833, 8.99999713897705, -0.9936293959617615]	0.0	R
1271.204	3.298999999999978	trials	1273.3278666666668	1273.3288666666667	5.0	[-6.645581245422363, -4.668104648590088, -4.645581245422363, -6.668104648590088]	-2.356194490192345	R
1274.754	3.4440000000001874	trials	1276.9919333333332	1276.9929333333334	7.0	[-6.672598838806152, 6.64106559753418, -4.672598838806152, 4.64106559753418]	2.356194490192345	R
1278.45	2.5429999999998927	trials	1279.8931333333333	1279.8941666666667	0.0	[-1.0, 9.0, 1.0, 7.0]	1.5707963267948966	R
1281.245	2.5920000000000982	trials	1282.7673	1282.7683	4.0	[-0.987258791923523, -6.999989986419678, 1.012741208076477, -8.99998950958252]	-1.5707963267948966	R
1284.089	2.421000000000049	trials	1285.8148333333334	1285.8158666666666	2.0	[-0.987258791923523, -6.999989986419678, 1.012741208076477, -8.99998950958252]	0.0	I
1286.761	2.727000000000089	trials	1288.4032666666667	1288.4042666666667	1.0	[4.654601573944092, 6.659106254577637, 6.654601573944092, 4.659106254577637]	0.7853981633974483	R
1289.74	2.298000000000002	trials	1290.8814333333332	1290.8824333333334	5.0	[-6.645581245422363, -4.668104648590088, -4.645581245422363, -6.668104648590088]	-2.356194490192345	R
1292.29	3.5370000000000346	trials	1294.7610666666667	1294.7620666666667	3.0	[4.663607120513916, -4.650093078613281, 6.663607120513916, -6.650093078613281]	-0.7853981633974483	R
1296.078	2.4850000000001273	trials	1297.3424666666667	1297.3434666666667	7.0	[-6.672598838806152, 6.64106559753418, -4.672598838806152, 4.64106559753418]	2.356194490192345	R
1298.814	2.884999999999991	trials	1300.5414	1300.5424	0.0	[-1.0, 9.0, 1.0, 7.0]	1.5707963267948966	R
1301.951	2.2100000000000364	trials	1303.0777	1303.0787	4.0	[-0.987258791923523, -6.999989986419678, 1.012741208076477, -8.99998950958252]	-1.5707963267948966	R
1304.413	2.408999999999878	trials	1305.7493333333334	1305.7503333333334	6.0	[-8.999977111816406, 0.9808881878852844, -6.999977111816406, -1.0191118717193604]	3.141592653589793	R
1307.074	2.6299999999998818	trials	1308.4520333333332	1308.4530333333332	7.0	[-8.999977111816406, 0.9808881878852844, -6.999977111816406, -1.0191118717193604]	2.356194490192345	R
1309.956	2.9440000000001874	trials	1311.7662666666668	1311.7672666666667	0.0	[-1.0, 9.0, 1.0, 7.0]	1.5707963267948966	R
1313.152	2.7229999999999563	trials	1314.7948	1314.7958	3.0	[4.663607120513916, -4.650093078613281, 6.663607120513916, -6.650093078613281]	-0.7853981633974483	R
1316.127	3.074000000000069	trials	1318.0398333333333	1318.0408333333332	5.0	[-6.645581245422363, -4.668104648590088, -4.645581245422363, -6.668104648590088]	-2.356194490192345	R
1319.452	3.0499999999999545	trials	1321.4974333333332	1321.4984333333334	4.0	[-0.987258791923523, -6.999989986419678, 1.012741208076477, -8.99998950958252]	-1.5707963267948966	R
1322.754	2.2690000000000055	trials	1323.8683	1323.8693	1.0	[4.654601573944092, 6.659106254577637, 6.654601573944092, 4.659106254577637]	0.7853981633974483	R
1325.275	2.4859999999998763	trials	1326.6361666666667	1326.6372	2.0	[6.999997615814209, 1.0063706636428833, 8.99999713897705, -0.9936293959617615]	0.0	R
1328.013	2.6590000000001055	trials	1329.5323666666666	1329.5333666666668	6.0	[-8.999977111816406, 0.9808881878852844, -6.999977111816406, -1.0191118717193604]	3.141592653589793	R
1330.924	3.2819999999999254	trials	1333.0571333333332	1333.0581333333334	3.0	[-8.999977111816406, 0.9808881878852844, -6.999977111816406, -1.0191118717193604]	-0.7853981633974483	R
1334.458	3.130999999999858	trials	1336.5568	1336.5578	1.0	[4.654601573944092, 6.659106254577637, 6.654601573944092, 4.659106254577637]	0.7853981633974483	R
1337.841	2.740000000000009	trials	1339.4389666666666	1339.4399666666666	7.0	[-6.672598838806152, 6.64106559753418, -4.672598838806152, 4.64106559753418]	2.356194490192345	R
1340.832	2.7439999999999145	trials	1342.4865333333332	1342.4875333333334	2.0	[6.999997615814209, 1.0063706636428833, 8.99999713897705, -0.9936293959617615]	0.0	R
1343.828	2.352000000000089	trials	1344.9847333333332	1344.9857333333334	5.0	[-6.645581245422363, -4.668104648590088, -4.645581245422363, -6.668104648590088]	-2.356194490192345	R
1346.431	3.3129999999998745	trials	1348.6819	1348.6829	4.0	[-0.987258791923523, -6.999989986419678, 1.012741208076477, -8.99998950958252]	-1.5707963267948966	R
1349.995	3.0310000000001764	trials	1351.9530333333332	1351.9540333333334	6.0	[-8.999977111816406, 0.9808881878852844, -6.999977111816406, -1.0191118717193604]	3.141592653589793	R
1353.277	2.8609999999998763	trials	1355.0517333333332	1355.0527333333334	0.0	[-1.0, 9.0, 1.0, 7.0]	1.5707963267948966	R
1356.39	2.8379999999999654	trials	1358.1624333333334	1358.1634333333334	5.0	[-1.0, 9.0, 1.0, 7.0]	-2.356194490192345	R
1359.48	2.4020000000000437	trials	1360.7929666666666	1360.7939666666666	1.0	[4.654601573944092, 6.659106254577637, 6.654601573944092, 4.659106254577637]	0.7853981633974483	R
1362.133	2.745999999999867	trials	1363.7713666666666	1363.7723666666666	2.0	[6.999997615814209, 1.0063706636428833, 8.99999713897705, -0.9936293959617615]	0.0	R
1365.131	3.717999999999847	trials	1367.7251666666666	1367.7261666666666	4.0	[-0.987258791923523, -6.999989986419678, 1.012741208076477, -8.99998950958252]	-1.5707963267948966	R
1369.101	2.905999999999949	trials	1370.8208666666667	1370.8218666666667	7.0	[-6.672598838806152, 6.64106559753418, -4.672598838806152, 4.64106559753418]	2.356194490192345	R
1372.258	3.890999999999849	trials	1375.0313	1375.0323333333333	0.0	[-1.0, 9.0, 1.0, 7.0]	1.5707963267948966	R
1376.401	2.9169999999999163	trials	1378.2453	1378.2463	6.0	[-8.999977111816406, 0.9808881878852844, -6.999977111816406, -1.0191118717193604]	3.141592653589793	R
1379.57	3.3300000000001546	trials	1381.7419666666667	1381.7429666666667	3.0	[4.663607120513916, -4.650093078613281, 6.663607120513916, -6.650093078613281]	-0.7853981633974483	R
1383.151	2.4579999999998563	trials	1384.4567	1384.4577	5.0	[4.663607120513916, -4.650093078613281, 6.663607120513916, -6.650093078613281]	-2.356194490192345	R
1385.86	3.089000000000169	trials	1387.8110333333334	1387.8120333333334	0.0	[-1.0, 9.0, 1.0, 7.0]	1.5707963267948966	R
1389.201	2.5219999999999345	trials	1390.6250333333332	1390.6260333333332	3.0	[4.663607120513916, -4.650093078613281, 6.663607120513916, -6.650093078613281]	-0.7853981633974483	R
1391.974	2.941000000000031	trials	1393.8019	1393.8029	6.0	[-8.999977111816406, 0.9808881878852844, -6.999977111816406, -1.0191118717193604]	3.141592653589793	R
1395.166	1.6890000000000782	trials				[NaN, NaN, NaN, NaN]		A
1397.107	2.6690000000000964	trials	1398.6339	1398.6349	4.0	[-0.987258791923523, -6.999989986419678, 1.012741208076477, -8.99998950958252]	-1.5707963267948966	R
1400.027	2.3689999999999145	trials	1401.2835	1401.2845	2.0	[6.999997615814209, 1.0063706636428833, 8.99999713897705, -0.9936293959617615]	0.0	R
1402.648	2.622000000000071	trials	1404.0894333333333	1404.0904333333333	7.0	[-6.672598838806152, 6.64106559753418, -4.672598838806152, 4.64106559753418]	2.356194490192345	R
1405.522	2.83400000000006	trials	1407.2593333333334	1407.2603333333334	6.0	[-6.672598838806152, 6.64106559753418, -4.672598838806152, 4.64106559753418]	3.141592653589793	R
1408.608	2.7999999999999545	trials	1410.3870666666667	1410.3881	4.0	[-0.987258791923523, -6.999989986419678, 1.012741208076477, -8.99998950958252]	-1.5707963267948966	R
1411.659	3.0109999999999673	trials	1413.6622	1413.6632	5.0	[-6.645581245422363, -4.668104648590088, -4.645581245422363, -6.668104648590088]	-2.356194490192345	R
1414.921	2.826999999999998	trials	1416.6326	1416.6336	0.0	[-1.0, 9.0, 1.0, 7.0]	1.5707963267948966	R
1418.0	2.90300000000002	trials	1419.8465666666666	1419.8475666666666	2.0	[6.999997615814209, 1.0063706636428833, 8.99999713897705, -0.9936293959617615]	0.0	R
1421.155	2.336999999999989	trials	1422.8801	1422.8811	1.0	[4.654601573944092, 6.659106254577637, 6.654601573944092, 4.659106254577637]	0.7853981633974483	I
1423.743	7.498000000000047	trials	1430.095	1430.096	3.0	[4.663607120513916, -4.650093078613281, 6.663607120513916, -6.650093078613281]	-0.7853981633974483	R
1431.492	2.966000000000122	trials	1433.2388	1433.2398	7.0	[-6.672598838806152, 6.64106559753418, -4.672598838806152, 4.64106559753418]	2.356194490192345	R
1434.709	3.2519999999999527	trials	1436.8578	1436.8588	1.0	[-6.672598838806152, 6.64106559753418, -4.672598838806152, 4.64106559753418]	0.7853981633974483	R
1438.212	3.019999999999982	trials	1440.0427	1440.0437	2.0	[6.999997615814209, 1.0063706636428833, 8.99999713897705, -0.9936293959617615]	0.0	R
1441.483	8.059999999999945	trials	1448.3042	1448.3052	3.0	[4.663607120513916, -4.650093078613281, 6.663607120513916, -6.650093078613281]	-0.7853981633974483	R
1449.795	3.076000000000022	trials	1451.6465	1451.6475	7.0	[-6.672598838806152, 6.64106559753418, -4.672598838806152, 4.64106559753418]	2.356194490192345	R
1453.122	2.905999999999949	trials	1454.9336666666666	1454.9346666666668	6.0	[-8.999977111816406, 0.9808881878852844, -6.999977111816406, -1.0191118717193604]	3.141592653589793	R
1456.28	2.9139999999999873	trials	1458.0464	1458.0474	5.0	[-6.645581245422363, -4.668104648590088, -4.645581245422363, -6.668104648590088]	-2.356194490192345	R
1459.446	2.4450000000001637	trials	1460.6659	1460.6669	0.0	[-1.0, 9.0, 1.0, 7.0]	1.5707963267948966	R
1462.143	2.9710000000000036	trials	1464.0112	1464.0122	4.0	[-0.987258791923523, -6.999989986419678, 1.012741208076477, -8.99998950958252]	-1.5707963267948966	R
1465.366	2.880000000000109	trials	1467.2181666666668	1467.2191666666668	5.0	[-0.987258791923523, -6.999989986419678, 1.012741208076477, -8.99998950958252]	-2.356194490192345	R
1468.497	2.65099999999984	trials	1470.0732333333333	1470.0742333333333	6.0	[-8.999977111816406, 0.9808881878852844, -6.999977111816406, -1.0191118717193604]	3.141592653589793	R
1471.4	3.0579999999999927	trials	1473.203	1473.204	7.0	[-6.672598838806152, 6.64106559753418, -4.672598838806152, 4.64106559753418]	2.356194490192345	R
1474.71	2.42899999999986	trials	1475.9478333333334	1475.9488333333334	0.0	[-1.0, 9.0, 1.0, 7.0]	1.5707963267948966	R
1477.39	2.7359999999998763	trials	1479.3091666666667	1479.3101666666666	3.0	[4.663607120513916, -4.650093078613281, 6.663607120513916, -6.650093078613281]	-0.7853981633974483	I
1480.378	22.628000000000156	trials	1502.0015	1502.0025	1.0	[4.654601573944092, 6.659106254577637, 6.654601573944092, 4.659106254577637]	0.7853981633974483	F
1503.258	2.3379999999999654	trials	1504.5919333333334	1504.5929333333333	4.0	[-0.987258791923523, -6.999989986419678, 1.012741208076477, -8.99998950958252]	-1.5707963267948966	F
1505.848	0.6150000000000091	trials				[NaN, NaN, NaN, NaN]		A
1506.714	2.0830000000000837	trials	1507.7928666666667	1507.7938666666666	7.0	[6.999997615814209, 1.0063706636428833, 8.99999713897705, -0.9936293959617615]	2.356194490192345	F
1509.049	2.5520000000001346	trials	1510.5968333333333	1510.5978333333333	6.0	[-8.999977111816406, 0.9808881878852844, -6.999977111816406, -1.0191118717193604]	3.141592653589793	F
1511.853	0.5509999999999309	trials				[NaN, NaN, NaN, NaN]		A
1512.656	3.609000000000151	trials	1515.0869666666667	1515.0879666666667	5.0	[-6.645581245422363, -4.668104648590088, -4.645581245422363, -6.668104648590088]	-2.356194490192345	R
1516.517	2.730000000000018	trials	1518.3350333333333	1518.3360333333333	0.0	[-1.0, 9.0, 1.0, 7.0]	1.5707963267948966	I
1519.499	3.300999999999931	trials	1521.6131666666668	1521.6142	1.0	[4.654601573944092, 6.659106254577637, 6.654601573944092, 4.659106254577637]	0.7853981633974483	R
1523.052	2.2170000000000982	trials	1524.1164	1524.1174	2.0	[6.999997615814209, 1.0063706636428833, 8.99999713897705, -0.9936293959617615]	0.0	R
1525.521	2.2070000000001073	trials	1526.6787666666667	1526.6797666666666	4.0	[-0.987258791923523, -6.999989986419678, 1.012741208076477, -8.99998950958252]	-1.5707963267948966	R
1527.98	2.683999999999969	trials	1529.5478666666668	1529.5488666666668	2.0	[-0.987258791923523, -6.999989986419678, 1.012741208076477, -8.99998950958252]	0.0	R
1530.915	3.1130000000000564	trials	1532.8631	1532.8641	7.0	[-6.672598838806152, 6.64106559753418, -4.672598838806152, 4.64106559753418]	2.356194490192345	R
1534.28	2.73700000000008	trials	1535.8084333333334	1535.8094333333333	5.0	[-6.645581245422363, -4.668104648590088, -4.645581245422363, -6.668104648590088]	-2.356194490192345	R
1537.269	3.4020000000000437	trials	1539.6198666666667	1539.6208666666666	4.0	[-0.987258791923523, -6.999989986419678, 1.012741208076477, -8.99998950958252]	-1.5707963267948966	R
1540.922	2.6440000000000055	trials	1542.3236	1542.3246	3.0	[4.663607120513916, -4.650093078613281, 6.663607120513916, -6.650093078613281]	-0.7853981633974483	R
1543.817	2.502999999999929	trials	1545.1716666666666	1545.1726666666666	0.0	[-1.0, 9.0, 1.0, 7.0]	1.5707963267948966	R
1546.571	3.29300000000012	trials	1548.7565666666667	1548.7575666666667	1.0	[4.654601573944092, 6.659106254577637, 6.654601573944092, 4.659106254577637]	0.7853981633974483	R
1550.116	2.9729999999999563	trials	1552.0547333333334	1552.0557333333334	6.0	[-8.999977111816406, 0.9808881878852844, -6.999977111816406, -1.0191118717193604]	3.141592653589793	R
1553.341	3.3980000000001382	trials	1555.6657	1555.6667	0.0	[-8.999977111816406, 0.9808881878852844, -6.999977111816406, -1.0191118717193604]	1.5707963267948966	R
1556.991	3.3330000000000837	trials	1559.1553666666666	1559.1563666666666	1.0	[4.654601573944092, 6.659106254577637, 6.654601573944092, 4.659106254577637]	0.7853981633974483	R
1560.576	2.9039999999999964	trials	1562.3503	1562.3513	2.0	[6.999997615814209, 1.0063706636428833, 8.99999713897705, -0.9936293959617615]	0.0	R
1563.732	2.8920000000000528	trials	1565.4760666666666	1565.4770666666666	7.0	[-6.672598838806152, 6.64106559753418, -4.672598838806152, 4.64106559753418]	2.356194490192345	R
1566.876	3.564000000000078	trials	1569.3346333333334	1569.3356333333334	6.0	[-8.999977111816406, 0.9808881878852844, -6.999977111816406, -1.0191118717193604]	3.141592653589793	R
1570.692	2.8689999999999145	trials	1572.4604	1572.4614	5.0	[-6.645581245422363, -4.668104648590088, -4.645581245422363, -6.668104648590088]	-2.356194490192345	R
1573.813	2.9710000000000036	trials	1575.7666	1575.7676	4.0	[-0.987258791923523, -6.999989986419678, 1.012741208076477, -8.99998950958252]	-1.5707963267948966	R
1577.036	3.394999999999982	trials	1579.2462333333333	1579.2472333333333	3.0	[4.663607120513916, -4.650093078613281, 6.663607120513916, -6.650093078613281]	-0.7853981633974483	R
1580.683	2.98700000000008	trials	1582.5424333333333	1582.5434333333333	7.0	[4.663607120513916, -4.650093078613281, 6.663607120513916, -6.650093078613281]	2.356194490192345	R
1583.922	3.050999999999931	trials	1585.8817	1585.8827333333334	0.0	[-1.0, 9.0, 1.0, 7.0]	1.5707963267948966	R
1587.225	2.439000000000078	trials	1588.4831666666666	1588.4841666666666	1.0	[4.654601573944092, 6.659106254577637, 6.654601573944092, 4.659106254577637]	0.7853981633974483	R
1589.916	2.9890000000000327	trials	1591.7011666666667	1591.7021666666667	2.0	[6.999997615814209, 1.0063706636428833, 8.99999713897705, -0.9936293959617615]	0.0	R
1593.157	3.050000000000182	trials	1595.1657666666667	1595.1667666666667	4.0	[-0.987258791923523, -6.999989986419678, 1.012741208076477, -8.99998950958252]	-1.5707963267948966	R
1596.459	3.1420000000000528	trials	1598.5812333333333	1598.5822333333333	5.0	[-6.645581245422363, -4.668104648590088, -4.645581245422363, -6.668104648590088]	-2.356194490192345	R
1599.852	2.99799999999982	trials	1602.1671333333334	1602.1681333333333	6.0	[-8.999977111816406, 0.9808881878852844, -6.999977111816406, -1.0191118717193604]	3.141592653589793	I
1603.101	2.765999999999849	trials	1604.5861333333332	1604.5871333333334	3.0	[4.663607120513916, -4.650093078613281, 6.663607120513916, -6.650093078613281]	-0.7853981633974483	R
1606.119	2.7170000000000982	trials	1607.5144	1607.5154333333332	3.0	[4.663607120513916, -4.650093078613281, 6.663607120513916, -6.650093078613281]	-0.7853981633974483	R
1609.087	2.3990000000001146	trials	1610.4537	1610.4547	4.0	[-0.987258791923523, -6.999989986419678, 1.012741208076477, -8.99998950958252]	-1.5707963267948966	R
1611.738	2.645999999999958	trials	1613.2797333333333	1613.2807333333333	6.0	[-8.999977111816406, 0.9808881878852844, -6.999977111816406, -1.0191118717193604]	3.141592653589793	R
1614.636	2.5260000000000673	trials	1616.0546	1616.0556333333334	0.0	[-1.0, 9.0, 1.0, 7.0]	1.5707963267948966	R
1617.414	3.3789999999999054	trials	1619.6144666666667	1619.6154666666666	2.0	[6.999997615814209, 1.0063706636428833, 8.99999713897705, -0.9936293959617615]	0.0	R
1621.045	2.8659999999999854	trials	1622.7763	1622.7773	7.0	[-6.672598838806152, 6.64106559753418, -4.672598838806152, 4.64106559753418]	2.356194490192345	R
1624.163	2.4680000000000746	trials	1625.8619666666666	1625.8629666666666	1.0	[4.654601573944092, 6.659106254577637, 6.654601573944092, 4.659106254577637]	0.7853981633974483	I
1626.883	3.3599999999999	trials	1629.0799333333334	1629.0809333333334	5.0	[-6.645581245422363, -4.668104648590088, -4.645581245422363, -6.668104648590088]	-2.356194490192345	R
1630.494	2.5579999999999927	trials	1631.9691333333333	1631.9701333333333	0.0	[-6.645581245422363, -4.668104648590088, -4.645581245422363, -6.668104648590088]	1.5707963267948966	R
1633.303	3.199999999999818	trials	1635.3816	1635.3826	7.0	[-6.672598838806152, 6.64106559753418, -4.672598838806152, 4.64106559753418]	2.356194490192345	R
1636.755	3.418999999999869	trials	1639.1419333333333	1639.1429333333333	6.0	[-8.999977111816406, 0.9808881878852844, -6.999977111816406, -1.0191118717193604]	3.141592653589793	R
1640.425	4.432999999999993	trials	1643.6551333333334	1643.6561333333334	3.0	[4.663607120513916, -4.650093078613281, 6.663607120513916, -6.650093078613281]	-0.7853981633974483	R
1645.11	2.9880000000000564	trials	1647.0435333333332	1647.0445333333332	5.0	[-6.645581245422363, -4.668104648590088, -4.645581245422363, -6.668104648590088]	-2.356194490192345	R
1648.35	2.536000000000058	trials	1649.8184333333334	1649.8194333333333	4.0	[-0.987258791923523, -6.999989986419678, 1.012741208076477, -8.99998950958252]	-1.5707963267948966	R
1651.138	2.992000000000189	trials	1653.0655	1653.0665	1.0	[4.654601573944092, 6.659106254577637, 6.654601573944092, 4.659106254577637]	0.7853981633974483	R
1654.382	2.6189999999999145	trials	1655.8885	1655.8895	2.0	[6.999997615814209, 1.0063706636428833, 8.99999713897705, -0.9936293959617615]	0.0	R
1657.253	3.1980000000000928	trials	1659.3831666666667	1659.3841666666667	6.0	[6.999997615814209, 1.0063706636428833, 8.99999713897705, -0.9936293959617615]	3.141592653589793	R
1660.702	2.768000000000029	trials	1662.3485333333333	1662.3495333333333	2.0	[6.999997615814209, 1.0063706636428833, 8.99999713897705, -0.9936293959617615]	0.0	R
1663.722	3.880000000000109	trials	1666.5199	1666.5209	3.0	[4.663607120513916, -4.650093078613281, 6.663607120513916, -6.650093078613281]	-0.7853981633974483	R
1667.853	3.155999999999949	trials	1670.2080333333333	1670.2090333333333	0.0	[-1.0, 9.0, 1.0, 7.0]	1.5707963267948966	I
1671.261	2.9320000000000164	trials	1673.0942	1673.0952	5.0	[-6.645581245422363, -4.668104648590088, -4.645581245422363, -6.668104648590088]	-2.356194490192345	R
1674.445	2.6490000000001146	trials	1675.9332666666667	1675.9342666666666	7.0	[-6.672598838806152, 6.64106559753418, -4.672598838806152, 4.64106559753418]	2.356194490192345	R
1677.346	2.8759999999999764	trials	1679.1693	1679.1703	4.0	[-0.987258791923523, -6.999989986419678, 1.012741208076477, -8.99998950958252]	-1.5707963267948966	R
1680.474	2.740000000000009	trials	1682.1597	1682.1607	1.0	[4.654601573944092, 6.659106254577637, 6.654601573944092, 4.659106254577637]	0.7853981633974483	R
1683.466	2.800000000000182	trials	1685.1621666666667	1685.1631666666667	3.0	[4.654601573944092, 6.659106254577637, 6.654601573944092, 4.659106254577637]	-0.7853981633974483	R
1686.518	3.259999999999991	trials	1688.6087333333332	1688.6097333333332	7.0	[-6.672598838806152, 6.64106559753418, -4.672598838806152, 4.64106559753418]	2.356194490192345	R
1690.029	3.01299999999992	trials	1691.9690666666668	1691.9700666666668	0.0	[-1.0, 9.0, 1.0, 7.0]	1.5707963267948966	R
1693.293	3.0820000000001073	trials	1695.2993333333334	1695.3003333333334	1.0	[4.654601573944092, 6.659106254577637, 6.654601573944092, 4.659106254577637]	0.7853981633974483	R
1696.627	2.6639999999999873	trials	1698.1143	1698.1153333333334	6.0	[-8.999977111816406, 0.9808881878852844, -6.999977111816406, -1.0191118717193604]	3.141592653589793	R
1699.543	3.4120000000000346	trials	1701.9137333333333	1701.9147333333333	5.0	[-6.645581245422363, -4.668104648590088, -4.645581245422363, -6.668104648590088]	-2.356194490192345	R
1703.207	3.15099999999984	trials	1705.1377333333332	1705.1387666666667	4.0	[-0.987258791923523, -6.999989986419678, 1.012741208076477, -8.99998950958252]	-1.5707963267948966	R
1706.609	2.3430000000000746	trials	1707.8595	1707.8605	2.0	[6.999997615814209, 1.0063706636428833, 8.99999713897705, -0.9936293959617615]	0.0	R
1709.204	2.3579999999999472	trials	1710.5271333333333	1710.5281333333332	5.0	[6.999997615814209, 1.0063706636428833, 8.99999713897705, -0.9936293959617615]	-2.356194490192345	R
1711.813	3.0759999999997945	trials	1713.7852	1713.7862	7.0	[-6.672598838806152, 6.64106559753418, -4.672598838806152, 4.64106559753418]	2.356194490192345	R
1715.141	2.688999999999851	trials	1716.7245	1716.7255	3.0	[4.663607120513916, -4.650093078613281, 6.663607120513916, -6.650093078613281]	-0.7853981633974483	R
1718.082	3.390999999999849	trials	1720.3785666666668	1720.3796	0.0	[-1.0, 9.0, 1.0, 7.0]	1.5707963267948966	R
1721.725	3.8430000000000746	trials	1724.2151	1724.2161	6.0	[-8.999977111816406, 0.9808881878852844, -6.999977111816406, -1.0191118717193604]	3.141592653589793	R
1725.82	2.8300000000001546	trials	1727.5774666666666	1727.5784666666666	4.0	[-0.987258791923523, -6.999989986419678, 1.012741208076477, -8.99998950958252]	-1.5707963267948966	R
1728.902	3.0319999999999254	trials	1730.8676333333333	1730.8686333333333	1.0	[4.654601573944092, 6.659106254577637, 6.654601573944092, 4.659106254577637]	0.7853981633974483	R
1732.186	2.755000000000109	trials	1733.8129333333334	1733.8139333333334	2.0	[6.999997615814209, 1.0063706636428833, 8.99999713897705, -0.9936293959617615]	0.0	R
1735.192	2.4780000000000655	trials	1736.6199	1736.6209	4.0	[6.999997615814209, 1.0063706636428833, 8.99999713897705, -0.9936293959617615]	-1.5707963267948966	R
1737.921	2.9579999999998563	trials	1739.7446666666667	1739.7456666666667	0.0	[-1.0, 9.0, 1.0, 7.0]	1.5707963267948966	R
1741.131	2.8889999999998963	trials	1742.9305666666667	1742.9315666666666	6.0	[-8.999977111816406, 0.9808881878852844, -6.999977111816406, -1.0191118717193604]	3.141592653589793	R
1744.272	2.872000000000071	trials	1746.0613333333333	1746.0623333333333	1.0	[4.654601573944092, 6.659106254577637, 6.654601573944092, 4.659106254577637]	0.7853981633974483	R
1747.396	2.591000000000122	trials	1748.8412333333333	1748.8422333333333	2.0	[6.999997615814209, 1.0063706636428833, 8.99999713897705, -0.9936293959617615]	0.0	R
1750.239	2.269999999999982	trials	1751.4527333333333	1751.4537333333333	5.0	[-6.645581245422363, -4.668104648590088, -4.645581245422363, -6.668104648590088]	-2.356194490192345	R
1752.761	2.3150000000000546	trials	1754.3489	1754.3499	7.0	[-6.672598838806152, 6.64106559753418, -4.672598838806152, 4.64106559753418]	2.356194490192345	I
1755.327	3.65300000000002	trials	1757.8265333333334	1757.8275333333333	3.0	[4.663607120513916, -4.650093078613281, 6.663607120513916, -6.650093078613281]	-0.7853981633974483	R
1759.232	2.908000000000129	trials	1761.0665666666666	1761.0676	6.0	[4.663607120513916, -4.650093078613281, 6.663607120513916, -6.650093078613281]	3.141592653589793	R
1762.392	3.1799999999998363	trials	1764.4499666666666	1764.451	2.0	[6.999997615814209, 1.0063706636428833, 8.99999713897705, -0.9936293959617615]	0.0	R
1765.823	2.5179999999998017	trials	1767.2098333333333	1767.2108333333333	0.0	[-1.0, 9.0, 1.0, 7.0]	1.5707963267948966	R
1768.592	3.050999999999931	trials	1770.4248	1770.4258	7.0	[-6.672598838806152, 6.64106559753418, -4.672598838806152, 4.64106559753418]	2.356194490192345	R
1771.894	2.800999999999931	trials	1773.6658666666667	1773.6668666666667	4.0	[-0.987258791923523, -6.999989986419678, 1.012741208076477, -8.99998950958252]	-1.5707963267948966	R
1774.947	3.0060000000000855	trials	1776.8718	1776.8728333333333	1.0	[4.654601573944092, 6.659106254577637, 6.654601573944092, 4.659106254577637]	0.7853981633974483	R
1778.204	2.354000000000042	trials	1779.366	1779.367	3.0	[4.663607120513916, -4.650093078613281, 6.663607120513916, -6.650093078613281]	-0.7853981633974483	R
1780.81	2.5119999999999436	trials	1782.2832333333333	1782.2842666666666	5.0	[-6.645581245422363, -4.668104648590088, -4.645581245422363, -6.668104648590088]	-2.356194490192345	R
1783.573	6.5909999999998945	trials	1789.0580666666667	1789.0590666666667	3.0	[-6.645581245422363, -4.668104648590088, -4.645581245422363, -6.668104648590088]	-0.7853981633974483	R
1790.415	2.8859999999999673	trials	1792.2018666666668	1792.2028666666668	1.0	[4.654601573944092, 6.659106254577637, 6.654601573944092, 4.659106254577637]	0.7853981633974483	R
1793.552	2.338000000000193	trials	1794.8123666666668	1794.8133666666668	2.0	[6.999997615814209, 1.0063706636428833, 8.99999713897705, -0.9936293959617615]	0.0	R
1796.142	2.9049999999999727	trials	1798.0383666666667	1798.0393666666666	4.0	[-0.987258791923523, -6.999989986419678, 1.012741208076477, -8.99998950958252]	-1.5707963267948966	R
1799.299	2.4990000000000236	trials	1800.7310333333332	1800.7320333333332	5.0	[-6.645581245422363, -4.668104648590088, -4.645581245422363, -6.668104648590088]	-2.356194490192345	R
1802.049	3.1820000000000164	trials	1804.1004	1804.1014	7.0	[-6.672598838806152, 6.64106559753418, -4.672598838806152, 4.64106559753418]	2.356194490192345	R
1805.483	3.5950000000000273	trials	1808.0321666666666	1808.0331666666666	0.0	[-1.0, 9.0, 1.0, 7.0]	1.5707963267948966	R
1809.329	2.981999999999971	trials	1811.1439	1811.1449	6.0	[-8.999977111816406, 0.9808881878852844, -6.999977111816406, -1.0191118717193604]	3.141592653589793	R
1812.562	9.258000000000038	trials	1820.6946	1820.6956	3.0	[-8.999977111816406, 0.9808881878852844, -6.999977111816406, -1.0191118717193604]	-0.7853981633974483	R
1822.072	2.633000000000038	trials	1823.5466666666666	1823.5476666666666	7.0	[-6.672598838806152, 6.64106559753418, -4.672598838806152, 4.64106559753418]	2.356194490192345	R
1824.956	2.93100000000004	trials	1826.8208	1826.8218	6.0	[-8.999977111816406, 0.9808881878852844, -6.999977111816406, -1.0191118717193604]	3.141592653589793	R
1828.139	3.68100000000004	trials	1830.6924	1830.6934333333334	2.0	[6.999997615814209, 1.0063706636428833, 8.99999713897705, -0.9936293959617615]	0.0	R
1832.072	2.671000000000049	trials	1833.6658	1833.6668	5.0	[-6.645581245422363, -4.668104648590088, -4.645581245422363, -6.668104648590088]	-2.356194490192345	R
1834.995	2.2180000000000746	trials	1836.1409333333334	1836.1419333333333	1.0	[4.654601573944092, 6.659106254577637, 6.654601573944092, 4.659106254577637]	0.7853981633974483	R
1837.464	3.143000000000029	trials	1839.5554333333334	1839.5564333333334	4.0	[-0.987258791923523, -6.999989986419678, 1.012741208076477, -8.99998950958252]	-1.5707963267948966	R
1840.859	2.255000000000109	trials	1841.9934666666666	1841.9944666666668	0.0	[-1.0, 9.0, 1.0, 7.0]	1.5707963267948966	R
1843.366	2.41800000000012	trials	1844.6981666666666	1844.6992	6.0	[-1.0, 9.0, 1.0, 7.0]	3.141592653589793	R
1846.036	2.7549999999998818	trials	1847.6705666666667	1847.6715666666666	0.0	[-1.0, 9.0, 1.0, 7.0]	1.5707963267948966	R
1849.043	2.6690000000000964	trials	1850.662	1850.663	5.0	[-6.645581245422363, -4.668104648590088, -4.645581245422363, -6.668104648590088]	-2.356194490192345	R
1851.963	2.7250000000001364	trials	1853.6223333333332	1853.6233333333332	1.0	[4.654601573944092, 6.659106254577637, 6.654601573944092, 4.659106254577637]	0.7853981633974483	R
1854.94	2.7079999999998563	trials	1856.6217666666666	1856.6227666666666	4.0	[-0.987258791923523, -6.999989986419678, 1.012741208076477, -8.99998950958252]	-1.5707963267948966	R
1857.9	0.6799999999998363	trials				[NaN, NaN, NaN, NaN]		A
1858.831	2.6030000000000655	trials	1860.3219666666666	1860.3229666666666	3.0	[4.663607120513916, -4.650093078613281, 6.663607120513916, -6.650093078613281]	-0.7853981633974483	R
1861.685	3.025000000000091	trials	1863.5710333333334	1863.5720333333334	7.0	[-6.672598838806152, 6.64106559753418, -4.672598838806152, 4.64106559753418]	2.356194490192345	R
1864.961	3.0049999999998818	trials	1866.8471666666667	1866.8481666666667	3.0	[-6.672598838806152, 6.64106559753418, -4.672598838806152, 4.64106559753418]	-0.7853981633974483	R
1868.218	3.030999999999949	trials	1870.1804333333334	1870.1814333333334	5.0	[-6.645581245422363, -4.668104648590088, -4.645581245422363, -6.668104648590088]	-2.356194490192345	R
1871.501	2.66599999999994	trials	1873.0636	1873.0646	7.0	[-6.672598838806152, 6.64106559753418, -4.672598838806152, 4.64106559753418]	2.356194490192345	R
1874.419	3.310999999999922	trials	1876.7006333333334	1876.7016333333333	6.0	[-8.999977111816406, 0.9808881878852844, -6.999977111816406, -1.0191118717193604]	3.141592653589793	R
1877.982	2.616999999999962	trials	1879.5447	1879.5457	4.0	[-0.987258791923523, -6.999989986419678, 1.012741208076477, -8.99998950958252]	-1.5707963267948966	R
1880.851	3.3539999999998145	trials	1882.9601666666667	1882.9611666666667	1.0	[4.654601573944092, 6.659106254577637, 6.654601573944092, 4.659106254577637]	0.7853981633974483	R
1884.457	2.882999999999811	trials	1886.2623666666666	1886.2633666666666	2.0	[6.999997615814209, 1.0063706636428833, 8.99999713897705, -0.9936293959617615]	0.0	R
1887.592	2.4420000000000073	trials	1888.8818666666666	1888.8828666666666	0.0	[-1.0, 9.0, 1.0, 7.0]	1.5707963267948966	R
1890.285	2.390999999999849	trials	1891.5625333333332	1891.5635333333332	6.0	[-1.0, 9.0, 1.0, 7.0]	3.141592653589793	R
1892.928	2.72199999999998	trials	1894.5599666666667	1894.5609666666667	0.0	[-1.0, 9.0, 1.0, 7.0]	1.5707963267948966	R
1895.901	3.0799999999999272	trials	1897.9343333333334	1897.9353333333333	1.0	[4.654601573944092, 6.659106254577637, 6.654601573944092, 4.659106254577637]	0.7853981633974483	R
1899.233	2.9120000000000346	trials	1901.0731333333333	1901.0741333333333	5.0	[-6.645581245422363, -4.668104648590088, -4.645581245422363, -6.668104648590088]	-2.356194490192345	R
1902.396	3.2740000000001146	trials	1904.5928666666666	1904.5938666666666	2.0	[6.999997615814209, 1.0063706636428833, 8.99999713897705, -0.9936293959617615]	0.0	R
1905.921	2.8579999999999472	trials	1907.6594666666667	1907.6604666666667	7.0	[-6.672598838806152, 6.64106559753418, -4.672598838806152, 4.64106559753418]	2.356194490192345	R
1909.031	2.5650000000000546	trials	1910.5787333333333	1910.5797333333333	4.0	[-0.987258791923523, -6.999989986419678, 1.012741208076477, -8.99998950958252]	-1.5707963267948966	R
1911.848	2.875	trials	1913.6593666666668	1913.6603666666667	3.0	[4.663607120513916, -4.650093078613281, 6.663607120513916, -6.650093078613281]	-0.7853981633974483	R
1914.975	0.6100000000001273	trials				[NaN, NaN, NaN, NaN]		A
1915.837	2.050999999999931	trials	1916.8112	1916.8122	1.0	[4.654601573944092, 6.659106254577637, 6.654601573944092, 4.659106254577637]	0.7853981633974483	R
1918.14	2.3799999999998818	trials	1919.3184333333334	1919.3194333333333	3.0	[4.663607120513916, -4.650093078613281, 6.663607120513916, -6.650093078613281]	-0.7853981633974483	R
1920.772	2.762000000000171	trials	1922.4371666666666	1922.4381666666666	7.0	[-6.672598838806152, 6.64106559753418, -4.672598838806152, 4.64106559753418]	2.356194490192345	R
1923.786	2.7159999999998945	trials	1925.4095333333332	1925.4105333333334	2.0	[6.999997615814209, 1.0063706636428833, 8.99999713897705, -0.9936293959617615]	0.0	R
1926.754	2.8079999999999927	trials	1928.4801666666667	1928.4811666666667	5.0	[-6.645581245422363, -4.668104648590088, -4.645581245422363, -6.668104648590088]	-2.356194490192345	R
1929.813	2.4299999999998363	trials	1931.1668333333334	1931.1678333333334	6.0	[-8.999977111816406, 0.9808881878852844, -6.999977111816406, -1.0191118717193604]	3.141592653589793	R
1932.494	2.310000000000173	trials	1933.7272	1933.7282	4.0	[-0.987258791923523, -6.999989986419678, 1.012741208076477, -8.99998950958252]	-1.5707963267948966	R
1935.056	3.0799999999999272	trials	1937.0544333333332	1937.0554333333334	4.0	[-0.987258791923523, -6.999989986419678, 1.012741208076477, -8.99998950958252]	-1.5707963267948966	R
1938.388	2.3700000000001182	trials	1939.7631666666666	1939.7641666666666	2.0	[6.999997615814209, 1.0063706636428833, 8.99999713897705, -0.9936293959617615]	0.0	I
1941.009	3.163000000000011	trials	1943.0764	1943.0774	0.0	[-1.0, 9.0, 1.0, 7.0]	1.5707963267948966	R
1944.424	2.240000000000009	trials	1946.0227	1946.0237	1.0	[4.654601573944092, 6.659106254577637, 6.654601573944092, 4.659106254577637]	0.7853981633974483	I
1946.916	3.008000000000038	trials	1948.7545	1948.7555	7.0	[-6.672598838806152, 6.64106559753418, -4.672598838806152, 4.64106559753418]	2.356194490192345	R
1950.176	2.9680000000000746	trials	1952.0747333333334	1952.0757333333333	3.0	[4.663607120513916, -4.650093078613281, 6.663607120513916, -6.650093078613281]	-0.7853981633974483	R
1953.396	3.0190000000000055	trials	1955.3589	1955.3599	5.0	[-6.645581245422363, -4.668104648590088, -4.645581245422363, -6.668104648590088]	-2.356194490192345	R
1956.666	3.2460000000000946	trials	1958.8405333333333	1958.8415333333332	6.0	[-8.999977111816406, 0.9808881878852844, -6.999977111816406, -1.0191118717193604]	3.141592653589793	R
1960.164	3.9300000000000637	trials	1962.9858333333334	1962.9868333333334	0.0	[-8.999977111816406, 0.9808881878852844, -6.999977111816406, -1.0191118717193604]	1.5707963267948966	R
1964.345	5.697999999999865	trials	1969.3446	1969.3456	5.0	[-6.645581245422363, -4.668104648590088, -4.645581245422363, -6.668104648590088]	-2.356194490192345	I
1970.295	2.9789999999998145	trials	1972.2357666666667	1972.2367666666667	7.0	[-6.672598838806152, 6.64106559753418, -4.672598838806152, 4.64106559753418]	2.356194490192345	R
1973.526	3.0989999999999327	trials	1975.5319666666667	1975.5329666666667	4.0	[-0.987258791923523, -6.999989986419678, 1.012741208076477, -8.99998950958252]	-1.5707963267948966	R
1976.876	2.905999999999949	trials	1978.6136	1978.6146	3.0	[4.663607120513916, -4.650093078613281, 6.663607120513916, -6.650093078613281]	-0.7853981633974483	R
1980.033	2.4440000000001874	trials	1981.3484	1981.3494	2.0	[6.999997615814209, 1.0063706636428833, 8.99999713897705, -0.9936293959617615]	0.0	R
1982.729	3.020999999999958	trials	1984.6957	1984.6967	1.0	[4.654601573944092, 6.659106254577637, 6.654601573944092, 4.659106254577637]	0.7853981633974483	R
1986.002	3.4220000000000255	trials	1988.1422666666667	1988.1432666666667	6.0	[-8.999977111816406, 0.9808881878852844, -6.999977111816406, -1.0191118717193604]	3.141592653589793	R
1989.676	9.456000000000131	trials	1997.8233	1997.8243	0.0	[-8.999977111816406, 0.9808881878852844, -6.999977111816406, -1.0191118717193604]	1.5707963267948966	R
1999.383	2.9249999999999545	trials	2001.2147333333332	2001.2157333333334	5.0	[-6.645581245422363, -4.668104648590088, -4.645581245422363, -6.668104648590088]	-2.356194490192345	R
2002.56	2.9670000000000982	trials	2004.4146666666666	2004.4156666666668	1.0	[4.654601573944092, 6.659106254577637, 6.654601573944092, 4.659106254577637]	0.7853981633974483	R
2005.779	3.0319999999999254	trials	2007.7459333333334	2007.7469333333333	6.0	[-8.999977111816406, 0.9808881878852844, -6.999977111816406, -1.0191118717193604]	3.141592653589793	R
2009.062	3.060000000000173	trials	2011.0160333333333	2011.0170666666668	7.0	[-6.672598838806152, 6.64106559753418, -4.672598838806152, 4.64106559753418]	2.356194490192345	R
2012.373	3.2259999999998854	trials	2014.5017	2014.5027	2.0	[6.999997615814209, 1.0063706636428833, 8.99999713897705, -0.9936293959617615]	0.0	R
2015.851	2.4989999999997963	trials	2017.2565333333334	2017.2575333333334	4.0	[-0.987258791923523, -6.999989986419678, 1.012741208076477, -8.99998950958252]	-1.5707963267948966	R
2018.602	2.7649999999998727	trials	2020.2399333333333	2020.2409333333333	3.0	[4.663607120513916, -4.650093078613281, 6.663607120513916, -6.650093078613281]	-0.7853981633974483	R
2021.618	2.259999999999991	trials	2022.8153333333332	2022.8163333333334	1.0	[4.663607120513916, -4.650093078613281, 6.663607120513916, -6.650093078613281]	0.7853981633974483	R
2024.13	2.4249999999999545	trials	2025.493	2025.494	5.0	[-6.645581245422363, -4.668104648590088, -4.645581245422363, -6.668104648590088]	-2.356194490192345	R
2026.806	2.4600000000000364	trials	2028.2408	2028.2418	4.0	[-0.987258791923523, -6.999989986419678, 1.012741208076477, -8.99998950958252]	-1.5707963267948966	R
2029.518	3.0139999999998963	trials	2031.4758333333334	2031.4768333333334	2.0	[6.999997615814209, 1.0063706636428833, 8.99999713897705, -0.9936293959617615]	0.0	R
2032.784	2.9379999999998745	trials	2034.5234	2034.5244	7.0	[-6.672598838806152, 6.64106559753418, -4.672598838806152, 4.64106559753418]	2.356194490192345	R
2035.974	3.048000000000002	trials	2038.0030333333334	2038.0040333333334	6.0	[-8.999977111816406, 0.9808881878852844, -6.999977111816406, -1.0191118717193604]	3.141592653589793	R
2039.273	2.9450000000001637	trials	2041.1348	2041.1358333333333	3.0	[4.663607120513916, -4.650093078613281, 6.663607120513916, -6.650093078613281]	-0.7853981633974483	R
2042.469	2.9349999999999454	trials	2044.3217333333334	2044.3227333333334	0.0	[-1.0, 9.0, 1.0, 7.0]	1.5707963267948966	R
2045.656	2.412000000000262	trials	2046.8730666666668	2046.8740666666667	4.0	[-1.0, 9.0, 1.0, 7.0]	-1.5707963267948966	R
2048.32	3.24599999999964	trials	2050.5101	2050.5111	1.0	[4.654601573944092, 6.659106254577637, 6.654601573944092, 4.659106254577637]	0.7853981633974483	R
2051.817	3.2089999999998327	trials	2053.8634	2053.8644	3.0	[4.663607120513916, -4.650093078613281, 6.663607120513916, -6.650093078613281]	-0.7853981633974483	R
2055.278	2.8030000000003383	trials	2056.9551	2056.9561	7.0	[-6.672598838806152, 6.64106559753418, -4.672598838806152, 4.64106559753418]	2.356194490192345	R
2058.333	3.219000000000051	trials	2060.1941333333334	2060.195133333333	5.0	[-6.645581245422363, -4.668104648590088, -4.645581245422363, -6.668104648590088]	-2.356194490192345	R
2061.803	2.798000000000229	trials	2063.5414333333333	2063.5424333333335	0.0	[-1.0, 9.0, 1.0, 7.0]	1.5707963267948966	R
2064.853	3.0789999999997235	trials	2066.855666666667	2066.8566666666666	2.0	[6.999997615814209, 1.0063706636428833, 8.99999713897705, -0.9936293959617615]	0.0	R
2068.184	2.832999999999629	trials	2069.9243	2069.9253	6.0	[-8.999977111816406, 0.9808881878852844, -6.999977111816406, -1.0191118717193604]	3.141592653589793	R
2071.269	2.2650000000003274	trials	2072.4335	2072.4345	2.0	[-8.999977111816406, 0.9808881878852844, -6.999977111816406, -1.0191118717193604]	0.0	R
2073.786	2.744999999999891	trials	2075.4189333333334	2075.419933333333	5.0	[-6.645581245422363, -4.668104648590088, -4.645581245422363, -6.668104648590088]	-2.356194490192345	R
2076.782	2.625999999999749	trials	2078.2760333333335	2078.2770333333333	1.0	[4.654601573944092, 6.659106254577637, 6.654601573944092, 4.659106254577637]	0.7853981633974483	R
2079.659	3.8919999999998254	trials	2082.4614	2082.4624	0.0	[-1.0, 9.0, 1.0, 7.0]	1.5707963267948966	R
2083.803	2.762000000000171	trials	2085.521	2085.522	7.0	[-6.672598838806152, 6.64106559753418, -4.672598838806152, 4.64106559753418]	2.356194490192345	R
2086.816	3.4670000000000982	trials	2089.208166666667	2089.2091666666665	4.0	[-0.987258791923523, -6.999989986419678, 1.012741208076477, -8.99998950958252]	-1.5707963267948966	R
2090.534	2.7770000000000437	trials	2092.1334333333334	2092.134433333333	3.0	[4.663607120513916, -4.650093078613281, 6.663607120513916, -6.650093078613281]	-0.7853981633974483	R
2093.563	2.743999999999687	trials	2095.281233333333	2095.2822333333334	6.0	[-8.999977111816406, 0.9808881878852844, -6.999977111816406, -1.0191118717193604]	3.141592653589793	R
2096.558	3.4149999999999636	trials	2098.926266666667	2098.9272666666666	2.0	[-8.999977111816406, 0.9808881878852844, -6.999977111816406, -1.0191118717193604]	0.0	R
2100.224	2.311999999999898	trials	2101.4275	2101.4285	3.0	[4.663607120513916, -4.650093078613281, 6.663607120513916, -6.650093078613281]	-0.7853981633974483	R
2102.788	2.6669999999999163	trials	2103.950766666667	2103.9517666666666	1.0	[4.654601573944092, 6.659106254577637, 6.654601573944092, 4.659106254577637]	0.7853981633974483	R
2105.706	2.4659999999998945	trials	2107.0715	2107.0725	4.0	[-0.987258791923523, -6.999989986419678, 1.012741208076477, -8.99998950958252]	-1.5707963267948966	R
2108.424	2.2840000000001055	trials	2109.703033333333	2109.7040333333334	6.0	[-8.999977111816406, 0.9808881878852844, -6.999977111816406, -1.0191118717193604]	3.141592653589793	F
2110.959	0.22600000000011278	trials				[NaN, NaN, NaN, NaN]		A
2111.436	4.045000000000073	trials	2114.423766666667	2114.4247666666665	0.0	[-1.0, 9.0, 1.0, 7.0]	1.5707963267948966	R
2115.733	2.5529999999998836	trials	2117.1846	2117.1856	7.0	[-6.672598838806152, 6.64106559753418, -4.672598838806152, 4.64106559753418]	2.356194490192345	R
2118.538	3.1770000000001346	trials	2120.676266666667	2120.6772666666666	5.0	[-6.672598838806152, 6.64106559753418, -4.672598838806152, 4.64106559753418]	-2.356194490192345	R
2121.966	2.805000000000291	trials	2123.5263666666665	2123.5273333333334	3.0	[4.663607120513916, -4.650093078613281, 6.663607120513916, -6.650093078613281]	-0.7853981633974483	R
2125.023	10.585000000000036	trials				[NaN, NaN, NaN, NaN]		A
2135.86	2.6920000000000073	trials	2137.261433333333	2137.2624333333333	0.0	[-1.0, 9.0, 1.0, 7.0]	1.5707963267948966	R
2138.803	2.9710000000000036	trials	2140.6629	2140.6639	2.0	[6.999997615814209, 1.0063706636428833, 8.99999713897705, -0.9936293959617615]	0.0	R
2142.025	3.27599999999984	trials	2144.190633333333	2144.1916333333334	4.0	[-0.987258791923523, -6.999989986419678, 1.012741208076477, -8.99998950958252]	-1.5707963267948966	R
2145.553	2.7800000000002	trials	2147.243233333333	2147.2442333333333	1.0	[4.654601573944092, 6.659106254577637, 6.654601573944092, 4.659106254577637]	0.7853981633974483	R
2148.585	3.1039999999998145	trials	2150.6386666666667	2150.6396666666665	6.0	[-8.999977111816406, 0.9808881878852844, -6.999977111816406, -1.0191118717193604]	3.141592653589793	R
2151.941	3.43100000000004	trials	2154.2606333333333	2154.2616333333335	2.0	[-8.999977111816406, 0.9808881878852844, -6.999977111816406, -1.0191118717193604]	0.0	R
2155.624	2.3900000000003274	trials	2156.8731333333335	2156.8741333333332	1.0	[4.654601573944092, 6.659106254577637, 6.654601573944092, 4.659106254577637]	0.7853981633974483	R
2158.266	2.5679999999997563	trials	2159.4054	2159.4064333333336	3.0	[4.663607120513916, -4.650093078613281, 6.663607120513916, -6.650093078613281]	-0.7853981633974483	R
2161.086	0.3930000000000291	trials				[NaN, NaN, NaN, NaN]		A
2161.73	1.8989999999998872	trials	2162.5502333333334	2162.551233333333	5.0	[-6.645581245422363, -4.668104648590088, -4.645581245422363, -6.668104648590088]	-2.356194490192345	R
2163.881	3.311000000000149	trials	2166.1241	2166.1251	6.0	[-8.999977111816406, 0.9808881878852844, -6.999977111816406, -1.0191118717193604]	3.141592653589793	R
2167.443	3.250999999999749	trials	2169.5385666666666	2169.539566666667	7.0	[-6.672598838806152, 6.64106559753418, -4.672598838806152, 4.64106559753418]	2.356194490192345	R
2170.946	2.9600000000000364	trials	2172.7816333333335	2172.7826333333333	0.0	[-1.0, 9.0, 1.0, 7.0]	1.5707963267948966	R
2174.158	4.0470000000000255	trials	2177.154466666667	2177.1554666666666	0.0	[-1.0, 9.0, 1.0, 7.0]	1.5707963267948966	R
2178.457	3.2150000000001455	trials	2180.584	2180.585	2.0	[6.999997615814209, 1.0063706636428833, 8.99999713897705, -0.9936293959617615]	0.0	R
2181.923	2.32300000000032	trials	2183.2004666666667	2183.2015	5.0	[-6.645581245422363, -4.668104648590088, -4.645581245422363, -6.668104648590088]	-2.356194490192345	R
2184.498	3.018000000000029	trials	2186.4585666666667	2186.459566666667	1.0	[4.654601573944092, 6.659106254577637, 6.654601573944092, 4.659106254577637]	0.7853981633974483	R
2187.768	2.4160000000001673	trials	2189.0720666666666	2189.073066666667	7.0	[-6.672598838806152, 6.64106559753418, -4.672598838806152, 4.64106559753418]	2.356194490192345	R
2190.435	3.1779999999998836	trials	2192.5898	2192.5908	6.0	[-8.999977111816406, 0.9808881878852844, -6.999977111816406, -1.0191118717193604]	3.141592653589793	R
2193.865	2.925000000000182	trials	2195.6163	2195.6173	3.0	[4.663607120513916, -4.650093078613281, 6.663607120513916, -6.650093078613281]	-0.7853981633974483	R
2197.042	1.9710000000000036	trials	2198.3440666666665	2198.3450666666668	4.0	[-0.987258791923523, -6.999989986419678, 1.012741208076477, -8.99998950958252]	-1.5707963267948966	I
2199.264	3.175999999999931	trials	2201.3285	2201.3295	7.0	[-0.987258791923523, -6.999989986419678, 1.012741208076477, -8.99998950958252]	2.356194490192345	R
2202.692	3.061999999999898	trials	2204.6707666666666	2204.671766666667	2.0	[6.999997615814209, 1.0063706636428833, 8.99999713897705, -0.9936293959617615]	0.0	R
2206.006	3.1460000000001855	trials	2207.8176	2207.8186	1.0	[4.654601573944092, 6.659106254577637, 6.654601573944092, 4.659106254577637]	0.7853981633974483	R
2209.404	2.2489999999997963	trials	2210.5012666666667	2210.502266666667	3.0	[4.663607120513916, -4.650093078613281, 6.663607120513916, -6.650093078613281]	-0.7853981633974483	R
2211.905	2.8109999999996944	trials	2213.5518333333334	2213.552833333333	0.0	[-1.0, 9.0, 1.0, 7.0]	1.5707963267948966	R
2214.967	4.914999999999964	trials	2218.8399666666664	2218.8409666666666	4.0	[-0.987258791923523, -6.999989986419678, 1.012741208076477, -8.99998950958252]	-1.5707963267948966	R
2220.133	3.2020000000002256	trials	2222.2975333333334	2222.298533333333	6.0	[-8.999977111816406, 0.9808881878852844, -6.999977111816406, -1.0191118717193604]	3.141592653589793	R
2223.587	2.382999999999811	trials	2224.897	2224.898	5.0	[-6.645581245422363, -4.668104648590088, -4.645581245422363, -6.668104648590088]	-2.356194490192345	R
2226.221	2.380999999999858	trials	2227.4764	2227.4774	3.0	[-6.645581245422363, -4.668104648590088, -4.645581245422363, -6.668104648590088]	-0.7853981633974483	R
2228.854	2.7800000000002	trials	2230.5329666666667	2230.534	2.0	[6.999997615814209, 1.0063706636428833, 8.99999713897705, -0.9936293959617615]	0.0	R
2231.885	0.5749999999998181	trials				[NaN, NaN, NaN, NaN]		A
2232.711	2.1200000000003456	trials	2233.6707666666666	2233.671766666667	7.0	[-6.672598838806152, 6.64106559753418, -4.672598838806152, 4.64106559753418]	2.356194490192345	R
2235.082	3.282000000000153	trials	2237.298766666667	2237.2997666666665	1.0	[4.654601573944092, 6.659106254577637, 6.654601573944092, 4.659106254577637]	0.7853981633974483	R
2238.616	2.367999999999938	trials	2239.8832	2239.8842	5.0	[-6.645581245422363, -4.668104648590088, -4.645581245422363, -6.668104648590088]	-2.356194490192345	R
2241.236	2.5140000000001237	trials	2242.6601	2242.6611	0.0	[-1.0, 9.0, 1.0, 7.0]	1.5707963267948966	R
2244.001	2.30199999999968	trials	2245.1462666666666	2245.147266666667	6.0	[-8.999977111816406, 0.9808881878852844, -6.999977111816406, -1.0191118717193604]	3.141592653589793	R
2246.555	2.7350000000001273	trials	2248.2359333333334	2248.236933333333	5.0	[-8.999977111816406, 0.9808881878852844, -6.999977111816406, -1.0191118717193604]	-2.356194490192345	R
2249.541	1.76299999999992	trials	2250.632866666667	2250.6338666666666	6.0	[-8.999977111816406, 0.9808881878852844, -6.999977111816406, -1.0191118717193604]	3.141592653589793	I
2251.555	3.44399999999996	trials	2253.892966666667	2253.8939666666665	0.0	[-1.0, 9.0, 1.0, 7.0]	1.5707963267948966	R
2255.25	2.2849999999998545	trials	2256.4513333333334	2256.452333333333	1.0	[4.654601573944092, 6.659106254577637, 6.654601573944092, 4.659106254577637]	0.7853981633974483	R
2257.787	2.8520000000003165	trials	2259.4908666666665	2259.4918666666667	3.0	[4.663607120513916, -4.650093078613281, 6.663607120513916, -6.650093078613281]	-0.7853981633974483	R
2260.89	3.1260000000002037	trials	2262.916366666667	2262.9173666666666	4.0	[-0.987258791923523, -6.999989986419678, 1.012741208076477, -8.99998950958252]	-1.5707963267948966	R
2264.268	2.6480000000001382	trials	2265.8105666666665	2265.8115666666667	2.0	[6.999997615814209, 1.0063706636428833, 8.99999713897705, -0.9936293959617615]	0.0	R
2267.168	0.49099999999998545	trials				[NaN, NaN, NaN, NaN]		A
2267.911	2.231999999999971	trials	2269.0927	2269.0937	5.0	[-6.672598838806152, 6.64106559753418, -4.672598838806152, 4.64106559753418]	-2.356194490192345	R
2270.395	2.2480000000000473	trials	2271.6089333333334	2271.609966666667	4.0	[-0.987258791923523, -6.999989986419678, 1.012741208076477, -8.99998950958252]	-1.5707963267948966	R
2272.894	0.6600000000003092	trials				[NaN, NaN, NaN, NaN]		A
2273.805	2.1220000000002983	trials	2274.7918666666665	2274.7928666666667	2.0	[6.999997615814209, 1.0063706636428833, 8.99999713897705, -0.9936293959617615]	0.0	R
2276.178	3.4039999999999964	trials	2278.333633333333	2278.3346333333334	0.0	[-1.0, 9.0, 1.0, 7.0]	1.5707963267948966	R
2279.833	3.0340000000001055	trials	2281.7962333333335	2281.797233333333	1.0	[4.654601573944092, 6.659106254577637, 6.654601573944092, 4.659106254577637]	0.7853981633974483	R
2283.119	5.004999999999654	trials	2287.0924	2287.0934	6.0	[-8.999977111816406, 0.9808881878852844, -6.999977111816406, -1.0191118717193604]	3.141592653589793	R
2288.376	2.7799999999997453	trials	2289.9545	2289.9555	7.0	[-6.672598838806152, 6.64106559753418, -4.672598838806152, 4.64106559753418]	2.356194490192345	R
2291.408	3.3890000000001237	trials	2293.6927666666666	2293.6937666666668	2.0	[-6.672598838806152, 6.64106559753418, -4.672598838806152, 4.64106559753418]	0.0	R
2295.048	3.3570000000004256	trials	2297.351866666667	2297.3528666666666	1.0	[4.654601573944092, 6.659106254577637, 6.654601573944092, 4.659106254577637]	0.7853981633974483	R
2298.657	2.4299999999998363	trials	2300.0214666666666	2300.0225	5.0	[-6.645581245422363, -4.668104648590088, -4.645581245422363, -6.668104648590088]	-2.356194490192345	R
2301.339	2.3510000000001128	trials	2302.5708	2302.5718	0.0	[-1.0, 9.0, 1.0, 7.0]	1.5707963267948966	R
2303.941	2.7510000000002037	trials	2305.6284	2305.6294	7.0	[-6.672598838806152, 6.64106559753418, -4.672598838806152, 4.64106559753418]	2.356194490192345	R
2306.944	2.9420000000000073	trials	2308.8313333333335	2308.8323666666665	6.0	[-8.999977111816406, 0.9808881878852844, -6.999977111816406, -1.0191118717193604]	3.141592653589793	R
2310.138	1.7699999999999818	trials				[NaN, NaN, NaN, NaN]		A
2312.16	5.369000000000142	trials	2316.3630333333335	2316.3640666666665	3.0	[4.663607120513916, -4.650093078613281, 6.663607120513916, -6.650093078613281]	-0.7853981633974483	R
2317.781	2.9450000000001637	trials	2319.6011	2319.6021	7.0	[4.663607120513916, -4.650093078613281, 6.663607120513916, -6.650093078613281]	2.356194490192345	R
2320.978	2.788000000000011	trials	2322.678733333333	2322.6797333333334	4.0	[-0.987258791923523, -6.999989986419678, 1.012741208076477, -8.99998950958252]	-1.5707963267948966	R
2324.018	2.7779999999997926	trials	2325.7072333333335	2325.7082333333333	3.0	[4.663607120513916, -4.650093078613281, 6.663607120513916, -6.650093078613281]	-0.7853981633974483	R
2327.048	3.119000000000142	trials	2329.0144666666665	2329.0154666666667	1.0	[4.654601573944092, 6.659106254577637, 6.654601573944092, 4.659106254577637]	0.7853981633974483	R
2330.419	2.150000000000091	trials	2331.4565333333335	2331.4575333333332	6.0	[-8.999977111816406, 0.9808881878852844, -6.999977111816406, -1.0191118717193604]	3.141592653589793	R
2332.821	2.5640000000003056	trials	2334.3416666666667	2334.3426666666664	2.0	[6.999997615814209, 1.0063706636428833, 8.99999713897705, -0.9936293959617615]	0.0	R
2335.637	2.375999999999749	trials	2336.9371333333333	2336.9381333333336	0.0	[-1.0, 9.0, 1.0, 7.0]	1.5707963267948966	R
2338.264	2.425999999999931	trials	2339.6067333333335	2339.6077666666665	5.0	[-6.645581245422363, -4.668104648590088, -4.645581245422363, -6.668104648590088]	-2.356194490192345	R
2340.942	3.2029999999999745	trials	2343.0182	2343.0192333333334	2.0	[-6.645581245422363, -4.668104648590088, -4.645581245422363, -6.668104648590088]	0.0	R
2344.397	2.5340000000001055	trials	2345.8141666666666	2345.8151666666668	5.0	[-6.645581245422363, -4.668104648590088, -4.645581245422363, -6.668104648590088]	-2.356194490192345	R
2347.183	3.1350000000002183	trials	2349.2847666666667	2349.285766666667	1.0	[4.654601573944092, 6.659106254577637, 6.654601573944092, 4.659106254577637]	0.7853981633974483	R
2350.57	2.375	trials	2351.8391	2351.8401	3.0	[4.663607120513916, -4.650093078613281, 6.663607120513916, -6.650093078613281]	-0.7853981633974483	R
2353.196	2.255000000000109	trials	2354.3964666666666	2354.397466666667	0.0	[-1.0, 9.0, 1.0, 7.0]	1.5707963267948966	R
2355.703	3.0019999999999527	trials	2357.6335	2357.6345	7.0	[-6.672598838806152, 6.64106559753418, -4.672598838806152, 4.64106559753418]	2.356194490192345	R
2358.957	2.673000000000229	trials	2360.481566666667	2360.4825666666666	6.0	[-8.999977111816406, 0.9808881878852844, -6.999977111816406, -1.0191118717193604]	3.141592653589793	R
2361.882	2.293999999999869	trials	2363.0810333333334	2363.082033333333	4.0	[-0.987258791923523, -6.999989986419678, 1.012741208076477, -8.99998950958252]	-1.5707963267948966	R
2364.427	2.507999999999811	trials	2365.8328666666666	2365.833866666667	3.0	[-0.987258791923523, -6.999989986419678, 1.012741208076477, -8.99998950958252]	-0.7853981633974483	R
2367.186	2.75	trials	2368.865366666667	2368.8663666666666	5.0	[-6.645581245422363, -4.668104648590088, -4.645581245422363, -6.668104648590088]	-2.356194490192345	R
2370.188	2.41800000000012	trials	2371.536	2371.537	1.0	[4.654601573944092, 6.659106254577637, 6.654601573944092, 4.659106254577637]	0.7853981633974483	R
2372.857	2.4859999999998763	trials	2374.2778	2374.2788333333333	0.0	[-1.0, 9.0, 1.0, 7.0]	1.5707963267948966	R
2375.595	3.007000000000062	trials	2377.569	2377.57	6.0	[-8.999977111816406, 0.9808881878852844, -6.999977111816406, -1.0191118717193604]	3.141592653589793	R
2378.853	3.061999999999898	trials	2380.8772	2380.8782	4.0	[-0.987258791923523, -6.999989986419678, 1.012741208076477, -8.99998950958252]	-1.5707963267948966	R
2382.166	2.4669999999996435	trials	2383.6039666666666	2383.6049666666668	7.0	[-6.672598838806152, 6.64106559753418, -4.672598838806152, 4.64106559753418]	2.356194490192345	R
2384.884	3.1140000000000327	trials	2386.9011333333333	2386.9021666666667	2.0	[6.999997615814209, 1.0063706636428833, 8.99999713897705, -0.9936293959617615]	0.0	R
2388.25	2.6579999999999018	trials	2389.8214	2389.8224	5.0	[6.999997615814209, 1.0063706636428833, 8.99999713897705, -0.9936293959617615]	-2.356194490192345	R
2391.16	2.2040000000001783	trials	2392.2905333333333	2392.2915333333335	4.0	[-0.987258791923523, -6.999989986419678, 1.012741208076477, -8.99998950958252]	-1.5707963267948966	R
2393.616	2.9340000000001965	trials	2395.5396	2395.5406	1.0	[4.654601573944092, 6.659106254577637, 6.654601573944092, 4.659106254577637]	0.7853981633974483	R
2396.802	2.280999999999949	trials	2398.0097333333333	2398.0107333333335	0.0	[-1.0, 9.0, 1.0, 7.0]	1.5707963267948966	R
2399.335	2.6419999999998254	trials	2400.937	2400.938	6.0	[-8.999977111816406, 0.9808881878852844, -6.999977111816406, -1.0191118717193604]	3.141592653589793	R
2402.228	3.451000000000022	trials	2404.507866666667	2404.5088666666666	7.0	[-6.672598838806152, 6.64106559753418, -4.672598838806152, 4.64106559753418]	2.356194490192345	R
2405.93	8.047000000000025	trials	2412.8886666666667	2412.8896666666665	2.0	[6.999997615814209, 1.0063706636428833, 8.99999713897705, -0.9936293959617615]	0.0	R
2414.229	2.4590000000002874	trials	2415.5933666666665	2415.5943666666667	3.0	[4.663607120513916, -4.650093078613281, 6.663607120513916, -6.650093078613281]	-0.7853981633974483	R
2416.94	2.7159999999998945	trials	2418.5577333333335	2418.5587333333333	1.0	[4.663607120513916, -4.650093078613281, 6.663607120513916, -6.650093078613281]	0.7853981633974483	R
2419.908	1.9470000000001164	trials				[NaN, NaN, NaN, NaN]		A
2422.107	0.3589999999999236	trials				[NaN, NaN, NaN, NaN]		A
2422.718	0.08100000000013097	trials				[NaN, NaN, NaN, NaN]		A
2423.051	1.9920000000001892	trials				[NaN, NaN, NaN, NaN]		A
2425.294	1.8230000000003201	trials	2426.0383	2426.0393	5.0	[-6.645581245422363, -4.668104648590088, -4.645581245422363, -6.668104648590088]	-2.356194490192345	R
2427.369	3.043999999999869	trials	2429.2172	2429.2182	0.0	[-1.0, 9.0, 1.0, 7.0]	1.5707963267948966	R
2430.665	2.7649999999998727	trials	2432.3279	2432.328933333333	7.0	[-6.672598838806152, 6.64106559753418, -4.672598838806152, 4.64106559753418]	2.356194490192345	R
2433.681	3.6529999999997926	trials	2436.2566666666667	2436.257666666667	2.0	[-6.672598838806152, 6.64106559753418, -4.672598838806152, 4.64106559753418]	0.0	R
2437.586	0.8160000000002583	trials				[NaN, NaN, NaN, NaN]		A
2438.654	1.9239999999999782	trials	2439.478666666667	2439.4796666666666	6.0	[-8.999977111816406, 0.9808881878852844, -6.999977111816406, -1.0191118717193604]	3.141592653589793	R
2440.83	2.650000000000091	trials	2442.4139666666665	2442.4149666666667	0.0	[-1.0, 9.0, 1.0, 7.0]	1.5707963267948966	R
2443.731	3.2649999999998727	trials	2445.9166333333333	2445.9176666666667	7.0	[-6.672598838806152, 6.64106559753418, -4.672598838806152, 4.64106559753418]	2.356194490192345	R
2447.248	5.8849999999997635	trials	2452.0639	2452.0649	4.0	[-0.987258791923523, -6.999989986419678, 1.012741208076477, -8.99998950958252]	-1.5707963267948966	R
2453.384	2.681999999999789	trials	2454.915	2454.916	3.0	[4.663607120513916, -4.650093078613281, 6.663607120513916, -6.650093078613281]	-0.7853981633974483	R
2456.317	2.7280000000000655	trials	2457.9776	2457.9786	1.0	[4.654601573944092, 6.659106254577637, 6.654601573944092, 4.659106254577637]	0.7853981633974483	R
2459.297	2.7029999999999745	trials	2460.937933333333	2460.9389333333334	1.0	[4.654601573944092, 6.659106254577637, 6.654601573944092, 4.659106254577637]	0.7853981633974483	R
2462.251	2.580999999999676	trials	2463.7930333333334	2463.794033333333	4.0	[-0.987258791923523, -6.999989986419678, 1.012741208076477, -8.99998950958252]	-1.5707963267948966	R
2465.083	2.505999999999858	trials	2466.5278	2466.5288	2.0	[6.999997615814209, 1.0063706636428833, 8.99999713897705, -0.9936293959617615]	0.0	R
2467.841	0.6130000000002838	trials				[NaN, NaN, NaN, NaN]		A
2468.705	2.6910000000002583	trials	2470.2460333333333	2470.2470333333335	6.0	[-8.999977111816406, 0.9808881878852844, -6.999977111816406, -1.0191118717193604]	3.141592653589793	R
2471.648	2.4020000000000437	trials	2472.9317	2472.9327	0.0	[-1.0, 9.0, 1.0, 7.0]	1.5707963267948966	R
2474.301	2.418999999999869	trials	2475.5462	2475.5472	3.0	[4.663607120513916, -4.650093078613281, 6.663607120513916, -6.650093078613281]	-0.7853981633974483	R
2476.972	3.207999999999629	trials	2479.1150666666667	2479.1160666666665	5.0	[-6.645581245422363, -4.668104648590088, -4.645581245422363, -6.668104648590088]	-2.356194490192345	R
2480.431	3.199999999999818	trials	2482.5997	2482.6007	7.0	[-6.645581245422363, -4.668104648590088, -4.645581245422363, -6.668104648590088]	2.356194490192345	R
2483.883	2.5850000000000364	trials	2485.4498	2485.4508	1.0	[4.654601573944092, 6.659106254577637, 6.654601573944092, 4.659106254577637]	0.7853981633974483	R
2486.72	2.6600000000003092	trials	2488.3479666666667	2488.3489666666665	5.0	[-6.645581245422363, -4.668104648590088, -4.645581245422363, -6.668104648590088]	-2.356194490192345	R
2489.631	3.2470000000002983	trials	2491.7765	2491.7775	6.0	[-8.999977111816406, 0.9808881878852844, -6.999977111816406, -1.0191118717193604]	3.141592653589793	R
2493.13	2.556999999999789	trials	2494.5724333333333	2494.5734333333335	4.0	[-0.987258791923523, -6.999989986419678, 1.012741208076477, -8.99998950958252]	-1.5707963267948966	R
2495.939	3.1910000000002583	trials	2498.0430333333334	2498.044033333333	0.0	[-1.0, 9.0, 1.0, 7.0]	1.5707963267948966	R
2499.381	5.3530000000000655	trials	2503.614866666667	2503.6158666666665	2.0	[6.999997615814209, 1.0063706636428833, 8.99999713897705, -0.9936293959617615]	0.0	R
2504.985	2.5830000000000837	trials	2506.5010333333335	2506.502033333333	3.0	[4.663607120513916, -4.650093078613281, 6.663607120513916, -6.650093078613281]	-0.7853981633974483	R
2507.819	2.7640000000001237	trials	2509.5506	2509.5516	5.0	[4.663607120513916, -4.650093078613281, 6.663607120513916, -6.650093078613281]	-2.356194490192345	R
2510.835	2.77599999999984	trials	2512.4989333333333	2512.4999333333335	7.0	[-6.672598838806152, 6.64106559753418, -4.672598838806152, 4.64106559753418]	2.356194490192345	R
2513.862	0.8449999999997999	trials				[NaN, NaN, NaN, NaN]		A
2514.959	2.5289999999999964	trials	2516.446733333333	2516.4477333333334	1.0	[4.654601573944092, 6.659106254577637, 6.654601573944092, 4.659106254577637]	0.7853981633974483	R
2517.74	3.200000000000273	trials	2519.7980333333335	2519.7990666666665	4.0	[-0.987258791923523, -6.999989986419678, 1.012741208076477, -8.99998950958252]	-1.5707963267948966	R
2521.192	7.175999999999931	trials	2527.2686	2527.2696	2.0	[6.999997615814209, 1.0063706636428833, 8.99999713897705, -0.9936293959617615]	0.0	R
2528.62	3.2170000000000982	trials	2530.7402	2530.7412	3.0	[4.663607120513916, -4.650093078613281, 6.663607120513916, -6.650093078613281]	-0.7853981633974483	R
2532.089	2.318000000000211	trials	2533.2785	2533.2795	0.0	[-1.0, 9.0, 1.0, 7.0]	1.5707963267948966	R
2534.659	3.112999999999829	trials	2536.7381	2536.7391	5.0	[-1.0, 9.0, 1.0, 7.0]	-2.356194490192345	R
2538.023	2.98700000000008	trials	2539.9691333333335	2539.9701333333333	1.0	[4.654601573944092, 6.659106254577637, 6.654601573944092, 4.659106254577637]	0.7853981633974483	R
2541.261	2.4890000000000327	trials	2542.6347333333333	2542.6357333333335	3.0	[4.663607120513916, -4.650093078613281, 6.663607120513916, -6.650093078613281]	-0.7853981633974483	R
2544.001	2.8529999999996107	trials	2545.665266666667	2545.6662666666666	6.0	[-8.999977111816406, 0.9808881878852844, -6.999977111816406, -1.0191118717193604]	3.141592653589793	R
2547.106	1.3029999999998836	trials				[NaN, NaN, NaN, NaN]		A
2548.661	6.961999999999989	trials	2554.4601	2554.4611	7.0	[-6.672598838806152, 6.64106559753418, -4.672598838806152, 4.64106559753418]	2.356194490192345	R
2555.875	2.8780000000001564	trials	2557.6750666666667	2557.676066666667	2.0	[6.999997615814209, 1.0063706636428833, 8.99999713897705, -0.9936293959617615]	0.0	R
2559.004	2.881000000000313	trials	2560.7477	2560.7487	0.0	[-1.0, 9.0, 1.0, 7.0]	1.5707963267948966	R
2562.136	1.5369999999998072	trials				[NaN, NaN, NaN, NaN]		A
2563.925	0.2719999999999345	trials				[NaN, NaN, NaN, NaN]		A
2564.449	4.73700000000008	trials	2568.0718666666667	2568.0729	1.0	[4.654601573944092, 6.659106254577637, 6.654601573944092, 4.659106254577637]	0.7853981633974483	R
2569.437	2.680000000000291	trials	2571.0342333333333	2571.0352333333335	2.0	[6.999997615814209, 1.0063706636428833, 8.99999713897705, -0.9936293959617615]	0.0	R
2572.369	2.4839999999999236	trials	2573.6848	2573.6858333333334	5.0	[-6.645581245422363, -4.668104648590088, -4.645581245422363, -6.668104648590088]	-2.356194490192345	R
2575.104	2.43100000000004	trials	2576.3604666666665	2576.3614666666667	3.0	[4.663607120513916, -4.650093078613281, 6.663607120513916, -6.650093078613281]	-0.7853981633974483	R
2577.787	9.63000000000011	trials	2586.2821	2586.2831	7.0	[-6.672598838806152, 6.64106559753418, -4.672598838806152, 4.64106559753418]	2.356194490192345	R
2587.669	2.5390000000002146	trials	2589.0469333333335	2589.0479666666665	6.0	[-8.999977111816406, 0.9808881878852844, -6.999977111816406, -1.0191118717193604]	3.141592653589793	R
2590.459	2.4660000000003492	trials	2592.2439	2592.2449	0.0	[-8.999977111816406, 0.9808881878852844, -6.999977111816406, -1.0191118717193604]	1.5707963267948966	I
2593.176	8.720000000000255	trials	2600.7911	2600.7921	4.0	[-0.987258791923523, -6.999989986419678, 1.012741208076477, -8.99998950958252]	-1.5707963267948966	R
2602.147	2.5700000000001637	trials	2603.6943	2603.6953	6.0	[-8.999977111816406, 0.9808881878852844, -6.999977111816406, -1.0191118717193604]	3.141592653589793	R
2604.968	2.9420000000000073	trials	2606.899266666667	2606.9002666666665	5.0	[-6.645581245422363, -4.668104648590088, -4.645581245422363, -6.668104648590088]	-2.356194490192345	R
2608.161	3.105000000000018	trials	2610.120266666667	2610.1212666666665	2.0	[6.999997615814209, 1.0063706636428833, 8.99999713897705, -0.9936293959617615]	0.0	R
2611.518	2.362999999999829	trials	2612.7568	2612.7578	1.0	[4.654601573944092, 6.659106254577637, 6.654601573944092, 4.659106254577637]	0.7853981633974483	R
2614.132	2.4780000000000655	trials	2615.5417333333335	2615.542733333333	7.0	[-6.672598838806152, 6.64106559753418, -4.672598838806152, 4.64106559753418]	2.356194490192345	R
2616.862	3.6709999999998217	trials	2619.4744666666666	2619.4755	3.0	[4.663607120513916, -4.650093078613281, 6.663607120513916, -6.650093078613281]	-0.7853981633974483	R
2620.785	2.6950000000001637	trials	2622.401733333333	2622.4027333333333	2.0	[4.663607120513916, -4.650093078613281, 6.663607120513916, -6.650093078613281]	0.0	R
2623.732	2.6920000000000073	trials	2625.3791333333334	2625.3801333333336	4.0	[-0.987258791923523, -6.999989986419678, 1.012741208076477, -8.99998950958252]	-1.5707963267948966	R
2626.675	2.7279999999996107	trials	2628.3415	2628.3425	0.0	[-1.0, 9.0, 1.0, 7.0]	1.5707963267948966	R
2629.655	2.5589999999997417	trials	2631.1033333333335	2631.1043666666665	1.0	[4.654601573944092, 6.659106254577637, 6.654601573944092, 4.659106254577637]	0.7853981633974483	R
2632.466	2.255000000000109	trials	2633.6336333333334	2633.634633333333	6.0	[-8.999977111816406, 0.9808881878852844, -6.999977111816406, -1.0191118717193604]	3.141592653589793	R
2634.973	2.6840000000001965	trials	2636.5959666666668	2636.597	7.0	[-6.672598838806152, 6.64106559753418, -4.672598838806152, 4.64106559753418]	2.356194490192345	R
2637.908	2.5270000000000437	trials	2639.2445666666667	2639.2455666666665	3.0	[4.663607120513916, -4.650093078613281, 6.663607120513916, -6.650093078613281]	-0.7853981633974483	R
2640.686	2.5270000000000437	trials	2642.2089333333333	2642.2099333333335	5.0	[-6.645581245422363, -4.668104648590088, -4.645581245422363, -6.668104648590088]	-2.356194490192345	R
2643.465	2.3449999999998	trials	2644.848466666667	2644.8494666666666	5.0	[-6.645581245422363, -4.668104648590088, -4.645581245422363, -6.668104648590088]	-2.356194490192345	I
2646.061	2.5329999999999018	trials	2647.9942666666666	2647.995266666667	6.0	[-8.999977111816406, 0.9808881878852844, -6.999977111816406, -1.0191118717193604]	3.141592653589793	I
2648.845	2.9010000000002947	trials	2650.613766666667	2650.6147666666666	2.0	[6.999997615814209, 1.0063706636428833, 8.99999713897705, -0.9936293959617615]	0.0	R
2651.997	2.5450000000000728	trials	2653.3425666666667	2653.3435666666664	3.0	[4.663607120513916, -4.650093078613281, 6.663607120513916, -6.650093078613281]	-0.7853981633974483	R
2654.793	2.4029999999997926	trials	2656.1675666666665	2656.1685666666667	4.0	[-0.987258791923523, -6.999989986419678, 1.012741208076477, -8.99998950958252]	-1.5707963267948966	R
2657.448	2.662000000000262	trials	2659.0758	2659.0768	1.0	[4.654601573944092, 6.659106254577637, 6.654601573944092, 4.659106254577637]	0.7853981633974483	R
2660.362	2.9049999999997453	trials	2662.2346333333335	2662.235633333333	0.0	[-1.0, 9.0, 1.0, 7.0]	1.5707963267948966	R
2663.519	2.936000000000149	trials	2665.3644	2665.3654	7.0	[-6.672598838806152, 6.64106559753418, -4.672598838806152, 4.64106559753418]	2.356194490192345	R
2666.707	2.9729999999999563	trials	2668.5874	2668.5884	5.0	[-6.672598838806152, 6.64106559753418, -4.672598838806152, 4.64106559753418]	-2.356194490192345	R
2669.932	3.4570000000003347	trials	2672.2575	2672.2585	1.0	[4.654601573944092, 6.659106254577637, 6.654601573944092, 4.659106254577637]	0.7853981633974483	R
2673.641	2.6539999999999964	trials	2675.2399	2675.2409	6.0	[-8.999977111816406, 0.9808881878852844, -6.999977111816406, -1.0191118717193604]	3.141592653589793	R
2676.546	2.6700000000000728	trials	2678.099	2678.1	2.0	[6.999997615814209, 1.0063706636428833, 8.99999713897705, -0.9936293959617615]	0.0	R
2679.467	2.918999999999869	trials	2681.3681333333334	2681.369133333333	4.0	[-0.987258791923523, -6.999989986419678, 1.012741208076477, -8.99998950958252]	-1.5707963267948966	R
2682.637	2.8640000000000327	trials	2684.330466666667	2684.3314666666665	7.0	[-6.672598838806152, 6.64106559753418, -4.672598838806152, 4.64106559753418]	2.356194490192345	R
2685.753	2.505999999999858	trials	2687.1214	2687.1224	3.0	[4.663607120513916, -4.650093078613281, 6.663607120513916, -6.650093078613281]	-0.7853981633974483	R
2688.511	2.71100000000024	trials	2690.1008	2690.1018	0.0	[-1.0, 9.0, 1.0, 7.0]	1.5707963267948966	R
2691.473	3.048000000000229	trials	2693.4220333333333	2693.4230333333335	5.0	[-1.0, 9.0, 1.0, 7.0]	-2.356194490192345	R
2694.772	2.813999999999851	trials	2696.4014333333334	2696.402433333333	3.0	[4.663607120513916, -4.650093078613281, 6.663607120513916, -6.650093078613281]	-0.7853981633974483	R
2697.838	1.599999999999909	trials				[NaN, NaN, NaN, NaN]		A
2699.69	2.05600000000004	trials	2700.6339333333335	2700.6349333333333	2.0	[6.999997615814209, 1.0063706636428833, 8.99999713897705, -0.9936293959617615]	0.0	R
2701.997	2.788000000000011	trials	2703.604333333333	2703.6053333333334	7.0	[-6.672598838806152, 6.64106559753418, -4.672598838806152, 4.64106559753418]	2.356194490192345	R
2705.037	3.0850000000000364	trials	2707.0709333333334	2707.071933333333	4.0	[-0.987258791923523, -6.999989986419678, 1.012741208076477, -8.99998950958252]	-1.5707963267948966	R
2708.373	2.6549999999997453	trials	2710.0052	2710.0062	1.0	[4.654601573944092, 6.659106254577637, 6.654601573944092, 4.659106254577637]	0.7853981633974483	R
2711.279	2.9780000000000655	trials	2713.2232	2713.2242	0.0	[-1.0, 9.0, 1.0, 7.0]	1.5707963267948966	R
2714.508	2.9030000000002474	trials	2716.368	2716.369	7.0	[-1.0, 9.0, 1.0, 7.0]	2.356194490192345	R
2717.662	2.5720000000001164	trials	2719.0967666666666	2719.0977666666668	6.0	[-8.999977111816406, 0.9808881878852844, -6.999977111816406, -1.0191118717193604]	3.141592653589793	R
2720.485	2.85799999999972	trials	2722.2566333333334	2722.257633333333	5.0	[-6.645581245422363, -4.668104648590088, -4.645581245422363, -6.668104648590088]	-2.356194490192345	R
2723.595	3.0910000000003492	trials	2725.6901333333335	2725.6911333333333	4.0	[-0.987258791923523, -6.999989986419678, 1.012741208076477, -8.99998950958252]	-1.5707963267948966	R
2726.937	3.2280000000000655	trials	2729.077566666667	2729.0785666666666	0.0	[-1.0, 9.0, 1.0, 7.0]	1.5707963267948966	R
2730.417	2.5709999999999127	trials	2731.9116	2731.9126	2.0	[6.999997615814209, 1.0063706636428833, 8.99999713897705, -0.9936293959617615]	0.0	R
2733.24	3.1450000000004366	trials	2735.303	2735.304	3.0	[4.663607120513916, -4.650093078613281, 6.663607120513916, -6.650093078613281]	-0.7853981633974483	R
2736.636	2.7919999999999163	trials	2738.3425666666667	2738.3435666666664	1.0	[4.654601573944092, 6.659106254577637, 6.654601573944092, 4.659106254577637]	0.7853981633974483	R
2739.68	3.150000000000091	trials	2741.6979	2741.6989	3.0	[4.654601573944092, 6.659106254577637, 6.654601573944092, 4.659106254577637]	-0.7853981633974483	R
2743.081	9.96499999999969	trials	2751.9433	2751.9443333333334	1.0	[4.654601573944092, 6.659106254577637, 6.654601573944092, 4.659106254577637]	0.7853981633974483	R
2753.298	2.3700000000003456	trials	2754.6289666666667	2754.63	4.0	[-0.987258791923523, -6.999989986419678, 1.012741208076477, -8.99998950958252]	-1.5707963267948966	R
2755.919	2.0960000000000036	trials	2757.0018666666665	2757.0028666666667	5.0	[-6.645581245422363, -4.668104648590088, -4.645581245422363, -6.668104648590088]	-2.356194490192345	R
2758.267	2.7280000000000655	trials	2759.8910333333333	2759.8920333333335	7.0	[-6.672598838806152, 6.64106559753418, -4.672598838806152, 4.64106559753418]	2.356194490192345	R
2761.246	3.275000000000091	trials	2763.4729333333335	2763.473933333333	0.0	[-1.0, 9.0, 1.0, 7.0]	1.5707963267948966	R
2764.772	3.436000000000149	trials	2766.9445666666666	2766.9455666666668	6.0	[-8.999977111816406, 0.9808881878852844, -6.999977111816406, -1.0191118717193604]	3.141592653589793	R
2768.459	2.6150000000002365	trials	2770.0061666666666	2770.0071666666668	2.0	[6.999997615814209, 1.0063706636428833, 8.99999713897705, -0.9936293959617615]	0.0	R
2771.325	2.436000000000149	trials	2772.6948333333335	2772.695833333333	1.0	[6.999997615814209, 1.0063706636428833, 8.99999713897705, -0.9936293959617615]	0.7853981633974483	R
2774.013	2.561000000000149	trials	2775.4767333333334	2775.477733333333	7.0	[-6.672598838806152, 6.64106559753418, -4.672598838806152, 4.64106559753418]	2.356194490192345	R
2776.826	3.66800000000012	trials				[NaN, NaN, NaN, NaN]		A
2780.746	0.08599999999978536	trials				[NaN, NaN, NaN, NaN]		A
2781.084	0.2580000000002656	trials				[NaN, NaN, NaN, NaN]		A
2781.594	2.02599999999984	trials	2782.5412666666666	2782.542266666667	5.0	[-6.645581245422363, -4.668104648590088, -4.645581245422363, -6.668104648590088]	-2.356194490192345	R
2783.872	3.0920000000000982	trials	2785.8605	2785.8615	6.0	[-8.999977111816406, 0.9808881878852844, -6.999977111816406, -1.0191118717193604]	3.141592653589793	R
2787.216	2.831000000000131	trials	2788.927133333333	2788.9281333333333	2.0	[6.999997615814209, 1.0063706636428833, 8.99999713897705, -0.9936293959617615]	0.0	R
2790.299	2.2959999999998217	trials	2791.4874666666665	2791.4884666666667	2.0	[6.999997615814209, 1.0063706636428833, 8.99999713897705, -0.9936293959617615]	0.0	R
2792.847	2.99599999999964	trials	2794.8167333333336	2794.8177333333333	4.0	[-0.987258791923523, -6.999989986419678, 1.012741208076477, -8.99998950958252]	-1.5707963267948966	R
2796.095	2.9090000000001055	trials	2797.9254666666666	2797.926466666667	0.0	[-1.0, 9.0, 1.0, 7.0]	1.5707963267948966	R
2799.256	2.925000000000182	trials	2801.0542333333333	2801.0552333333335	1.0	[4.654601573944092, 6.659106254577637, 6.654601573944092, 4.659106254577637]	0.7853981633974483	R
2802.433	2.94399999999996	trials	2804.233133333333	2804.2341333333334	6.0	[-8.999977111816406, 0.9808881878852844, -6.999977111816406, -1.0191118717193604]	3.141592653589793	R
2805.629	3.0160000000000764	trials	2807.6055	2807.6065	5.0	[-6.645581245422363, -4.668104648590088, -4.645581245422363, -6.668104648590088]	-2.356194490192345	I
2808.897	0.6950000000001637	trials				[NaN, NaN, NaN, NaN]		A
2809.844	0.1610000000000582	trials				[NaN, NaN, NaN, NaN]		A
2810.257	1.6109999999998763	trials				[NaN, NaN, NaN, NaN]		A
2812.12	19.383000000000266	trials	2830.371	2830.372	3.0	[4.663607120513916, -4.650093078613281, 6.663607120513916, -6.650093078613281]	-0.7853981633974483	R
2831.754	3.2950000000000728	trials	2833.6662	2833.6672	1.0	[4.654601573944092, 6.659106254577637, 6.654601573944092, 4.659106254577637]	0.7853981633974483	R
2835.3	3.0270000000000437	trials	2837.2912	2837.2922	7.0	[-6.672598838806152, 6.64106559753418, -4.672598838806152, 4.64106559753418]	2.356194490192345	R
2838.578	2.43100000000004	trials	2839.9959	2839.9969	4.0	[-0.987258791923523, -6.999989986419678, 1.012741208076477, -8.99998950958252]	-1.5707963267948966	R
2841.261	2.8600000000001273	trials	2843.0565	2843.0575	6.0	[-8.999977111816406, 0.9808881878852844, -6.999977111816406, -1.0191118717193604]	3.141592653589793	R
2844.373	2.52599999999984	trials	2845.8053333333332	2845.8063333333334	2.0	[6.999997615814209, 1.0063706636428833, 8.99999713897705, -0.9936293959617615]	0.0	R
2847.151	2.548000000000229	trials	2848.561166666667	2848.5621666666666	0.0	[-1.0, 9.0, 1.0, 7.0]	1.5707963267948966	R
2849.951	2.6019999999998618	trials	2851.4683666666665	2851.4693666666667	0.0	[-1.0, 9.0, 1.0, 7.0]	1.5707963267948966	R
2852.805	2.7510000000002037	trials	2854.478866666667	2854.4798666666666	1.0	[4.654601573944092, 6.659106254577637, 6.654601573944092, 4.659106254577637]	0.7853981633974483	R
2855.807	1.512000000000171	trials				[NaN, NaN, NaN, NaN]		A
2857.571	1.925000000000182	trials	2858.3765333333336	2858.3775333333333	3.0	[4.663607120513916, -4.650093078613281, 6.663607120513916, -6.650093078613281]	-0.7853981633974483	R
2859.748	2.645999999999731	trials	2861.3308666666667	2861.331866666667	7.0	[-6.672598838806152, 6.64106559753418, -4.672598838806152, 4.64106559753418]	2.356194490192345	R
2862.645	2.6219999999998436	trials	2864.262133333333	2864.2631333333334	2.0	[6.999997615814209, 1.0063706636428833, 8.99999713897705, -0.9936293959617615]	0.0	F
2865.518	1.5050000000001091	trials				[NaN, NaN, NaN, NaN]		A
2867.275	0.22800000000006548	trials				[NaN, NaN, NaN, NaN]		A
2867.755	2.563000000000102	trials	2869.2254666666668	2869.2264666666665	4.0	[-6.645581245422363, -4.668104648590088, -4.645581245422363, -6.668104648590088]	-1.5707963267948966	R
2870.57	1.961999999999989	trials	2871.9352	2871.9362	0.0	[-1.0, 9.0, 1.0, 7.0]	1.5707963267948966	I
2872.783	3.2029999999999745	trials	2874.892533333333	2874.8935333333334	1.0	[4.654601573944092, 6.659106254577637, 6.654601573944092, 4.659106254577637]	0.7853981633974483	R
2876.238	2.3220000000001164	trials	2877.5	2877.501	3.0	[4.663607120513916, -4.650093078613281, 6.663607120513916, -6.650093078613281]	-0.7853981633974483	R
2878.811	2.3719999999998436	trials	2880.1034666666665	2880.1044666666667	5.0	[-6.645581245422363, -4.668104648590088, -4.645581245422363, -6.668104648590088]	-2.356194490192345	R
2881.435	2.688000000000102	trials	2883.0598	2883.0608	6.0	[-8.999977111816406, 0.9808881878852844, -6.999977111816406, -1.0191118717193604]	3.141592653589793	R
2884.375	3.0109999999999673	trials	2886.306866666667	2886.3078666666665	7.0	[-6.672598838806152, 6.64106559753418, -4.672598838806152, 4.64106559753418]	2.356194490192345	R
2887.637	3.048999999999978	trials	2889.6060666666667	2889.6070666666665	2.0	[6.999997615814209, 1.0063706636428833, 8.99999713897705, -0.9936293959617615]	0.0	R
2890.937	3.7590000000000146	trials	2893.6049666666668	2893.6059666666665	3.0	[6.999997615814209, 1.0063706636428833, 8.99999713897705, -0.9936293959617615]	-0.7853981633974483	R
2894.947	2.519999999999982	trials	2896.369833333333	2896.3708333333334	1.0	[4.654601573944092, 6.659106254577637, 6.654601573944092, 4.659106254577637]	0.7853981633974483	R
2897.718	2.7630000000003747	trials	2899.4124	2899.4134	5.0	[-6.645581245422363, -4.668104648590088, -4.645581245422363, -6.668104648590088]	-2.356194490192345	R
2900.733	3.038000000000011	trials	2902.7186	2902.7196	6.0	[-8.999977111816406, 0.9808881878852844, -6.999977111816406, -1.0191118717193604]	3.141592653589793	R
2904.023	2.8969999999999345	trials	2905.8624	2905.8634	2.0	[6.999997615814209, 1.0063706636428833, 8.99999713897705, -0.9936293959617615]	0.0	R
2907.172	2.619000000000142	trials	2908.6914333333334	2908.692433333333	0.0	[-1.0, 9.0, 1.0, 7.0]	1.5707963267948966	R
2910.043	2.405999999999949	trials	2911.321966666667	2911.3229666666666	7.0	[-6.672598838806152, 6.64106559753418, -4.672598838806152, 4.64106559753418]	2.356194490192345	R
2912.7	3.150000000000091	trials	2914.8176333333336	2914.8186333333333	4.0	[-0.987258791923523, -6.999989986419678, 1.012741208076477, -8.99998950958252]	-1.5707963267948966	R
2916.102	2.544000000000324	trials	2917.5093333333334	2917.510333333333	3.0	[-0.987258791923523, -6.999989986419678, 1.012741208076477, -8.99998950958252]	-0.7853981633974483	R
2918.898	3.036000000000058	trials	2920.7644	2920.7654	7.0	[-6.672598838806152, 6.64106559753418, -4.672598838806152, 4.64106559753418]	2.356194490192345	R
2922.186	3.15099999999984	trials	2924.293166666667	2924.2941666666666	2.0	[6.999997615814209, 1.0063706636428833, 8.99999713897705, -0.9936293959617615]	0.0	R
2925.588	2.856999999999971	trials	2927.4159	2927.4169	0.0	[-1.0, 9.0, 1.0, 7.0]	1.5707963267948966	R
2928.697	2.73700000000008	trials	2930.3873	2930.3883	6.0	[-8.999977111816406, 0.9808881878852844, -6.999977111816406, -1.0191118717193604]	3.141592653589793	R
2931.686	7.360999999999876	trials				[NaN, NaN, NaN, NaN]		A
2939.298	5.067000000000007	trials	2943.2552333333333	2943.2562333333335	4.0	[-0.987258791923523, -6.999989986419678, 1.012741208076477, -8.99998950958252]	-1.5707963267948966	R
2944.617	2.1369999999997162	trials	2945.6782333333335	2945.6792666666665	5.0	[-6.645581245422363, -4.668104648590088, -4.645581245422363, -6.668104648590088]	-2.356194490192345	R
2947.006	3.0340000000001055	trials	2948.8962333333334	2948.897233333333	7.0	[-6.645581245422363, -4.668104648590088, -4.645581245422363, -6.668104648590088]	2.356194490192345	R
2950.292	2.9010000000002947	trials	2952.1222333333335	2952.1232333333332	6.0	[-8.999977111816406, 0.9808881878852844, -6.999977111816406, -1.0191118717193604]	3.141592653589793	R
2953.445	2.5470000000000255	trials	2954.9522666666667	2954.953266666667	4.0	[-0.987258791923523, -6.999989986419678, 1.012741208076477, -8.99998950958252]	-1.5707963267948966	R
2956.243	2.18100000000004	trials	2957.3382	2957.3392	5.0	[-6.645581245422363, -4.668104648590088, -4.645581245422363, -6.668104648590088]	-2.356194490192345	R
2958.676	2.518000000000029	trials	2960.100033333333	2960.1010333333334	2.0	[6.999997615814209, 1.0063706636428833, 8.99999713897705, -0.9936293959617615]	0.0	R
2961.445	2.9469999999996617	trials	2963.3401	2963.3411	0.0	[-1.0, 9.0, 1.0, 7.0]	1.5707963267948966	R
2964.643	3.3159999999998035	trials	2966.8417666666664	2966.8428	3.0	[4.663607120513916, -4.650093078613281, 6.663607120513916, -6.650093078613281]	-0.7853981633974483	R
2968.21	2.905999999999949	trials	2970.0728	2970.0738	1.0	[4.654601573944092, 6.659106254577637, 6.654601573944092, 4.659106254577637]	0.7853981633974483	R
2971.368	2.7530000000001564	trials	2973.0051	2973.0061	5.0	[4.654601573944092, 6.659106254577637, 6.654601573944092, 4.659106254577637]	-2.356194490192345	R
2974.372	2.949000000000069	trials	2976.199	2976.2	7.0	[-6.672598838806152, 6.64106559753418, -4.672598838806152, 4.64106559753418]	2.356194490192345	R
2977.572	7.378999999999905	trials	2983.8159333333333	2983.8169333333335	1.0	[4.654601573944092, 6.659106254577637, 6.654601573944092, 4.659106254577637]	0.7853981633974483	R
2985.202	2.507999999999811	trials	2986.6309	2986.6319	2.0	[6.999997615814209, 1.0063706636428833, 8.99999713897705, -0.9936293959617615]	0.0	R
2987.961	4.177000000000135	trials	2991.1331	2991.1341	4.0	[-0.987258791923523, -6.999989986419678, 1.012741208076477, -8.99998950958252]	-1.5707963267948966	F
2992.389	2.80600000000004	trials	2994.1245	2994.1255	6.0	[-8.999977111816406, 0.9808881878852844, -6.999977111816406, -1.0191118717193604]	3.141592653589793	R
2995.447	3.1649999999999636	trials	2997.5109333333335	2997.511933333333	3.0	[4.663607120513916, -4.650093078613281, 6.663607120513916, -6.650093078613281]	-0.7853981633974483	R
2998.863	2.229000000000269	trials	2999.946966666667	2999.9479666666666	0.0	[-1.0, 9.0, 1.0, 7.0]	1.5707963267948966	R
3001.343	3.175999999999931	trials	3003.4185666666667	3003.4196	7.0	[-1.0, 9.0, 1.0, 7.0]	2.356194490192345	R
3004.771	3.0539999999996326	trials	3006.830066666667	3006.8310666666666	1.0	[4.654601573944092, 6.659106254577637, 6.654601573944092, 4.659106254577637]	0.7853981633974483	R
3008.076	2.8479999999999563	trials	3009.8495333333335	3009.8505666666665	6.0	[-8.999977111816406, 0.9808881878852844, -6.999977111816406, -1.0191118717193604]	3.141592653589793	R
3011.176	3.1950000000001637	trials	3013.265033333333	3013.2660333333333	0.0	[-1.0, 9.0, 1.0, 7.0]	1.5707963267948966	R
3014.622	3.1090000000003783	trials	3016.6825	3016.6835	3.0	[4.663607120513916, -4.650093078613281, 6.663607120513916, -6.650093078613281]	-0.7853981633974483	R
3017.983	0.3730000000000473	trials				[NaN, NaN, NaN, NaN]		A
3018.607	0.8290000000001783	trials				[NaN, NaN, NaN, NaN]		A
3019.688	0.08899999999994179	trials				[NaN, NaN, NaN, NaN]		A
3020.029	22.722000000000207	trials	3041.6114	3041.6124	7.0	[6.999997615814209, 1.0063706636428833, 8.99999713897705, -0.9936293959617615]	2.356194490192345	R
3043.003	3.4179999999996653	trials	3045.3476666666666	3045.3486666666668	6.0	[-8.999977111816406, 0.9808881878852844, -6.999977111816406, -1.0191118717193604]	3.141592653589793	R
3046.673	2.5570000000002437	trials	3048.1716666666666	3048.1727	1.0	[4.654601573944092, 6.659106254577637, 6.654601573944092, 4.659106254577637]	0.7853981633974483	R
3049.482	2.7280000000000655	trials	3051.1901666666668	3051.1911666666665	5.0	[-6.645581245422363, -4.668104648590088, -4.645581245422363, -6.668104648590088]	-2.356194490192345	R
3052.461	2.5700000000001637	trials	3053.9801	3053.9811	4.0	[-0.987258791923523, -6.999989986419678, 1.012741208076477, -8.99998950958252]	-1.5707963267948966	R
3055.282	3.0	trials	3057.1840666666667	3057.1850666666664	3.0	[4.663607120513916, -4.650093078613281, 6.663607120513916, -6.650093078613281]	-0.7853981633974483	R
3058.533	2.7350000000001273	trials	3060.2366333333334	3060.237633333333	2.0	[6.999997615814209, 1.0063706636428833, 8.99999713897705, -0.9936293959617615]	0.0	R
3061.52	2.548000000000229	trials	3062.9794333333334	3062.980433333333	0.0	[-1.0, 9.0, 1.0, 7.0]	1.5707963267948966	R
3064.32	2.530999999999949	trials	3065.8024333333333	3065.8034666666667	5.0	[-1.0, 9.0, 1.0, 7.0]	-2.356194490192345	R
3067.103	2.4290000000000873	trials	3068.4490333333333	3068.4500333333335	2.0	[6.999997615814209, 1.0063706636428833, 8.99999713897705, -0.9936293959617615]	0.0	R
3069.783	2.7210000000000036	trials	3071.4845666666665	3071.4855666666667	0.0	[-1.0, 9.0, 1.0, 7.0]	1.5707963267948966	R
3072.756	2.632000000000062	trials	3074.2925333333333	3074.2935333333335	7.0	[-6.672598838806152, 6.64106559753418, -4.672598838806152, 4.64106559753418]	2.356194490192345	R
3075.64	2.84900000000016	trials	3077.4503666666665	3077.4513666666667	1.0	[4.654601573944092, 6.659106254577637, 6.654601573944092, 4.659106254577637]	0.7853981633974483	R
3078.741	0.94399999999996	trials				[NaN, NaN, NaN, NaN]		A
3079.937	0.5360000000000582	trials				[NaN, NaN, NaN, NaN]		A
3080.724	0.1979999999998654	trials				[NaN, NaN, NaN, NaN]		A
3081.174	0.34900000000016007	trials				[NaN, NaN, NaN, NaN]		A
3081.775	1.9479999999998654	trials	3083.0663	3083.0673	0.0	[-1.0, 9.0, 1.0, 7.0]	1.5707963267948966	I
3083.975	2.8650000000002365	trials	3085.7048666666665	3085.7058666666667	1.0	[4.654601573944092, 6.659106254577637, 6.654601573944092, 4.659106254577637]	0.7853981633974483	R
3087.091	2.992999999999938	trials	3089.0612	3089.0622	6.0	[-8.999977111816406, 0.9808881878852844, -6.999977111816406, -1.0191118717193604]	3.141592653589793	R
3090.335	3.175999999999931	trials	3092.2862	3092.2872	2.0	[6.999997615814209, 1.0063706636428833, 8.99999713897705, -0.9936293959617615]	0.0	R
3093.763	2.3850000000002183	trials	3095.0641	3095.0651	3.0	[4.663607120513916, -4.650093078613281, 6.663607120513916, -6.650093078613281]	-0.7853981633974483	R
3096.399	2.4149999999999636	trials	3097.6054	3097.6064	7.0	[-6.672598838806152, 6.64106559753418, -4.672598838806152, 4.64106559753418]	2.356194490192345	R
3099.066	3.0130000000003747	trials	3101.0269	3101.0279	4.0	[-0.987258791923523, -6.999989986419678, 1.012741208076477, -8.99998950958252]	-1.5707963267948966	R
3102.33	2.1820000000002437	trials	3103.4769666666666	3103.477966666667	5.0	[-0.987258791923523, -6.999989986419678, 1.012741208076477, -8.99998950958252]	-2.356194490192345	R
3104.763	2.231000000000222	trials	3105.9381	3105.9391	6.0	[-8.999977111816406, 0.9808881878852844, -6.999977111816406, -1.0191118717193604]	3.141592653589793	R
3107.245	2.7020000000002256	trials	3108.8292666666666	3108.830266666667	0.0	[-1.0, 9.0, 1.0, 7.0]	1.5707963267948966	R
3110.199	2.9710000000000036	trials	3112.088366666667	3112.0893666666666	7.0	[-6.672598838806152, 6.64106559753418, -4.672598838806152, 4.64106559753418]	2.356194490192345	R
3113.422	2.5900000000001455	trials	3115.173	3115.174	1.0	[4.654601573944092, 6.659106254577637, 6.654601573944092, 4.659106254577637]	0.7853981633974483	I
3116.264	2.244999999999891	trials	3117.3734666666664	3117.3744666666666	3.0	[4.663607120513916, -4.650093078613281, 6.663607120513916, -6.650093078613281]	-0.7853981633974483	R
3118.761	2.5779999999999745	trials	3120.259633333333	3120.2606333333333	4.0	[-0.987258791923523, -6.999989986419678, 1.012741208076477, -8.99998950958252]	-1.5707963267948966	R
3121.591	2.3160000000002583	trials	3122.8099666666667	3122.8109666666664	2.0	[6.999997615814209, 1.0063706636428833, 8.99999713897705, -0.9936293959617615]	0.0	R
3124.158	2.2609999999999673	trials	3125.3803333333335	3125.3813666666665	0.0	[6.999997615814209, 1.0063706636428833, 8.99999713897705, -0.9936293959617615]	1.5707963267948966	R
3126.671	3.0090000000000146	trials	3128.5372	3128.5382	5.0	[-6.645581245422363, -4.668104648590088, -4.645581245422363, -6.668104648590088]	-2.356194490192345	R
3129.932	2.7480000000000473	trials	3131.5286	3131.5296	7.0	[-6.672598838806152, 6.64106559753418, -4.672598838806152, 4.64106559753418]	2.356194490192345	R
3132.932	2.9020000000000437	trials	3134.7927	3134.7937333333334	1.0	[4.654601573944092, 6.659106254577637, 6.654601573944092, 4.659106254577637]	0.7853981633974483	R
3136.086	3.0920000000000982	trials	3138.1049333333335	3138.1059333333333	6.0	[-8.999977111816406, 0.9808881878852844, -6.999977111816406, -1.0191118717193604]	3.141592653589793	R
3139.429	2.3859999999999673	trials	3140.7495	3140.7505	4.0	[-0.987258791923523, -6.999989986419678, 1.012741208076477, -8.99998950958252]	-1.5707963267948966	R
3142.067	2.969000000000051	trials	3143.999566666667	3144.0005666666666	2.0	[6.999997615814209, 1.0063706636428833, 8.99999713897705, -0.9936293959617615]	0.0	R
3145.288	3.112999999999829	trials	3147.296766666667	3147.2977666666666	3.0	[4.663607120513916, -4.650093078613281, 6.663607120513916, -6.650093078613281]	-0.7853981633974483	R
3148.652	2.7950000000000728	trials	3150.395433333333	3150.3964666666666	4.0	[4.663607120513916, -4.650093078613281, 6.663607120513916, -6.650093078613281]	-1.5707963267948966	R
3151.699	2.8980000000001382	trials	3153.5553	3153.5563	1.0	[4.654601573944092, 6.659106254577637, 6.654601573944092, 4.659106254577637]	0.7853981633974483	R
3154.849	2.8649999999997817	trials	3156.6449666666667	3156.6459666666665	0.0	[-1.0, 9.0, 1.0, 7.0]	1.5707963267948966	R
3157.965	3.1779999999998836	trials	3160.0384	3160.0394	2.0	[6.999997615814209, 1.0063706636428833, 8.99999713897705, -0.9936293959617615]	0.0	R
3161.395	2.6959999999999127	trials	3162.9927333333335	3162.9937333333332	5.0	[-6.645581245422363, -4.668104648590088, -4.645581245422363, -6.668104648590088]	-2.356194490192345	R
3164.343	3.3299999999999272	trials	3166.3641	3166.3651	6.0	[-8.999977111816406, 0.9808881878852844, -6.999977111816406, -1.0191118717193604]	3.141592653589793	R
3167.925	3.1279999999997017	trials	3169.887833333333	3169.8888333333334	7.0	[-6.672598838806152, 6.64106559753418, -4.672598838806152, 4.64106559753418]	2.356194490192345	R
3171.304	5.020999999999731	trials	3175.1268333333333	3175.1278333333335	3.0	[4.663607120513916, -4.650093078613281, 6.663607120513916, -6.650093078613281]	-0.7853981633974483	R
3176.576	2.507999999999811	trials	3178.079166666667	3178.0801666666666	3.0	[4.663607120513916, -4.650093078613281, 6.663607120513916, -6.650093078613281]	-0.7853981633974483	F
3179.335	7.543999999999869	trials				[NaN, NaN, NaN, NaN]		A
3187.131	2.75	trials	3188.539133333333	3188.5401333333334	1.0	[4.654601573944092, 6.659106254577637, 6.654601573944092, 4.659106254577637]	0.7853981633974483	R
3190.133	2.5160000000000764	trials	3191.5716666666667	3191.5726666666665	2.0	[6.999997615814209, 1.0063706636428833, 8.99999713897705, -0.9936293959617615]	0.0	R
3192.901	2.7450000000003456	trials	3194.6002	3194.6012	5.0	[-6.645581245422363, -4.668104648590088, -4.645581245422363, -6.668104648590088]	-2.356194490192345	R
3195.897	3.168999999999869	trials	3197.9665333333332	3197.9675333333334	7.0	[-6.672598838806152, 6.64106559753418, -4.672598838806152, 4.64106559753418]	2.356194490192345	R
3199.318	2.9109999999996035	trials	3201.202566666667	3201.2035666666666	6.0	[-8.999977111816406, 0.9808881878852844, -6.999977111816406, -1.0191118717193604]	3.141592653589793	R
3202.481	2.4789999999998145	trials	3203.8962666666666	3203.897266666667	0.0	[-1.0, 9.0, 1.0, 7.0]	1.5707963267948966	R
3205.212	3.2229999999999563	trials	3207.349833333333	3207.3508333333334	6.0	[-1.0, 9.0, 1.0, 7.0]	3.141592653589793	R
3208.686	2.674999999999727	trials	3210.2831333333334	3210.2841333333336	0.0	[-1.0, 9.0, 1.0, 7.0]	1.5707963267948966	R
3211.612	2.9329999999999927	trials	3213.4710333333333	3213.4720333333335	1.0	[4.654601573944092, 6.659106254577637, 6.654601573944092, 4.659106254577637]	0.7853981633974483	R
3214.796	3.130000000000109	trials	3216.8193333333334	3216.820333333333	7.0	[-6.672598838806152, 6.64106559753418, -4.672598838806152, 4.64106559753418]	2.356194490192345	R
3218.178	0.8030000000003383	trials				[NaN, NaN, NaN, NaN]		A
3219.232	1.9580000000000837	trials	3220.124533333333	3220.1255666666666	4.0	[-0.987258791923523, -6.999989986419678, 1.012741208076477, -8.99998950958252]	-1.5707963267948966	R
3221.442	2.45699999999988	trials	3222.837266666667	3222.8383	2.0	[6.999997615814209, 1.0063706636428833, 8.99999713897705, -0.9936293959617615]	0.0	R
3224.151	2.951000000000022	trials	3225.9740666666667	3225.975066666667	3.0	[4.663607120513916, -4.650093078613281, 6.663607120513916, -6.650093078613281]	-0.7853981633974483	R
3227.354	2.356000000000222	trials	3228.5895666666665	3228.5905666666667	0.0	[4.663607120513916, -4.650093078613281, 6.663607120513916, -6.650093078613281]	1.5707963267948966	R
3229.962	2.9349999999999454	trials	3231.8266	3231.8276	2.0	[6.999997615814209, 1.0063706636428833, 8.99999713897705, -0.9936293959617615]	0.0	R
3233.149	3.2280000000000655	trials	3235.3423333333335	3235.3433333333332	1.0	[4.654601573944092, 6.659106254577637, 6.654601573944092, 4.659106254577637]	0.7853981633974483	R
3236.629	2.492999999999938	trials	3237.9899	3237.9909	7.0	[-6.672598838806152, 6.64106559753418, -4.672598838806152, 4.64106559753418]	2.356194490192345	R
3239.373	3.5140000000001237	trials	3241.6439666666665	3241.6449666666667	3.0	[4.663607120513916, -4.650093078613281, 6.663607120513916, -6.650093078613281]	-0.7853981633974483	R
3243.139	2.8530000000000655	trials	3244.863966666667	3244.8649666666665	6.0	[-8.999977111816406, 0.9808881878852844, -6.999977111816406, -1.0191118717193604]	3.141592653589793	R
3246.243	3.5570000000002437	trials	3248.6694	3248.6704	4.0	[-0.987258791923523, -6.999989986419678, 1.012741208076477, -8.99998950958252]	-1.5707963267948966	R
3250.052	2.4229999999997744	trials	3251.4443	3251.4453	5.0	[-6.645581245422363, -4.668104648590088, -4.645581245422363, -6.668104648590088]	-2.356194490192345	R
3252.726	2.42699999999968	trials	3254.0367333333334	3254.037733333333	7.0	[-6.645581245422363, -4.668104648590088, -4.645581245422363, -6.668104648590088]	2.356194490192345	R
3255.404	2.7660000000000764	trials	3257.1314	3257.132433333333	3.0	[4.663607120513916, -4.650093078613281, 6.663607120513916, -6.650093078613281]	-0.7853981633974483	R
3258.422	3.6289999999999054	trials				[NaN, NaN, NaN, NaN]		A
3262.302	10.11999999999989	trials	3271.1522333333332	3271.1532333333334	1.0	[4.654601573944092, 6.659106254577637, 6.654601573944092, 4.659106254577637]	0.7853981633974483	R
3272.674	3.298999999999978	trials	3274.838366666667	3274.8393666666666	6.0	[-8.999977111816406, 0.9808881878852844, -6.999977111816406, -1.0191118717193604]	3.141592653589793	R
3276.225	3.018000000000029	trials	3278.2398333333335	3278.2408333333333	5.0	[-6.645581245422363, -4.668104648590088, -4.645581245422363, -6.668104648590088]	-2.356194490192345	R
3279.495	2.5779999999999745	trials	3281.4477666666667	3281.448766666667	0.0	[-1.0, 9.0, 1.0, 7.0]	1.5707963267948966	I
3282.325	3.0590000000001965	trials	3284.2527333333333	3284.2537333333335	4.0	[-0.987258791923523, -6.999989986419678, 1.012741208076477, -8.99998950958252]	-1.5707963267948966	R
3285.635	2.968999999999596	trials	3287.5008	3287.5018	3.0	[-0.987258791923523, -6.999989986419678, 1.012741208076477, -8.99998950958252]	-0.7853981633974483	R
3288.855	2.882000000000062	trials	3290.9403333333335	3290.941333333333	7.0	[-6.672598838806152, 6.64106559753418, -4.672598838806152, 4.64106559753418]	2.356194490192345	I
3291.989	2.800999999999931	trials	3293.7012	3293.7022	6.0	[-8.999977111816406, 0.9808881878852844, -6.999977111816406, -1.0191118717193604]	3.141592653589793	R
3295.042	2.7210000000000036	trials	3296.747766666667	3296.7487666666666	5.0	[-6.645581245422363, -4.668104648590088, -4.645581245422363, -6.668104648590088]	-2.356194490192345	R
3298.015	2.905999999999949	trials	3299.8123666666665	3299.8133666666668	0.0	[-1.0, 9.0, 1.0, 7.0]	1.5707963267948966	R
3301.173	3.094000000000051	trials	3303.2328666666667	3303.2338666666665	4.0	[-0.987258791923523, -6.999989986419678, 1.012741208076477, -8.99998950958252]	-1.5707963267948966	R
3304.519	2.8470000000002074	trials	3306.2593666666667	3306.260366666667	2.0	[6.999997615814209, 1.0063706636428833, 8.99999713897705, -0.9936293959617615]	0.0	R
3307.618	11.240999999999985	trials	3317.8040333333333	3317.8050333333335	1.0	[4.654601573944092, 6.659106254577637, 6.654601573944092, 4.659106254577637]	0.7853981633974483	R
3319.11	2.6909999999998035	trials	3320.6952	3320.6962	3.0	[4.654601573944092, 6.659106254577637, 6.654601573944092, 4.659106254577637]	-0.7853981633974483	R
3322.053	2.5210000000001855	trials	3323.944266666667	3323.9452666666666	4.0	[-0.987258791923523, -6.999989986419678, 1.012741208076477, -8.99998950958252]	-1.5707963267948966	I
3324.825	1.7720000000003893	trials				[NaN, NaN, NaN, NaN]		A
3326.849	4.222999999999956	trials	3329.9652333333333	3329.9662333333335	1.0	[4.654601573944092, 6.659106254577637, 6.654601573944092, 4.659106254577637]	0.7853981633974483	R
3331.324	3.0099999999997635	trials	3333.2594	3333.2604	0.0	[-1.0, 9.0, 1.0, 7.0]	1.5707963267948966	R
3334.586	2.961999999999989	trials	3336.4733666666666	3336.474366666667	6.0	[-8.999977111816406, 0.9808881878852844, -6.999977111816406, -1.0191118717193604]	3.141592653589793	R
3337.8	3.0479999999997744	trials	3339.793633333333	3339.7946333333334	7.0	[-6.672598838806152, 6.64106559753418, -4.672598838806152, 4.64106559753418]	2.356194490192345	R
3341.1	3.300999999999931	trials	3343.346433333333	3343.3474333333334	2.0	[6.999997615814209, 1.0063706636428833, 8.99999713897705, -0.9936293959617615]	0.0	R
3344.653	2.611000000000331	trials	3346.2145666666665	3346.2155666666667	2.0	[6.999997615814209, 1.0063706636428833, 8.99999713897705, -0.9936293959617615]	0.0	R
3347.516	2.9580000000000837	trials	3349.4075	3349.4085	5.0	[-6.645581245422363, -4.668104648590088, -4.645581245422363, -6.668104648590088]	-2.356194490192345	R
3350.726	3.0119999999997162	trials	3352.6575666666668	3352.6585666666665	1.0	[4.654601573944092, 6.659106254577637, 6.654601573944092, 4.659106254577637]	0.7853981633974483	R
3353.99	2.7220000000002074	trials	3356.0299333333332	3356.0309333333335	7.0	[-6.672598838806152, 6.64106559753418, -4.672598838806152, 4.64106559753418]	2.356194490192345	I
3356.963	11.376999999999953	trials	3367.2327333333333	3367.2337333333335	6.0	[-8.999977111816406, 0.9808881878852844, -6.999977111816406, -1.0191118717193604]	3.141592653589793	R
3368.592	2.423999999999978	trials	3369.9184	3369.9194	3.0	[4.663607120513916, -4.650093078613281, 6.663607120513916, -6.650093078613281]	-0.7853981633974483	R
3371.268	3.09900000000016	trials	3373.2246	3373.2256	0.0	[-1.0384598668829812e+34, 1.0097432827597319e-28, -1.0384598668829812e+34, 1.577722374679312e-30]	1.5707963267948966	R
3374.619	3.43100000000004	trials	3376.9087666666665	3376.9097666666667	4.0	[-0.987258791923523, -6.999989986419678, 1.012741208076477, -8.99998950958252]	-1.5707963267948966	R
3378.301	3.086999999999989	trials	3380.2741	3380.2751333333335	7.0	[-0.987258791923523, -6.999989986419678, 1.012741208076477, -8.99998950958252]	2.356194490192345	R
3381.64	2.774000000000342	trials	3383.361766666667	3383.3627666666666	5.0	[-6.645581245422363, -4.668104648590088, -4.645581245422363, -6.668104648590088]	-2.356194490192345	R
3384.666	2.5719999999996617	trials	3386.1487	3386.1497	0.0	[-1.0, 9.0, 1.0, 7.0]	1.5707963267948966	R
3387.49	2.887000000000171	trials	3389.2634333333335	3389.2644333333333	3.0	[4.663607120513916, -4.650093078613281, 6.663607120513916, -6.650093078613281]	-0.7853981633974483	R
3390.629	3.173000000000229	trials	3392.719	3392.72	1.0	[4.654601573944092, 6.659106254577637, 6.654601573944092, 4.659106254577637]	0.7853981633974483	R
3394.053	3.150000000000091	trials	3396.079333333333	3396.0803333333333	6.0	[-8.999977111816406, 0.9808881878852844, -6.999977111816406, -1.0191118717193604]	3.141592653589793	R
3397.455	2.84900000000016	trials	3399.6622333333335	3399.663233333333	4.0	[-0.987258791923523, -6.999989986419678, 1.012741208076477, -8.99998950958252]	-1.5707963267948966	I
3400.555	30.115999999999985	trials	3429.397066666667	3429.3980666666666	2.0	[6.999997615814209, 1.0063706636428833, 8.99999713897705, -0.9936293959617615]	0.0	R
3430.923	2.9450000000001637	trials	3432.8115333333335	3432.8125333333332	2.0	[6.999997615814209, 1.0063706636428833, 8.99999713897705, -0.9936293959617615]	0.0	R
3434.12	5.2400000000002365	trials	3438.2791	3438.2801	3.0	[4.663607120513916, -4.650093078613281, 6.663607120513916, -6.650093078613281]	-0.7853981633974483	R
3439.611	2.699000000000069	trials	3441.2625	3441.2635	0.0	[-1.0, 9.0, 1.0, 7.0]	1.5707963267948966	R
3442.562	3.6779999999998836	trials	3445.1261	3445.1271	4.0	[-0.987258791923523, -6.999989986419678, 1.012741208076477, -8.99998950958252]	-1.5707963267948966	R
3446.492	3.4149999999999636	trials	3448.736066666667	3448.7370666666666	1.0	[4.654601573944092, 6.659106254577637, 6.654601573944092, 4.659106254577637]	0.7853981633974483	R
3450.159	7.75	trials	3456.8161333333333	3456.8171333333335	7.0	[-6.672598838806152, 6.64106559753418, -4.672598838806152, 4.64106559753418]	2.356194490192345	R
3458.16	2.69399999999996	trials	3459.8647	3459.8657	6.0	[-8.999977111816406, 0.9808881878852844, -6.999977111816406, -1.0191118717193604]	3.141592653589793	I
3461.106	3.375	trials	3463.4145	3463.4155	5.0	[-6.645581245422363, -4.668104648590088, -4.645581245422363, -6.668104648590088]	-2.356194490192345	R
3464.733	2.78899999999976	trials	3466.3999	3466.4009	1.0	[-6.645581245422363, -4.668104648590088, -4.645581245422363, -6.668104648590088]	0.7853981633974483	R
3467.773	8.976999999999862	trials	3475.6178	3475.6188	3.0	[4.663607120513916, -4.650093078613281, 6.663607120513916, -6.650093078613281]	-0.7853981633974483	R
3477.001	3.255999999999858	trials	3479.1676	3479.1686	4.0	[-0.987258791923523, -6.999989986419678, 1.012741208076477, -8.99998950958252]	-1.5707963267948966	R
3480.509	3.3530000000000655	trials	3482.6713	3482.6723	6.0	[-8.999977111816406, 0.9808881878852844, -6.999977111816406, -1.0191118717193604]	3.141592653589793	R
3484.114	1.0520000000001346	trials				[NaN, NaN, NaN, NaN]		A
3485.417	2.300000000000182	trials				[NaN, NaN, NaN, NaN]		A
3487.968	6.719000000000051	trials	3493.5563333333334	3493.557333333333	7.0	[-6.672598838806152, 6.64106559753418, -4.672598838806152, 4.64106559753418]	2.356194490192345	R
3494.939	3.3960000000001855	trials	3497.2244333333333	3497.2254333333335	5.0	[-6.645581245422363, -4.668104648590088, -4.645581245422363, -6.668104648590088]	-2.356194490192345	R
3498.587	2.630999999999858	trials	3500.1968	3500.1978	5.0	[-6.645581245422363, -4.668104648590088, -4.645581245422363, -6.668104648590088]	-2.356194490192345	R
3501.47	2.4450000000001637	trials	3502.8393666666666	3502.840366666667	0.0	[-1.0, 9.0, 1.0, 7.0]	1.5707963267948966	R
3504.167	0.7880000000000109	trials				[NaN, NaN, NaN, NaN]		A
3505.206	1.8969999999999345	trials	3506.098466666667	3506.0994666666666	2.0	[6.999997615814209, 1.0063706636428833, 8.99999713897705, -0.9936293959617615]	0.0	F
3507.355	2.3099999999999454	trials	3508.6608333333334	3508.661833333333	7.0	[-6.672598838806152, 6.64106559753418, -4.672598838806152, 4.64106559753418]	2.356194490192345	F
3509.917	2.838999999999942	trials	3511.6783	3511.6793	3.0	[4.663607120513916, -4.650093078613281, 6.663607120513916, -6.650093078613281]	-0.7853981633974483	R
3513.008	2.93100000000004	trials	3514.916366666667	3514.9173666666666	4.0	[-0.987258791923523, -6.999989986419678, 1.012741208076477, -8.99998950958252]	-1.5707963267948966	R
3516.191	3.4420000000000073	trials	3518.467166666667	3518.4681666666665	6.0	[-8.999977111816406, 0.9808881878852844, -6.999977111816406, -1.0191118717193604]	3.141592653589793	R
3519.885	2.7929999999996653	trials	3521.5738666666666	3521.574866666667	7.0	[-8.999977111816406, 0.9808881878852844, -6.999977111816406, -1.0191118717193604]	2.356194490192345	R
3522.929	2.980999999999767	trials	3524.8750666666665	3524.8760666666667	6.0	[-8.999977111816406, 0.9808881878852844, -6.999977111816406, -1.0191118717193604]	3.141592653589793	R
3526.161	2.7979999999997744	trials	3527.8785333333335	3527.8795333333333	1.0	[4.654601573944092, 6.659106254577637, 6.654601573944092, 4.659106254577637]	0.7853981633974483	R
3529.211	2.3330000000000837	trials	3530.4489	3530.4499	0.0	[-1.0, 9.0, 1.0, 7.0]	1.5707963267948966	R
3531.795	2.507000000000062	trials	3533.6639	3533.6649	2.0	[6.999997615814209, 1.0063706636428833, 8.99999713897705, -0.9936293959617615]	0.0	I
3534.554	5.791999999999916	trials				[NaN, NaN, NaN, NaN]		A
3540.598	0.3000000000001819	trials				[NaN, NaN, NaN, NaN]		A
3541.149	2.59900000000016	trials	3542.6271333333334	3542.628133333333	5.0	[-6.645581245422363, -4.668104648590088, -4.645581245422363, -6.668104648590088]	-2.356194490192345	R
3544.0	2.9420000000000073	trials	3545.763933333333	3545.7649333333334	6.0	[-6.645581245422363, -4.668104648590088, -4.645581245422363, -6.668104648590088]	3.141592653589793	R
3547.193	2.7219999999997526	trials	3548.760366666667	3548.7613666666666	7.0	[-6.672598838806152, 6.64106559753418, -4.672598838806152, 4.64106559753418]	2.356194490192345	R
3550.167	3.180000000000291	trials	3552.267066666667	3552.2680666666665	2.0	[6.999997615814209, 1.0063706636428833, 8.99999713897705, -0.9936293959617615]	0.0	R
3553.598	2.4329999999999927	trials	3554.9718	3554.9728	3.0	[4.663607120513916, -4.650093078613281, 6.663607120513916, -6.650093078613281]	-0.7853981633974483	R
3556.283	3.400000000000091	trials	3558.6399	3558.6409	1.0	[4.654601573944092, 6.659106254577637, 6.654601573944092, 4.659106254577637]	0.7853981633974483	R
3559.935	2.612999999999829	trials	3561.475933333333	3561.4769333333334	4.0	[-0.987258791923523, -6.999989986419678, 1.012741208076477, -8.99998950958252]	-1.5707963267948966	R
3562.799	2.8600000000001273	trials	3564.6548333333335	3564.6558333333332	0.0	[-1.0, 9.0, 1.0, 7.0]	1.5707963267948966	F
3565.911	14.56100000000015	trials				[NaN, NaN, NaN, NaN]		A
3580.724	2.105999999999767	trials	3581.426466666667	3581.4274666666665	4.0	[-6.645581245422363, -4.668104648590088, -4.645581245422363, -6.668104648590088]	-1.5707963267948966	R
3583.082	3.1510000000002947	trials	3585.245933333333	3585.2469333333333	5.0	[-6.645581245422363, -4.668104648590088, -4.645581245422363, -6.668104648590088]	-2.356194490192345	R
3586.485	3.230999999999767	trials	3588.635366666667	3588.6363666666666	2.0	[6.999997615814209, 1.0063706636428833, 8.99999713897705, -0.9936293959617615]	0.0	R
3589.968	2.7800000000002	trials	3591.6578666666665	3591.6588666666667	0.0	[-1.0, 9.0, 1.0, 7.0]	1.5707963267948966	R
3592.999	2.4580000000000837	trials	3594.3104333333335	3594.3114333333333	1.0	[4.654601573944092, 6.659106254577637, 6.654601573944092, 4.659106254577637]	0.7853981633974483	R
3595.709	2.2080000000000837	trials	3596.861766666667	3596.8627666666666	6.0	[-8.999977111816406, 0.9808881878852844, -6.999977111816406, -1.0191118717193604]	3.141592653589793	R
3598.169	2.6600000000003092	trials	3599.6547	3599.6557	3.0	[4.663607120513916, -4.650093078613281, 6.663607120513916, -6.650093078613281]	-0.7853981633974483	R
3601.08	2.8460000000000036	trials	3602.825566666667	3602.8265666666666	7.0	[-6.672598838806152, 6.64106559753418, -4.672598838806152, 4.64106559753418]	2.356194490192345	R
3604.178	2.69399999999996	trials	3605.783933333333	3605.7849333333334	6.0	[-6.672598838806152, 6.64106559753418, -4.672598838806152, 4.64106559753418]	3.141592653589793	R
3607.123	2.6219999999998436	trials	3608.6911333333333	3608.6921333333335	4.0	[-0.987258791923523, -6.999989986419678, 1.012741208076477, -8.99998950958252]	-1.5707963267948966	R
3609.996	2.650000000000091	trials	3611.5833	3611.5843333333332	2.0	[6.999997615814209, 1.0063706636428833, 8.99999713897705, -0.9936293959617615]	0.0	R
3612.898	2.4349999999999454	trials	3614.274	3614.275	1.0	[4.654601573944092, 6.659106254577637, 6.654601573944092, 4.659106254577637]	0.7853981633974483	R
3615.584	2.5579999999999927	trials	3617.034833333333	3617.0358666666666	3.0	[4.663607120513916, -4.650093078613281, 6.663607120513916, -6.650093078613281]	-0.7853981633974483	R
3618.393	2.994999999999891	trials	3620.3460666666665	3620.3470666666667	5.0	[-6.645581245422363, -4.668104648590088, -4.645581245422363, -6.668104648590088]	-2.356194490192345	R
3621.639	2.9739999999997053	trials	3623.5149333333334	3623.515933333333	0.0	[-1.0, 9.0, 1.0, 7.0]	1.5707963267948966	R
3624.864	3.230999999999767	trials	3626.9845333333333	3626.9855666666667	7.0	[-6.672598838806152, 6.64106559753418, -4.672598838806152, 4.64106559753418]	2.356194490192345	R
3628.347	3.1649999999999636	trials	3630.4662	3630.4672	2.0	[-6.672598838806152, 6.64106559753418, -4.672598838806152, 4.64106559753418]	0.0	R
3631.763	2.5090000000000146	trials	3633.223033333333	3633.2240333333334	4.0	[-0.987258791923523, -6.999989986419678, 1.012741208076477, -8.99998950958252]	-1.5707963267948966	R
3634.523	2.5149999999998727	trials	3635.9668333333334	3635.967833333333	6.0	[-8.999977111816406, 0.9808881878852844, -6.999977111816406, -1.0191118717193604]	3.141592653589793	R
3637.289	3.337999999999738	trials	3639.6008666666667	3639.601866666667	1.0	[4.654601573944092, 6.659106254577637, 6.654601573944092, 4.659106254577637]	0.7853981633974483	R
3640.879	2.6269999999999527	trials	3642.3988	3642.3998	0.0	[-1.0, 9.0, 1.0, 7.0]	1.5707963267948966	R
3643.757	3.431999999999789	trials	3646.1802	3646.1812	5.0	[-6.645581245422363, -4.668104648590088, -4.645581245422363, -6.668104648590088]	-2.356194490192345	R
3647.44	3.1729999999997744	trials	3649.5495666666666	3649.550566666667	7.0	[-6.672598838806152, 6.64106559753418, -4.672598838806152, 4.64106559753418]	2.356194490192345	R
3650.865	3.124000000000251	trials	3652.8998666666666	3652.900866666667	3.0	[4.663607120513916, -4.650093078613281, 6.663607120513916, -6.650093078613281]	-0.7853981633974483	R
3654.24	2.25400000000036	trials	3655.4281666666666	3655.429166666667	4.0	[4.663607120513916, -4.650093078613281, 6.663607120513916, -6.650093078613281]	-1.5707963267948966	R
3656.745	2.867999999999938	trials	3658.6030333333333	3658.6040333333335	5.0	[-6.645581245422363, -4.668104648590088, -4.645581245422363, -6.668104648590088]	-2.356194490192345	R
3659.864	3.1419999999998254	trials	3661.9102333333335	3661.9112333333333	3.0	[4.663607120513916, -4.650093078613281, 6.663607120513916, -6.650093078613281]	-0.7853981633974483	R
3663.258	2.936000000000149	trials	3665.1352333333334	3665.136233333333	2.0	[6.999997615814209, 1.0063706636428833, 8.99999713897705, -0.9936293959617615]	0.0	R
3666.445	2.7480000000000473	trials	3668.0785666666666	3668.079566666667	6.0	[-8.999977111816406, 0.9808881878852844, -6.999977111816406, -1.0191118717193604]	3.141592653589793	R
3669.445	3.0729999999998654	trials	3671.3998	3671.4008	1.0	[4.654601573944092, 6.659106254577637, 6.654601573944092, 4.659106254577637]	0.7853981633974483	R
3672.769	2.4090000000001055	trials	3674.0734333333335	3674.074433333333	0.0	[-1.0, 9.0, 1.0, 7.0]	1.5707963267948966	R
3675.43	3.268000000000029	trials	3677.673366666667	3677.6743666666666	7.0	[-6.672598838806152, 6.64106559753418, -4.672598838806152, 4.64106559753418]	2.356194490192345	R
3678.95	2.4590000000002874	trials	3680.2447666666667	3680.2457666666664	3.0	[-6.672598838806152, 6.64106559753418, -4.672598838806152, 4.64106559753418]	-0.7853981633974483	R
3681.66	2.6720000000000255	trials	3683.2281666666668	3683.2291666666665	1.0	[4.654601573944092, 6.659106254577637, 6.654601573944092, 4.659106254577637]	0.7853981633974483	R
3684.584	2.506000000000313	trials	3686.0421333333334	3686.043133333333	5.0	[-6.645581245422363, -4.668104648590088, -4.645581245422363, -6.668104648590088]	-2.356194490192345	R
3687.341	0.9619999999999891	trials				[NaN, NaN, NaN, NaN]		A
3688.554	2.132999999999811	trials	3689.61	3689.611	7.0	[-6.672598838806152, 6.64106559753418, -4.672598838806152, 4.64106559753418]	2.356194490192345	R
3690.938	2.619999999999891	trials	3692.4560666666666	3692.457066666667	6.0	[-8.999977111816406, 0.9808881878852844, -6.999977111816406, -1.0191118717193604]	3.141592653589793	R
3693.809	3.1289999999999054	trials	3695.8705333333332	3695.8715333333334	2.0	[6.999997615814209, 1.0063706636428833, 8.99999713897705, -0.9936293959617615]	0.0	R
3697.19	6.308999999999742	trials	3702.4629	3702.4639	4.0	[-0.987258791923523, -6.999989986419678, 1.012741208076477, -8.99998950958252]	-1.5707963267948966	R
3703.751	3.0119999999997162	trials	3705.6829	3705.6839	2.0	[-0.987258791923523, -6.999989986419678, 1.012741208076477, -8.99998950958252]	0.0	R
3707.014	2.9960000000000946	trials	3708.9861	3708.9871	5.0	[-6.645581245422363, -4.668104648590088, -4.645581245422363, -6.668104648590088]	-2.356194490192345	R
3710.261	2.6390000000001237	trials	3711.8722666666667	3711.8732666666665	4.0	[-0.987258791923523, -6.999989986419678, 1.012741208076477, -8.99998950958252]	-1.5707963267948966	R
3713.151	3.005000000000109	trials	3715.0732	3715.0742	0.0	[-1.0, 9.0, 1.0, 7.0]	1.5707963267948966	R
3716.408	3.1080000000001746	trials	3718.4315333333334	3718.432533333333	3.0	[4.663607120513916, -4.650093078613281, 6.663607120513916, -6.650093078613281]	-0.7853981633974483	R
3719.768	3.255000000000109	trials	3721.9472666666666	3721.9482666666668	1.0	[4.654601573944092, 6.659106254577637, 6.654601573944092, 4.659106254577637]	0.7853981633974483	R
3723.275	3.1340000000000146	trials	3725.2605	3725.2615	7.0	[-6.672598838806152, 6.64106559753418, -4.672598838806152, 4.64106559753418]	2.356194490192345	R
3726.661	2.6770000000001346	trials	3728.2930333333334	3728.294033333333	6.0	[-8.999977111816406, 0.9808881878852844, -6.999977111816406, -1.0191118717193604]	3.141592653589793	R
3729.589	2.0779999999999745	trials				[NaN, NaN, NaN, NaN]		A
3731.919	2.686000000000149	trials	3733.5109666666667	3733.5119666666665	3.0	[4.663607120513916, -4.650093078613281, 6.663607120513916, -6.650093078613281]	-0.7853981633974483	R
3734.856	2.9029999999997926	trials	3736.7269666666666	3736.727966666667	4.0	[-0.987258791923523, -6.999989986419678, 1.012741208076477, -8.99998950958252]	-1.5707963267948966	R
3738.01	2.5299999999997453	trials	3739.5028666666667	3739.5038666666665	5.0	[-6.645581245422363, -4.668104648590088, -4.645581245422363, -6.668104648590088]	-2.356194490192345	R
3740.792	2.923000000000229	trials	3742.613566666667	3742.6145666666666	0.0	[-1.0, 9.0, 1.0, 7.0]	1.5707963267948966	R
