onset	duration	nwb_table	target_on_time	go_cue_time	target_id	target_corners	target_dir	result
4.05	3.3740000000000006	trials	6.1184666666666665	6.1195	5.0	[-6.645581245422363, -4.668104648590088, -4.645581245422363, -6.668104648590088]	-2.356194490192345	R
7.675	2.5949999999999998	trials	9.009666666666666	9.010666666666667	4.0	[-0.987258791923523, -6.999989986419678, 1.012741208076477, -8.99998950958252]	-1.5707963267948966	R
10.521	3.2619999999999987	trials	12.778	12.779	7.0	[-0.987258791923523, -6.999989986419678, 1.012741208076477, -8.99998950958252]	2.356194490192345	F
14.034	4.511000000000001	trials	17.1639	17.1649	5.0	[-6.645581245422363, -4.668104648590088, -4.645581245422363, -6.668104648590088]	-2.356194490192345	R
18.797	3.003999999999998	trials	20.5132	20.5142	2.0	[6.999997615814209, 1.0063706636428833, 8.99999713897705, -0.9936293959617615]	0.0	R
22.053	3.0700000000000003	trials	23.8475	23.8485	1.0	[4.654601573944092, 6.659106254577637, 6.654601573944092, 4.659106254577637]	0.7853981633974483	R
25.374	2.8880000000000017	trials	27.1537	27.1547	6.0	[-8.999977111816406, 0.9808881878852844, -6.999977111816406, -1.0191118717193604]	3.141592653589793	R
28.514	3.517999999999997	trials	30.831833333333332	30.832833333333333	0.0	[-1.0, 9.0, 1.0, 7.0]	1.5707963267948966	R
32.283	3.0109999999999957	trials	34.0889	34.089933333333335	3.0	[4.663607120513916, -4.650093078613281, 6.663607120513916, -6.650093078613281]	-0.7853981633974483	R
35.546	3.347999999999999	trials	37.72593333333333	37.726933333333335	4.0	[-0.987258791923523, -6.999989986419678, 1.012741208076477, -8.99998950958252]	-1.5707963267948966	R
39.145	2.4439999999999955	trials	40.34543333333333	40.34643333333333	2.0	[-0.987258791923523, -6.999989986419678, 1.012741208076477, -8.99998950958252]	0.0	R
41.84	2.7519999999999953	trials	43.440133333333335	43.44113333333333	1.0	[4.654601573944092, 6.659106254577637, 6.654601573944092, 4.659106254577637]	0.7853981633974483	R
44.844	2.8200000000000003	trials	46.37943333333333	46.380433333333336	0.0	[-1.0, 9.0, 1.0, 7.0]	1.5707963267948966	R
47.915	3.1189999999999998	trials	49.828	49.829	7.0	[-6.672598838806152, 6.64106559753418, -4.672598838806152, 4.64106559753418]	2.356194490192345	R
51.286	2.7070000000000007	trials	52.80336666666667	52.80436666666667	3.0	[4.663607120513916, -4.650093078613281, 6.663607120513916, -6.650093078613281]	-0.7853981633974483	R
54.245	2.3910000000000053	trials	55.4309	55.4319	4.0	[-0.987258791923523, -6.999989986419678, 1.012741208076477, -8.99998950958252]	-1.5707963267948966	R
56.888	3.2790000000000035	trials	59.067933333333336	59.068933333333334	6.0	[-8.999977111816406, 0.9808881878852844, -6.999977111816406, -1.0191118717193604]	3.141592653589793	R
60.418	2.5600000000000023	trials	61.8388	61.8398	5.0	[-6.645581245422363, -4.668104648590088, -4.645581245422363, -6.668104648590088]	-2.356194490192345	R
63.229	2.6299999999999955	trials	64.79413333333333	64.79513333333334	3.0	[-6.645581245422363, -4.668104648590088, -4.645581245422363, -6.668104648590088]	-0.7853981633974483	R
66.11	3.0130000000000052	trials	67.8026	67.8036	7.0	[-6.672598838806152, 6.64106559753418, -4.672598838806152, 4.64106559753418]	2.356194490192345	R
69.375	3.628	trials	71.89376666666666	71.89476666666667	4.0	[-0.987258791923523, -6.999989986419678, 1.012741208076477, -8.99998950958252]	-1.5707963267948966	R
73.254	2.968999999999994	trials	75.14283333333333	75.14383333333333	2.0	[6.999997615814209, 1.0063706636428833, 8.99999713897705, -0.9936293959617615]	0.0	R
76.474	2.4200000000000017	trials	77.77436666666667	77.77536666666667	1.0	[4.654601573944092, 6.659106254577637, 6.654601573944092, 4.659106254577637]	0.7853981633974483	R
79.146	2.992999999999995	trials	81.06453333333333	81.06553333333333	5.0	[-6.645581245422363, -4.668104648590088, -4.645581245422363, -6.668104648590088]	-2.356194490192345	R
82.391	2.8729999999999905	trials	84.09503333333333	84.09606666666667	0.0	[-1.0, 9.0, 1.0, 7.0]	1.5707963267948966	R
85.516	3.1700000000000017	trials	87.4985	87.4995	6.0	[-8.999977111816406, 0.9808881878852844, -6.999977111816406, -1.0191118717193604]	3.141592653589793	R
88.938	3.429000000000002	trials	91.25983333333333	91.26083333333334	6.0	[-8.999977111816406, 0.9808881878852844, -6.999977111816406, -1.0191118717193604]	3.141592653589793	R
92.618	3.312000000000012	trials	94.56103333333333	94.56203333333333	0.0	[-1.0, 9.0, 1.0, 7.0]	1.5707963267948966	R
96.182	3.097999999999999	trials	97.91836666666667	97.91936666666666	1.0	[4.654601573944092, 6.659106254577637, 6.654601573944092, 4.659106254577637]	0.7853981633974483	R
99.531	2.864999999999995	trials	101.13033333333334	101.13133333333333	7.0	[-6.672598838806152, 6.64106559753418, -4.672598838806152, 4.64106559753418]	2.356194490192345	R
102.648	3.049999999999997	trials	104.59993333333334	104.60096666666666	5.0	[-6.645581245422363, -4.668104648590088, -4.645581245422363, -6.668104648590088]	-2.356194490192345	R
105.949	2.864999999999995	trials	107.7187	107.7197	2.0	[6.999997615814209, 1.0063706636428833, 8.99999713897705, -0.9936293959617615]	0.0	R
109.066	2.4639999999999986	trials	110.43943333333333	110.44043333333333	4.0	[-0.987258791923523, -6.999989986419678, 1.012741208076477, -8.99998950958252]	-1.5707963267948966	R
111.782	3.1880000000000024	trials	113.82686666666666	113.82786666666667	3.0	[4.663607120513916, -4.650093078613281, 6.663607120513916, -6.650093078613281]	-0.7853981633974483	R
115.221	2.3840000000000003	trials	116.51553333333334	116.51653333333333	2.0	[4.663607120513916, -4.650093078613281, 6.663607120513916, -6.650093078613281]	0.0	R
117.857	3.5849999999999937	trials	120.3701	120.3711	4.0	[-0.987258791923523, -6.999989986419678, 1.012741208076477, -8.99998950958252]	-1.5707963267948966	R
121.693	2.939000000000007	trials	123.58306666666667	123.58406666666667	5.0	[-6.645581245422363, -4.668104648590088, -4.645581245422363, -6.668104648590088]	-2.356194490192345	R
124.883	2.486000000000004	trials	126.16046666666666	126.16146666666667	0.0	[-1.0, 9.0, 1.0, 7.0]	1.5707963267948966	R
127.621	3.0050000000000097	trials	129.9238	129.9248	7.0	[-6.672598838806152, 6.64106559753418, -4.672598838806152, 4.64106559753418]	2.356194490192345	I
130.877	3.908999999999992	trials	133.6651	133.6661	6.0	[-8.999977111816406, 0.9808881878852844, -6.999977111816406, -1.0191118717193604]	3.141592653589793	R
135.038	3.0369999999999777	trials	136.86703333333332	136.86803333333333	1.0	[4.654601573944092, 6.659106254577637, 6.654601573944092, 4.659106254577637]	0.7853981633974483	R
138.327	2.852000000000004	trials	140.05096666666665	140.05196666666666	3.0	[4.663607120513916, -4.650093078613281, 6.663607120513916, -6.650093078613281]	-0.7853981633974483	R
141.43	3.181999999999988	trials	143.4504	143.4514	1.0	[4.663607120513916, -4.650093078613281, 6.663607120513916, -6.650093078613281]	0.7853981633974483	R
144.864	2.9969999999999857	trials	146.76963333333333	146.77063333333334	5.0	[-6.645581245422363, -4.668104648590088, -4.645581245422363, -6.668104648590088]	-2.356194490192345	R
148.113	2.9279999999999973	trials	149.95853333333332	149.95953333333333	4.0	[-0.987258791923523, -6.999989986419678, 1.012741208076477, -8.99998950958252]	-1.5707963267948966	R
151.293	3.0420000000000016	trials	153.21763333333334	153.21863333333334	2.0	[6.999997615814209, 1.0063706636428833, 8.99999713897705, -0.9936293959617615]	0.0	R
154.587	3.0930000000000177	trials	156.5479	156.5489	6.0	[-8.999977111816406, 0.9808881878852844, -6.999977111816406, -1.0191118717193604]	3.141592653589793	R
157.931	2.5509999999999877	trials	159.31876666666668	159.3198	7.0	[-6.672598838806152, 6.64106559753418, -4.672598838806152, 4.64106559753418]	2.356194490192345	R
160.733	2.681999999999988	trials	162.68013333333334	162.68113333333332	0.0	[-1.0, 9.0, 1.0, 7.0]	1.5707963267948966	I
163.667	3.882000000000005	trials	166.43043333333333	166.43143333333333	3.0	[4.663607120513916, -4.650093078613281, 6.663607120513916, -6.650093078613281]	-0.7853981633974483	R
167.801	2.8430000000000177	trials	169.3557	169.3567	5.0	[4.663607120513916, -4.650093078613281, 6.663607120513916, -6.650093078613281]	-2.356194490192345	R
170.896	2.7930000000000064	trials	172.55363333333332	172.55463333333333	6.0	[-8.999977111816406, 0.9808881878852844, -6.999977111816406, -1.0191118717193604]	3.141592653589793	R
173.941	2.5459999999999923	trials	175.5641	175.5651	2.0	[6.999997615814209, 1.0063706636428833, 8.99999713897705, -0.9936293959617615]	0.0	I
176.739	3.9139999999999873	trials	179.3836	179.3846	7.0	[-6.672598838806152, 6.64106559753418, -4.672598838806152, 4.64106559753418]	2.356194490192345	R
180.904	3.0819999999999936	trials	182.75796666666668	182.75896666666668	1.0	[4.654601573944092, 6.659106254577637, 6.654601573944092, 4.659106254577637]	0.7853981633974483	R
184.238	2.7779999999999916	trials	185.9529	185.9539	3.0	[4.663607120513916, -4.650093078613281, 6.663607120513916, -6.650093078613281]	-0.7853981633974483	R
187.267	2.795000000000016	trials	188.9784	188.9794	4.0	[-0.987258791923523, -6.999989986419678, 1.012741208076477, -8.99998950958252]	-1.5707963267948966	R
190.314	3.248000000000019	trials	192.43196666666665	192.433	0.0	[-1.0, 9.0, 1.0, 7.0]	1.5707963267948966	R
193.813	3.2510000000000048	trials	195.9387	195.9397	5.0	[-1.0, 9.0, 1.0, 7.0]	-2.356194490192345	R
197.316	2.294000000000011	trials	198.49903333333333	198.50003333333333	4.0	[-0.987258791923523, -6.999989986419678, 1.012741208076477, -8.99998950958252]	-1.5707963267948966	R
199.861	3.319000000000017	trials	201.96263333333334	201.96363333333332	1.0	[4.654601573944092, 6.659106254577637, 6.654601573944092, 4.659106254577637]	0.7853981633974483	R
203.431	2.9739999999999895	trials	205.19366666666667	205.19466666666668	2.0	[6.999997615814209, 1.0063706636428833, 8.99999713897705, -0.9936293959617615]	0.0	R
206.656	2.6999999999999886	trials	208.09786666666668	208.09886666666668	7.0	[-6.672598838806152, 6.64106559753418, -4.672598838806152, 4.64106559753418]	2.356194490192345	R
209.608	3.1069999999999993	trials	211.59756666666667	211.59856666666667	6.0	[-8.999977111816406, 0.9808881878852844, -6.999977111816406, -1.0191118717193604]	3.141592653589793	R
212.967	2.603999999999985	trials	214.40653333333333	214.40753333333333	0.0	[-1.0, 9.0, 1.0, 7.0]	1.5707963267948966	R
215.823	3.4470000000000027	trials	218.0947	218.0957	3.0	[4.663607120513916, -4.650093078613281, 6.663607120513916, -6.650093078613281]	-0.7853981633974483	R
219.521	2.8740000000000236	trials	221.6866	221.6876	3.0	[4.663607120513916, -4.650093078613281, 6.663607120513916, -6.650093078613281]	-0.7853981633974483	I
222.647	3.2060000000000173	trials	224.664	224.665	6.0	[-8.999977111816406, 0.9808881878852844, -6.999977111816406, -1.0191118717193604]	3.141592653589793	R
226.105	2.852000000000004	trials	227.71156666666667	227.71256666666667	1.0	[4.654601573944092, 6.659106254577637, 6.654601573944092, 4.659106254577637]	0.7853981633974483	R
229.208	2.4140000000000157	trials	230.48843333333335	230.48946666666666	0.0	[-1.0, 9.0, 1.0, 7.0]	1.5707963267948966	R
231.874	3.1110000000000184	trials	233.84176666666667	233.84276666666668	7.0	[-6.672598838806152, 6.64106559753418, -4.672598838806152, 4.64106559753418]	2.356194490192345	R
235.236	3.261000000000024	trials	237.41763333333333	237.41863333333333	2.0	[6.999997615814209, 1.0063706636428833, 8.99999713897705, -0.9936293959617615]	0.0	R
238.749	3.227000000000004	trials	240.91133333333335	240.91233333333332	4.0	[-0.987258791923523, -6.999989986419678, 1.012741208076477, -8.99998950958252]	-1.5707963267948966	R
242.228	2.883999999999986	trials	244.07316666666668	244.07416666666666	5.0	[-6.645581245422363, -4.668104648590088, -4.645581245422363, -6.668104648590088]	-2.356194490192345	R
245.363	2.4509999999999934	trials	246.69266666666667	246.69366666666667	6.0	[-6.645581245422363, -4.668104648590088, -4.645581245422363, -6.668104648590088]	3.141592653589793	R
248.066	3.2620000000000005	trials	250.25753333333333	250.25853333333333	5.0	[-6.645581245422363, -4.668104648590088, -4.645581245422363, -6.668104648590088]	-2.356194490192345	R
251.58	2.4110000000000014	trials	252.8349	252.83593333333334	0.0	[-1.0, 9.0, 1.0, 7.0]	1.5707963267948966	R
254.242	2.6780000000000257	trials	255.74916666666667	255.75016666666667	1.0	[4.654601573944092, 6.659106254577637, 6.654601573944092, 4.659106254577637]	0.7853981633974483	R
257.172	2.769999999999982	trials	258.79973333333334	258.8007333333333	7.0	[-6.672598838806152, 6.64106559753418, -4.672598838806152, 4.64106559753418]	2.356194490192345	R
260.193	3.271000000000015	trials	262.35656666666665	262.3575666666667	2.0	[6.999997615814209, 1.0063706636428833, 8.99999713897705, -0.9936293959617615]	0.0	R
263.716	3.01400000000001	trials	265.62966666666665	265.6307	4.0	[-0.987258791923523, -6.999989986419678, 1.012741208076477, -8.99998950958252]	-1.5707963267948966	R
266.982	3.061999999999955	trials	268.8496666666667	268.85066666666665	3.0	[4.663607120513916, -4.650093078613281, 6.663607120513916, -6.650093078613281]	-0.7853981633974483	R
270.295	2.975999999999999	trials	272.206	272.207	3.0	[4.663607120513916, -4.650093078613281, 6.663607120513916, -6.650093078613281]	-0.7853981633974483	R
273.522	3.1580000000000155	trials	275.39893333333333	275.3999333333333	7.0	[-6.672598838806152, 6.64106559753418, -4.672598838806152, 4.64106559753418]	2.356194490192345	R
276.932	3.0229999999999677	trials	278.71116666666666	278.7121666666667	1.0	[4.654601573944092, 6.659106254577637, 6.654601573944092, 4.659106254577637]	0.7853981633974483	R
280.207	2.7690000000000055	trials	281.89906666666667	281.90006666666665	5.0	[-6.645581245422363, -4.668104648590088, -4.645581245422363, -6.668104648590088]	-2.356194490192345	R
283.227	3.2280000000000086	trials	285.4218	285.4228	4.0	[-0.987258791923523, -6.999989986419678, 1.012741208076477, -8.99998950958252]	-1.5707963267948966	R
286.707	3.0020000000000095	trials	288.63076666666666	288.6317666666667	6.0	[-8.999977111816406, 0.9808881878852844, -6.999977111816406, -1.0191118717193604]	3.141592653589793	R
289.961	3.473000000000013	trials	292.3199333333333	292.32093333333336	2.0	[6.999997615814209, 1.0063706636428833, 8.99999713897705, -0.9936293959617615]	0.0	R
293.685	2.420000000000016	trials	294.9454666666667	294.94646666666665	0.0	[-1.0, 9.0, 1.0, 7.0]	1.5707963267948966	R
296.357	2.631999999999948	trials	297.91383333333334	297.9148333333333	4.0	[-1.0, 9.0, 1.0, 7.0]	-1.5707963267948966	R
299.24	3.437000000000012	trials	301.60296666666665	301.6039666666667	2.0	[6.999997615814209, 1.0063706636428833, 8.99999713897705, -0.9936293959617615]	0.0	R
302.928	2.6170000000000186	trials	304.25256666666667	304.25356666666664	6.0	[-8.999977111816406, 0.9808881878852844, -6.999977111816406, -1.0191118717193604]	3.141592653589793	R
305.796	1.3400000000000318	trials				[NaN, NaN, NaN, NaN]		A
307.387	2.184000000000026	trials	308.3447	308.3457	0.0	[-1.0, 9.0, 1.0, 7.0]	1.5707963267948966	R
309.822	2.8940000000000055	trials	311.57773333333336	311.57873333333333	1.0	[4.654601573944092, 6.659106254577637, 6.654601573944092, 4.659106254577637]	0.7853981633974483	R
312.967	3.066000000000031	trials	314.903	314.904	5.0	[-6.645581245422363, -4.668104648590088, -4.645581245422363, -6.668104648590088]	-2.356194490192345	R
316.284	2.61099999999999	trials	318.05983333333336	318.06083333333333	7.0	[-6.672598838806152, 6.64106559753418, -4.672598838806152, 4.64106559753418]	2.356194490192345	I
319.147	3.540999999999997	trials	321.6066333333333	321.60763333333335	7.0	[-6.672598838806152, 6.64106559753418, -4.672598838806152, 4.64106559753418]	2.356194490192345	R
322.94	3.51400000000001	trials	325.1213666666667	325.12236666666666	6.0	[-8.999977111816406, 0.9808881878852844, -6.999977111816406, -1.0191118717193604]	3.141592653589793	R
326.705	3.298000000000002	trials	328.8315666666667	328.83256666666665	1.0	[4.654601573944092, 6.659106254577637, 6.654601573944092, 4.659106254577637]	0.7853981633974483	R
330.255	2.9399999999999977	trials	332.04153333333335	332.0425333333333	2.0	[6.999997615814209, 1.0063706636428833, 8.99999713897705, -0.9936293959617615]	0.0	R
333.447	3.1270000000000095	trials	335.4630333333333	335.46403333333336	5.0	[-6.645581245422363, -4.668104648590088, -4.645581245422363, -6.668104648590088]	-2.356194490192345	R
336.825	2.6899999999999977	trials	338.4725	338.4735	4.0	[-0.987258791923523, -6.999989986419678, 1.012741208076477, -8.99998950958252]	-1.5707963267948966	R
339.767	3.516999999999996	trials	342.15363333333335	342.1546333333333	3.0	[4.663607120513916, -4.650093078613281, 6.663607120513916, -6.650093078613281]	-0.7853981633974483	R
343.536	2.992999999999995	trials	345.3225	345.3235	0.0	[-1.0, 9.0, 1.0, 7.0]	1.5707963267948966	R
346.78	3.6510000000000105	trials	349.25126666666665	349.2522666666667	0.0	[-1.0, 9.0, 1.0, 7.0]	1.5707963267948966	R
350.683	3.305000000000007	trials	352.9745	352.9755	4.0	[-0.987258791923523, -6.999989986419678, 1.012741208076477, -8.99998950958252]	-1.5707963267948966	R
354.24	2.9629999999999654	trials	356.0661666666667	356.06716666666665	3.0	[4.663607120513916, -4.650093078613281, 6.663607120513916, -6.650093078613281]	-0.7853981633974483	R
357.455	2.6340000000000146	trials	359.38643333333334	359.3874333333333	5.0	[-6.645581245422363, -4.668104648590088, -4.645581245422363, -6.668104648590088]	-2.356194490192345	I
360.341	3.9119999999999777	trials	363.1227	363.1237	7.0	[-6.672598838806152, 6.64106559753418, -4.672598838806152, 4.64106559753418]	2.356194490192345	R
364.504	3.4259999999999877	trials	366.71863333333334	366.7196333333333	6.0	[-8.999977111816406, 0.9808881878852844, -6.999977111816406, -1.0191118717193604]	3.141592653589793	R
368.181	3.251000000000033	trials	370.2062666666667	370.20726666666667	1.0	[4.654601573944092, 6.659106254577637, 6.654601573944092, 4.659106254577637]	0.7853981633974483	R
371.684	3.197999999999979	trials	373.7871666666667	373.78816666666665	2.0	[6.999997615814209, 1.0063706636428833, 8.99999713897705, -0.9936293959617615]	0.0	R
375.134	3.002999999999986	trials	376.9841	376.9851	6.0	[6.999997615814209, 1.0063706636428833, 8.99999713897705, -0.9936293959617615]	3.141592653589793	R
378.389	2.7110000000000127	trials	379.97853333333336	379.97953333333334	1.0	[4.654601573944092, 6.659106254577637, 6.654601573944092, 4.659106254577637]	0.7853981633974483	R
381.352	2.5810000000000173	trials	382.7694666666667	382.77046666666666	0.0	[-1.0, 9.0, 1.0, 7.0]	1.5707963267948966	R
384.185	2.559000000000026	trials	385.5233	385.5243	3.0	[4.663607120513916, -4.650093078613281, 6.663607120513916, -6.650093078613281]	-0.7853981633974483	R
386.996	3.455000000000041	trials	389.28363333333334	389.2846333333333	5.0	[-6.645581245422363, -4.668104648590088, -4.645581245422363, -6.668104648590088]	-2.356194490192345	R
390.702	3.315999999999974	trials	392.8966	392.8976	2.0	[6.999997615814209, 1.0063706636428833, 8.99999713897705, -0.9936293959617615]	0.0	R
394.27	3.1650000000000205	trials	396.21183333333335	396.2128333333333	7.0	[-6.672598838806152, 6.64106559753418, -4.672598838806152, 4.64106559753418]	2.356194490192345	R
397.687	0.7479999999999905	trials				[NaN, NaN, NaN, NaN]		A
398.687	0.3849999999999909	trials				[NaN, NaN, NaN, NaN]		A
399.324	2.170000000000016	trials	400.3541	400.3551	3.0	[4.663607120513916, -4.650093078613281, 6.663607120513916, -6.650093078613281]	-0.7853981633974483	R
401.746	0.9209999999999923	trials				[NaN, NaN, NaN, NaN]		A
402.918	1.8430000000000177	trials	403.63526666666667	403.63626666666664	6.0	[-8.999977111816406, 0.9808881878852844, -6.999977111816406, -1.0191118717193604]	3.141592653589793	R
405.013	2.799000000000035	trials	406.6758	406.6768	7.0	[-6.672598838806152, 6.64106559753418, -4.672598838806152, 4.64106559753418]	2.356194490192345	R
408.063	3.1790000000000305	trials	410.10833333333335	410.1093333333333	0.0	[-1.0, 9.0, 1.0, 7.0]	1.5707963267948966	R
411.494	2.975999999999999	trials	413.13783333333333	413.1388333333333	1.0	[4.654601573944092, 6.659106254577637, 6.654601573944092, 4.659106254577637]	0.7853981633974483	R
414.722	3.2040000000000077	trials	416.7778666666667	416.7789	2.0	[6.999997615814209, 1.0063706636428833, 8.99999713897705, -0.9936293959617615]	0.0	R
418.177	2.915999999999997	trials	419.87556666666666	419.8765666666667	0.0	[6.999997615814209, 1.0063706636428833, 8.99999713897705, -0.9936293959617615]	1.5707963267948966	R
421.344	3.098000000000013	trials	423.26296666666667	423.26396666666665	4.0	[-0.987258791923523, -6.999989986419678, 1.012741208076477, -8.99998950958252]	-1.5707963267948966	R
424.694	3.075999999999965	trials	427.02633333333335	427.02733333333333	1.0	[4.654601573944092, 6.659106254577637, 6.654601573944092, 4.659106254577637]	0.7853981633974483	I
428.022	4.1650000000000205	trials	431.0212333333333	431.02223333333336	7.0	[-6.672598838806152, 6.64106559753418, -4.672598838806152, 4.64106559753418]	2.356194490192345	R
432.439	3.748999999999967	trials	435.0753	435.0763	2.0	[6.999997615814209, -4322329088.0, 1.0097392503439108e-28, -9.326098038238848e+33]	0.0	R
436.44	2.7930000000000064	trials	438.19603333333333	438.1970333333333	3.0	[4.663607120513916, -4.650093078613281, 6.663607120513916, -6.650093078613281]	-0.7853981633974483	R
439.484	2.663000000000011	trials	441.0260666666667	441.02706666666666	5.0	[-6.645581245422363, -4.668104648590088, -4.645581245422363, -6.668104648590088]	-2.356194490192345	R
442.398	2.353999999999985	trials	443.64756666666665	443.6485666666667	6.0	[-8.999977111816406, 0.9808881878852844, -6.999977111816406, -1.0191118717193604]	3.141592653589793	R
445.004	2.981999999999971	trials	446.7893666666667	446.7904	3.0	[-8.999977111816406, 0.9808881878852844, -6.999977111816406, -1.0191118717193604]	-0.7853981633974483	R
448.238	2.6960000000000264	trials	449.76076666666665	449.7617666666667	5.0	[-6.645581245422363, -4.668104648590088, -4.645581245422363, -6.668104648590088]	-2.356194490192345	R
451.185	3.231999999999971	trials	453.35066666666665	453.3516666666667	4.0	[-0.987258791923523, -6.999989986419678, 1.012741208076477, -8.99998950958252]	-1.5707963267948966	R
454.669	2.9039999999999964	trials	456.4203	456.4213	0.0	[-1.0, 9.0, 1.0, 7.0]	1.5707963267948966	R
457.825	3.3000000000000114	trials	459.9691	459.9701	7.0	[-6.672598838806152, 6.64106559753418, -4.672598838806152, 4.64106559753418]	2.356194490192345	R
461.377	5.300000000000011	trials	465.4958	465.4968	2.0	[6.999997615814209, 1.0063706636428833, 8.99999713897705, -0.9936293959617615]	0.0	R
466.928	3.276999999999987	trials	469.2	469.201	1.0	[4.654601573944092, 6.659106254577637, 6.654601573944092, 4.659106254577637]	0.7853981633974483	F
470.456	6.947000000000003	trials	476.29763333333335	476.2986333333333	6.0	[-8.999977111816406, 0.9808881878852844, -6.999977111816406, -1.0191118717193604]	3.141592653589793	R
477.655	2.965000000000032	trials	479.32013333333333	479.3211333333333	5.0	[-8.999977111816406, 0.9808881878852844, -6.999977111816406, -1.0191118717193604]	-2.356194490192345	R
480.872	2.6750000000000114	trials	482.43986666666666	482.4408666666667	7.0	[-6.672598838806152, 6.64106559753418, -4.672598838806152, 4.64106559753418]	2.356194490192345	R
483.798	3.2490000000000236	trials	485.9546	485.9556	2.0	[6.999997615814209, 1.0063706636428833, 8.99999713897705, -0.9936293959617615]	0.0	R
487.299	2.914000000000044	trials	489.10743333333335	489.1084333333333	4.0	[-0.987258791923523, -6.999989986419678, 1.012741208076477, -8.99998950958252]	-1.5707963267948966	R
490.465	2.5580000000000496	trials	491.90836666666667	491.9094	6.0	[-8.999977111816406, 0.9808881878852844, -6.999977111816406, -1.0191118717193604]	3.141592653589793	R
493.275	3.350999999999999	trials	495.40206666666666	495.4030666666667	0.0	[-1.0, 9.0, 1.0, 7.0]	1.5707963267948966	R
496.878	3.7660000000000196	trials	499.4771666666667	499.47816666666665	3.0	[4.663607120513916, -4.650093078613281, 6.663607120513916, -6.650093078613281]	-0.7853981633974483	R
500.896	2.475999999999999	trials	502.236	502.23703333333333	1.0	[4.654601573944092, 6.659106254577637, 6.654601573944092, 4.659106254577637]	0.7853981633974483	R
503.623	3.1860000000000355	trials	505.6525	505.6535	3.0	[4.654601573944092, 6.659106254577637, 6.654601573944092, 4.659106254577637]	-0.7853981633974483	R
507.061	2.5230000000000246	trials	508.4705	508.4715	2.0	[6.999997615814209, 1.0063706636428833, 8.99999713897705, -0.9936293959617615]	0.0	R
509.836	3.655999999999949	trials	512.3932333333333	512.3942333333333	4.0	[-0.987258791923523, -6.999989986419678, 1.012741208076477, -8.99998950958252]	-1.5707963267948966	R
513.744	2.9449999999999363	trials	515.6022	515.6032	0.0	[-1.0, 9.0, 1.0, 7.0]	1.5707963267948966	R
516.941	3.34699999999998	trials	519.1359666666667	519.1369666666667	6.0	[-8.999977111816406, 0.9808881878852844, -6.999977111816406, -1.0191118717193604]	3.141592653589793	R
520.539	7.48599999999999	trials	526.8290666666667	526.8300666666667	1.0	[4.654601573944092, 6.659106254577637, 6.654601573944092, 4.659106254577637]	0.7853981633974483	R
528.277	3.2679999999999154	trials	530.3047	530.3057	7.0	[-6.672598838806152, 6.64106559753418, -4.672598838806152, 4.64106559753418]	2.356194490192345	R
531.796	2.616999999999962	trials	533.1688	533.1698	5.0	[-6.645581245422363, -4.668104648590088, -4.645581245422363, -6.668104648590088]	-2.356194490192345	R
534.665	2.685000000000059	trials	536.1652333333334	536.1662333333334	1.0	[-6.645581245422363, -4.668104648590088, -4.645581245422363, -6.668104648590088]	0.7853981633974483	R
537.602	2.814000000000078	trials	539.1596666666667	539.1606666666667	6.0	[-8.999977111816406, 0.9808881878852844, -6.999977111816406, -1.0191118717193604]	3.141592653589793	R
540.667	3.0570000000000164	trials	542.5811666666667	542.5821666666667	2.0	[6.999997615814209, 1.0063706636428833, 8.99999713897705, -0.9936293959617615]	0.0	R
543.976	3.1649999999999636	trials	545.9635666666667	545.9645666666667	7.0	[-6.672598838806152, 6.64106559753418, -4.672598838806152, 4.64106559753418]	2.356194490192345	R
547.393	3.2959999999999354	trials	549.5544666666667	549.5555	3.0	[4.663607120513916, -4.650093078613281, 6.663607120513916, -6.650093078613281]	-0.7853981633974483	R
550.941	2.8980000000000246	trials	552.6672	552.6682	5.0	[-6.645581245422363, -4.668104648590088, -4.645581245422363, -6.668104648590088]	-2.356194490192345	R
554.091	3.0919999999999845	trials	556.0606333333334	556.0616333333334	0.0	[-1.0, 9.0, 1.0, 7.0]	1.5707963267948966	R
557.435	3.3010000000000446	trials	559.6104333333334	559.6114333333334	4.0	[-0.987258791923523, -6.999989986419678, 1.012741208076477, -8.99998950958252]	-1.5707963267948966	R
560.988	2.7129999999999654	trials	562.5537666666667	562.5547666666666	0.0	[-0.987258791923523, -6.999989986419678, 1.012741208076477, -8.99998950958252]	1.5707963267948966	R
563.952	2.8719999999999573	trials	565.7376666666667	565.7386666666666	6.0	[-8.999977111816406, 0.9808881878852844, -6.999977111816406, -1.0191118717193604]	3.141592653589793	R
567.076	2.6299999999999955	trials	568.5977666666666	568.5987666666666	2.0	[6.999997615814209, 1.0063706636428833, 8.99999713897705, -0.9936293959617615]	0.0	R
569.957	0.72199999999998	trials				[NaN, NaN, NaN, NaN]		A
570.931	1.9489999999999554	trials	571.7205	571.7215	4.0	[-0.987258791923523, -6.999989986419678, 1.012741208076477, -8.99998950958252]	-1.5707963267948966	R
573.132	2.491000000000099	trials	574.5495333333333	574.5505333333333	1.0	[4.654601573944092, 6.659106254577637, 6.654601573944092, 4.659106254577637]	0.7853981633974483	R
575.875	2.4180000000000064	trials	577.1740333333333	577.1750333333333	5.0	[-6.645581245422363, -4.668104648590088, -4.645581245422363, -6.668104648590088]	-2.356194490192345	R
578.544	3.1689999999999827	trials	580.5815	580.5825	7.0	[-6.672598838806152, 6.64106559753418, -4.672598838806152, 4.64106559753418]	2.356194490192345	R
581.965	3.302000000000021	trials	584.1994666666667	584.2005	3.0	[-6.672598838806152, 6.64106559753418, -4.672598838806152, 4.64106559753418]	-0.7853981633974483	R
585.519	2.4769999999999754	trials	586.9282666666667	586.9292666666666	4.0	[-0.987258791923523, -6.999989986419678, 1.012741208076477, -8.99998950958252]	-1.5707963267948966	R
588.248	0.05999999999994543	trials				[NaN, NaN, NaN, NaN]		I
591.655	2.493000000000052	trials	593.1046	593.1056	5.0	[-6.645581245422363, -4.668104648590088, -4.645581245422363, -6.668104648590088]	-2.356194490192345	R
594.4	2.5750000000000455	trials	595.7521666666667	595.7531666666666	6.0	[-8.999977111816406, 0.9808881878852844, -6.999977111816406, -1.0191118717193604]	3.141592653589793	R
597.227	2.9569999999999936	trials	598.9831666666666	598.9842	7.0	[-6.672598838806152, 6.64106559753418, -4.672598838806152, 4.64106559753418]	2.356194490192345	R
600.436	3.616999999999962	trials	602.7204666666667	602.7214666666666	1.0	[4.654601573944092, 6.659106254577637, 6.654601573944092, 4.659106254577637]	0.7853981633974483	R
604.304	2.4039999999999964	trials	605.5885666666667	605.5895666666667	0.0	[-1.0, 9.0, 1.0, 7.0]	1.5707963267948966	R
606.96	2.602999999999952	trials	608.2933	608.2943	5.0	[-1.0, 9.0, 1.0, 7.0]	-2.356194490192345	R
609.815	2.86099999999999	trials	611.9624	611.9634	1.0	[4.654601573944092, 6.659106254577637, 6.654601573944092, 4.659106254577637]	0.7853981633974483	I
612.928	3.0990000000000464	trials	614.8666	614.8676	2.0	[6.999997615814209, 1.0063706636428833, 8.99999713897705, -0.9936293959617615]	0.0	R
616.278	2.2590000000000146	trials	617.4229666666666	617.4239666666666	4.0	[-0.987258791923523, -6.999989986419678, 1.012741208076477, -8.99998950958252]	-1.5707963267948966	R
618.788	2.5499999999999545	trials	620.1286666666666	620.1296666666667	6.0	[-8.999977111816406, 0.9808881878852844, -6.999977111816406, -1.0191118717193604]	3.141592653589793	R
621.589	2.95799999999997	trials	623.2243666666667	623.2253666666667	7.0	[-6.672598838806152, 6.64106559753418, -4.672598838806152, 4.64106559753418]	2.356194490192345	R
624.798	1.1399999999999864	trials				[NaN, NaN, NaN, NaN]		A
626.19	2.1189999999999145	trials	627.1531	627.1541	0.0	[-1.0, 9.0, 1.0, 7.0]	1.5707963267948966	R
628.561	2.365000000000009	trials	629.8047	629.8057	1.0	[-1.0, 9.0, 1.0, 7.0]	0.7853981633974483	R
631.178	2.7889999999999873	trials	632.7841	632.7851	4.0	[-0.987258791923523, -6.999989986419678, 1.012741208076477, -8.99998950958252]	-1.5707963267948966	R
634.219	3.4279999999999973	trials	636.4050666666667	636.4060666666667	2.0	[6.999997615814209, 1.0063706636428833, 8.99999713897705, -0.9936293959617615]	0.0	R
637.899	2.6340000000000146	trials	639.3925	639.3935	5.0	[-6.645581245422363, -4.668104648590088, -4.645581245422363, -6.668104648590088]	-2.356194490192345	R
640.785	2.4120000000000346	trials	642.1373	642.1383	3.0	[4.663607120513916, -4.650093078613281, 6.663607120513916, -6.650093078613281]	-0.7853981633974483	R
643.449	3.1170000000000755	trials	645.3452666666667	645.3462666666667	0.0	[-1.0, 9.0, 1.0, 7.0]	1.5707963267948966	R
646.818	2.644999999999982	trials	648.3206666666666	648.3216666666667	6.0	[-8.999977111816406, 0.9808881878852844, -6.999977111816406, -1.0191118717193604]	3.141592653589793	R
649.714	3.399000000000001	trials	651.9917666666666	651.9927666666666	7.0	[-6.672598838806152, 6.64106559753418, -4.672598838806152, 4.64106559753418]	2.356194490192345	R
653.364	2.796999999999912	trials	655.0132666666667	655.0142666666667	0.0	[-6.672598838806152, 6.64106559753418, -4.672598838806152, 4.64106559753418]	1.5707963267948966	R
656.413	2.5499999999999545	trials	657.8152333333334	657.8162333333333	4.0	[-0.987258791923523, -6.999989986419678, 1.012741208076477, -8.99998950958252]	-1.5707963267948966	R
659.215	3.0699999999999363	trials	660.9750666666666	660.9760666666666	2.0	[6.999997615814209, 1.0063706636428833, 8.99999713897705, -0.9936293959617615]	0.0	R
662.537	2.475999999999999	trials	663.8211333333334	663.8221333333333	6.0	[-8.999977111816406, 0.9808881878852844, -6.999977111816406, -1.0191118717193604]	3.141592653589793	R
665.265	3.215000000000032	trials	667.4551666666666	667.4561666666667	5.0	[-6.645581245422363, -4.668104648590088, -4.645581245422363, -6.668104648590088]	-2.356194490192345	R
668.731	2.467999999999961	trials	670.0425666666666	670.0435666666667	7.0	[-6.672598838806152, 6.64106559753418, -4.672598838806152, 4.64106559753418]	2.356194490192345	R
671.451	3.1380000000000337	trials	673.4540333333333	673.4550333333333	1.0	[4.654601573944092, 6.659106254577637, 6.654601573944092, 4.659106254577637]	0.7853981633974483	R
674.84	3.4329999999999927	trials	677.1482	677.1492333333333	3.0	[4.663607120513916, -4.650093078613281, 6.663607120513916, -6.650093078613281]	-0.7853981633974483	R
678.525	3.171000000000049	trials	680.4694666666667	680.4704666666667	1.0	[4.663607120513916, -4.650093078613281, 6.663607120513916, -6.650093078613281]	0.7853981633974483	R
681.947	2.9189999999999827	trials	683.7726666666666	683.7736666666667	4.0	[-0.987258791923523, -6.999989986419678, 1.012741208076477, -8.99998950958252]	-1.5707963267948966	R
685.118	11.987999999999943	trials	696.3889666666666	696.3899666666666	3.0	[4.663607120513916, -4.650093078613281, 6.663607120513916, -6.650093078613281]	-0.7853981633974483	I
697.357	2.3600000000000136	trials	698.6245333333334	698.6255333333334	6.0	[-8.999977111816406, 0.9808881878852844, -6.999977111816406, -1.0191118717193604]	3.141592653589793	R
699.969	3.2659999999999627	trials	702.0570333333334	702.0580666666667	2.0	[6.999997615814209, 1.0063706636428833, 8.99999713897705, -0.9936293959617615]	0.0	R
703.487	2.8570000000000846	trials	705.2439666666667	705.2449666666666	5.0	[-6.645581245422363, -4.668104648590088, -4.645581245422363, -6.668104648590088]	-2.356194490192345	R
706.595	3.0149999999999864	trials	708.4719666666666	708.4729666666667	7.0	[-6.672598838806152, 6.64106559753418, -4.672598838806152, 4.64106559753418]	2.356194490192345	R
709.861	2.45799999999997	trials	711.1787	711.1797	0.0	[-1.0, 9.0, 1.0, 7.0]	1.5707963267948966	R
712.57	3.0989999999999327	trials	714.6613333333333	714.6623333333333	5.0	[-1.0, 9.0, 1.0, 7.0]	-2.356194490192345	R
715.92	1.525000000000091	trials				[NaN, NaN, NaN, NaN]		A
717.697	2.3490000000000464	trials	718.957	718.958	6.0	[-8.999977111816406, 0.9808881878852844, -6.999977111816406, -1.0191118717193604]	3.141592653589793	R
720.297	2.1159999999999854	trials	721.7309	721.7319	0.0	[-1.0, 9.0, 1.0, 7.0]	1.5707963267948966	I
722.664	3.274000000000001	trials	724.7343333333333	724.7353333333333	7.0	[-6.672598838806152, 6.64106559753418, -4.672598838806152, 4.64106559753418]	2.356194490192345	R
726.19	0.7740000000000009	trials				[NaN, NaN, NaN, NaN]		A
727.216	2.1949999999999363	trials	728.3022	728.3032	4.0	[-0.987258791923523, -6.999989986419678, 1.012741208076477, -8.99998950958252]	-1.5707963267948966	R
729.663	0.7379999999999427	trials				[NaN, NaN, NaN, NaN]		A
730.653	2.5319999999999254	trials	732.0896	732.0906	6.0	[6.999997615814209, 1.0063706636428833, 8.99999713897705, -0.9936293959617615]	3.141592653589793	R
733.437	2.645999999999958	trials	734.7742666666667	734.7752666666667	1.0	[4.654601573944092, 6.659106254577637, 6.654601573944092, 4.659106254577637]	0.7853981633974483	R
736.334	2.6340000000000146	trials	737.9421333333333	737.9431333333333	4.0	[-0.987258791923523, -6.999989986419678, 1.012741208076477, -8.99998950958252]	-1.5707963267948966	R
739.219	2.3159999999999172	trials	740.3711666666667	740.3721666666667	7.0	[-6.672598838806152, 6.64106559753418, -4.672598838806152, 4.64106559753418]	2.356194490192345	R
741.787	3.300999999999931	trials	743.9059333333333	743.9069333333333	2.0	[6.999997615814209, 1.0063706636428833, 8.99999713897705, -0.9936293959617615]	0.0	R
745.34	2.2099999999999227	trials	746.4693	746.4703	5.0	[-6.645581245422363, -4.668104648590088, -4.645581245422363, -6.668104648590088]	-2.356194490192345	R
747.802	2.715000000000032	trials	749.3404333333333	749.3414333333334	0.0	[-1.0, 9.0, 1.0, 7.0]	1.5707963267948966	R
750.769	2.5399999999999636	trials	752.2125666666667	752.2135666666667	3.0	[4.663607120513916, -4.650093078613281, 6.663607120513916, -6.650093078613281]	-0.7853981633974483	R
753.561	3.16599999999994	trials	755.5598666666667	755.5608666666667	0.0	[4.663607120513916, -4.650093078613281, 6.663607120513916, -6.650093078613281]	1.5707963267948966	R
756.978	2.733000000000061	trials	758.5673333333333	758.5683333333334	7.0	[-6.672598838806152, 6.64106559753418, -4.672598838806152, 4.64106559753418]	2.356194490192345	R
759.963	3.243000000000052	trials	762.0800333333333	762.0810333333334	6.0	[-8.999977111816406, 0.9808881878852844, -6.999977111816406, -1.0191118717193604]	3.141592653589793	R
763.457	2.9139999999999873	trials	765.2549333333334	765.2559333333334	2.0	[6.999997615814209, 1.0063706636428833, 8.99999713897705, -0.9936293959617615]	0.0	R
766.622	2.94500000000005	trials	768.4448333333333	768.4458333333333	4.0	[-0.987258791923523, -6.999989986419678, 1.012741208076477, -8.99998950958252]	-1.5707963267948966	R
769.818	3.3010000000000446	trials	771.9465333333334	771.9475333333334	3.0	[4.663607120513916, -4.650093078613281, 6.663607120513916, -6.650093078613281]	-0.7853981633974483	R
773.371	2.687999999999988	trials	774.8868333333334	774.8878333333333	5.0	[-6.645581245422363, -4.668104648590088, -4.645581245422363, -6.668104648590088]	-2.356194490192345	R
776.31	3.227000000000089	trials	778.3965333333333	778.3975666666666	1.0	[4.654601573944092, 6.659106254577637, 6.654601573944092, 4.659106254577637]	0.7853981633974483	R
779.789	2.701999999999998	trials	781.4080333333334	781.4090333333334	5.0	[4.654601573944092, 6.659106254577637, 6.654601573944092, 4.659106254577637]	-2.356194490192345	R
782.742	2.421000000000049	trials	784.0566	784.0576	0.0	[-1.0, 9.0, 1.0, 7.0]	1.5707963267948966	R
785.415	2.7450000000000045	trials	787.0039	787.0049	2.0	[6.999997615814209, 1.0063706636428833, 8.99999713897705, -0.9936293959617615]	0.0	R
788.411	2.786000000000058	trials	790.0294333333334	790.0304333333333	7.0	[-6.672598838806152, 6.64106559753418, -4.672598838806152, 4.64106559753418]	2.356194490192345	R
791.449	2.7490000000000236	trials	793.1030666666667	793.1040666666667	3.0	[4.663607120513916, -4.650093078613281, 6.663607120513916, -6.650093078613281]	-0.7853981633974483	R
794.449	2.991000000000099	trials	796.306	796.307	6.0	[-8.999977111816406, 0.9808881878852844, -6.999977111816406, -1.0191118717193604]	3.141592653589793	R
797.691	2.5539999999999736	trials	799.1901666666666	799.1911666666666	4.0	[-0.987258791923523, -6.999989986419678, 1.012741208076477, -8.99998950958252]	-1.5707963267948966	R
800.496	2.3909999999999627	trials	801.5710666666666	801.5720666666666	1.0	[4.654601573944092, 6.659106254577637, 6.654601573944092, 4.659106254577637]	0.7853981633974483	R
803.139	2.8250000000000455	trials	804.9244	804.9254	5.0	[4.654601573944092, 6.659106254577637, 6.654601573944092, 4.659106254577637]	-2.356194490192345	R
806.216	2.705000000000041	trials	807.7614333333333	807.7624333333333	7.0	[-6.672598838806152, 6.64106559753418, -4.672598838806152, 4.64106559753418]	2.356194490192345	R
809.173	3.2350000000000136	trials	811.207	811.208	1.0	[4.654601573944092, 6.659106254577637, 6.654601573944092, 4.659106254577637]	0.7853981633974483	R
812.66	9.206999999999994	trials	820.5943	820.5953	6.0	[-8.999977111816406, 0.9808881878852844, -6.999977111816406, -1.0191118717193604]	3.141592653589793	R
822.119	4.949999999999932	trials	825.8032333333333	825.8042333333333	0.0	[-1.0, 9.0, 1.0, 7.0]	1.5707963267948966	R
827.321	3.3460000000000036	trials	829.338	829.339	3.0	[4.663607120513916, -4.650093078613281, 6.663607120513916, -6.650093078613281]	-0.7853981633974483	R
830.919	2.3450000000000273	trials	832.158	832.159	4.0	[-0.987258791923523, -6.999989986419678, 1.012741208076477, -8.99998950958252]	-1.5707963267948966	R
833.515	3.2480000000000473	trials	835.5103333333333	835.5113333333334	2.0	[6.999997615814209, 1.0063706636428833, 8.99999713897705, -0.9936293959617615]	0.0	R
837.015	2.9629999999999654	trials	838.8736666666666	838.8746666666667	2.0	[6.999997615814209, 1.0063706636428833, 8.99999713897705, -0.9936293959617615]	0.0	R
840.23	2.5190000000000055	trials	841.5703666666667	841.5713666666667	4.0	[-0.987258791923523, -6.999989986419678, 1.012741208076477, -8.99998950958252]	-1.5707963267948966	R
843.001	2.6800000000000637	trials	844.5507666666666	844.5517666666667	0.0	[-1.0, 9.0, 1.0, 7.0]	1.5707963267948966	R
845.932	2.769999999999982	trials	847.468	847.469	7.0	[-6.672598838806152, 6.64106559753418, -4.672598838806152, 4.64106559753418]	2.356194490192345	R
848.954	2.8360000000000127	trials	850.6098	850.6108	5.0	[-6.645581245422363, -4.668104648590088, -4.645581245422363, -6.668104648590088]	-2.356194490192345	R
852.041	3.2229999999999563	trials	854.1155	854.1165	6.0	[-8.999977111816406, 0.9808881878852844, -6.999977111816406, -1.0191118717193604]	3.141592653589793	R
855.516	3.15300000000002	trials	857.4768666666666	857.4778666666666	1.0	[4.654601573944092, 6.659106254577637, 6.654601573944092, 4.659106254577637]	0.7853981633974483	R
858.92	0.6480000000000246	trials				[NaN, NaN, NaN, NaN]		A
859.82	2.408999999999992	trials	861.1189	861.1199	3.0	[4.663607120513916, -4.650093078613281, 6.663607120513916, -6.650093078613281]	-0.7853981633974483	R
862.48	3.125	trials	864.4211	864.4221	0.0	[-1.0, 9.0, 1.0, 7.0]	1.5707963267948966	R
865.857	4.829000000000065	trials	869.5097333333333	869.5107333333333	6.0	[-8.999977111816406, 0.9808881878852844, -6.999977111816406, -1.0191118717193604]	3.141592653589793	R
870.937	3.1440000000000055	trials	872.8690666666666	872.8700666666666	2.0	[6.999997615814209, 1.0063706636428833, 8.99999713897705, -0.9936293959617615]	0.0	R
874.333	2.979000000000042	trials	875.9477	875.9487	1.0	[4.654601573944092, 6.659106254577637, 6.654601573944092, 4.659106254577637]	0.7853981633974483	R
877.564	2.8110000000000355	trials	879.2799666666666	879.2809666666667	5.0	[-6.645581245422363, -4.668104648590088, -4.645581245422363, -6.668104648590088]	-2.356194490192345	R
880.626	2.673999999999978	trials	882.1220333333333	882.1230333333333	7.0	[-6.672598838806152, 6.64106559753418, -4.672598838806152, 4.64106559753418]	2.356194490192345	R
883.552	3.377999999999929	trials	885.7099333333333	885.7109333333333	4.0	[-0.987258791923523, -6.999989986419678, 1.012741208076477, -8.99998950958252]	-1.5707963267948966	R
887.182	2.730000000000018	trials	888.7685333333334	888.7695333333334	0.0	[-0.987258791923523, -6.999989986419678, 1.012741208076477, -8.99998950958252]	1.5707963267948966	R
890.164	3.324000000000069	trials	892.3043	892.3053	4.0	[-0.987258791923523, -6.999989986419678, 1.012741208076477, -8.99998950958252]	-1.5707963267948966	R
893.74	2.3029999999999973	trials	894.8997666666667	894.9007666666666	7.0	[-6.672598838806152, 6.64106559753418, -4.672598838806152, 4.64106559753418]	2.356194490192345	R
896.294	2.84699999999998	trials	898.0706333333334	898.0716333333334	6.0	[-8.999977111816406, 0.9808881878852844, -6.999977111816406, -1.0191118717193604]	3.141592653589793	R
899.393	2.4009999999999536	trials	900.5929	900.5939	2.0	[6.999997615814209, 1.0063706636428833, 8.99999713897705, -0.9936293959617615]	0.0	R
902.045	2.469000000000051	trials	903.4169	903.4179	1.0	[4.654601573944092, 6.659106254577637, 6.654601573944092, 4.659106254577637]	0.7853981633974483	R
904.765	2.6399999999999864	trials	906.2659666666667	906.2669666666667	5.0	[-6.645581245422363, -4.668104648590088, -4.645581245422363, -6.668104648590088]	-2.356194490192345	R
907.656	2.6170000000000755	trials	909.2102666666667	909.2112666666667	3.0	[4.663607120513916, -4.650093078613281, 6.663607120513916, -6.650093078613281]	-0.7853981633974483	R
910.525	2.5720000000000027	trials	912.0483333333333	912.0493333333334	5.0	[4.663607120513916, -4.650093078613281, 6.663607120513916, -6.650093078613281]	-2.356194490192345	R
913.349	3.2169999999999845	trials	915.3144333333333	915.3154333333333	0.0	[-1.0, 9.0, 1.0, 7.0]	1.5707963267948966	R
916.817	3.04099999999994	trials	918.76	918.761	7.0	[-6.672598838806152, 6.64106559753418, -4.672598838806152, 4.64106559753418]	2.356194490192345	R
920.109	2.6429999999999154	trials	921.6381333333334	921.6391333333333	4.0	[-0.987258791923523, -6.999989986419678, 1.012741208076477, -8.99998950958252]	-1.5707963267948966	R
923.004	2.699999999999932	trials	924.6115	924.6125	2.0	[6.999997615814209, 1.0063706636428833, 8.99999713897705, -0.9936293959617615]	0.0	R
925.956	2.393000000000029	trials	927.2460666666667	927.2470666666667	6.0	[-8.999977111816406, 0.9808881878852844, -6.999977111816406, -1.0191118717193604]	3.141592653589793	R
928.6	3.5860000000000127	trials	930.9743	930.9753	1.0	[4.654601573944092, 6.659106254577637, 6.654601573944092, 4.659106254577637]	0.7853981633974483	R
932.438	2.715000000000032	trials	934.0359	934.0369	3.0	[4.663607120513916, -4.650093078613281, 6.663607120513916, -6.650093078613281]	-0.7853981633974483	R
935.404	2.975999999999999	trials	937.2779666666667	937.2789666666666	0.0	[4.663607120513916, -4.650093078613281, 6.663607120513916, -6.650093078613281]	1.5707963267948966	R
938.631	3.035000000000082	trials	940.5821666666667	940.5831666666667	1.0	[4.654601573944092, 6.659106254577637, 6.654601573944092, 4.659106254577637]	0.7853981633974483	R
941.917	2.302000000000021	trials	943.1495333333334	943.1505333333333	4.0	[-0.987258791923523, -6.999989986419678, 1.012741208076477, -8.99998950958252]	-1.5707963267948966	R
944.471	2.2899999999999636	trials	945.9705333333334	945.9715333333334	3.0	[4.663607120513916, -4.650093078613281, 6.663607120513916, -6.650093078613281]	-0.7853981633974483	I
947.012	2.880000000000109	trials	948.8877666666667	948.8887666666667	2.0	[6.999997615814209, 1.0063706636428833, 8.99999713897705, -0.9936293959617615]	0.0	F
950.144	2.5670000000000073	trials	951.6265666666667	951.6275666666667	6.0	[-8.999977111816406, 0.9808881878852844, -6.999977111816406, -1.0191118717193604]	3.141592653589793	R
952.963	2.7080000000000837	trials	954.5277666666667	954.5287666666667	5.0	[-6.645581245422363, -4.668104648590088, -4.645581245422363, -6.668104648590088]	-2.356194490192345	R
955.922	2.8489999999999327	trials	957.6355	957.6365	7.0	[-6.672598838806152, 6.64106559753418, -4.672598838806152, 4.64106559753418]	2.356194490192345	R
959.023	3.312000000000012	trials	961.1762666666667	961.1772666666667	7.0	[-6.672598838806152, 6.64106559753418, -4.672598838806152, 4.64106559753418]	2.356194490192345	R
962.587	3.032000000000039	trials	964.4845	964.4855	4.0	[-0.987258791923523, -6.999989986419678, 1.012741208076477, -8.99998950958252]	-1.5707963267948966	R
965.871	3.2040000000000646	trials	967.9430666666667	967.9440666666667	3.0	[4.663607120513916, -4.650093078613281, 6.663607120513916, -6.650093078613281]	-0.7853981633974483	R
969.327	2.5979999999999563	trials	970.7159666666666	970.7169666666666	2.0	[6.999997615814209, 1.0063706636428833, 8.99999713897705, -0.9936293959617615]	0.0	R
972.177	2.8500000000000227	trials	973.8206666666666	973.8216666666667	1.0	[4.654601573944092, 6.659106254577637, 6.654601573944092, 4.659106254577637]	0.7853981633974483	R
975.278	3.1680000000000064	trials	977.3714666666667	977.3725	5.0	[-6.645581245422363, -4.668104648590088, -4.645581245422363, -6.668104648590088]	-2.356194490192345	R
978.698	2.6760000000000446	trials	980.2837	980.2847	6.0	[-8.999977111816406, 0.9808881878852844, -6.999977111816406, -1.0191118717193604]	3.141592653589793	R
981.626	2.7830000000000155	trials	983.2791333333333	983.2801333333333	0.0	[-1.0, 9.0, 1.0, 7.0]	1.5707963267948966	R
984.661	3.2350000000000136	trials	986.7748333333333	986.7758333333334	7.0	[-1.0, 9.0, 1.0, 7.0]	2.356194490192345	R
988.147	3.100999999999999	trials	990.1401666666667	990.1411666666667	2.0	[6.999997615814209, 1.0063706636428833, 8.99999713897705, -0.9936293959617615]	0.0	R
991.5	3.046000000000049	trials	993.3982666666667	993.3992666666667	6.0	[-8.999977111816406, 0.9808881878852844, -6.999977111816406, -1.0191118717193604]	3.141592653589793	R
994.798	2.913000000000011	trials	996.5912	996.5922	3.0	[4.663607120513916, -4.650093078613281, 6.663607120513916, -6.650093078613281]	-0.7853981633974483	R
997.963	3.4429999999999836	trials	1000.1791	1000.1801	0.0	[-1.0, 9.0, 1.0, 7.0]	1.5707963267948966	R
1001.658	3.158999999999992	trials	1003.7148666666667	1003.7158666666667	5.0	[-6.645581245422363, -4.668104648590088, -4.645581245422363, -6.668104648590088]	-2.356194490192345	R
1005.068	3.021000000000072	trials	1006.9268333333333	1006.9278333333333	1.0	[4.654601573944092, 6.659106254577637, 6.654601573944092, 4.659106254577637]	0.7853981633974483	R
1008.34	2.7999999999999545	trials	1010.0295666666667	1010.0305666666667	4.0	[-0.987258791923523, -6.999989986419678, 1.012741208076477, -8.99998950958252]	-1.5707963267948966	R
1011.392	2.728999999999928	trials	1013.0119666666667	1013.0129666666667	6.0	[-0.987258791923523, -6.999989986419678, 1.012741208076477, -8.99998950958252]	3.141592653589793	R
1014.372	3.355000000000018	trials				[NaN, NaN, NaN, NaN]		A
1017.978	0.2700000000000955	trials				[NaN, NaN, NaN, NaN]		A
1018.5	2.9289999999999736	trials	1020.276	1020.277	3.0	[4.663607120513916, -4.650093078613281, 6.663607120513916, -6.650093078613281]	-0.7853981633974483	R
1021.68	2.450000000000159	trials	1023.0729333333334	1023.0739333333333	4.0	[-0.987258791923523, -6.999989986419678, 1.012741208076477, -8.99998950958252]	-1.5707963267948966	R
1024.381	3.0449999999998454	trials	1026.2658666666666	1026.2668666666666	5.0	[-6.645581245422363, -4.668104648590088, -4.645581245422363, -6.668104648590088]	-2.356194490192345	R
1027.677	3.0	trials	1029.4537666666668	1029.4547666666667	2.0	[6.999997615814209, 1.0063706636428833, 8.99999713897705, -0.9936293959617615]	0.0	R
1030.928	3.0019999999999527	trials	1032.7850333333333	1032.7860333333333	0.0	[-1.0, 9.0, 1.0, 7.0]	1.5707963267948966	R
1034.181	3.18100000000004	trials	1036.3027666666667	1036.3037666666667	6.0	[-1.0, 9.0, 1.0, 7.0]	3.141592653589793	R
1037.614	2.536000000000058	trials	1039.0245333333332	1039.0255333333334	3.0	[4.663607120513916, -4.650093078613281, 6.663607120513916, -6.650093078613281]	-0.7853981633974483	R
1040.402	3.127999999999929	trials	1042.3217	1042.3227	7.0	[-6.672598838806152, 6.64106559753418, -4.672598838806152, 4.64106559753418]	2.356194490192345	R
1043.781	3.479000000000042	trials	1046.1091	1046.1101	1.0	[4.654601573944092, 6.659106254577637, 6.654601573944092, 4.659106254577637]	0.7853981633974483	R
1047.512	3.0620000000001255	trials	1049.5025333333333	1049.5035333333333	2.0	[6.999997615814209, 1.0063706636428833, 8.99999713897705, -0.9936293959617615]	0.0	R
1050.826	3.3910000000000764	trials	1052.9420666666667	1052.9430666666667	5.0	[-6.645581245422363, -4.668104648590088, -4.645581245422363, -6.668104648590088]	-2.356194490192345	R
1054.469	4.957999999999856	trials	1058.2963666666667	1058.2973666666667	4.0	[-0.987258791923523, -6.999989986419678, 1.012741208076477, -8.99998950958252]	-1.5707963267948966	R
1059.679	2.9869999999998527	trials	1061.5053333333333	1061.5063333333333	0.0	[-1.0, 9.0, 1.0, 7.0]	1.5707963267948966	R
1062.918	2.72400000000016	trials	1064.5579	1064.5589	5.0	[-1.0, 9.0, 1.0, 7.0]	-2.356194490192345	R
1065.893	2.219000000000051	trials	1067.008	1067.009	4.0	[-0.987258791923523, -6.999989986419678, 1.012741208076477, -8.99998950958252]	-1.5707963267948966	R
1068.363	2.9579999999998563	trials	1070.1868666666667	1070.1879	7.0	[-6.672598838806152, 6.64106559753418, -4.672598838806152, 4.64106559753418]	2.356194490192345	R
1071.572	3.4300000000000637	trials	1073.9402	1073.9412	1.0	[4.654601573944092, 6.659106254577637, 6.654601573944092, 4.659106254577637]	0.7853981633974483	R
1075.253	2.3780000000001564	trials	1076.5025666666668	1076.5035666666668	2.0	[6.999997615814209, 1.0063706636428833, 8.99999713897705, -0.9936293959617615]	0.0	R
1077.883	2.844000000000051	trials	1079.6644	1079.6654	3.0	[4.663607120513916, -4.650093078613281, 6.663607120513916, -6.650093078613281]	-0.7853981633974483	R
1080.979	2.7929999999998927	trials	1082.6578333333334	1082.6588333333334	0.0	[-1.0, 9.0, 1.0, 7.0]	1.5707963267948966	R
1084.023	2.883000000000038	trials	1085.7765666666667	1085.7776	6.0	[-8.999977111816406, 0.9808881878852844, -6.999977111816406, -1.0191118717193604]	3.141592653589793	R
1087.158	2.518000000000029	trials	1088.3910666666666	1088.3920666666668	3.0	[-8.999977111816406, 0.9808881878852844, -6.999977111816406, -1.0191118717193604]	-0.7853981633974483	R
1089.928	2.6429999999998017	trials	1091.3995333333332	1091.4005333333334	0.0	[-1.0, 9.0, 1.0, 7.0]	1.5707963267948966	R
1092.823	10.036999999999807	trials	1101.7121333333334	1101.7131333333334	2.0	[6.999997615814209, 1.0063706636428833, 8.99999713897705, -0.9936293959617615]	0.0	R
1103.112	0.8559999999999945	trials				[NaN, NaN, NaN, NaN]		A
1104.219	2.3350000000000364	trials	1105.3411333333333	1105.3421666666666	5.0	[-6.645581245422363, -4.668104648590088, -4.645581245422363, -6.668104648590088]	-2.356194490192345	R
1106.806	2.617999999999938	trials	1108.2714333333333	1108.2724333333333	1.0	[4.654601573944092, 6.659106254577637, 6.654601573944092, 4.659106254577637]	0.7853981633974483	R
1109.676	3.1980000000000928	trials	1111.6167333333333	1111.6177333333333	7.0	[-6.672598838806152, 6.64106559753418, -4.672598838806152, 4.64106559753418]	2.356194490192345	R
1113.125	2.5219999999999345	trials	1114.5049	1114.5059	4.0	[-0.987258791923523, -6.999989986419678, 1.012741208076477, -8.99998950958252]	-1.5707963267948966	R
1115.898	2.311000000000149	trials	1117.0763	1117.0773	3.0	[-0.987258791923523, -6.999989986419678, 1.012741208076477, -8.99998950958252]	-0.7853981633974483	R
1118.461	2.2480000000000473	trials	1119.6025666666667	1119.6035666666667	6.0	[-8.999977111816406, 0.9808881878852844, -6.999977111816406, -1.0191118717193604]	3.141592653589793	R
1120.961	2.711999999999989	trials	1122.5929666666666	1122.5939666666666	0.0	[-1.0, 9.0, 1.0, 7.0]	1.5707963267948966	R
1123.924	2.883000000000038	trials	1125.7869	1125.7879	4.0	[-0.987258791923523, -6.999989986419678, 1.012741208076477, -8.99998950958252]	-1.5707963267948966	R
1127.059	2.59699999999998	trials	1128.5056333333334	1128.5066666666667	1.0	[4.654601573944092, 6.659106254577637, 6.654601573944092, 4.659106254577637]	0.7853981633974483	R
1129.907	2.6200000000001182	trials	1131.4469666666666	1131.4479666666666	2.0	[6.999997615814209, 1.0063706636428833, 8.99999713897705, -0.9936293959617615]	0.0	R
1132.778	2.8209999999999127	trials	1134.3341333333333	1134.3351333333333	7.0	[-6.672598838806152, 6.64106559753418, -4.672598838806152, 4.64106559753418]	2.356194490192345	R
1135.851	2.3539999999998145	trials	1137.1350666666667	1137.1360666666667	5.0	[-6.645581245422363, -4.668104648590088, -4.645581245422363, -6.668104648590088]	-2.356194490192345	R
1138.456	2.5690000000001874	trials	1139.9791333333333	1139.9801333333332	4.0	[-6.645581245422363, -4.668104648590088, -4.645581245422363, -6.668104648590088]	-1.5707963267948966	R
1141.276	2.3299999999999272	trials	1142.4482666666668	1142.4492666666667	1.0	[4.654601573944092, 6.659106254577637, 6.654601573944092, 4.659106254577637]	0.7853981633974483	R
1143.858	2.2309999999999945	trials	1145.4597333333334	1145.4607333333333	3.0	[4.663607120513916, -4.650093078613281, 6.663607120513916, -6.650093078613281]	-0.7853981633974483	I
1146.341	0.8490000000001601	trials				[NaN, NaN, NaN, NaN]		A
1147.442	0.46499999999991815	trials				[NaN, NaN, NaN, NaN]		A
1148.158	0.36200000000008004	trials				[NaN, NaN, NaN, NaN]		A
1148.772	2.2530000000001564	trials	1149.9027666666666	1149.9037666666666	2.0	[6.999997615814209, 1.0063706636428833, 8.99999713897705, -0.9936293959617615]	0.0	R
1151.276	3.2789999999999964	trials	1153.4064666666666	1153.4074666666668	7.0	[-6.672598838806152, 6.64106559753418, -4.672598838806152, 4.64106559753418]	2.356194490192345	R
1154.807	3.1059999999999945	trials	1156.8029	1156.8039	4.0	[-6.672598838806152, 6.64106559753418, -4.672598838806152, 4.64106559753418]	-1.5707963267948966	R
1158.164	2.992999999999938	trials	1160.0168666666666	1160.0178666666666	1.0	[4.654601573944092, 6.659106254577637, 6.654601573944092, 4.659106254577637]	0.7853981633974483	R
1161.408	2.7640000000001237	trials	1163.6158	1163.6168	2.0	[6.999997615814209, 1.0063706636428833, 8.99999713897705, -0.9936293959617615]	0.0	I
1164.424	12.106999999999971	trials	1175.4090666666666	1175.4101	7.0	[-6.672598838806152, 6.64106559753418, -4.672598838806152, 4.64106559753418]	2.356194490192345	R
1176.783	0.8360000000000127	trials				[NaN, NaN, NaN, NaN]		A
1177.87	1.7550000000001091	trials	1178.8757	1178.8767	6.0	[-8.999977111816406, 0.9808881878852844, -6.999977111816406, -1.0191118717193604]	3.141592653589793	I
1179.876	2.5750000000000455	trials	1181.2846666666667	1181.2856666666667	5.0	[-6.645581245422363, -4.668104648590088, -4.645581245422363, -6.668104648590088]	-2.356194490192345	R
1182.702	2.6210000000000946	trials	1184.238	1184.239	3.0	[4.663607120513916, -4.650093078613281, 6.663607120513916, -6.650093078613281]	-0.7853981633974483	R
1185.574	3.005999999999858	trials	1187.2595	1187.2605	0.0	[4.663607120513916, -4.650093078613281, 6.663607120513916, -6.650093078613281]	1.5707963267948966	R
1188.831	3.0830000000000837	trials	1190.7732333333333	1190.7742333333333	5.0	[-6.645581245422363, -4.668104648590088, -4.645581245422363, -6.668104648590088]	-2.356194490192345	R
1192.166	3.2460000000000946	trials	1194.1907	1194.1917	4.0	[-0.987258791923523, -6.999989986419678, 1.012741208076477, -8.99998950958252]	-1.5707963267948966	R
1195.663	2.854000000000042	trials	1197.2513	1197.2523	1.0	[4.654601573944092, 6.659106254577637, 6.654601573944092, 4.659106254577637]	0.7853981633974483	R
1198.769	2.75	trials	1200.3730666666668	1200.3740666666667	2.0	[6.999997615814209, 1.0063706636428833, 8.99999713897705, -0.9936293959617615]	0.0	R
1201.771	2.566000000000031	trials	1203.0046	1203.0056	7.0	[-6.672598838806152, 6.64106559753418, -4.672598838806152, 4.64106559753418]	2.356194490192345	R
1204.589	0.7799999999999727	trials				[NaN, NaN, NaN, NaN]		A
1205.621	1.7289999999998145	trials	1206.2035333333333	1206.2045333333333	3.0	[4.663607120513916, -4.650093078613281, 6.663607120513916, -6.650093078613281]	-0.7853981633974483	R
1207.602	2.612999999999829	trials	1209.1217666666666	1209.1227666666666	0.0	[4.663607120513916, -4.650093078613281, 6.663607120513916, -6.650093078613281]	1.5707963267948966	R
1210.466	3.0010000000002037	trials	1212.2816333333333	1212.2826333333333	3.0	[4.663607120513916, -4.650093078613281, 6.663607120513916, -6.650093078613281]	-0.7853981633974483	R
1213.718	3.2189999999998236	trials	1215.8234	1215.8244	1.0	[4.654601573944092, 6.659106254577637, 6.654601573944092, 4.659106254577637]	0.7853981633974483	R
1217.189	2.4579999999998563	trials	1218.3827666666666	1218.3837666666666	4.0	[-0.987258791923523, -6.999989986419678, 1.012741208076477, -8.99998950958252]	-1.5707963267948966	R
1219.899	3.300000000000182	trials	1221.9807	1221.9817	5.0	[-6.645581245422363, -4.668104648590088, -4.645581245422363, -6.668104648590088]	-2.356194490192345	R
1223.45	2.375	trials	1224.7165	1224.7175	7.0	[-6.672598838806152, 6.64106559753418, -4.672598838806152, 4.64106559753418]	2.356194490192345	R
1226.077	0.9539999999999509	trials				[NaN, NaN, NaN, NaN]		A
1227.283	0.35400000000004184	trials				[NaN, NaN, NaN, NaN]		A
1227.888	2.1480000000001382	trials	1228.8918666666666	1228.8928666666666	0.0	[-8.999977111816406, 0.9808881878852844, -6.999977111816406, -1.0191118717193604]	1.5707963267948966	R
1230.287	2.6639999999999873	trials	1232.4075666666668	1232.4085666666667	4.0	[-0.987258791923523, -6.999989986419678, 1.012741208076477, -8.99998950958252]	-1.5707963267948966	I
1233.203	0.4169999999999163	trials				[NaN, NaN, NaN, NaN]		A
1233.871	3.80399999999986	trials	1236.6390666666666	1236.6401	6.0	[-8.999977111816406, 0.9808881878852844, -6.999977111816406, -1.0191118717193604]	3.141592653589793	R
1237.926	2.852000000000089	trials	1239.5493	1239.5503	1.0	[4.654601573944092, 6.659106254577637, 6.654601573944092, 4.659106254577637]	0.7853981633974483	R
1241.03	2.6189999999999145	trials	1242.9086333333332	1242.9096333333334	5.0	[-6.645581245422363, -4.668104648590088, -4.645581245422363, -6.668104648590088]	-2.356194490192345	I
1243.901	3.3179999999999836	trials	1246.0995666666668	1246.1005666666667	3.0	[4.663607120513916, -4.650093078613281, 6.663607120513916, -6.650093078613281]	-0.7853981633974483	R
1247.471	3.5039999999999054	trials	1249.6884666666667	1249.6894666666667	2.0	[6.999997615814209, 1.0063706636428833, 8.99999713897705, -0.9936293959617615]	0.0	R
1251.226	2.9869999999998527	trials	1253.1350333333332	1253.1360333333334	2.0	[6.999997615814209, 1.0063706636428833, 8.99999713897705, -0.9936293959617615]	0.0	R
1254.464	4.095000000000027	trials				[NaN, NaN, NaN, NaN]		A
1258.81	2.831000000000131	trials	1260.5294	1260.5304	0.0	[-1.0, 9.0, 1.0, 7.0]	1.5707963267948966	R
1261.893	3.125	trials	1263.7042666666666	1263.7052666666666	1.0	[4.654601573944092, 6.659106254577637, 6.654601573944092, 4.659106254577637]	0.7853981633974483	R
1265.269	3.27800000000002	trials	1267.4335333333333	1267.4345333333333	5.0	[-6.645581245422363, -4.668104648590088, -4.645581245422363, -6.668104648590088]	-2.356194490192345	R
1268.799	2.8299999999999272	trials	1270.4841	1270.4851	7.0	[-6.672598838806152, 6.64106559753418, -4.672598838806152, 4.64106559753418]	2.356194490192345	R
1271.881	3.091999999999871	trials	1273.8655	1273.8665	6.0	[-8.999977111816406, 0.9808881878852844, -6.999977111816406, -1.0191118717193604]	3.141592653589793	R
1275.225	2.859000000000151	trials	1276.9531666666667	1276.9541666666667	4.0	[-0.987258791923523, -6.999989986419678, 1.012741208076477, -8.99998950958252]	-1.5707963267948966	R
1278.336	3.201999999999998	trials	1280.4107333333334	1280.4117333333334	3.0	[-0.987258791923523, -6.999989986419678, 1.012741208076477, -8.99998950958252]	-0.7853981633974483	R
1281.789	2.73700000000008	trials	1283.4142	1283.4152	6.0	[-8.999977111816406, 0.9808881878852844, -6.999977111816406, -1.0191118717193604]	3.141592653589793	R
1284.778	2.768000000000029	trials	1286.4156333333333	1286.4166333333333	1.0	[4.654601573944092, 6.659106254577637, 6.654601573944092, 4.659106254577637]	0.7853981633974483	R
1287.798	28.63000000000011	trials	1315.1760333333334	1315.1770333333334	2.0	[6.999997615814209, 1.0063706636428833, 8.99999713897705, -0.9936293959617615]	0.0	R
1316.68	0.6440000000000055	trials				[NaN, NaN, NaN, NaN]		A
1317.576	0.21800000000007458	trials				[NaN, NaN, NaN, NaN]		A
1318.045	2.3379999999999654	trials	1319.2692	1319.2702	0.0	[-1.0, 9.0, 1.0, 7.0]	1.5707963267948966	R
1320.635	3.046000000000049	trials	1322.2696333333333	1322.2706333333333	4.0	[-0.987258791923523, -6.999989986419678, 1.012741208076477, -8.99998950958252]	-1.5707963267948966	R
1323.933	2.675999999999931	trials	1325.4605666666666	1325.4615666666666	2.0	[-0.987258791923523, -6.999989986419678, 1.012741208076477, -8.99998950958252]	0.0	R
1326.861	7.2289999999998145	trials	1333.0223333333333	1333.0233333333333	1.0	[4.654601573944092, 6.659106254577637, 6.654601573944092, 4.659106254577637]	0.7853981633974483	R
1334.342	2.2590000000000146	trials	1335.5406	1335.5416	5.0	[-6.645581245422363, -4.668104648590088, -4.645581245422363, -6.668104648590088]	-2.356194490192345	R
1336.853	3.321999999999889	trials	1338.922	1338.923	3.0	[4.663607120513916, -4.650093078613281, 6.663607120513916, -6.650093078613281]	-0.7853981633974483	R
1340.427	0.5850000000000364	trials				[NaN, NaN, NaN, NaN]		A
1341.264	1.025000000000091	trials				[NaN, NaN, NaN, NaN]		A
1342.541	6.823000000000093	trials	1348.1208333333334	1348.1218333333334	4.0	[-0.987258791923523, -6.999989986419678, 1.012741208076477, -8.99998950958252]	-1.5707963267948966	R
1349.616	2.647999999999911	trials	1351.0801666666666	1351.0811666666666	6.0	[-8.999977111816406, 0.9808881878852844, -6.999977111816406, -1.0191118717193604]	3.141592653589793	R
1352.516	2.4179999999998927	trials	1353.7668333333334	1353.7678333333333	7.0	[-8.999977111816406, 0.9808881878852844, -6.999977111816406, -1.0191118717193604]	2.356194490192345	R
1355.185	3.3230000000000928	trials	1357.2875666666666	1357.2885666666666	0.0	[-1.0, 9.0, 1.0, 7.0]	1.5707963267948966	R
1358.759	2.84699999999998	trials	1360.4895333333334	1360.4905333333334	3.0	[4.663607120513916, -4.650093078613281, 6.663607120513916, -6.650093078613281]	-0.7853981633974483	R
1361.858	3.1510000000000673	trials	1363.8538666666666	1363.8548666666666	5.0	[-6.645581245422363, -4.668104648590088, -4.645581245422363, -6.668104648590088]	-2.356194490192345	R
1365.26	0.6649999999999636	trials				[NaN, NaN, NaN, NaN]		A
1366.177	0.11800000000016553	trials				[NaN, NaN, NaN, NaN]		A
1366.547	11.353000000000065	trials	1376.8371	1376.8381	2.0	[6.999997615814209, 1.0063706636428833, 8.99999713897705, -0.9936293959617615]	0.0	R
1378.151	2.7849999999998545	trials	1379.8806666666667	1379.8816666666667	6.0	[-8.999977111816406, 0.9808881878852844, -6.999977111816406, -1.0191118717193604]	3.141592653589793	R
1381.188	3.1679999999998927	trials	1383.241	1383.242	3.0	[-8.999977111816406, 0.9808881878852844, -6.999977111816406, -1.0191118717193604]	-0.7853981633974483	R
1384.607	3.3230000000000928	trials	1386.6775333333333	1386.6785333333332	1.0	[4.654601573944092, 6.659106254577637, 6.654601573944092, 4.659106254577637]	0.7853981633974483	R
1388.181	2.7049999999999272	trials	1389.683	1389.684	7.0	[-6.672598838806152, 6.64106559753418, -4.672598838806152, 4.64106559753418]	2.356194490192345	R
1391.138	2.6520000000000437	trials	1392.6894666666667	1392.6904666666667	2.0	[6.999997615814209, 1.0063706636428833, 8.99999713897705, -0.9936293959617615]	0.0	R
1394.042	2.9470000000001164	trials	1395.8433	1395.8443	5.0	[-6.645581245422363, -4.668104648590088, -4.645581245422363, -6.668104648590088]	-2.356194490192345	R
1397.241	3.175999999999931	trials	1399.3249333333333	1399.3259333333333	4.0	[-0.987258791923523, -6.999989986419678, 1.012741208076477, -8.99998950958252]	-1.5707963267948966	R
1400.668	2.9300000000000637	trials	1402.5008	1402.5018	6.0	[-8.999977111816406, 0.9808881878852844, -6.999977111816406, -1.0191118717193604]	3.141592653589793	R
1403.849	2.4149999999999636	trials	1405.5724333333333	1405.5734333333332	0.0	[-1.0, 9.0, 1.0, 7.0]	1.5707963267948966	I
1406.516	3.9589999999998327	trials				[NaN, NaN, NaN, NaN]		A
1410.726	0.31899999999996	trials				[NaN, NaN, NaN, NaN]		A
1411.297	2.758000000000038	trials	1413.0289333333333	1413.0299333333332	2.0	[6.999997615814209, 1.0063706636428833, 8.99999713897705, -0.9936293959617615]	0.0	I
1414.306	9.91599999999994	trials	1423.1069666666667	1423.1079666666667	4.0	[-0.987258791923523, -6.999989986419678, 1.012741208076477, -8.99998950958252]	-1.5707963267948966	R
1424.473	3.0150000000001	trials	1426.2678	1426.2688	7.0	[-6.672598838806152, 6.64106559753418, -4.672598838806152, 4.64106559753418]	2.356194490192345	R
1427.739	3.086999999999989	trials	1429.7274	1429.7284	0.0	[-1.0, 9.0, 1.0, 7.0]	1.5707963267948966	R
1431.078	3.020999999999958	trials	1433.0115666666666	1433.0125666666668	6.0	[-8.999977111816406, 0.9808881878852844, -6.999977111816406, -1.0191118717193604]	3.141592653589793	R
1434.351	3.308999999999969	trials	1436.5002	1436.5012	3.0	[4.663607120513916, -4.650093078613281, 6.663607120513916, -6.650093078613281]	-0.7853981633974483	R
1437.912	2.464999999999918	trials	1439.1879	1439.1889	5.0	[4.663607120513916, -4.650093078613281, 6.663607120513916, -6.650093078613281]	-2.356194490192345	I
1440.628	2.6059999999999945	trials	1442.1522333333332	1442.1532333333334	0.0	[-1.0, 9.0, 1.0, 7.0]	1.5707963267948966	R
1443.486	49.75199999999995	trials				[NaN, NaN, NaN, NaN]		A
1493.49	0.3430000000000746	trials				[NaN, NaN, NaN, NaN]		A
1494.084	2.5019999999999527	trials	1495.3553	1495.3563333333334	1.0	[4.654601573944092, 6.659106254577637, 6.654601573944092, 4.659106254577637]	0.7853981633974483	R
1496.838	3.6720000000000255	trials	1499.3843333333334	1499.3853333333334	4.0	[-0.987258791923523, -6.999989986419678, 1.012741208076477, -8.99998950958252]	-1.5707963267948966	R
1500.762	2.2770000000000437	trials	1501.8574666666666	1501.8584666666666	2.0	[6.999997615814209, 1.0063706636428833, 8.99999713897705, -0.9936293959617615]	0.0	R
1503.291	2.8300000000001546	trials	1504.7927333333334	1504.7937333333334	7.0	[-6.672598838806152, 6.64106559753418, -4.672598838806152, 4.64106559753418]	2.356194490192345	R
1506.373	2.69399999999996	trials	1508.0037	1508.0047	6.0	[-6.672598838806152, 6.64106559753418, -4.672598838806152, 4.64106559753418]	3.141592653589793	R
1509.319	2.673999999999978	trials	1510.8568	1510.8578	4.0	[-0.987258791923523, -6.999989986419678, 1.012741208076477, -8.99998950958252]	-1.5707963267948966	R
1512.244	2.94600000000014	trials	1514.1289333333334	1514.1299333333334	5.0	[-6.645581245422363, -4.668104648590088, -4.645581245422363, -6.668104648590088]	-2.356194490192345	R
1515.441	2.548000000000002	trials	1516.8346333333334	1516.8356333333334	0.0	[-1.0, 9.0, 1.0, 7.0]	1.5707963267948966	R
1518.241	2.3379999999999654	trials	1520.0085	1520.0095	2.0	[6.999997615814209, 1.0063706636428833, 8.99999713897705, -0.9936293959617615]	0.0	I
1520.831	1.2650000000001	trials				[NaN, NaN, NaN, NaN]		A
1522.347	1.8990000000001146	trials	1523.1503	1523.1513333333332	3.0	[4.663607120513916, -4.650093078613281, 6.663607120513916, -6.650093078613281]	-0.7853981633974483	R
1524.498	0.5919999999998709	trials				[NaN, NaN, NaN, NaN]		A
1525.342	2.6239999999997963	trials	1526.6640333333332	1526.6650333333334	1.0	[-6.672598838806152, 6.64106559753418, -4.672598838806152, 4.64106559753418]	0.7853981633974483	R
1528.218	2.5329999999999018	trials	1529.6384333333333	1529.6394333333333	2.0	[6.999997615814209, 1.0063706636428833, 8.99999713897705, -0.9936293959617615]	0.0	R
1531.003	3.1720000000000255	trials	1533.0749333333333	1533.0759333333333	3.0	[4.663607120513916, -4.650093078613281, 6.663607120513916, -6.650093078613281]	-0.7853981633974483	R
1534.426	3.0410000000001673	trials	1536.3290333333334	1536.3300333333334	7.0	[-6.672598838806152, 6.64106559753418, -4.672598838806152, 4.64106559753418]	2.356194490192345	R
1537.718	2.6039999999998145	trials	1539.2182	1539.2192	6.0	[-8.999977111816406, 0.9808881878852844, -6.999977111816406, -1.0191118717193604]	3.141592653589793	R
1540.574	2.3559999999999945	trials	1542.2306666666666	1542.2316666666666	5.0	[-6.645581245422363, -4.668104648590088, -4.645581245422363, -6.668104648590088]	-2.356194490192345	I
1543.182	0.72199999999998	trials				[NaN, NaN, NaN, NaN]		A
1544.155	0.2400000000000091	trials				[NaN, NaN, NaN, NaN]		A
1544.647	2.1100000000001273	trials	1545.5168333333334	1545.5178333333333	5.0	[-0.987258791923523, -6.999989986419678, 1.012741208076477, -8.99998950958252]	-2.356194490192345	R
1547.009	2.5579999999999927	trials	1548.5012333333334	1548.5022333333334	6.0	[-8.999977111816406, 0.9808881878852844, -6.999977111816406, -1.0191118717193604]	3.141592653589793	R
1549.819	2.824000000000069	trials	1551.4856666666667	1551.4866666666667	7.0	[-6.672598838806152, 6.64106559753418, -4.672598838806152, 4.64106559753418]	2.356194490192345	R
1552.894	2.7349999999999	trials	1554.4991333333332	1554.5001333333332	0.0	[-1.0, 9.0, 1.0, 7.0]	1.5707963267948966	R
1555.881	3.244999999999891	trials	1558.0579666666667	1558.0589666666667	3.0	[4.663607120513916, -4.650093078613281, 6.663607120513916, -6.650093078613281]	-0.7853981633974483	R
1559.377	2.4039999999999964	trials	1560.495	1560.4960333333333	1.0	[4.654601573944092, 6.659106254577637, 6.654601573944092, 4.659106254577637]	0.7853981633974483	R
1562.033	2.9090000000001055	trials	1563.8954666666666	1563.8964666666666	4.0	[-0.987258791923523, -6.999989986419678, 1.012741208076477, -8.99998950958252]	-1.5707963267948966	R
1565.194	3.086999999999989	trials	1567.0262333333333	1567.0272333333332	2.0	[6.999997615814209, 1.0063706636428833, 8.99999713897705, -0.9936293959617615]	0.0	R
1568.533	2.686000000000149	trials	1570.1078666666667	1570.1088666666667	7.0	[6.999997615814209, 1.0063706636428833, 8.99999713897705, -0.9936293959617615]	2.356194490192345	R
1571.47	3.741999999999962	trials	1574.1058	1574.1068	6.0	[-8.999977111816406, 0.9808881878852844, -6.999977111816406, -1.0191118717193604]	3.141592653589793	R
1575.463	3.344000000000051	trials	1577.4210333333333	1577.4220333333333	3.0	[4.663607120513916, -4.650093078613281, 6.663607120513916, -6.650093078613281]	-0.7853981633974483	R
1579.059	2.6159999999999854	trials	1580.4545666666668	1580.4555666666668	5.0	[-6.645581245422363, -4.668104648590088, -4.645581245422363, -6.668104648590088]	-2.356194490192345	R
1581.926	2.6549999999999727	trials	1583.4931	1583.4941	0.0	[-1.0, 9.0, 1.0, 7.0]	1.5707963267948966	R
1584.832	3.2849999999998545	trials	1586.9767666666667	1586.9777666666666	1.0	[4.654601573944092, 6.659106254577637, 6.654601573944092, 4.659106254577637]	0.7853981633974483	R
1588.368	2.4300000000000637	trials	1589.6824666666666	1589.6834666666666	2.0	[6.999997615814209, 1.0063706636428833, 8.99999713897705, -0.9936293959617615]	0.0	R
1591.05	2.436000000000149	trials	1592.3932	1592.3942	4.0	[-0.987258791923523, -6.999989986419678, 1.012741208076477, -8.99998950958252]	-1.5707963267948966	R
1593.738	2.4479999999998654	trials	1595.0387666666666	1595.0397666666668	2.0	[-0.987258791923523, -6.999989986419678, 1.012741208076477, -8.99998950958252]	0.0	R
1596.437	3.130000000000109	trials	1598.4081333333334	1598.4091333333333	7.0	[-6.672598838806152, 6.64106559753418, -4.672598838806152, 4.64106559753418]	2.356194490192345	R
1599.819	2.9780000000000655	trials	1601.7153333333333	1601.7163333333333	5.0	[-6.645581245422363, -4.668104648590088, -4.645581245422363, -6.668104648590088]	-2.356194490192345	R
1603.049	2.3969999999999345	trials	1604.2927333333334	1604.2937333333334	4.0	[-0.987258791923523, -6.999989986419678, 1.012741208076477, -8.99998950958252]	-1.5707963267948966	R
1605.697	2.32100000000014	trials	1606.8801666666666	1606.8811666666666	3.0	[4.663607120513916, -4.650093078613281, 6.663607120513916, -6.650093078613281]	-0.7853981633974483	R
1608.27	2.7889999999999873	trials	1609.9277333333334	1609.9287333333334	0.0	[-1.0, 9.0, 1.0, 7.0]	1.5707963267948966	R
1611.31	3.2460000000000946	trials	1613.3622666666668	1613.3632666666667	1.0	[4.654601573944092, 6.659106254577637, 6.654601573944092, 4.659106254577637]	0.7853981633974483	R
1614.808	1.9890000000000327	trials				[NaN, NaN, NaN, NaN]		A
1617.048	0.35799999999994725	trials				[NaN, NaN, NaN, NaN]		A
1617.658	8.480999999999995	trials				[NaN, NaN, NaN, NaN]		A
1626.391	6.317999999999984	trials	1631.5544	1631.5554	2.0	[2.057114413289771e-38, -1.1443106727061013e+34, 1.0097392503439108e-28, -9.326098038238848e+33]	0.0	R
1632.961	3.071999999999889	trials	1634.7253	1634.7263	7.0	[-6.672598838806152, 6.64106559753418, -4.672598838806152, 4.64106559753418]	2.356194490192345	R
1636.284	2.1319999999998345	trials				[NaN, NaN, NaN, NaN]		A
1638.668	8.191000000000031	trials	1645.7246	1645.7256	5.0	[-6.645581245422363, -4.668104648590088, -4.645581245422363, -6.668104648590088]	-2.356194490192345	R
1647.111	3.356999999999971	trials	1649.3004666666666	1649.3014666666666	4.0	[-0.987258791923523, -6.999989986419678, 1.012741208076477, -8.99998950958252]	-1.5707963267948966	R
1650.72	3.1399999999998727	trials	1652.7580333333333	1652.7590666666667	3.0	[4.663607120513916, -4.650093078613281, 6.663607120513916, -6.650093078613281]	-0.7853981633974483	R
1654.111	2.854999999999791	trials	1655.8507333333334	1655.8517333333334	7.0	[4.663607120513916, -4.650093078613281, 6.663607120513916, -6.650093078613281]	2.356194490192345	R
1657.217	2.935999999999922	trials	1659.5008	1659.5018	0.0	[-1.0, 9.0, 1.0, 7.0]	1.5707963267948966	I
1660.405	20.682999999999993	trials				[NaN, NaN, NaN, NaN]		A
1681.34	0.4350000000001728	trials				[NaN, NaN, NaN, NaN]		A
1682.027	3.8889999999998963	trials	1684.6793	1684.6803	4.0	[-0.987258791923523, -6.999989986419678, 1.012741208076477, -8.99998950958252]	-1.5707963267948966	R
1686.168	0.9809999999999945	trials				[NaN, NaN, NaN, NaN]		A
1687.401	3.076999999999998	trials	1689.2556666666667	1689.2566666666667	6.0	[-8.999977111816406, 0.9808881878852844, -6.999977111816406, -1.0191118717193604]	3.141592653589793	R
1690.729	2.397999999999911	trials	1691.9734	1691.9744	3.0	[4.663607120513916, -4.650093078613281, 6.663607120513916, -6.650093078613281]	-0.7853981633974483	R
1693.379	2.3450000000000273	trials	1694.4696	1694.4706	3.0	[4.663607120513916, -4.650093078613281, 6.663607120513916, -6.650093078613281]	-0.7853981633974483	R
1695.975	2.5510000000001583	trials	1697.3898333333334	1697.3908333333334	4.0	[-0.987258791923523, -6.999989986419678, 1.012741208076477, -8.99998950958252]	-1.5707963267948966	R
1698.777	2.509999999999991	trials	1700.2369	1700.2379333333333	6.0	[-8.999977111816406, 0.9808881878852844, -6.999977111816406, -1.0191118717193604]	3.141592653589793	R
1701.538	2.7490000000000236	trials	1703.1942666666666	1703.1952666666666	0.0	[-1.0, 9.0, 1.0, 7.0]	1.5707963267948966	R
1704.539	1.0679999999999836	trials				[NaN, NaN, NaN, NaN]		A
1705.859	5.089000000000169	trials				[NaN, NaN, NaN, NaN]		A
1711.199	0.5370000000000346	trials				[NaN, NaN, NaN, NaN]		A
1711.988	0.09199999999987085	trials				[NaN, NaN, NaN, NaN]		A
1712.332	0.24499999999989086	trials				[NaN, NaN, NaN, NaN]		A
1712.828	2.4090000000001055	trials	1713.9319	1713.9329	7.0	[-6.672598838806152, 6.64106559753418, -4.672598838806152, 4.64106559753418]	2.356194490192345	R
1715.489	3.4269999999999072	trials	1717.8105333333333	1717.8115333333333	6.0	[-8.999977111816406, 0.9808881878852844, -6.999977111816406, -1.0191118717193604]	3.141592653589793	R
1719.168	4.025000000000091	trials	1721.9538333333333	1721.9548333333332	3.0	[4.663607120513916, -4.650093078613281, 6.663607120513916, -6.650093078613281]	-0.7853981633974483	R
1723.445	2.9650000000001455	trials	1725.252	1725.253	5.0	[-6.645581245422363, -4.668104648590088, -4.645581245422363, -6.668104648590088]	-2.356194490192345	R
1726.662	2.5470000000000255	trials	1728.1121	1728.1131	4.0	[-0.987258791923523, -6.999989986419678, 1.012741208076477, -8.99998950958252]	-1.5707963267948966	R
1729.46	3.185999999999922	trials	1731.3872333333334	1731.3882333333333	1.0	[4.654601573944092, 6.659106254577637, 6.654601573944092, 4.659106254577637]	0.7853981633974483	R
1732.898	2.6100000000001273	trials	1734.3746666666666	1734.3756666666666	2.0	[6.999997615814209, 1.0063706636428833, 8.99999713897705, -0.9936293959617615]	0.0	R
1735.76	3.286000000000058	trials	1737.8893666666668	1737.8903666666668	6.0	[6.999997615814209, 1.0063706636428833, 8.99999713897705, -0.9936293959617615]	3.141592653589793	R
1739.298	2.497000000000071	trials	1740.5991	1740.6001	2.0	[6.999997615814209, 1.0063706636428833, 8.99999713897705, -0.9936293959617615]	0.0	R
1742.047	3.115000000000009	trials	1743.9945333333333	1743.9955333333332	3.0	[4.663607120513916, -4.650093078613281, 6.663607120513916, -6.650093078613281]	-0.7853981633974483	R
1745.414	3.2650000000001	trials	1747.4842	1747.4852	0.0	[-1.0, 9.0, 1.0, 7.0]	1.5707963267948966	R
1748.931	2.8999999999998636	trials	1750.6420333333333	1750.6430333333333	5.0	[-6.645581245422363, -4.668104648590088, -4.645581245422363, -6.668104648590088]	-2.356194490192345	R
1752.083	2.5119999999999436	trials	1753.3347333333334	1753.3357333333333	7.0	[-6.672598838806152, 6.64106559753418, -4.672598838806152, 4.64106559753418]	2.356194490192345	R
1754.846	3.089999999999918	trials	1756.9005666666667	1756.9015666666667	4.0	[-0.987258791923523, -6.999989986419678, 1.012741208076477, -8.99998950958252]	-1.5707963267948966	R
1758.188	2.813999999999851	trials	1759.7677	1759.7687	1.0	[4.654601573944092, 6.659106254577637, 6.654601573944092, 4.659106254577637]	0.7853981633974483	R
1761.253	2.6549999999999727	trials	1762.8293	1762.8303	3.0	[4.654601573944092, 6.659106254577637, 6.654601573944092, 4.659106254577637]	-0.7853981633974483	R
1764.16	3.29099999999994	trials	1766.2347333333332	1766.2357333333334	7.0	[-6.672598838806152, 6.64106559753418, -4.672598838806152, 4.64106559753418]	2.356194490192345	R
1767.702	3.1590000000001055	trials	1769.7424333333333	1769.7434666666666	0.0	[-1.0, 9.0, 1.0, 7.0]	1.5707963267948966	R
1771.113	3.3559999999999945	trials	1773.3133	1773.3143	1.0	[4.654601573944092, 6.659106254577637, 6.654601573944092, 4.659106254577637]	0.7853981633974483	R
1774.721	2.6079999999999472	trials	1776.2235333333333	1776.2245333333333	6.0	[-8.999977111816406, 0.9808881878852844, -6.999977111816406, -1.0191118717193604]	3.141592653589793	R
1777.581	3.2110000000000127	trials	1779.6951666666666	1779.6961666666666	5.0	[-6.645581245422363, -4.668104648590088, -4.645581245422363, -6.668104648590088]	-2.356194490192345	R
1781.044	2.826999999999998	trials	1782.8139	1782.8149	4.0	[-0.987258791923523, -6.999989986419678, 1.012741208076477, -8.99998950958252]	-1.5707963267948966	R
1784.122	2.2899999999999636	trials	1785.2980666666667	1785.2990666666667	2.0	[6.999997615814209, 1.0063706636428833, 8.99999713897705, -0.9936293959617615]	0.0	R
1786.663	2.4809999999999945	trials	1788.0489	1788.0499	5.0	[6.999997615814209, 1.0063706636428833, 8.99999713897705, -0.9936293959617615]	-2.356194490192345	R
1789.395	0.4780000000000655	trials				[NaN, NaN, NaN, NaN]		A
1790.125	2.1590000000001055	trials	1791.1325333333334	1791.1335333333334	3.0	[4.663607120513916, -4.650093078613281, 6.663607120513916, -6.650093078613281]	-0.7853981633974483	R
1792.536	2.4829999999999472	trials	1794.2813666666666	1794.2823666666666	0.0	[-1.0, 9.0, 1.0, 7.0]	1.5707963267948966	I
1795.271	3.816000000000031	trials	1797.9384333333333	1797.9394333333332	6.0	[-8.999977111816406, 0.9808881878852844, -6.999977111816406, -1.0191118717193604]	3.141592653589793	R
1799.339	2.8179999999999836	trials	1801.0602	1801.0612	4.0	[-0.987258791923523, -6.999989986419678, 1.012741208076477, -8.99998950958252]	-1.5707963267948966	R
1802.409	3.0499999999999545	trials	1804.3413333333333	1804.3423333333333	1.0	[4.654601573944092, 6.659106254577637, 6.654601573944092, 4.659106254577637]	0.7853981633974483	R
1805.711	2.576999999999998	trials	1807.1683666666668	1807.1693666666667	2.0	[6.999997615814209, 1.0063706636428833, 8.99999713897705, -0.9936293959617615]	0.0	R
1808.54	2.258000000000038	trials	1809.6745666666666	1809.6755666666666	4.0	[6.999997615814209, 1.0063706636428833, 8.99999713897705, -0.9936293959617615]	-1.5707963267948966	R
1811.05	2.576999999999998	trials	1812.5547333333334	1812.5557333333334	0.0	[-1.0, 9.0, 1.0, 7.0]	1.5707963267948966	R
1813.879	2.8940000000000055	trials	1813.9136666666666	1815.6404	0.0	[-8.999977111816406, 0.9808881878852844, -6.999977111816406, -1.0191118717193604]	1.5707963267948966	R
1817.025	2.8579999999999472	trials	1818.6769333333334	1818.6779333333334	1.0	[4.654601573944092, 6.659106254577637, 6.654601573944092, 4.659106254577637]	0.7853981633974483	R
1820.135	2.97199999999998	trials	1821.8558	1821.8568333333333	2.0	[6.999997615814209, 1.0063706636428833, 8.99999713897705, -0.9936293959617615]	0.0	R
1823.359	2.188000000000102	trials	1824.5425	1824.5435	5.0	[-6.645581245422363, -4.668104648590088, -4.645581245422363, -6.668104648590088]	-2.356194490192345	F
1825.799	4.332000000000107	trials	1829.0637	1829.0647	7.0	[-6.672598838806152, 6.64106559753418, -4.672598838806152, 4.64106559753418]	2.356194490192345	R
1830.383	3.310999999999922	trials	1832.4802	1832.4812	3.0	[4.663607120513916, -4.650093078613281, 6.663607120513916, -6.650093078613281]	-0.7853981633974483	R
1833.946	0.4700000000000273	trials				[NaN, NaN, NaN, NaN]		A
1834.668	0.26700000000005275	trials				[NaN, NaN, NaN, NaN]		A
1835.187	4.244000000000142	trials	1838.2705666666666	1838.2715666666666	0.0	[-1.0, 9.0, 1.0, 7.0]	1.5707963267948966	R
1839.683	3.0599999999999454	trials	1841.5627333333334	1841.5637333333334	7.0	[-6.672598838806152, 6.64106559753418, -4.672598838806152, 4.64106559753418]	2.356194490192345	R
1842.994	2.9020000000000437	trials	1844.8108	1844.8118	4.0	[-0.987258791923523, -6.999989986419678, 1.012741208076477, -8.99998950958252]	-1.5707963267948966	R
1846.147	2.6359999999999673	trials	1847.6528666666666	1847.6538666666668	1.0	[4.654601573944092, 6.659106254577637, 6.654601573944092, 4.659106254577637]	0.7853981633974483	R
1849.034	2.2199999999998	trials	1850.1550666666667	1850.1560666666667	3.0	[4.663607120513916, -4.650093078613281, 6.663607120513916, -6.650093078613281]	-0.7853981633974483	R
1851.505	2.588999999999942	trials	1852.9750666666666	1852.9760666666666	5.0	[-6.645581245422363, -4.668104648590088, -4.645581245422363, -6.668104648590088]	-2.356194490192345	R
1854.345	2.5809999999999036	trials	1855.774	1855.775	3.0	[-6.645581245422363, -4.668104648590088, -4.645581245422363, -6.668104648590088]	-0.7853981633974483	R
1857.178	2.727999999999838	trials	1858.7594333333334	1858.7604333333334	1.0	[4.654601573944092, 6.659106254577637, 6.654601573944092, 4.659106254577637]	0.7853981633974483	R
1860.158	1.193000000000211	trials				[NaN, NaN, NaN, NaN]		A
1861.602	0.9479999999998654	trials				[NaN, NaN, NaN, NaN]		A
1862.801	0.2980000000000018	trials				[NaN, NaN, NaN, NaN]		A
1863.351	3.1909999999998035	trials	1865.3959	1865.3969	7.0	[-6.672598838806152, 6.64106559753418, -4.672598838806152, 4.64106559753418]	2.356194490192345	R
1866.793	3.7800000000002	trials	1869.2474666666667	1869.2484666666667	0.0	[-1.0, 9.0, 1.0, 7.0]	1.5707963267948966	R
1870.824	3.5169999999998254	trials	1873.1080333333334	1873.1090333333334	6.0	[-8.999977111816406, 0.9808881878852844, -6.999977111816406, -1.0191118717193604]	3.141592653589793	R
1874.593	2.8640000000000327	trials	1876.0513333333333	1876.0523333333333	3.0	[-8.999977111816406, 0.9808881878852844, -6.999977111816406, -1.0191118717193604]	-0.7853981633974483	R
1877.708	2.326000000000022	trials	1878.9024333333334	1878.9034333333334	7.0	[-6.672598838806152, 6.64106559753418, -4.672598838806152, 4.64106559753418]	2.356194490192345	R
1880.286	2.765999999999849	trials	1881.9680333333333	1881.9690333333333	6.0	[-8.999977111816406, 0.9808881878852844, -6.999977111816406, -1.0191118717193604]	3.141592653589793	R
1883.303	3.2369999999998527	trials	1885.3955333333333	1885.3965333333333	2.0	[6.999997615814209, 1.0063706636428833, 8.99999713897705, -0.9936293959617615]	0.0	R
1886.792	2.9049999999999727	trials	1888.6165333333333	1888.6175333333333	5.0	[-6.645581245422363, -4.668104648590088, -4.645581245422363, -6.668104648590088]	-2.356194490192345	R
1889.949	2.3940000000000055	trials	1891.2009666666668	1891.2019666666667	1.0	[4.654601573944092, 6.659106254577637, 6.654601573944092, 4.659106254577637]	0.7853981633974483	R
1892.594	3.3329999999998563	trials	1894.8530333333333	1894.8540333333333	4.0	[-0.987258791923523, -6.999989986419678, 1.012741208076477, -8.99998950958252]	-1.5707963267948966	R
1896.178	2.2329999999999472	trials	1897.2339333333334	1897.2349333333334	0.0	[-1.0, 9.0, 1.0, 7.0]	1.5707963267948966	R
1898.662	2.655999999999949	trials	1900.1973	1900.1983	6.0	[-1.0, 9.0, 1.0, 7.0]	3.141592653589793	R
1901.57	2.7029999999999745	trials	1903.1466	1903.1476	0.0	[-1.0, 9.0, 1.0, 7.0]	1.5707963267948966	R
1904.525	2.6879999999998745	trials	1906.1751333333334	1906.1761333333334	5.0	[-6.645581245422363, -4.668104648590088, -4.645581245422363, -6.668104648590088]	-2.356194490192345	R
1907.464	2.7590000000000146	trials	1909.1064	1909.1074	1.0	[4.654601573944092, 6.659106254577637, 6.654601573944092, 4.659106254577637]	0.7853981633974483	R
1910.475	2.747000000000071	trials	1912.0607333333332	1912.0617333333332	4.0	[-0.987258791923523, -6.999989986419678, 1.012741208076477, -8.99998950958252]	-1.5707963267948966	R
1913.473	2.4850000000001273	trials	1914.8326333333334	1914.8336333333334	2.0	[6.999997615814209, 1.0063706636428833, 8.99999713897705, -0.9936293959617615]	0.0	R
1916.21	32.302999999999884	trials	1947.5087333333333	1947.5097333333333	3.0	[4.663607120513916, -4.650093078613281, 6.663607120513916, -6.650093078613281]	-0.7853981633974483	F
1948.765	3.4939999999999145	trials	1951.0084333333334	1951.0094333333334	7.0	[-6.672598838806152, 6.64106559753418, -4.672598838806152, 4.64106559753418]	2.356194490192345	R
1952.51	4.567999999999984	trials	1955.9396666666667	1955.9406666666666	3.0	[-6.672598838806152, 6.64106559753418, -4.672598838806152, 4.64106559753418]	-0.7853981633974483	R
1957.329	2.8579999999999472	trials	1959.1827	1959.1837	5.0	[-6.645581245422363, -4.668104648590088, -4.645581245422363, -6.668104648590088]	-2.356194490192345	F
1960.439	1.8869999999999436	trials	1961.3220333333334	1961.3230333333333	7.0	[-6.672598838806152, 6.64106559753418, -4.672598838806152, 4.64106559753418]	2.356194490192345	F
1962.578	3.8170000000000073	trials	1965.2628	1965.2638	6.0	[-8.999977111816406, 0.9808881878852844, -6.999977111816406, -1.0191118717193604]	3.141592653589793	R
1966.646	2.591000000000122	trials	1968.1028666666666	1968.1038666666666	4.0	[-0.987258791923523, -6.999989986419678, 1.012741208076477, -8.99998950958252]	-1.5707963267948966	R
1969.488	3.283999999999878	trials	1971.4491666666668	1971.4501666666667	1.0	[4.654601573944092, 6.659106254577637, 6.654601573944092, 4.659106254577637]	0.7853981633974483	R
1973.024	2.9700000000000273	trials	1974.8987333333334	1974.8997333333334	2.0	[6.999997615814209, 1.0063706636428833, 8.99999713897705, -0.9936293959617615]	0.0	R
1976.246	2.3789999999999054	trials	1977.4911666666667	1977.4921666666667	0.0	[-1.0, 9.0, 1.0, 7.0]	1.5707963267948966	R
1978.877	2.3460000000000036	trials	1980.1537666666666	1980.1547666666668	6.0	[-1.0, 9.0, 1.0, 7.0]	3.141592653589793	R
1981.475	2.535000000000082	trials	1982.9387	1982.9397	0.0	[-1.0, 9.0, 1.0, 7.0]	1.5707963267948966	R
1984.262	3.504000000000133	trials	1986.6358666666667	1986.6368666666667	1.0	[4.654601573944092, 6.659106254577637, 6.654601573944092, 4.659106254577637]	0.7853981633974483	R
1988.017	3.25	trials	1990.0012333333334	1990.0022333333334	5.0	[-6.645581245422363, -4.668104648590088, -4.645581245422363, -6.668104648590088]	-2.356194490192345	R
1991.519	3.0570000000000164	trials	1993.4167	1993.4177	2.0	[6.999997615814209, 1.0063706636428833, 8.99999713897705, -0.9936293959617615]	0.0	R
1994.827	2.97199999999998	trials	1996.6567333333332	1996.6577333333332	7.0	[-6.672598838806152, 6.64106559753418, -4.672598838806152, 4.64106559753418]	2.356194490192345	R
1998.05	2.69399999999996	trials	1999.6521666666667	1999.6531666666667	4.0	[-0.987258791923523, -6.999989986419678, 1.012741208076477, -8.99998950958252]	-1.5707963267948966	R
2000.996	3.060999999999922	trials	2002.9593666666667	2002.9604	3.0	[4.663607120513916, -4.650093078613281, 6.663607120513916, -6.650093078613281]	-0.7853981633974483	R
2004.309	2.923000000000002	trials	2006.1563333333334	2006.1573333333333	0.0	[4.663607120513916, -4.650093078613281, 6.663607120513916, -6.650093078613281]	1.5707963267948966	R
2007.484	2.7150000000001455	trials	2009.0485	2009.0495	1.0	[4.654601573944092, 6.659106254577637, 6.654601573944092, 4.659106254577637]	0.7853981633974483	R
2010.451	2.59699999999998	trials	2011.7782666666667	2011.7792666666667	3.0	[4.663607120513916, -4.650093078613281, 6.663607120513916, -6.650093078613281]	-0.7853981633974483	R
2013.3	2.5270000000000437	trials	2014.6764666666666	2014.6774666666668	7.0	[-6.672598838806152, 6.64106559753418, -4.672598838806152, 4.64106559753418]	2.356194490192345	R
2016.079	2.52800000000002	trials	2017.4624	2017.4634	2.0	[6.999997615814209, 1.0063706636428833, 8.99999713897705, -0.9936293959617615]	0.0	R
2018.859	3.8070000000000164	trials	2021.2788666666668	2021.2798666666667	5.0	[-6.645581245422363, -4.668104648590088, -4.645581245422363, -6.668104648590088]	-2.356194490192345	R
2022.918	2.5470000000000255	trials	2024.3053666666667	2024.3063666666667	6.0	[-8.999977111816406, 0.9808881878852844, -6.999977111816406, -1.0191118717193604]	3.141592653589793	R
2025.717	2.354999999999791	trials	2026.9469333333334	2026.9479333333334	4.0	[-0.987258791923523, -6.999989986419678, 1.012741208076477, -8.99998950958252]	-1.5707963267948966	R
2028.323	0.9959999999998672	trials				[NaN, NaN, NaN, NaN]		A
2029.57	2.244000000000142	trials	2030.6140333333333	2030.6150333333333	2.0	[6.999997615814209, 1.0063706636428833, 8.99999713897705, -0.9936293959617615]	0.0	I
2032.066	3.5019999999999527	trials	2034.3503	2034.3513	0.0	[-1.0, 9.0, 1.0, 7.0]	1.5707963267948966	R
2035.82	2.8300000000001546	trials	2037.4169333333334	2037.4179333333334	1.0	[4.654601573944092, 6.659106254577637, 6.654601573944092, 4.659106254577637]	0.7853981633974483	R
2038.902	2.8920000000000528	trials	2040.67	2040.671	7.0	[-6.672598838806152, 6.64106559753418, -4.672598838806152, 4.64106559753418]	2.356194490192345	R
2042.045	3.2229999999999563	trials	2044.0223	2044.0233333333333	3.0	[4.663607120513916, -4.650093078613281, 6.663607120513916, -6.650093078613281]	-0.7853981633974483	R
2045.52	3.1260000000002037	trials	2047.517	2047.518	5.0	[-6.645581245422363, -4.668104648590088, -4.645581245422363, -6.668104648590088]	-2.356194490192345	R
2048.897	3.2080000000000837	trials	2050.9876	2050.9886	6.0	[-8.999977111816406, 0.9808881878852844, -6.999977111816406, -1.0191118717193604]	3.141592653589793	R
2052.357	3.2170000000000982	trials	2054.4411666666665	2054.4421666666667	0.0	[-8.999977111816406, 0.9808881878852844, -6.999977111816406, -1.0191118717193604]	1.5707963267948966	R
2055.826	2.699999999999818	trials	2057.3975333333333	2057.3985333333335	5.0	[-6.645581245422363, -4.668104648590088, -4.645581245422363, -6.668104648590088]	-2.356194490192345	R
2058.778	2.9390000000003056	trials	2060.585433333333	2060.5864333333334	7.0	[-6.672598838806152, 6.64106559753418, -4.672598838806152, 4.64106559753418]	2.356194490192345	R
2061.969	3.0149999999998727	trials	2063.8906333333334	2063.891633333333	4.0	[-0.987258791923523, -6.999989986419678, 1.012741208076477, -8.99998950958252]	-1.5707963267948966	R
2065.236	2.7070000000003347	trials	2066.8119	2066.8129	3.0	[4.663607120513916, -4.650093078613281, 6.663607120513916, -6.650093078613281]	-0.7853981633974483	R
2068.194	2.4420000000000073	trials	2069.5055666666667	2069.5065666666665	2.0	[6.999997615814209, 1.0063706636428833, 8.99999713897705, -0.9936293959617615]	0.0	R
2070.888	3.287000000000262	trials	2073.0343333333335	2073.0353333333333	1.0	[4.654601573944092, 6.659106254577637, 6.654601573944092, 4.659106254577637]	0.7853981633974483	R
2074.427	3.0909999999998945	trials	2076.4758666666667	2076.476866666667	6.0	[-8.999977111816406, 0.9808881878852844, -6.999977111816406, -1.0191118717193604]	3.141592653589793	R
2077.77	2.617999999999938	trials	2079.3019	2079.3029	0.0	[-8.999977111816406, 0.9808881878852844, -6.999977111816406, -1.0191118717193604]	1.5707963267948966	R
2080.639	2.9529999999999745	trials	2082.3665	2082.3675	5.0	[-6.645581245422363, -4.668104648590088, -4.645581245422363, -6.668104648590088]	-2.356194490192345	R
2083.843	0.8200000000001637	trials				[NaN, NaN, NaN, NaN]		A
2084.915	3.268000000000029	trials	2087.0992666666666	2087.100266666667	6.0	[-8.999977111816406, 0.9808881878852844, -6.999977111816406, -1.0191118717193604]	3.141592653589793	R
2088.435	3.230000000000018	trials	2090.4345333333335	2090.4355333333333	7.0	[-6.672598838806152, 6.64106559753418, -4.672598838806152, 4.64106559753418]	2.356194490192345	R
2091.916	3.3849999999997635	trials	2094.1858333333334	2094.186833333333	2.0	[6.999997615814209, 1.0063706636428833, 8.99999713897705, -0.9936293959617615]	0.0	R
2095.552	2.3899999999998727	trials	2096.855466666667	2096.8564666666666	4.0	[-0.987258791923523, -6.999989986419678, 1.012741208076477, -8.99998950958252]	-1.5707963267948966	R
2098.194	2.79300000000012	trials	2099.835866666667	2099.8368666666665	3.0	[4.663607120513916, -4.650093078613281, 6.663607120513916, -6.650093078613281]	-0.7853981633974483	R
2101.238	2.3420000000000982	trials	2102.4283	2102.4293	1.0	[4.663607120513916, -4.650093078613281, 6.663607120513916, -6.650093078613281]	0.7853981633974483	R
2103.832	2.4970000000002983	trials	2105.2282666666665	2105.2292666666667	5.0	[-6.645581245422363, -4.668104648590088, -4.645581245422363, -6.668104648590088]	-2.356194490192345	R
2106.581	2.66399999999976	trials	2108.2166666666667	2108.2176666666664	4.0	[-0.987258791923523, -6.999989986419678, 1.012741208076477, -8.99998950958252]	-1.5707963267948966	R
2109.497	3.175000000000182	trials	2111.5529666666666	2111.553966666667	2.0	[6.999997615814209, 1.0063706636428833, 8.99999713897705, -0.9936293959617615]	0.0	R
2112.923	2.643000000000029	trials	2114.796	2114.797	7.0	[-6.672598838806152, 6.64106559753418, -4.672598838806152, 4.64106559753418]	2.356194490192345	I
2115.818	1.3729999999995925	trials				[NaN, NaN, NaN, NaN]		A
2117.443	2.3339999999998327	trials	2118.6586	2118.6596	3.0	[4.663607120513916, -4.650093078613281, 6.663607120513916, -6.650093078613281]	-0.7853981633974483	R
2120.029	3.06899999999996	trials	2121.8294666666666	2121.830466666667	0.0	[-1.0, 9.0, 1.0, 7.0]	1.5707963267948966	R
2123.349	2.1729999999997744	trials	2124.4780333333333	2124.4790333333335	4.0	[-1.0, 9.0, 1.0, 7.0]	-1.5707963267948966	R
2125.773	3.0830000000000837	trials	2127.688	2127.689	1.0	[4.654601573944092, 6.659106254577637, 6.654601573944092, 4.659106254577637]	0.7853981633974483	R
2129.108	2.7799999999997453	trials	2130.7365666666665	2130.7375666666667	3.0	[4.663607120513916, -4.650093078613281, 6.663607120513916, -6.650093078613281]	-0.7853981633974483	R
2132.14	2.8520000000003165	trials	2133.839266666667	2133.8402666666666	7.0	[-6.672598838806152, 6.64106559753418, -4.672598838806152, 4.64106559753418]	2.356194490192345	R
2135.244	3.130999999999858	trials	2137.2367	2137.2377	5.0	[-6.645581245422363, -4.668104648590088, -4.645581245422363, -6.668104648590088]	-2.356194490192345	R
2138.626	2.65099999999984	trials	2140.1569666666664	2140.1579666666667	0.0	[-1.0, 9.0, 1.0, 7.0]	1.5707963267948966	R
2141.528	3.0910000000003492	trials	2143.5383666666667	2143.539366666667	2.0	[6.999997615814209, 1.0063706636428833, 8.99999713897705, -0.9936293959617615]	0.0	R
2144.871	3.020999999999731	trials	2146.8074666666666	2146.808466666667	6.0	[-8.999977111816406, 0.9808881878852844, -6.999977111816406, -1.0191118717193604]	3.141592653589793	R
2148.144	2.475000000000364	trials	2149.4981666666667	2149.4991666666665	2.0	[-8.999977111816406, 0.9808881878852844, -6.999977111816406, -1.0191118717193604]	0.0	R
2150.871	2.6210000000000946	trials	2152.3843	2152.385333333333	5.0	[-6.645581245422363, -4.668104648590088, -4.645581245422363, -6.668104648590088]	-2.356194490192345	R
2153.744	2.8899999999998727	trials	2155.3206	2155.3216	1.0	[4.654601573944092, 6.659106254577637, 6.654601573944092, 4.659106254577637]	0.7853981633974483	R
2156.886	2.3600000000001273	trials	2158.0133	2158.0143	0.0	[-1.0, 9.0, 1.0, 7.0]	1.5707963267948966	R
2159.498	2.66800000000012	trials	2161.0558333333333	2161.0568333333335	7.0	[-6.672598838806152, 6.64106559753418, -4.672598838806152, 4.64106559753418]	2.356194490192345	R
2162.417	3.4400000000000546	trials	2164.7750666666666	2164.776066666667	4.0	[-0.987258791923523, -6.999989986419678, 1.012741208076477, -8.99998950958252]	-1.5707963267948966	R
2166.108	2.768000000000029	trials	2167.7314	2167.732433333333	3.0	[4.663607120513916, -4.650093078613281, 6.663607120513916, -6.650093078613281]	-0.7853981633974483	R
2169.128	2.9909999999999854	trials	2170.9373666666665	2170.9383666666668	6.0	[-8.999977111816406, 0.9808881878852844, -6.999977111816406, -1.0191118717193604]	3.141592653589793	R
2172.371	0.6549999999997453	trials				[NaN, NaN, NaN, NaN]		A
2173.277	5.201000000000022	trials	2177.0305	2177.0315	3.0	[4.663607120513916, -4.650093078613281, 6.663607120513916, -6.650093078613281]	-0.7853981633974483	R
2178.73	2.418999999999869	trials	2180.0169	2180.0179	1.0	[4.654601573944092, 6.659106254577637, 6.654601573944092, 4.659106254577637]	0.7853981633974483	R
2181.4	2.48700000000008	trials	2182.88	2182.881	4.0	[-0.987258791923523, -6.999989986419678, 1.012741208076477, -8.99998950958252]	-1.5707963267948966	R
2184.138	2.4850000000001273	trials	2185.5536666666667	2185.554666666667	6.0	[-8.999977111816406, 0.9808881878852844, -6.999977111816406, -1.0191118717193604]	3.141592653589793	R
2186.875	3.06899999999996	trials	2188.9962	2188.9972	5.0	[-6.645581245422363, -4.668104648590088, -4.645581245422363, -6.668104648590088]	-2.356194490192345	I
2190.195	30.10799999999972	trials				[NaN, NaN, NaN, NaN]		A
2220.555	0.1449999999999818	trials				[NaN, NaN, NaN, NaN]		A
2220.952	3.7359999999998763	trials	2223.2161333333333	2223.2171333333335	5.0	[-6.672598838806152, 6.64106559753418, -4.672598838806152, 4.64106559753418]	-2.356194490192345	R
2224.939	2.5300000000002	trials	2226.3699666666666	2226.370966666667	3.0	[4.663607120513916, -4.650093078613281, 6.663607120513916, -6.650093078613281]	-0.7853981633974483	R
2227.72	1.8500000000003638	trials	2228.8190666666665	2228.8200666666667	7.0	[-6.672598838806152, 6.64106559753418, -4.672598838806152, 4.64106559753418]	2.356194490192345	I
2229.822	2.944999999999709	trials	2231.7012	2231.7022	0.0	[-1.0, 9.0, 1.0, 7.0]	1.5707963267948966	R
2233.018	2.994999999999891	trials	2234.9272333333333	2234.9282	2.0	[6.999997615814209, 1.0063706636428833, 8.99999713897705, -0.9936293959617615]	0.0	R
2236.265	3.481999999999971	trials	2238.6675	2238.6685	4.0	[-0.987258791923523, -6.999989986419678, 1.012741208076477, -8.99998950958252]	-1.5707963267948966	R
2239.999	2.624000000000251	trials	2241.4915	2241.4925	1.0	[4.654601573944092, 6.659106254577637, 6.654601573944092, 4.659106254577637]	0.7853981633974483	R
2242.875	2.588000000000193	trials	2244.8719	2244.8729	6.0	[-8.999977111816406, 0.9808881878852844, -6.999977111816406, -1.0191118717193604]	3.141592653589793	I
2245.715	3.36200000000008	trials	2248.0036666666665	2248.0046666666667	2.0	[-8.999977111816406, 0.9808881878852844, -6.999977111816406, -1.0191118717193604]	0.0	R
2249.329	0.806999999999789	trials				[NaN, NaN, NaN, NaN]		A
2250.388	1.3640000000000327	trials	2250.9941	2250.9951	3.0	[4.663607120513916, -4.650093078613281, 6.663607120513916, -6.650093078613281]	-0.7853981633974483	I
2252.004	2.693000000000211	trials	2253.658733333333	2253.6597333333334	4.0	[-0.987258791923523, -6.999989986419678, 1.012741208076477, -8.99998950958252]	-1.5707963267948966	R
2254.949	2.2419999999997344	trials	2256.1248333333333	2256.1258333333335	5.0	[-6.645581245422363, -4.668104648590088, -4.645581245422363, -6.668104648590088]	-2.356194490192345	R
2257.442	2.69399999999996	trials	2259.0551	2259.0561	6.0	[-8.999977111816406, 0.9808881878852844, -6.999977111816406, -1.0191118717193604]	3.141592653589793	R
2260.387	1.1409999999996217	trials				[NaN, NaN, NaN, NaN]		A
2261.78	0.22599999999965803	trials				[NaN, NaN, NaN, NaN]		A
2262.258	2.331000000000131	trials	2263.492133333333	2263.4931333333334	0.0	[-1.0, 9.0, 1.0, 7.0]	1.5707963267948966	R
2264.84	3.4839999999999236	trials	2267.2444333333333	2267.2454333333335	2.0	[6.999997615814209, 1.0063706636428833, 8.99999713897705, -0.9936293959617615]	0.0	R
2268.576	2.65099999999984	trials	2270.1246	2270.1256	5.0	[-6.645581245422363, -4.668104648590088, -4.645581245422363, -6.668104648590088]	-2.356194490192345	R
2271.479	0.8090000000001965	trials				[NaN, NaN, NaN, NaN]		A
2272.54	2.0599999999999454	trials	2273.4508333333333	2273.4518333333335	7.0	[-6.672598838806152, 6.64106559753418, -4.672598838806152, 4.64106559753418]	2.356194490192345	R
2274.851	5.194999999999709	trials	2278.8883333333333	2278.8893333333335	6.0	[-8.999977111816406, 0.9808881878852844, -6.999977111816406, -1.0191118717193604]	3.141592653589793	R
2280.298	2.99100000000044	trials	2282.1103333333335	2282.1113333333333	3.0	[4.663607120513916, -4.650093078613281, 6.663607120513916, -6.650093078613281]	-0.7853981633974483	R
2283.541	2.424999999999727	trials	2284.8872333333334	2284.888233333333	4.0	[-0.987258791923523, -6.999989986419678, 1.012741208076477, -8.99998950958252]	-1.5707963267948966	R
2286.218	2.917000000000371	trials	2287.9769	2287.9779	7.0	[-0.987258791923523, -6.999989986419678, 1.012741208076477, -8.99998950958252]	2.356194490192345	R
2289.386	3.04300000000012	trials	2291.3132	2291.3142	2.0	[6.999997615814209, 1.0063706636428833, 8.99999713897705, -0.9936293959617615]	0.0	R
2292.681	3.092999999999847	trials	2294.6334333333334	2294.634433333333	1.0	[4.654601573944092, 6.659106254577637, 6.654601573944092, 4.659106254577637]	0.7853981633974483	R
2296.026	2.2850000000003092	trials	2297.0905333333335	2297.0915333333332	3.0	[4.663607120513916, -4.650093078613281, 6.663607120513916, -6.650093078613281]	-0.7853981633974483	R
2298.562	0.7640000000001237	trials				[NaN, NaN, NaN, NaN]		A
2299.578	2.2739999999998872	trials	2300.796733333333	2300.7977333333333	4.0	[-0.987258791923523, -6.999989986419678, 1.012741208076477, -8.99998950958252]	-1.5707963267948966	R
2302.104	0.5770000000002256	trials				[NaN, NaN, NaN, NaN]		A
2302.933	2.3910000000000764	trials	2304.2563333333333	2304.2573333333335	5.0	[-6.645581245422363, -4.668104648590088, -4.645581245422363, -6.668104648590088]	-2.356194490192345	R
2305.576	2.3910000000000764	trials	2306.7384666666667	2306.739466666667	3.0	[-6.645581245422363, -4.668104648590088, -4.645581245422363, -6.668104648590088]	-0.7853981633974483	R
2308.218	2.519999999999982	trials	2309.6056	2309.6066	2.0	[6.999997615814209, 1.0063706636428833, 8.99999713897705, -0.9936293959617615]	0.0	R
2310.99	2.8580000000001746	trials	2312.7464	2312.7474	4.0	[-0.987258791923523, -6.999989986419678, 1.012741208076477, -8.99998950958252]	-1.5707963267948966	R
2314.1	2.450000000000273	trials	2315.3899666666666	2315.390966666667	7.0	[-6.672598838806152, 6.64106559753418, -4.672598838806152, 4.64106559753418]	2.356194490192345	R
2316.801	3.375	trials	2319.0580666666665	2319.0590666666667	1.0	[4.654601573944092, 6.659106254577637, 6.654601573944092, 4.659106254577637]	0.7853981633974483	R
2320.427	2.4420000000000073	trials	2321.6204333333335	2321.6214333333332	5.0	[-6.645581245422363, -4.668104648590088, -4.645581245422363, -6.668104648590088]	-2.356194490192345	R
2323.12	2.8859999999999673	trials	2324.8253666666665	2324.8263666666667	0.0	[-1.0, 9.0, 1.0, 7.0]	1.5707963267948966	R
2326.258	2.37900000000036	trials	2327.4529	2327.4539	6.0	[-8.999977111816406, 0.9808881878852844, -6.999977111816406, -1.0191118717193604]	3.141592653589793	R
2328.888	2.7719999999999345	trials	2330.5455666666667	2330.546566666667	5.0	[-8.999977111816406, 0.9808881878852844, -6.999977111816406, -1.0191118717193604]	-2.356194490192345	R
2331.912	2.1760000000003856	trials	2332.991666666667	2332.9926666666665	6.0	[-8.999977111816406, 0.9808881878852844, -6.999977111816406, -1.0191118717193604]	3.141592653589793	R
2334.34	3.3769999999999527	trials	2336.5003666666667	2336.501366666667	0.0	[-1.0, 9.0, 1.0, 7.0]	1.5707963267948966	R
2337.969	2.5149999999998727	trials	2339.4136	2339.4146	1.0	[4.654601573944092, 6.659106254577637, 6.654601573944092, 4.659106254577637]	0.7853981633974483	R
2340.736	2.731999999999971	trials	2342.4381	2342.4391	3.0	[4.663607120513916, -4.650093078613281, 6.663607120513916, -6.650093078613281]	-0.7853981633974483	R
2343.719	3.0589999999997417	trials	2345.732266666667	2345.7332666666666	4.0	[-0.987258791923523, -6.999989986419678, 1.012741208076477, -8.99998950958252]	-1.5707963267948966	R
2347.03	2.6239999999997963	trials	2348.512166666667	2348.5131666666666	2.0	[6.999997615814209, 1.0063706636428833, 8.99999713897705, -0.9936293959617615]	0.0	R
2349.906	3.019000000000233	trials	2351.811366666667	2351.8123666666665	7.0	[-6.672598838806152, 6.64106559753418, -4.672598838806152, 4.64106559753418]	2.356194490192345	R
2353.177	2.70699999999988	trials	2355.0253333333335	2355.0263333333332	5.0	[-6.672598838806152, 6.64106559753418, -4.672598838806152, 4.64106559753418]	-2.356194490192345	I
2356.136	2.23700000000008	trials	2357.2809333333335	2357.281933333333	4.0	[-0.987258791923523, -6.999989986419678, 1.012741208076477, -8.99998950958252]	-1.5707963267948966	R
2358.624	0.43400000000019645	trials				[NaN, NaN, NaN, NaN]		A
2359.31	0.2660000000000764	trials				[NaN, NaN, NaN, NaN]		A
2359.827	6.962999999999738	trials	2365.6527333333333	2365.6537333333335	0.0	[-1.0, 9.0, 1.0, 7.0]	1.5707963267948966	R
2367.041	3.1419999999998254	trials	2369.0471666666667	2369.0481666666665	1.0	[4.654601573944092, 6.659106254577637, 6.654601573944092, 4.659106254577637]	0.7853981633974483	R
2370.435	2.4670000000000982	trials	2371.746866666667	2371.7478666666666	6.0	[-8.999977111816406, 0.9808881878852844, -6.999977111816406, -1.0191118717193604]	3.141592653589793	R
2373.153	2.9100000000003092	trials	2374.956833333333	2374.9578333333334	7.0	[-6.672598838806152, 6.64106559753418, -4.672598838806152, 4.64106559753418]	2.356194490192345	R
2376.314	3.1550000000002	trials	2378.3272	2378.3282	2.0	[-6.672598838806152, 6.64106559753418, -4.672598838806152, 4.64106559753418]	0.0	R
2379.721	3.2089999999998327	trials	2381.7146	2381.7156	1.0	[4.654601573944092, 6.659106254577637, 6.654601573944092, 4.659106254577637]	0.7853981633974483	R
2383.181	2.8580000000001746	trials	2384.9807	2384.9817	5.0	[-6.645581245422363, -4.668104648590088, -4.645581245422363, -6.668104648590088]	-2.356194490192345	R
2386.291	2.5270000000000437	trials	2387.7556	2387.7566	0.0	[-1.0, 9.0, 1.0, 7.0]	1.5707963267948966	R
2389.07	2.4079999999999018	trials	2390.7480333333333	2390.7490333333335	7.0	[-6.672598838806152, 6.64106559753418, -4.672598838806152, 4.64106559753418]	2.356194490192345	I
2391.729	2.7660000000000764	trials	2393.429666666667	2393.4306666666666	6.0	[-8.999977111816406, 0.9808881878852844, -6.999977111816406, -1.0191118717193604]	3.141592653589793	R
2394.747	3.6660000000001673	trials	2397.3474	2397.3484	4.0	[-0.987258791923523, -6.999989986419678, 1.012741208076477, -8.99998950958252]	-1.5707963267948966	R
2398.665	2.6019999999998618	trials	2400.1563666666666	2400.157366666667	3.0	[4.663607120513916, -4.650093078613281, 6.663607120513916, -6.650093078613281]	-0.7853981633974483	R
2401.519	2.91800000000012	trials	2403.2771333333335	2403.2781333333332	7.0	[4.663607120513916, -4.650093078613281, 6.663607120513916, -6.650093078613281]	2.356194490192345	R
2404.689	10.749000000000251	trials	2414.2874666666667	2414.288466666667	4.0	[-0.987258791923523, -6.999989986419678, 1.012741208076477, -8.99998950958252]	-1.5707963267948966	R
2415.69	2.306999999999789	trials	2417.3049333333333	2417.3059333333335	3.0	[4.663607120513916, -4.650093078613281, 6.663607120513916, -6.650093078613281]	-0.7853981633974483	I
2418.248	3.217999999999847	trials	2420.3785666666668	2420.3795666666665	1.0	[4.654601573944092, 6.659106254577637, 6.654601573944092, 4.659106254577637]	0.7853981633974483	R
2421.718	2.338999999999942	trials	2422.9178666666667	2422.918866666667	6.0	[-8.999977111816406, 0.9808881878852844, -6.999977111816406, -1.0191118717193604]	3.141592653589793	R
2424.308	0.8170000000000073	trials				[NaN, NaN, NaN, NaN]		A
2425.377	1.925000000000182	trials	2426.1489	2426.1499	0.0	[-1.0, 9.0, 1.0, 7.0]	1.5707963267948966	R
2427.553	2.5450000000000728	trials	2428.949833333333	2428.9508333333333	5.0	[-6.645581245422363, -4.668104648590088, -4.645581245422363, -6.668104648590088]	-2.356194490192345	R
2430.349	2.9589999999998327	trials	2432.2440333333334	2432.245033333333	2.0	[-6.645581245422363, -4.668104648590088, -4.645581245422363, -6.668104648590088]	0.0	R
2433.559	2.388999999999669	trials	2435.3036333333334	2435.304633333333	5.0	[-6.645581245422363, -4.668104648590088, -4.645581245422363, -6.668104648590088]	-2.356194490192345	I
2436.2	3.518000000000029	trials	2438.3301333333334	2438.331133333333	1.0	[4.654601573944092, 6.659106254577637, 6.654601573944092, 4.659106254577637]	0.7853981633974483	R
2439.969	2.480999999999767	trials	2441.3205666666668	2441.3215666666665	3.0	[4.663607120513916, -4.650093078613281, 6.663607120513916, -6.650093078613281]	-0.7853981633974483	R
2442.702	1.9949999999998909	trials	2443.9009666666666	2443.901966666667	0.0	[-1.0, 9.0, 1.0, 7.0]	1.5707963267948966	I
2444.949	9.683999999999742	trials	2453.4988	2453.4998	7.0	[-6.672598838806152, 6.64106559753418, -4.672598838806152, 4.64106559753418]	2.356194490192345	R
2454.884	2.588999999999942	trials	2456.3839666666668	2456.3849666666665	6.0	[-8.999977111816406, 0.9808881878852844, -6.999977111816406, -1.0191118717193604]	3.141592653589793	R
2457.724	2.467999999999847	trials	2458.9673666666667	2458.9683666666665	4.0	[-0.987258791923523, -6.999989986419678, 1.012741208076477, -8.99998950958252]	-1.5707963267948966	R
2460.444	2.3780000000001564	trials	2461.7362333333335	2461.7372333333333	3.0	[-0.987258791923523, -6.999989986419678, 1.012741208076477, -8.99998950958252]	-0.7853981633974483	R
2463.074	2.574000000000069	trials	2464.5392	2464.5402	5.0	[-6.645581245422363, -4.668104648590088, -4.645581245422363, -6.668104648590088]	-2.356194490192345	R
2465.9	2.462999999999738	trials	2467.2719666666667	2467.272966666667	1.0	[4.654601573944092, 6.659106254577637, 6.654601573944092, 4.659106254577637]	0.7853981633974483	R
2468.614	2.737999999999829	trials	2470.192233333333	2470.1932333333334	0.0	[-1.0, 9.0, 1.0, 7.0]	1.5707963267948966	R
2471.604	3.032000000000153	trials	2473.4874	2473.4884	6.0	[-8.999977111816406, 0.9808881878852844, -6.999977111816406, -1.0191118717193604]	3.141592653589793	R
2474.888	3.0779999999999745	trials	2476.9239333333335	2476.9249333333332	4.0	[-0.987258791923523, -6.999989986419678, 1.012741208076477, -8.99998950958252]	-1.5707963267948966	R
2478.217	0.48500000000012733	trials				[NaN, NaN, NaN, NaN]		A
2478.954	0.306999999999789	trials				[NaN, NaN, NaN, NaN]		A
2479.512	2.0729999999998654	trials	2480.5529333333334	2480.553933333333	5.0	[6.999997615814209, 1.0063706636428833, 8.99999713897705, -0.9936293959617615]	-2.356194490192345	R
2481.836	2.1350000000002183	trials	2482.9128	2482.9138	4.0	[-0.987258791923523, -6.999989986419678, 1.012741208076477, -8.99998950958252]	-1.5707963267948966	R
2484.223	2.5010000000002037	trials	2485.4952333333335	2485.4962333333333	1.0	[4.654601573944092, 6.659106254577637, 6.654601573944092, 4.659106254577637]	0.7853981633974483	R
2486.976	2.550999999999931	trials	2488.317233333333	2488.3182333333334	0.0	[-1.0, 9.0, 1.0, 7.0]	1.5707963267948966	R
2489.779	2.5920000000000982	trials	2491.2535	2491.2545	6.0	[-8.999977111816406, 0.9808881878852844, -6.999977111816406, -1.0191118717193604]	3.141592653589793	R
2492.623	3.4079999999999018	trials	2494.772233333333	2494.7732333333333	7.0	[-6.672598838806152, 6.64106559753418, -4.672598838806152, 4.64106559753418]	2.356194490192345	R
2496.283	2.788000000000011	trials	2497.9551333333334	2497.956133333333	2.0	[6.999997615814209, 1.0063706636428833, 8.99999713897705, -0.9936293959617615]	0.0	R
2499.323	2.7460000000000946	trials	2501.118	2501.119	3.0	[4.663607120513916, -4.650093078613281, 6.663607120513916, -6.650093078613281]	-0.7853981633974483	I
2502.321	2.8040000000000873	trials	2503.94	2503.941	1.0	[4.663607120513916, -4.650093078613281, 6.663607120513916, -6.650093078613281]	0.7853981633974483	R
2505.377	3.162000000000262	trials	2507.4356666666667	2507.4367	6.0	[-8.999977111816406, 0.9808881878852844, -6.999977111816406, -1.0191118717193604]	3.141592653589793	R
2508.791	2.67699999999968	trials	2510.8070666666667	2510.8080333333332	3.0	[4.663607120513916, -4.650093078613281, 6.663607120513916, -6.650093078613281]	-0.7853981633974483	I
2511.719	0.3400000000001455	trials				[NaN, NaN, NaN, NaN]		A
2512.311	36.63499999999976	trials	2547.671566666667	2547.6725666666666	2.0	[6.999997615814209, 1.0063706636428833, 8.99999713897705, -0.9936293959617615]	0.0	R
2549.197	4.143999999999778	trials	2551.9060666666664	2551.9070666666667	5.0	[-6.645581245422363, -4.668104648590088, -4.645581245422363, -6.668104648590088]	-2.356194490192345	R
2553.592	2.730999999999767	trials	2555.2042666666666	2555.205266666667	0.0	[-1.0, 9.0, 1.0, 7.0]	1.5707963267948966	R
2556.575	2.792000000000371	trials	2558.2869	2558.2879	7.0	[-6.672598838806152, 6.64106559753418, -4.672598838806152, 4.64106559753418]	2.356194490192345	R
2559.618	3.1460000000001855	trials	2561.6673	2561.6683	2.0	[-6.672598838806152, 6.64106559753418, -4.672598838806152, 4.64106559753418]	0.0	R
2563.016	1.038000000000011	trials				[NaN, NaN, NaN, NaN]		A
2564.306	1.9380000000001019	trials	2565.1309	2565.1319	6.0	[-8.999977111816406, 0.9808881878852844, -6.999977111816406, -1.0191118717193604]	3.141592653589793	R
2566.495	0.8009999999999309	trials				[NaN, NaN, NaN, NaN]		A
2567.548	0.3160000000002583	trials				[NaN, NaN, NaN, NaN]		A
2568.115	2.561000000000149	trials	2569.5408333333335	2569.541833333333	4.0	[-0.987258791923523, -6.999989986419678, 1.012741208076477, -8.99998950958252]	-1.5707963267948966	R
2570.927	2.661999999999807	trials	2572.418	2572.419	3.0	[4.663607120513916, -4.650093078613281, 6.663607120513916, -6.650093078613281]	-0.7853981633974483	R
2573.84	2.99599999999964	trials	2575.574833333333	2575.5758333333333	1.0	[4.654601573944092, 6.659106254577637, 6.654601573944092, 4.659106254577637]	0.7853981633974483	R
2577.088	2.90099999999984	trials	2578.7978333333335	2578.7988333333333	1.0	[4.654601573944092, 6.659106254577637, 6.654601573944092, 4.659106254577637]	0.7853981633974483	R
2580.24	2.718000000000302	trials	2581.8804666666665	2581.8814666666667	4.0	[-0.987258791923523, -6.999989986419678, 1.012741208076477, -8.99998950958252]	-1.5707963267948966	R
2583.21	2.4769999999998618	trials	2584.5741666666668	2584.5751666666665	2.0	[6.999997615814209, 1.0063706636428833, 8.99999713897705, -0.9936293959617615]	0.0	R
2585.939	2.719000000000051	trials	2587.4763666666668	2587.4773666666665	7.0	[-6.672598838806152, 6.64106559753418, -4.672598838806152, 4.64106559753418]	2.356194490192345	R
2588.91	3.387000000000171	trials	2591.2076333333334	2591.208633333333	6.0	[-8.999977111816406, 0.9808881878852844, -6.999977111816406, -1.0191118717193604]	3.141592653589793	R
2592.549	2.3539999999998145	trials	2593.7409333333335	2593.7419333333332	0.0	[-1.0, 9.0, 1.0, 7.0]	1.5707963267948966	R
2595.154	2.2899999999999636	trials	2596.6040333333335	2596.6050333333333	3.0	[4.663607120513916, -4.650093078613281, 6.663607120513916, -6.650093078613281]	-0.7853981633974483	I
2597.696	3.68100000000004	trials	2600.2751333333335	2600.2761333333333	5.0	[-6.645581245422363, -4.668104648590088, -4.645581245422363, -6.668104648590088]	-2.356194490192345	R
2601.628	3.125999999999749	trials	2603.5713333333333	2603.5723333333335	7.0	[-6.645581245422363, -4.668104648590088, -4.645581245422363, -6.668104648590088]	2.356194490192345	R
2605.006	2.6220000000002983	trials	2606.5086	2606.5096	1.0	[4.654601573944092, 6.659106254577637, 6.654601573944092, 4.659106254577637]	0.7853981633974483	R
2607.88	2.8420000000000982	trials	2609.6714666666667	2609.672466666667	5.0	[-6.645581245422363, -4.668104648590088, -4.645581245422363, -6.668104648590088]	-2.356194490192345	R
2610.974	1.169999999999618	trials				[NaN, NaN, NaN, NaN]		A
2612.395	1.7950000000000728	trials	2613.108	2613.109	4.0	[-0.987258791923523, -6.999989986419678, 1.012741208076477, -8.99998950958252]	-1.5707963267948966	R
2614.441	3.0770000000002256	trials	2616.422233333333	2616.4232333333334	0.0	[-1.0, 9.0, 1.0, 7.0]	1.5707963267948966	R
2617.77	3.0790000000001783	trials	2619.769533333333	2619.7705333333333	2.0	[6.999997615814209, 1.0063706636428833, 8.99999713897705, -0.9936293959617615]	0.0	R
2621.101	2.4670000000000982	trials	2622.4672333333333	2622.4682333333335	3.0	[4.663607120513916, -4.650093078613281, 6.663607120513916, -6.650093078613281]	-0.7853981633974483	R
2623.82	2.4859999999998763	trials	2625.2200666666668	2625.2210666666665	5.0	[4.663607120513916, -4.650093078613281, 6.663607120513916, -6.650093078613281]	-2.356194490192345	R
2626.557	2.9650000000001455	trials	2628.4551	2628.4561	7.0	[-6.672598838806152, 6.64106559753418, -4.672598838806152, 4.64106559753418]	2.356194490192345	R
2629.773	3.138999999999669	trials	2631.826466666667	2631.8274666666666	6.0	[-8.999977111816406, 0.9808881878852844, -6.999977111816406, -1.0191118717193604]	3.141592653589793	R
2633.164	2.987999999999829	trials	2635.414366666667	2635.4153666666666	1.0	[4.654601573944092, 6.659106254577637, 6.654601573944092, 4.659106254577637]	0.7853981633974483	I
2636.404	7.806999999999789	trials	2643.103433333333	2643.1044666666667	4.0	[-0.987258791923523, -6.999989986419678, 1.012741208076477, -8.99998950958252]	-1.5707963267948966	R
2644.463	3.105999999999767	trials	2646.3966333333333	2646.3976333333335	2.0	[6.999997615814209, 1.0063706636428833, 8.99999713897705, -0.9936293959617615]	0.0	R
2647.82	2.4289999999996326	trials	2649.1605	2649.1615	3.0	[4.663607120513916, -4.650093078613281, 6.663607120513916, -6.650093078613281]	-0.7853981633974483	R
2650.501	2.3079999999999927	trials	2651.7008	2651.7018	0.0	[-1.0, 9.0, 1.0, 7.0]	1.5707963267948966	R
2653.06	2.98700000000008	trials	2654.9248	2654.9258	5.0	[-1.0, 9.0, 1.0, 7.0]	-2.356194490192345	R
2656.298	3.0470000000000255	trials	2658.2149666666664	2658.2159666666666	1.0	[4.654601573944092, 6.659106254577637, 6.654601573944092, 4.659106254577637]	0.7853981633974483	R
2659.596	2.592999999999847	trials	2661.0861	2661.0871	3.0	[4.663607120513916, -4.650093078613281, 6.663607120513916, -6.650093078613281]	-0.7853981633974483	R
2662.44	2.6340000000000146	trials	2663.9983333333334	2663.999333333333	6.0	[-8.999977111816406, 0.9808881878852844, -6.999977111816406, -1.0191118717193604]	3.141592653589793	R
2665.326	3.1349999999997635	trials	2667.401766666667	2667.4027666666666	4.0	[-0.987258791923523, -6.999989986419678, 1.012741208076477, -8.99998950958252]	-1.5707963267948966	R
2668.713	2.3599999999996726	trials	2669.9501	2669.9511	7.0	[-6.672598838806152, 6.64106559753418, -4.672598838806152, 4.64106559753418]	2.356194490192345	R
2671.325	2.8720000000002983	trials	2673.0578	2673.0588	2.0	[6.999997615814209, 1.0063706636428833, 8.99999713897705, -0.9936293959617615]	0.0	R
2674.448	2.700000000000273	trials	2676.0803	2676.0813	0.0	[-1.0, 9.0, 1.0, 7.0]	1.5707963267948966	R
2677.4	2.3229999999998654	trials	2678.6587	2678.6597	4.0	[-1.0, 9.0, 1.0, 7.0]	-1.5707963267948966	R
2679.975	3.04300000000012	trials	2681.9148	2681.9158	0.0	[-1.0, 9.0, 1.0, 7.0]	1.5707963267948966	R
2683.269	3.0540000000000873	trials	2685.1628666666666	2685.1638666666668	1.0	[4.654601573944092, 6.659106254577637, 6.654601573944092, 4.659106254577637]	0.7853981633974483	R
2686.574	2.55600000000004	trials	2688.043	2688.044	2.0	[6.999997615814209, 1.0063706636428833, 8.99999713897705, -0.9936293959617615]	0.0	R
2689.381	2.71100000000024	trials	2690.9712666666665	2690.9722666666667	5.0	[-6.645581245422363, -4.668104648590088, -4.645581245422363, -6.668104648590088]	-2.356194490192345	R
2692.344	2.436999999999898	trials	2693.656933333333	2693.6579333333334	3.0	[4.663607120513916, -4.650093078613281, 6.663607120513916, -6.650093078613281]	-0.7853981633974483	R
2695.032	2.7609999999999673	trials	2696.561166666667	2696.5621666666666	7.0	[-6.672598838806152, 6.64106559753418, -4.672598838806152, 4.64106559753418]	2.356194490192345	R
2698.045	2.2660000000000764	trials	2699.2488333333336	2699.2498333333333	6.0	[-8.999977111816406, 0.9808881878852844, -6.999977111816406, -1.0191118717193604]	3.141592653589793	R
2700.563	2.9209999999998217	trials	2702.3725666666664	2702.3735666666666	0.0	[-8.999977111816406, 0.9808881878852844, -6.999977111816406, -1.0191118717193604]	1.5707963267948966	R
2703.736	3.231999999999971	trials	2705.9204	2705.9214	4.0	[-0.987258791923523, -6.999989986419678, 1.012741208076477, -8.99998950958252]	-1.5707963267948966	R
2707.22	2.605000000000018	trials	2708.7083	2708.7093	6.0	[-8.999977111816406, 0.9808881878852844, -6.999977111816406, -1.0191118717193604]	3.141592653589793	R
2710.077	2.9669999999996435	trials	2711.982433333333	2711.9834333333333	5.0	[-6.645581245422363, -4.668104648590088, -4.645581245422363, -6.668104648590088]	-2.356194490192345	R
2713.296	3.0460000000002765	trials	2715.2315	2715.2325	2.0	[6.999997615814209, 1.0063706636428833, 8.99999713897705, -0.9936293959617615]	0.0	R
2716.594	2.338999999999942	trials	2717.7988666666665	2717.7998666666667	1.0	[4.654601573944092, 6.659106254577637, 6.654601573944092, 4.659106254577637]	0.7853981633974483	R
2719.184	2.586999999999989	trials	2720.5807666666665	2720.5817666666667	7.0	[-6.672598838806152, 6.64106559753418, -4.672598838806152, 4.64106559753418]	2.356194490192345	R
2722.022	3.3910000000000764	trials	2724.2208	2724.2218333333335	3.0	[4.663607120513916, -4.650093078613281, 6.663607120513916, -6.650093078613281]	-0.7853981633974483	R
2725.664	2.7959999999998217	trials	2727.3586	2727.3596	2.0	[4.663607120513916, -4.650093078613281, 6.663607120513916, -6.650093078613281]	0.0	R
2728.712	2.6829999999999927	trials	2730.2908666666667	2730.2919	4.0	[-0.987258791923523, -6.999989986419678, 1.012741208076477, -8.99998950958252]	-1.5707963267948966	R
2731.646	2.63799999999992	trials	2733.1700333333333	2733.1710333333335	0.0	[-1.0, 9.0, 1.0, 7.0]	1.5707963267948966	R
2734.535	2.4960000000000946	trials	2735.9218666666666	2735.922866666667	1.0	[4.654601573944092, 6.659106254577637, 6.654601573944092, 4.659106254577637]	0.7853981633974483	R
2737.282	1.8989999999998872	trials	2738.493233333333	2738.4942333333333	6.0	[-8.999977111816406, 0.9808881878852844, -6.999977111816406, -1.0191118717193604]	3.141592653589793	I
2739.433	2.8090000000001965	trials	2741.1207666666664	2741.1217666666666	7.0	[-6.672598838806152, 6.64106559753418, -4.672598838806152, 4.64106559753418]	2.356194490192345	R
2742.493	2.6330000000002656	trials	2743.858566666667	2743.8595666666665	3.0	[4.663607120513916, -4.650093078613281, 6.663607120513916, -6.650093078613281]	-0.7853981633974483	R
2745.377	2.532000000000153	trials	2747.1547333333333	2747.1557333333335	5.0	[-6.645581245422363, -4.668104648590088, -4.645581245422363, -6.668104648590088]	-2.356194490192345	I
2748.16	2.4700000000002547	trials	2749.584766666667	2749.5857666666666	5.0	[-6.645581245422363, -4.668104648590088, -4.645581245422363, -6.668104648590088]	-2.356194490192345	R
2750.882	2.905999999999949	trials	2752.6644333333334	2752.665433333333	6.0	[-8.999977111816406, 0.9808881878852844, -6.999977111816406, -1.0191118717193604]	3.141592653589793	R
2754.04	2.8049999999998363	trials	2755.736033333333	2755.7370333333333	2.0	[6.999997615814209, 1.0063706636428833, 8.99999713897705, -0.9936293959617615]	0.0	R
2757.096	0.7029999999999745	trials				[NaN, NaN, NaN, NaN]		A
2758.051	1.9600000000000364	trials	2758.9600333333333	2758.9610333333335	4.0	[-0.987258791923523, -6.999989986419678, 1.012741208076477, -8.99998950958252]	-1.5707963267948966	R
2760.262	2.707999999999629	trials	2761.8392	2761.8402	1.0	[4.654601573944092, 6.659106254577637, 6.654601573944092, 4.659106254577637]	0.7853981633974483	R
2763.222	3.1239999999997963	trials	2765.1013	2765.1023	0.0	[-1.0, 9.0, 1.0, 7.0]	1.5707963267948966	R
2766.598	16.934999999999945	trials	2782.2699	2782.2709	7.0	[-6.672598838806152, 6.64106559753418, -4.672598838806152, 4.64106559753418]	2.356194490192345	R
2783.785	16.228000000000065	trials	2798.887166666667	2798.8881666666666	5.0	[-6.672598838806152, 6.64106559753418, -4.672598838806152, 4.64106559753418]	-2.356194490192345	R
2800.265	3.0799999999999272	trials	2802.239466666667	2802.2405	1.0	[4.654601573944092, 6.659106254577637, 6.654601573944092, 4.659106254577637]	0.7853981633974483	R
2803.597	2.768999999999778	trials	2805.3251333333333	2805.3261333333335	6.0	[-8.999977111816406, 0.9808881878852844, -6.999977111816406, -1.0191118717193604]	3.141592653589793	R
2806.617	2.8619999999996253	trials	2808.3586666666665	2808.3596666666667	2.0	[6.999997615814209, 1.0063706636428833, 8.99999713897705, -0.9936293959617615]	0.0	R
2809.731	3.007999999999811	trials	2811.6949666666665	2811.6959666666667	4.0	[-0.987258791923523, -6.999989986419678, 1.012741208076477, -8.99998950958252]	-1.5707963267948966	R
2812.99	3.825000000000273	trials	2815.605666666667	2815.6066666666666	7.0	[-6.672598838806152, 6.64106559753418, -4.672598838806152, 4.64106559753418]	2.356194490192345	R
2817.066	2.699000000000069	trials	2818.6141333333335	2818.6151333333332	3.0	[4.663607120513916, -4.650093078613281, 6.663607120513916, -6.650093078613281]	-0.7853981633974483	R
2820.017	2.8200000000001637	trials	2821.7258666666667	2821.726866666667	0.0	[-1.0, 9.0, 1.0, 7.0]	1.5707963267948966	R
2823.088	2.606999999999971	trials	2824.5949666666666	2824.5959666666668	5.0	[-1.0, 9.0, 1.0, 7.0]	-2.356194490192345	R
2825.946	2.718000000000302	trials	2827.5292666666664	2827.5302666666666	3.0	[4.663607120513916, -4.650093078613281, 6.663607120513916, -6.650093078613281]	-0.7853981633974483	R
2828.916	2.8109999999996944	trials	2830.638966666667	2830.6399666666666	6.0	[-8.999977111816406, 0.9808881878852844, -6.999977111816406, -1.0191118717193604]	3.141592653589793	R
2831.978	2.6779999999998836	trials	2833.5652333333333	2833.5662333333335	2.0	[6.999997615814209, 1.0063706636428833, 8.99999713897705, -0.9936293959617615]	0.0	R
2834.908	2.606000000000222	trials	2836.695	2836.696	7.0	[-6.672598838806152, 6.64106559753418, -4.672598838806152, 4.64106559753418]	2.356194490192345	I
2837.766	3.7159999999998945	trials	2840.314	2840.315	4.0	[-0.987258791923523, -6.999989986419678, 1.012741208076477, -8.99998950958252]	-1.5707963267948966	R
2841.734	2.576000000000022	trials	2843.2603	2843.2613	1.0	[4.654601573944092, 6.659106254577637, 6.654601573944092, 4.659106254577637]	0.7853981633974483	R
2844.562	3.0010000000002037	trials	2846.464266666667	2846.4652666666666	0.0	[-1.0, 9.0, 1.0, 7.0]	1.5707963267948966	R
2847.815	2.85799999999972	trials	2849.5559333333335	2849.5569333333333	7.0	[-1.0, 9.0, 1.0, 7.0]	2.356194490192345	R
2850.924	2.4479999999998654	trials	2852.3067666666666	2852.307766666667	6.0	[-8.999977111816406, 0.9808881878852844, -6.999977111816406, -1.0191118717193604]	3.141592653589793	R
2853.624	2.7830000000003565	trials	2855.3332666666665	2855.3342666666667	5.0	[-6.645581245422363, -4.668104648590088, -4.645581245422363, -6.668104648590088]	-2.356194490192345	R
2856.659	2.9600000000000364	trials	2858.5392333333334	2858.540233333333	4.0	[-0.987258791923523, -6.999989986419678, 1.012741208076477, -8.99998950958252]	-1.5707963267948966	R
2859.871	3.0729999999998654	trials	2861.8324	2861.8334333333332	0.0	[-1.0, 9.0, 1.0, 7.0]	1.5707963267948966	R
2863.196	2.5289999999999964	trials	2864.6253333333334	2864.626333333333	2.0	[6.999997615814209, 1.0063706636428833, 8.99999713897705, -0.9936293959617615]	0.0	R
2865.977	3.1150000000002365	trials	2867.930533333333	2867.9315666666666	3.0	[4.663607120513916, -4.650093078613281, 6.663607120513916, -6.650093078613281]	-0.7853981633974483	R
2869.344	2.5520000000001346	trials	2870.7986666666666	2870.799666666667	1.0	[4.654601573944092, 6.659106254577637, 6.654601573944092, 4.659106254577637]	0.7853981633974483	R
2872.148	3.0119999999997162	trials	2874.0768	2874.0778	3.0	[4.654601573944092, 6.659106254577637, 6.654601573944092, 4.659106254577637]	-0.7853981633974483	R
2875.411	2.4839999999999236	trials	2876.824633333333	2876.8256333333334	1.0	[4.654601573944092, 6.659106254577637, 6.654601573944092, 4.659106254577637]	0.7853981633974483	R
2878.147	2.242000000000189	trials	2879.381966666667	2879.3829666666666	4.0	[-0.987258791923523, -6.999989986419678, 1.012741208076477, -8.99998950958252]	-1.5707963267948966	R
2880.641	2.2390000000000327	trials	2881.7318	2881.7328	5.0	[-6.645581245422363, -4.668104648590088, -4.645581245422363, -6.668104648590088]	-2.356194490192345	R
2883.131	2.4349999999999454	trials	2884.858566666667	2884.8595666666665	7.0	[-6.672598838806152, 6.64106559753418, -4.672598838806152, 4.64106559753418]	2.356194490192345	I
2885.818	3.5179999999995744	trials	2888.5427	2888.5437333333334	0.0	[-1.0, 9.0, 1.0, 7.0]	1.5707963267948966	I
2889.587	3.34900000000016	trials	2891.8008	2891.8018	6.0	[-8.999977111816406, 0.9808881878852844, -6.999977111816406, -1.0191118717193604]	3.141592653589793	R
2893.187	0.8670000000001892	trials				[NaN, NaN, NaN, NaN]		A
2894.306	1.9710000000000036	trials	2895.1210333333333	2895.122066666667	1.0	[6.999997615814209, 1.0063706636428833, 8.99999713897705, -0.9936293959617615]	0.7853981633974483	R
2896.529	2.606999999999971	trials	2897.9410333333335	2897.9420666666665	7.0	[-6.672598838806152, 6.64106559753418, -4.672598838806152, 4.64106559753418]	2.356194490192345	R
2899.388	2.798000000000229	trials	2901.1279666666665	2901.1289666666667	4.0	[-0.987258791923523, -6.999989986419678, 1.012741208076477, -8.99998950958252]	-1.5707963267948966	R
2902.437	2.994000000000142	trials	2904.3068333333335	2904.3078666666665	0.0	[-1.0, 9.0, 1.0, 7.0]	1.5707963267948966	R
2905.682	2.913000000000011	trials	2907.3534	2907.3544	3.0	[4.663607120513916, -4.650093078613281, 6.663607120513916, -6.650093078613281]	-0.7853981633974483	R
2908.846	2.4960000000000946	trials	2910.2626333333333	2910.2636333333335	5.0	[-6.645581245422363, -4.668104648590088, -4.645581245422363, -6.668104648590088]	-2.356194490192345	R
2911.594	2.7719999999999345	trials	2913.293166666667	2913.2941666666666	6.0	[-8.999977111816406, 0.9808881878852844, -6.999977111816406, -1.0191118717193604]	3.141592653589793	R
2914.617	2.881999999999607	trials	2916.4339666666665	2916.4349666666667	2.0	[6.999997615814209, 1.0063706636428833, 8.99999713897705, -0.9936293959617615]	0.0	R
2917.75	2.2899999999999636	trials	2918.9341666666664	2918.9351666666666	2.0	[6.999997615814209, 1.0063706636428833, 8.99999713897705, -0.9936293959617615]	0.0	R
2920.292	2.787000000000262	trials	2922.0509	2922.0519	4.0	[-0.987258791923523, -6.999989986419678, 1.012741208076477, -8.99998950958252]	-1.5707963267948966	R
2923.331	2.574000000000069	trials	2925.218766666667	2925.2197666666666	0.0	[-1.0, 9.0, 1.0, 7.0]	1.5707963267948966	I
2926.157	2.9149999999999636	trials	2928.0117	2928.0127	1.0	[4.654601573944092, 6.659106254577637, 6.654601573944092, 4.659106254577637]	0.7853981633974483	R
2929.324	2.619999999999891	trials	2930.8768	2930.8778	6.0	[-8.999977111816406, 0.9808881878852844, -6.999977111816406, -1.0191118717193604]	3.141592653589793	R
2932.196	2.9549999999999272	trials	2934.064733333333	2934.0657333333334	5.0	[-6.645581245422363, -4.668104648590088, -4.645581245422363, -6.668104648590088]	-2.356194490192345	R
2935.403	2.719000000000051	trials	2937.0451	2937.0461333333333	3.0	[4.663607120513916, -4.650093078613281, 6.663607120513916, -6.650093078613281]	-0.7853981633974483	R
2938.373	2.9029999999997926	trials	2940.0515666666665	2940.0525666666667	7.0	[-6.672598838806152, 6.64106559753418, -4.672598838806152, 4.64106559753418]	2.356194490192345	R
2941.527	3.050999999999931	trials	2943.4540333333334	2943.455033333333	5.0	[-6.672598838806152, 6.64106559753418, -4.672598838806152, 4.64106559753418]	-2.356194490192345	R
2944.829	2.6469999999999345	trials	2946.3011	2946.3021	3.0	[4.663607120513916, -4.650093078613281, 6.663607120513916, -6.650093078613281]	-0.7853981633974483	R
2947.728	3.0839999999998327	trials	2949.6805	2949.6815	1.0	[4.654601573944092, 6.659106254577637, 6.654601573944092, 4.659106254577637]	0.7853981633974483	R
2951.064	3.32300000000032	trials	2953.2924333333335	2953.2934666666665	7.0	[-6.672598838806152, 6.64106559753418, -4.672598838806152, 4.64106559753418]	2.356194490192345	R
2954.639	2.5909999999998945	trials	2956.0693333333334	2956.070333333333	4.0	[-0.987258791923523, -6.999989986419678, 1.012741208076477, -8.99998950958252]	-1.5707963267948966	R
2957.482	2.943000000000211	trials	2959.3645333333334	2959.365533333333	6.0	[-8.999977111816406, 0.9808881878852844, -6.999977111816406, -1.0191118717193604]	3.141592653589793	R
2960.677	2.7080000000000837	trials	2962.2406666666666	2962.241666666667	2.0	[6.999997615814209, 1.0063706636428833, 8.99999713897705, -0.9936293959617615]	0.0	R
2963.636	2.5230000000001382	trials	2965.0015	2965.0025	0.0	[-1.0, 9.0, 1.0, 7.0]	1.5707963267948966	R
2966.411	2.543999999999869	trials	2967.8125	2967.8135	0.0	[-1.0, 9.0, 1.0, 7.0]	1.5707963267948966	R
2969.207	2.5840000000002874	trials	2970.6355	2970.6365	1.0	[4.654601573944092, 6.659106254577637, 6.654601573944092, 4.659106254577637]	0.7853981633974483	R
2972.043	2.95699999999988	trials	2973.9266666666667	2973.9276666666665	6.0	[-8.999977111816406, 0.9808881878852844, -6.999977111816406, -1.0191118717193604]	3.141592653589793	R
2975.252	2.6230000000000473	trials	2976.8058	2976.8068333333335	3.0	[4.663607120513916, -4.650093078613281, 6.663607120513916, -6.650093078613281]	-0.7853981633974483	R
2978.127	2.5300000000002	trials	2979.482466666667	2979.4834666666666	7.0	[-6.672598838806152, 6.64106559753418, -4.672598838806152, 4.64106559753418]	2.356194490192345	R
2980.909	2.8710000000000946	trials	2982.6894333333335	2982.690433333333	2.0	[6.999997615814209, 1.0063706636428833, 8.99999713897705, -0.9936293959617615]	0.0	R
2984.032	2.994999999999891	trials	2985.9846	2985.9856	4.0	[-0.987258791923523, -6.999989986419678, 1.012741208076477, -8.99998950958252]	-1.5707963267948966	R
2987.279	3.0650000000000546	trials	2989.0923	2989.0933333333332	5.0	[-6.645581245422363, -4.668104648590088, -4.645581245422363, -6.668104648590088]	-2.356194490192345	R
2990.596	2.7339999999999236	trials	2992.203033333333	2992.2040333333334	4.0	[-6.645581245422363, -4.668104648590088, -4.645581245422363, -6.668104648590088]	-1.5707963267948966	R
2993.581	0.6529999999997926	trials				[NaN, NaN, NaN, NaN]		A
2994.486	0.0820000000003347	trials				[NaN, NaN, NaN, NaN]		A
2994.82	2.4779999999996107	trials	2996.4385666666667	2996.4395666666665	3.0	[4.663607120513916, -4.650093078613281, 6.663607120513916, -6.650093078613281]	-0.7853981633974483	I
2997.549	6.4340000000001965	trials	3002.8755333333334	3002.8765333333336	5.0	[-6.645581245422363, -4.668104648590088, -4.645581245422363, -6.668104648590088]	-2.356194490192345	R
3004.235	2.8779999999997017	trials	3005.9942666666666	3005.995266666667	6.0	[-8.999977111816406, 0.9808881878852844, -6.999977111816406, -1.0191118717193604]	3.141592653589793	R
3007.365	3.1539999999999964	trials	3009.3937	3009.3947	7.0	[-6.672598838806152, 6.64106559753418, -4.672598838806152, 4.64106559753418]	2.356194490192345	R
3010.77	3.0900000000001455	trials	3012.7961666666665	3012.7971666666667	2.0	[6.999997615814209, 1.0063706636428833, 8.99999713897705, -0.9936293959617615]	0.0	R
3014.111	2.98700000000008	trials	3016.0933333333332	3016.0943333333335	3.0	[6.999997615814209, 1.0063706636428833, 8.99999713897705, -0.9936293959617615]	-0.7853981633974483	F
3017.349	3.717999999999847	trials				[NaN, NaN, NaN, NaN]		A
3021.318	4.3149999999996	trials	3024.4801666666667	3024.4811666666665	5.0	[-6.645581245422363, -4.668104648590088, -4.645581245422363, -6.668104648590088]	-2.356194490192345	R
3025.885	3.2349999999996726	trials	3028.0279666666665	3028.0289666666667	6.0	[-8.999977111816406, 0.9808881878852844, -6.999977111816406, -1.0191118717193604]	3.141592653589793	R
3029.371	3.0579999999999927	trials	3031.357233333333	3031.3582333333334	2.0	[6.999997615814209, 1.0063706636428833, 8.99999713897705, -0.9936293959617615]	0.0	R
3032.681	2.91399999999976	trials	3034.4509	3034.4519	0.0	[-1.0, 9.0, 1.0, 7.0]	1.5707963267948966	R
3035.846	2.481999999999971	trials	3037.085466666667	3037.0864666666666	7.0	[-6.672598838806152, 6.64106559753418, -4.672598838806152, 4.64106559753418]	2.356194490192345	R
3038.579	2.994999999999891	trials	3040.5089333333335	3040.5099666666665	4.0	[-0.987258791923523, -6.999989986419678, 1.012741208076477, -8.99998950958252]	-1.5707963267948966	R
3041.825	2.519999999999982	trials	3043.2577666666666	3043.258766666667	3.0	[-0.987258791923523, -6.999989986419678, 1.012741208076477, -8.99998950958252]	-0.7853981633974483	R
3044.597	2.9329999999999927	trials	3046.5259	3046.5269	7.0	[-6.672598838806152, 6.64106559753418, -4.672598838806152, 4.64106559753418]	2.356194490192345	F
3047.782	30.875	trials	3077.4747	3077.4757	2.0	[6.999997615814209, 1.0063706636428833, 8.99999713897705, -0.9936293959617615]	0.0	R
3078.908	3.0460000000002765	trials	3080.860133333333	3080.8611333333333	0.0	[-1.0, 9.0, 1.0, 7.0]	1.5707963267948966	R
3082.205	3.081000000000131	trials	3083.8876333333333	3083.8886333333335	6.0	[-8.999977111816406, 0.9808881878852844, -6.999977111816406, -1.0191118717193604]	3.141592653589793	R
3085.538	2.9229999999997744	trials	3087.3362	3087.3372	1.0	[4.654601573944092, 6.659106254577637, 6.654601573944092, 4.659106254577637]	0.7853981633974483	R
3088.713	28.712999999999738	trials	3116.2179	3116.2189	4.0	[-0.987258791923523, -6.999989986419678, 1.012741208076477, -8.99998950958252]	-1.5707963267948966	R
3117.677	0.7570000000000618	trials				[NaN, NaN, NaN, NaN]		A
3118.686	2.4780000000000655	trials	3120.0083	3120.0093	7.0	[-6.645581245422363, -4.668104648590088, -4.645581245422363, -6.668104648590088]	2.356194490192345	R
3121.416	2.6269999999999527	trials	3123.225266666667	3123.2263	6.0	[-8.999977111816406, 0.9808881878852844, -6.999977111816406, -1.0191118717193604]	3.141592653589793	I
3124.295	3.3769999999999527	trials	3126.2919	3126.2929	4.0	[-0.987258791923523, -6.999989986419678, 1.012741208076477, -8.99998950958252]	-1.5707963267948966	R
3127.924	2.2229999999999563	trials	3129.0938666666666	3129.094866666667	5.0	[-6.645581245422363, -4.668104648590088, -4.645581245422363, -6.668104648590088]	-2.356194490192345	R
3130.399	2.36200000000008	trials	3131.6822666666667	3131.6832666666664	2.0	[6.999997615814209, 1.0063706636428833, 8.99999713897705, -0.9936293959617615]	0.0	R
3133.013	3.1530000000002474	trials	3134.9955	3134.9965	0.0	[-1.0, 9.0, 1.0, 7.0]	1.5707963267948966	R
3136.418	20.661999999999807	trials	3155.915433333333	3155.9164333333333	3.0	[4.663607120513916, -4.650093078613281, 6.663607120513916, -6.650093078613281]	-0.7853981633974483	R
3157.332	1.0619999999998981	trials				[NaN, NaN, NaN, NaN]		A
3158.645	0.5949999999997999	trials				[NaN, NaN, NaN, NaN]		A
3159.491	0.07900000000017826	trials				[NaN, NaN, NaN, NaN]		A
3159.821	3.7519999999999527	trials	3162.4446333333335	3162.4456333333333	1.0	[4.654601573944092, 6.659106254577637, 6.654601573944092, 4.659106254577637]	0.7853981633974483	R
3163.825	2.350000000000364	trials	3165.0882	3165.0892	2.0	[6.999997615814209, 1.0063706636428833, 8.99999713897705, -0.9936293959617615]	0.0	R
3166.427	2.632000000000062	trials	3168.3342666666667	3168.3352666666665	4.0	[-0.987258791923523, -6.999989986419678, 1.012741208076477, -8.99998950958252]	-1.5707963267948966	I
3169.311	2.2339999999999236	trials	3170.8575333333333	3170.8585333333335	6.0	[-8.999977111816406, 0.9808881878852844, -6.999977111816406, -1.0191118717193604]	3.141592653589793	I
3171.797	3.117999999999938	trials	3173.737666666667	3173.7386666666666	3.0	[4.663607120513916, -4.650093078613281, 6.663607120513916, -6.650093078613281]	-0.7853981633974483	R
3175.166	2.1900000000000546	trials	3176.1907666666666	3176.191766666667	0.0	[-1.0, 9.0, 1.0, 7.0]	1.5707963267948966	R
3177.607	31.221000000000004	trials				[NaN, NaN, NaN, NaN]		A
3209.079	16.909999999999854	trials	3224.7633333333333	3224.7643333333335	1.0	[4.654601573944092, 6.659106254577637, 6.654601573944092, 4.659106254577637]	0.7853981633974483	R
3226.241	2.7390000000000327	trials	3227.9472333333333	3227.9482333333335	6.0	[-8.999977111816406, 0.9808881878852844, -6.999977111816406, -1.0191118717193604]	3.141592653589793	R
3229.231	3.13799999999992	trials	3231.261466666667	3231.2624666666666	0.0	[-1.0, 9.0, 1.0, 7.0]	1.5707963267948966	R
3232.621	3.2950000000000728	trials	3234.8203	3234.8213	3.0	[4.663607120513916, -4.650093078613281, 6.663607120513916, -6.650093078613281]	-0.7853981633974483	R
3236.168	2.8769999999999527	trials	3237.9791333333333	3237.9801333333335	5.0	[-6.645581245422363, -4.668104648590088, -4.645581245422363, -6.668104648590088]	-2.356194490192345	R
3239.296	2.869000000000142	trials	3241.0758333333333	3241.0768333333335	4.0	[-0.987258791923523, -6.999989986419678, 1.012741208076477, -8.99998950958252]	-1.5707963267948966	R
3242.416	3.094000000000051	trials	3244.3339	3244.3349	2.0	[6.999997615814209, 1.0063706636428833, 8.99999713897705, -0.9936293959617615]	0.0	R
3245.761	10.956000000000131	trials	3255.4655333333335	3255.4665333333332	7.0	[6.999997615814209, 1.0063706636428833, 8.99999713897705, -0.9936293959617615]	2.356194490192345	R
3256.968	3.117000000000189	trials	3258.654466666667	3258.6554666666666	6.0	[-8.999977111816406, 0.9808881878852844, -6.999977111816406, -1.0191118717193604]	3.141592653589793	R
3260.337	3.41800000000012	trials	3262.5200666666665	3262.5210666666667	1.0	[4.654601573944092, 6.659106254577637, 6.654601573944092, 4.659106254577637]	0.7853981633974483	R
3264.007	3.6219999999998436	trials	3266.2814	3266.2824	5.0	[-6.645581245422363, -4.668104648590088, -4.645581245422363, -6.668104648590088]	-2.356194490192345	R
3267.88	4.777999999999793	trials	3271.5254	3271.5264	4.0	[-0.987258791923523, -6.999989986419678, 1.012741208076477, -8.99998950958252]	-1.5707963267948966	R
3272.91	2.893000000000029	trials	3274.713333333333	3274.7143333333333	3.0	[4.663607120513916, -4.650093078613281, 6.663607120513916, -6.650093078613281]	-0.7853981633974483	R
3276.055	2.8279999999999745	trials	3277.7859333333336	3277.7869666666666	2.0	[6.999997615814209, 1.0063706636428833, 8.99999713897705, -0.9936293959617615]	0.0	R
3279.134	2.992999999999938	trials	3280.8505666666665	3280.8515666666667	0.0	[-1.0, 9.0, 1.0, 7.0]	1.5707963267948966	R
3282.378	2.507999999999811	trials	3283.8089	3283.8099	5.0	[-1.0, 9.0, 1.0, 7.0]	-2.356194490192345	R
3285.137	2.6669999999999163	trials	3286.722133333333	3286.7231333333334	2.0	[6.999997615814209, 1.0063706636428833, 8.99999713897705, -0.9936293959617615]	0.0	R
3288.055	2.762000000000171	trials	3289.6804666666667	3289.681466666667	0.0	[-1.0, 9.0, 1.0, 7.0]	1.5707963267948966	R
3291.069	2.77599999999984	trials	3292.6799333333333	3292.6809333333335	7.0	[-6.672598838806152, 6.64106559753418, -4.672598838806152, 4.64106559753418]	2.356194490192345	R
3294.096	3.130999999999858	trials	3296.1305	3296.1315	1.0	[4.654601573944092, 6.659106254577637, 6.654601573944092, 4.659106254577637]	0.7853981633974483	R
3297.479	3.1280000000001564	trials	3299.409633333333	3299.4106333333334	4.0	[-0.987258791923523, -6.999989986419678, 1.012741208076477, -8.99998950958252]	-1.5707963267948966	R
3300.858	2.6219999999998436	trials	3302.3559333333333	3302.3569333333335	3.0	[4.663607120513916, -4.650093078613281, 6.663607120513916, -6.650093078613281]	-0.7853981633974483	R
3303.731	3.5659999999998035	trials	3306.2255333333333	3306.2265333333335	6.0	[-8.999977111816406, 0.9808881878852844, -6.999977111816406, -1.0191118717193604]	3.141592653589793	R
3307.549	3.161999999999807	trials	3309.6510333333335	3309.6520333333333	5.0	[-8.999977111816406, 0.9808881878852844, -6.999977111816406, -1.0191118717193604]	-2.356194490192345	R
3310.962	3.1030000000000655	trials	3312.7788	3312.7798	0.0	[-1.0, 9.0, 1.0, 7.0]	1.5707963267948966	R
3314.317	3.4050000000002	trials	3316.6233666666667	3316.6243666666664	1.0	[4.654601573944092, 6.659106254577637, 6.654601573944092, 4.659106254577637]	0.7853981633974483	R
3317.974	3.270999999999731	trials	3320.118033333333	3320.1190333333334	6.0	[-8.999977111816406, 0.9808881878852844, -6.999977111816406, -1.0191118717193604]	3.141592653589793	R
3321.496	18.670000000000073	trials				[NaN, NaN, NaN, NaN]		A
3340.417	10.597999999999956	trials	3349.8568333333333	3349.8578666666667	3.0	[4.663607120513916, -4.650093078613281, 6.663607120513916, -6.650093078613281]	-0.7853981633974483	R
3351.266	2.7080000000000837	trials	3352.6618	3352.6628	7.0	[-6.672598838806152, 6.64106559753418, -4.672598838806152, 4.64106559753418]	2.356194490192345	R
3354.226	2.8669999999997344	trials	3356.0161333333335	3356.0171333333333	4.0	[-0.987258791923523, -6.999989986419678, 1.012741208076477, -8.99998950958252]	-1.5707963267948966	R
3357.344	2.5459999999998217	trials	3358.7609666666667	3358.7619666666665	5.0	[-0.987258791923523, -6.999989986419678, 1.012741208076477, -8.99998950958252]	-2.356194490192345	R
3360.141	2.3649999999997817	trials	3361.4065333333333	3361.4075333333335	6.0	[-8.999977111816406, 0.9808881878852844, -6.999977111816406, -1.0191118717193604]	3.141592653589793	R
3362.758	2.4909999999999854	trials	3364.1222666666667	3364.1232666666665	0.0	[-1.0, 9.0, 1.0, 7.0]	1.5707963267948966	R
3365.501	3.105999999999767	trials	3367.3492666666666	3367.350266666667	7.0	[-6.672598838806152, 6.64106559753418, -4.672598838806152, 4.64106559753418]	2.356194490192345	R
3368.859	2.98700000000008	trials	3370.7346666666667	3370.7356666666665	1.0	[4.654601573944092, 6.659106254577637, 6.654601573944092, 4.659106254577637]	0.7853981633974483	R
3372.098	2.6210000000000946	trials	3373.4083	3373.4093333333335	3.0	[4.663607120513916, -4.650093078613281, 6.663607120513916, -6.650093078613281]	-0.7853981633974483	R
3374.97	2.7210000000000036	trials	3376.6192666666666	3376.6203	4.0	[-0.987258791923523, -6.999989986419678, 1.012741208076477, -8.99998950958252]	-1.5707963267948966	R
3377.943	2.3089999999997417	trials	3379.190666666667	3379.1916666666666	2.0	[6.999997615814209, 1.0063706636428833, 8.99999713897705, -0.9936293959617615]	0.0	R
3380.504	2.574000000000069	trials	3381.9495333333334	3381.950533333333	0.0	[6.999997615814209, 1.0063706636428833, 8.99999713897705, -0.9936293959617615]	1.5707963267948966	R
3383.33	3.1350000000002183	trials	3385.3960666666667	3385.397066666667	5.0	[-6.645581245422363, -4.668104648590088, -4.645581245422363, -6.668104648590088]	-2.356194490192345	R
3386.716	3.048999999999978	trials	3388.5689333333335	3388.569933333333	7.0	[-6.672598838806152, 6.64106559753418, -4.672598838806152, 4.64106559753418]	2.356194490192345	R
3390.017	3.229000000000269	trials	3392.1548333333335	3392.1558666666665	1.0	[4.654601573944092, 6.659106254577637, 6.654601573944092, 4.659106254577637]	0.7853981633974483	R
3393.497	3.5080000000002656	trials	3395.8941333333332	3395.8951333333334	6.0	[-8.999977111816406, 0.9808881878852844, -6.999977111816406, -1.0191118717193604]	3.141592653589793	R
3397.257	2.7979999999997744	trials	3398.8234	3398.8244	4.0	[-0.987258791923523, -6.999989986419678, 1.012741208076477, -8.99998950958252]	-1.5707963267948966	R
3400.307	3.2580000000002656	trials	3402.4985333333334	3402.499533333333	2.0	[6.999997615814209, 1.0063706636428833, 8.99999713897705, -0.9936293959617615]	0.0	R
3403.817	3.3609999999998763	trials	3406.0994666666666	3406.1004666666668	3.0	[4.663607120513916, -4.650093078613281, 6.663607120513916, -6.650093078613281]	-0.7853981633974483	R
3407.43	2.854000000000269	trials	3409.2513	3409.2523	4.0	[4.663607120513916, -4.650093078613281, 6.663607120513916, -6.650093078613281]	-1.5707963267948966	R
3410.535	3.0960000000000036	trials	3412.5414666666666	3412.5424666666668	1.0	[4.654601573944092, 6.659106254577637, 6.654601573944092, 4.659106254577637]	0.7853981633974483	R
3413.883	3.098000000000411	trials	3415.8176	3415.8186	0.0	[-1.0, 9.0, 1.0, 7.0]	1.5707963267948966	R
3417.233	3.4699999999998	trials	3419.631066666667	3419.6320666666666	2.0	[6.999997615814209, 1.0063706636428833, 8.99999713897705, -0.9936293959617615]	0.0	R
3420.954	2.826000000000022	trials	3422.7347666666665	3422.7357666666667	5.0	[-6.645581245422363, -4.668104648590088, -4.645581245422363, -6.668104648590088]	-2.356194490192345	R
3424.032	3.3919999999998254	trials	3426.3046	3426.3056	6.0	[-8.999977111816406, 0.9808881878852844, -6.999977111816406, -1.0191118717193604]	3.141592653589793	R
3427.676	3.1080000000001746	trials	3429.6729666666665	3429.6739666666667	7.0	[-6.672598838806152, 6.64106559753418, -4.672598838806152, 4.64106559753418]	2.356194490192345	R
3431.035	3.236000000000331	trials	3433.0934666666667	3433.0944666666664	3.0	[4.663607120513916, -4.650093078613281, 6.663607120513916, -6.650093078613281]	-0.7853981633974483	R
3434.523	2.632000000000062	trials	3436.037766666667	3436.0387666666666	3.0	[4.663607120513916, -4.650093078613281, 6.663607120513916, -6.650093078613281]	-0.7853981633974483	R
3437.406	3.2089999999998327	trials	3439.568533333333	3439.5695333333333	4.0	[-0.987258791923523, -6.999989986419678, 1.012741208076477, -8.99998950958252]	-1.5707963267948966	R
3440.867	3.181999999999789	trials	3442.8276333333333	3442.8286333333335	1.0	[4.654601573944092, 6.659106254577637, 6.654601573944092, 4.659106254577637]	0.7853981633974483	R
3444.3	2.6019999999998618	trials	3445.7869666666666	3445.7879666666668	2.0	[6.999997615814209, 1.0063706636428833, 8.99999713897705, -0.9936293959617615]	0.0	R
3447.153	2.5289999999999964	trials	3448.5889333333334	3448.589933333333	5.0	[-6.645581245422363, -4.668104648590088, -4.645581245422363, -6.668104648590088]	-2.356194490192345	R
3449.933	3.1660000000001673	trials	3452.018433333333	3452.0194666666666	7.0	[-6.672598838806152, 6.64106559753418, -4.672598838806152, 4.64106559753418]	2.356194490192345	R
3453.351	2.8789999999999054	trials	3455.1572333333334	3455.1582333333336	6.0	[-8.999977111816406, 0.9808881878852844, -6.999977111816406, -1.0191118717193604]	3.141592653589793	R
3456.482	2.612999999999829	trials	3457.9993	3458.0003	0.0	[-1.0, 9.0, 1.0, 7.0]	1.5707963267948966	R
3459.347	1.01299999999992	trials				[NaN, NaN, NaN, NaN]		A
3460.612	0.6829999999999927	trials				[NaN, NaN, NaN, NaN]		A
3461.547	0.25300000000015643	trials				[NaN, NaN, NaN, NaN]		A
3462.051	2.686000000000149	trials	3463.5982	3463.5992	7.0	[-6.672598838806152, 6.64106559753418, -4.672598838806152, 4.64106559753418]	2.356194490192345	R
3464.989	3.2739999999998872	trials	3467.2191666666668	3467.2202	5.0	[-6.645581245422363, -4.668104648590088, -4.645581245422363, -6.668104648590088]	-2.356194490192345	R
3468.514	2.594000000000051	trials	3469.9980666666665	3469.9990666666667	4.0	[-0.987258791923523, -6.999989986419678, 1.012741208076477, -8.99998950958252]	-1.5707963267948966	R
3471.359	2.66800000000012	trials	3472.916333333333	3472.9173333333333	2.0	[6.999997615814209, 1.0063706636428833, 8.99999713897705, -0.9936293959617615]	0.0	R
3474.279	0.8479999999999563	trials				[NaN, NaN, NaN, NaN]		A
3475.378	1.8649999999997817	trials	3476.1233	3476.1243	0.0	[4.663607120513916, -4.650093078613281, 6.663607120513916, -6.650093078613281]	1.5707963267948966	R
3477.495	3.1900000000000546	trials	3479.5578	3479.5588	2.0	[6.999997615814209, 1.0063706636428833, 8.99999713897705, -0.9936293959617615]	0.0	R
3480.936	3.28899999999976	trials	3483.088566666667	3483.0895666666665	1.0	[4.654601573944092, 6.659106254577637, 6.654601573944092, 4.659106254577637]	0.7853981633974483	R
3484.477	2.6330000000002656	trials	3485.9978	3485.9988	7.0	[-6.672598838806152, 6.64106559753418, -4.672598838806152, 4.64106559753418]	2.356194490192345	R
3487.361	3.3150000000000546	trials	3489.5576333333333	3489.5586333333335	3.0	[4.663607120513916, -4.650093078613281, 6.663607120513916, -6.650093078613281]	-0.7853981633974483	R
3490.928	3.0140000000001237	trials	3492.8087	3492.8097	6.0	[-8.999977111816406, 0.9808881878852844, -6.999977111816406, -1.0191118717193604]	3.141592653589793	R
3494.193	3.4289999999996326	trials	3496.5680333333335	3496.569033333333	4.0	[-0.987258791923523, -6.999989986419678, 1.012741208076477, -8.99998950958252]	-1.5707963267948966	R
3497.873	2.311999999999898	trials	3499.1444333333334	3499.145433333333	5.0	[-6.645581245422363, -4.668104648590088, -4.645581245422363, -6.668104648590088]	-2.356194490192345	R
3500.437	2.525000000000091	trials	3501.8200666666667	3501.821066666667	7.0	[-6.645581245422363, -4.668104648590088, -4.645581245422363, -6.668104648590088]	2.356194490192345	R
3503.214	3.1230000000000473	trials	3505.203466666667	3505.2044666666666	3.0	[4.663607120513916, -4.650093078613281, 6.663607120513916, -6.650093078613281]	-0.7853981633974483	R
3506.589	2.4279999999998836	trials	3507.9051666666664	3507.9061666666666	2.0	[6.999997615814209, 1.0063706636428833, 8.99999713897705, -0.9936293959617615]	0.0	R
3509.269	3.01700000000028	trials	3511.1622666666667	3511.1632666666665	1.0	[4.654601573944092, 6.659106254577637, 6.654601573944092, 4.659106254577637]	0.7853981633974483	R
3512.538	2.6260000000002037	trials	3514.0745	3514.0755	6.0	[-8.999977111816406, 0.9808881878852844, -6.999977111816406, -1.0191118717193604]	3.141592653589793	R
3515.416	3.355999999999767	trials	3517.572166666667	3517.5731666666666	5.0	[-6.645581245422363, -4.668104648590088, -4.645581245422363, -6.668104648590088]	-2.356194490192345	R
3519.024	2.8710000000000946	trials	3521.0057	3521.0067	0.0	[-1.0, 9.0, 1.0, 7.0]	1.5707963267948966	I
3522.147	2.96100000000024	trials	3524.1264333333334	3524.1274333333336	4.0	[-0.987258791923523, -6.999989986419678, 1.012741208076477, -8.99998950958252]	-1.5707963267948966	R
3525.36	3.1589999999996508	trials	3527.4306333333334	3527.431633333333	3.0	[-0.987258791923523, -6.999989986419678, 1.012741208076477, -8.99998950958252]	-0.7853981633974483	R
3528.771	3.424999999999727	trials	3530.9493666666667	3530.9503666666665	7.0	[-6.672598838806152, 6.64106559753418, -4.672598838806152, 4.64106559753418]	2.356194490192345	R
3532.448	3.242999999999938	trials	3534.5874	3534.5884	6.0	[-8.999977111816406, 0.9808881878852844, -6.999977111816406, -1.0191118717193604]	3.141592653589793	R
3535.943	2.9699999999998	trials	3537.8465	3537.8475	5.0	[-6.645581245422363, -4.668104648590088, -4.645581245422363, -6.668104648590088]	-2.356194490192345	R
3539.165	2.7530000000001564	trials	3541.1116	3541.1126	0.0	[-1.0, 9.0, 1.0, 7.0]	1.5707963267948966	I
3542.169	3.1410000000000764	trials	3544.2784666666666	3544.279466666667	4.0	[-0.987258791923523, -6.999989986419678, 1.012741208076477, -8.99998950958252]	-1.5707963267948966	R
3545.562	2.64200000000028	trials	3547.1295333333333	3547.1305333333335	2.0	[6.999997615814209, 1.0063706636428833, 8.99999713897705, -0.9936293959617615]	0.0	R
3548.456	2.9989999999997963	trials	3550.3224666666665	3550.3234666666667	1.0	[4.654601573944092, 6.659106254577637, 6.654601573944092, 4.659106254577637]	0.7853981633974483	R
3551.707	2.5709999999999127	trials	3553.2246666666665	3553.2256666666667	3.0	[4.654601573944092, 6.659106254577637, 6.654601573944092, 4.659106254577637]	-0.7853981633974483	R
3554.53	2.8460000000000036	trials	3556.3544333333334	3556.355433333333	4.0	[-0.987258791923523, -6.999989986419678, 1.012741208076477, -8.99998950958252]	-1.5707963267948966	R
3557.628	2.9079999999999018	trials	3559.4461333333334	3559.447133333333	5.0	[-6.645581245422363, -4.668104648590088, -4.645581245422363, -6.668104648590088]	-2.356194490192345	R
3560.787	2.3859999999999673	trials	3562.0776666666666	3562.078666666667	1.0	[4.654601573944092, 6.659106254577637, 6.654601573944092, 4.659106254577637]	0.7853981633974483	R
3563.425	2.6849999999999454	trials	3564.9949	3564.9959	0.0	[-1.0, 9.0, 1.0, 7.0]	1.5707963267948966	R
3566.361	2.856999999999971	trials	3568.1397	3568.1407	6.0	[-8.999977111816406, 0.9808881878852844, -6.999977111816406, -1.0191118717193604]	3.141592653589793	R
3569.47	2.7450000000003456	trials	3571.5000333333332	3571.5010333333335	7.0	[-6.672598838806152, 6.64106559753418, -4.672598838806152, 4.64106559753418]	2.356194490192345	I
3572.466	3.3160000000002583	trials	3574.6548666666667	3574.6558666666665	2.0	[6.999997615814209, 1.0063706636428833, 8.99999713897705, -0.9936293959617615]	0.0	R
3576.033	2.7229999999999563	trials	3577.6904	3577.6914	2.0	[6.999997615814209, 1.0063706636428833, 8.99999713897705, -0.9936293959617615]	0.0	R
3579.008	3.2280000000000655	trials	3581.1369666666665	3581.1379666666667	5.0	[-6.645581245422363, -4.668104648590088, -4.645581245422363, -6.668104648590088]	-2.356194490192345	R
3582.487	3.1909999999998035	trials	3584.560466666667	3584.5614666666665	1.0	[4.654601573944092, 6.659106254577637, 6.654601573944092, 4.659106254577637]	0.7853981633974483	R
3585.93	3.3040000000000873	trials	3588.0902333333333	3588.0912333333335	7.0	[-6.672598838806152, 6.64106559753418, -4.672598838806152, 4.64106559753418]	2.356194490192345	R
3589.486	2.89200000000028	trials	3591.2550666666666	3591.256066666667	6.0	[-8.999977111816406, 0.9808881878852844, -6.999977111816406, -1.0191118717193604]	3.141592653589793	R
3592.63	2.6659999999997126	trials	3593.9547666666667	3593.9558	3.0	[4.663607120513916, -4.650093078613281, 6.663607120513916, -6.650093078613281]	-0.7853981633974483	R
3595.548	3.1230000000000473	trials	3597.499566666667	3597.5005666666666	0.0	[-1.0, 9.0, 1.0, 7.0]	1.5707963267948966	R
3598.922	3.1729999999997744	trials	3601.2168	3601.2178	4.0	[-0.987258791923523, -6.999989986419678, 1.012741208076477, -8.99998950958252]	-1.5707963267948966	I
3602.347	3.0289999999999964	trials	3604.2242666666666	3604.225266666667	7.0	[-0.987258791923523, -6.999989986419678, 1.012741208076477, -8.99998950958252]	2.356194490192345	R
3605.628	2.9669999999996435	trials	3607.3741	3607.3751	5.0	[6.241173467837776e-31, 2.5767710443947966e-33, 2.4379598552420697e-33, 6.596533873650679e-31]	-2.356194490192345	R
3608.847	2.6989999999996144	trials	3610.4417	3610.4427	0.0	[-1.0, 9.0, 1.0, 7.0]	1.5707963267948966	R
3611.798	2.7630000000003747	trials	3613.5053	3613.5063	3.0	[4.663607120513916, -4.650093078613281, 6.663607120513916, -6.650093078613281]	-0.7853981633974483	R
3614.813	3.0720000000001164	trials	3616.7584	3616.7594	1.0	[4.654601573944092, 6.659106254577637, 6.654601573944092, 4.659106254577637]	0.7853981633974483	R
3618.137	3.3599999999996726	trials	3620.339266666667	3620.3402666666666	6.0	[-8.999977111816406, 0.9808881878852844, -6.999977111816406, -1.0191118717193604]	3.141592653589793	R
3621.749	3.2270000000003165	trials	3623.9001	3623.9011	4.0	[-0.987258791923523, -6.999989986419678, 1.012741208076477, -8.99998950958252]	-1.5707963267948966	R
3625.227	0.5860000000002401	trials				[NaN, NaN, NaN, NaN]		A
3626.065	2.674999999999727	trials	3628.0855	3628.0865	2.0	[6.999997615814209, 1.0063706636428833, 8.99999713897705, -0.9936293959617615]	0.0	I
