onset	duration	nwb_table	target_on_time	go_cue_time	target_id	target_corners	target_dir	result
1.997	4.931	trials	4.407166666666667	5.7575	4.0	[-0.98725879 -6.99998999  1.01274121 -8.99998951]	-1.5707963267948966	R
7.18	3.7590000000000003	trials	8.804066666666667	9.763433333333333	6.0	[-8.99997711  0.98088819 -6.99997711 -1.01911187]	3.141592653589793	R
11.191	4.040999999999999	trials	12.629566666666667	14.116266666666666	5.0	[-6.64558125 -4.66810465 -4.64558125 -6.66810465]	-2.356194490192345	R
15.484	3.8259999999999987	trials	17.5518	18.0811	5.0	[-6.64558125 -4.66810465 -4.64558125 -6.66810465]	-2.356194490192345	R
19.562	4.475999999999999	trials	21.7873	22.862966666666665	4.0	[-0.98725879 -6.99998999  1.01274121 -8.99998951]	-1.5707963267948966	R
24.29	3.958000000000002	trials	25.92556666666667	26.960133333333335	1.0	[4.65460157 6.65910625 6.65460157 4.65910625]	0.7853981633974483	R
28.5	3.959000000000003	trials	30.026766666666667	31.3741	2.0	[ 6.99999762  1.00637066  8.99999714 -0.9936294 ]	0.0	R
32.71	4.421999999999997	trials	34.77053333333333	35.93143333333333	7.0	[-6.67259884  6.6410656  -4.67259884  4.6410656 ]	2.356194490192345	R
37.384	1.5790000000000006	trials				[nan nan nan nan]		A
39.215	19.316999999999993	trials	56.71503333333333	57.32653333333333	0.0	[-1.  9.  1.  7.]	1.5707963267948966	R
58.783	5.364999999999995	trials	62.156533333333336	62.97356666666666	3.0	[ 4.66360712 -4.65009308  6.66360712 -6.65009308]	-0.7853981633974483	R
64.4	4.006	trials	66.55946666666667	67.31433333333334	0.0	[ 4.66360712 -4.65009308  6.66360712 -6.65009308]	1.5707963267948966	R
68.658	4.579999999999998	trials	71.54986666666667	72.0531	5.0	[-6.64558125 -4.66810465 -4.64558125 -6.66810465]	-2.356194490192345	R
73.49	3.834000000000003	trials	74.78286666666666	76.09313333333333	4.0	[-0.98725879 -6.99998999  1.01274121 -8.99998951]	-1.5707963267948966	R
77.576	4.108000000000004	trials	79.7402	80.45296666666667	6.0	[-8.99997711  0.98088819 -6.99997711 -1.01911187]	3.141592653589793	R
81.936	3.589999999999989	trials	83.4033	84.4599	7.0	[-6.67259884  6.6410656  -4.67259884  4.6410656 ]	2.356194490192345	R
85.777	3.5829999999999984	trials	87.4784	88.09393333333334	2.0	[ 6.99999762  1.00637066  8.99999714 -0.9936294 ]	0.0	R
89.612	4.856000000000009	trials	92.0738	93.32993333333333	1.0	[4.65460157 6.65910625 6.65460157 4.65910625]	0.7853981633974483	R
94.719	4.4680000000000035	trials	96.88073333333334	97.92733333333334	3.0	[ 4.66360712 -4.65009308  6.66360712 -6.65009308]	-0.7853981633974483	R
99.439	4.442000000000007	trials	101.4872	102.619	3.0	[ 4.66360712 -4.65009308  6.66360712 -6.65009308]	-0.7853981633974483	R
104.133	3.9420000000000073	trials	105.7638	106.7713	7.0	[-6.67259884  6.6410656  -4.67259884  4.6410656 ]	2.356194490192345	F
108.326	8.968000000000004	trials	114.97066666666667	116.16963333333334	1.0	[4.65460157 6.65910625 6.65460157 4.65910625]	0.7853981633974483	R
117.546	4.239999999999995	trials	119.87483333333333	120.56656666666667	5.0	[-6.64558125 -4.66810465 -4.64558125 -6.66810465]	-2.356194490192345	R
122.037	3.654999999999987	trials	123.7695	124.4502	4.0	[-0.98725879 -6.99998999  1.01274121 -8.99998951]	-1.5707963267948966	R
125.944	4.440999999999988	trials	128.3188	129.2792	6.0	[-8.99997711  0.98088819 -6.99997711 -1.01911187]	3.141592653589793	R
130.637	4.068000000000012	trials	132.8731	133.4726	2.0	[ 6.99999762  1.00637066  8.99999714 -0.9936294 ]	0.0	R
134.956	4.062000000000012	trials	137.2961	137.89256666666665	0.0	[-1.  9.  1.  7.]	1.5707963267948966	R
139.27	4.282999999999987	trials	141.27796666666666	142.4098	1.0	[-1.  9.  1.  7.]	0.7853981633974483	R
143.804	4.427999999999997	trials	146.05783333333332	147.01223333333334	3.0	[ 4.66360712 -4.65009308  6.66360712 -6.65009308]	-0.7853981633974483	R
148.484	4.149999999999977	trials	150.41066666666666	151.5114	6.0	[-8.99997711  0.98088819 -6.99997711 -1.01911187]	3.141592653589793	R
152.886	3.960000000000008	trials	154.7835	156.1419	0.0	[-1.  9.  1.  7.]	1.5707963267948966	I
157.097	5.043999999999983	trials	159.86813333333333	160.99593333333334	7.0	[-6.67259884  6.6410656  -4.67259884  4.6410656 ]	2.356194490192345	R
162.392	4.3940000000000055	trials	164.29513333333333	165.3638	4.0	[-0.98725879 -6.99998999  1.01274121 -8.99998951]	-1.5707963267948966	R
167.038	1.1359999999999957	trials				[nan nan nan nan]		A
168.425	3.4819999999999993	trials	169.72863333333333	170.78723333333335	2.0	[ 6.99999762  1.00637066  8.99999714 -0.9936294 ]	0.0	R
172.159	3.6500000000000057	trials	173.47793333333334	174.72203333333334	0.0	[ 6.99999762  1.00637066  8.99999714 -0.9936294 ]	1.5707963267948966	R
176.06	5.046999999999997	trials	178.76906666666667	179.89286666666666	4.0	[-0.98725879 -6.99998999  1.01274121 -8.99998951]	-1.5707963267948966	R
181.359	4.649000000000001	trials	183.57	184.87823333333333	3.0	[ 4.66360712 -4.65009308  6.66360712 -6.65009308]	-0.7853981633974483	R
186.26	3.8440000000000225	trials	187.85363333333333	188.9333	5.0	[-6.64558125 -4.66810465 -4.64558125 -6.66810465]	-2.356194490192345	R
190.356	5.126000000000005	trials	192.96833333333333	194.38383333333334	7.0	[6.66743593e-31 6.16993287e-31 2.60446716e-33 2.41013003e-33]	2.356194490192345	R
195.733	4.397999999999996	trials	197.73816666666667	198.96923333333334	6.0	[-8.99997711  0.98088819 -6.99997711 -1.01911187]	3.141592653589793	R
200.383	3.7860000000000014	trials	201.7822	202.9531	1.0	[4.65460157 6.65910625 6.65460157 4.65910625]	0.7853981633974483	R
204.421	4.591000000000008	trials	206.9771	207.79513333333333	2.0	[ 6.99999762  1.00637066  8.99999714 -0.9936294 ]	0.0	R
209.264	3.522999999999996	trials	210.92993333333334	211.51136666666667	4.0	[ 6.99999762  1.00637066  8.99999714 -0.9936294 ]	-1.5707963267948966	R
213.038	3.734999999999985	trials	214.48876666666666	215.6326	5.0	[-6.64558125 -4.66810465 -4.64558125 -6.66810465]	-2.356194490192345	R
217.025	4.278999999999996	trials	219.12926666666667	220.17786666666666	6.0	[-8.99997711  0.98088819 -6.99997711 -1.01911187]	3.141592653589793	R
221.555	3.5720000000000027	trials	223.15726666666666	224.06853333333333	0.0	[-1.  9.  1.  7.]	1.5707963267948966	R
225.379	3.8799999999999955	trials	227.1873	228.1557	1.0	[4.65460157 6.65910625 6.65460157 4.65910625]	0.7853981633974483	R
229.511	3.6740000000000066	trials	231.3807	232.03533333333334	2.0	[ 6.99999762  1.00637066  8.99999714 -0.9936294 ]	0.0	R
233.437	4.329999999999984	trials	235.36056666666667	236.60166666666666	7.0	[-6.67259884  6.6410656  -4.67259884  4.6410656 ]	2.356194490192345	R
238.018	4.062000000000012	trials	239.5991	240.9294	3.0	[ 4.66360712 -4.65009308  6.66360712 -6.65009308]	-0.7853981633974483	R
242.332	4.25	trials	244.41206666666668	245.5248	0.0	[ 4.66360712 -4.65009308  6.66360712 -6.65009308]	1.5707963267948966	R
246.834	4.4410000000000025	trials	249.39643333333333	249.97086666666667	4.0	[-0.98725879 -6.99998999  1.01274121 -8.99998951]	-1.5707963267948966	F
251.527	16.32499999999999	trials	265.43223333333333	266.5891	1.0	[4.65460157 6.65910625 6.65460157 4.65910625]	0.7853981633974483	R
268.104	3.504000000000019	trials	269.8071	270.4136	7.0	[-6.67259884  6.6410656  -4.67259884  4.6410656 ]	2.356194490192345	R
271.859	3.2030000000000314	trials	273.49926666666664	274.2291	2.0	[ 6.99999762  1.00637066  8.99999714 -0.9936294 ]	0.0	I
275.314	0.9230000000000018	trials				[nan nan nan nan]		A
276.489	3.5340000000000487	trials	277.60546666666664	278.77136666666667	5.0	[-6.64558125 -4.66810465 -4.64558125 -6.66810465]	-2.356194490192345	R
280.275	3.540999999999997	trials	281.69663333333335	282.6921	6.0	[-8.99997711  0.98088819 -6.99997711 -1.01911187]	3.141592653589793	R
284.068	3.93100000000004	trials	285.93313333333333	286.4404	2.0	[-8.99997711  0.98088819 -6.99997711 -1.01911187]	0.0	R
288.251	3.80600000000004	trials	290.2619	290.8644	5.0	[-6.64558125 -4.66810465 -4.64558125 -6.66810465]	-2.356194490192345	R
292.309	4.405999999999949	trials	294.26883333333336	295.63623333333334	7.0	[-6.67259884  6.6410656  -4.67259884  4.6410656 ]	2.356194490192345	R
296.967	4.223000000000013	trials	298.81413333333336	300.0652333333333	6.0	[-8.99997711  0.98088819 -6.99997711 -1.01911187]	3.141592653589793	R
301.442	3.8840000000000146	trials	303.2481333333333	304.1313333333333	3.0	[ 4.66360712 -4.65009308  6.66360712 -6.65009308]	-0.7853981633974483	R
305.578	4.543000000000006	trials	307.8756333333333	308.93123333333335	1.0	[4.65460157e+00 6.45453133e-31 6.38348916e-31 2.52131269e-33]	0.7853981633974483	R
310.373	4.48599999999999	trials	312.2454666666667	313.7051	4.0	[-0.98725879 -6.99998999  1.01274121 -8.99998951]	-1.5707963267948966	R
315.111	0.9780000000000086	trials				[nan nan nan nan]		A
316.341	3.218999999999994	trials	317.54563333333334	318.1792	3.0	[-1.  9.  1.  7.]	-0.7853981633974483	R
319.811	4.958000000000027	trials	322.1951666666667	323.56356666666665	2.0	[ 6.99999762  1.00637066  8.99999714 -0.9936294 ]	0.0	R
325.02	4.444999999999993	trials	327.0312	328.25623333333334	4.0	[-0.98725879 -6.99998999  1.01274121 -8.99998951]	-1.5707963267948966	R
329.717	3.920000000000016	trials	332.00253333333336	332.5188	0.0	[-1.  9.  1.  7.]	1.5707963267948966	R
333.888	4.052000000000021	trials	335.5593666666667	336.7703666666667	6.0	[-8.99997711  0.98088819 -6.99997711 -1.01911187]	3.141592653589793	R
338.192	3.771000000000015	trials	340.10566666666665	340.8254333333333	1.0	[4.65460157 6.65910625 6.65460157 4.65910625]	0.7853981633974483	I
342.215	3.6200000000000045	trials	344.40433333333334	345.075	7.0	[-6.67259884  6.6410656  -4.67259884  4.6410656 ]	2.356194490192345	I
346.087	12.052000000000021	trials				[nan nan nan nan]		A
358.391	0.2729999999999677	trials				[nan nan nan nan]		A
358.915	3.315999999999974	trials	360.11133333333333	361.0165666666667	3.0	[ 4.66360712 -4.65009308  6.66360712 -6.65009308]	-0.7853981633974483	R
362.482	3.375	trials	364.1152666666667	364.7538666666667	7.0	[-6.67259884  6.6410656  -4.67259884  4.6410656 ]	2.356194490192345	R
366.108	4.216000000000008	trials	368.26756666666665	368.836	2.0	[ 6.99999762  1.00637066  8.99999714 -0.9936294 ]	0.0	R
370.575	4.050999999999988	trials	372.3457	373.4223666666667	6.0	[-8.99997711  0.98088819 -6.99997711 -1.01911187]	3.141592653589793	R
374.878	4.0400000000000205	trials	376.71756666666664	377.76916666666665	5.0	[-6.64558125 -4.66810465 -4.64558125 -6.66810465]	-2.356194490192345	R
379.17	3.7869999999999777	trials	380.70346666666666	381.5174666666667	1.0	[4.65460157 6.65910625 6.65460157 4.65910625]	0.7853981633974483	R
383.209	4.031999999999982	trials	384.7876	386.0998666666667	0.0	[-1.  9.  1.  7.]	1.5707963267948966	R
387.492	4.263999999999953	trials	389.80103333333335	390.53186666666664	3.0	[-1.  9.  1.  7.]	-0.7853981633974483	R
392.008	4.26400000000001	trials	394.27413333333334	395.00596666666667	4.0	[-0.98725879 -6.99998999  1.01274121 -8.99998951]	-1.5707963267948966	R
396.524	3.9710000000000036	trials	398.3232	399.3688	2.0	[ 6.99999762  1.00637066  8.99999714 -0.9936294 ]	0.0	R
400.746	4.282000000000039	trials	403.1542	403.70956666666666	5.0	[-6.64558125 -4.66810465 -4.64558125 -6.66810465]	-2.356194490192345	R
405.279	3.8460000000000036	trials	406.9797	408.0072333333333	6.0	[-8.99997711  0.98088819 -6.99997711 -1.01911187]	3.141592653589793	R
409.377	3.9080000000000155	trials	411.5500333333333	412.1465333333333	7.0	[-6.67259884  6.6410656  -4.67259884  4.6410656 ]	2.356194490192345	R
413.537	4.3040000000000305	trials	415.33846666666665	416.7339	1.0	[4.65460157 6.65910625 6.65460157 4.65910625]	0.7853981633974483	R
418.092	2.8310000000000173	trials	419.6872333333333	420.3358666666667	0.0	[-1.  9.  1.  7.]	1.5707963267948966	I
421.175	4.59499999999997	trials	423.0085	424.4591	1.0	[-1.  9.  1.  7.]	0.7853981633974483	R
426.022	4.590000000000032	trials	428.34473333333335	429.38233333333335	6.0	[-8.99997711  0.98088819 -6.99997711 -1.01911187]	3.141592653589793	R
430.864	4.312000000000012	trials	432.882	434.079	7.0	[-6.67259884  6.6410656  -4.67259884  4.6410656 ]	2.356194490192345	R
435.427	3.6639999999999873	trials	437.11653333333334	437.8784	5.0	[-6.64558125 -4.66810465 -4.64558125 -6.66810465]	-2.356194490192345	R
439.343	3.409999999999968	trials	440.6974333333333	441.7259666666667	0.0	[-1.  9.  1.  7.]	1.5707963267948966	R
443.004	4.86099999999999	trials	445.69483333333335	446.5960666666667	2.0	[ 6.99999762  1.00637066  8.99999714 -0.9936294 ]	0.0	R
448.117	3.842999999999961	trials	449.74286666666666	450.8315666666667	4.0	[-0.98725879 -6.99998999  1.01274121 -8.99998951]	-1.5707963267948966	R
452.212	4.2450000000000045	trials	454.0776333333333	455.2656	3.0	[ 4.66360712 -4.65009308  6.66360712 -6.65009308]	-0.7853981633974483	R
456.708	3.58299999999997	trials	458.2710666666667	458.99586666666664	0.0	[ 4.66360712 -4.65009308  6.66360712 -6.65009308]	1.5707963267948966	R
460.543	3.829999999999984	trials	462.6028	463.10906666666665	4.0	[-0.98725879 -6.99998999  1.01274121 -8.99998951]	-1.5707963267948966	R
464.625	3.6960000000000264	trials	466.4243	467.00873333333334	2.0	[ 6.99999762  1.00637066  8.99999714 -0.9936294 ]	0.0	R
468.573	4.717000000000041	trials	470.8162	472.17556666666667	6.0	[-8.99997711  0.98088819 -6.99997711 -1.01911187]	3.141592653589793	R
473.542	3.934000000000026	trials	474.9705	476.2857666666667	5.0	[-6.64558125 -4.66810465 -4.64558125 -6.66810465]	-2.356194490192345	R
477.727	4.415999999999997	trials	479.7884666666667	480.9834333333333	7.0	[-6.67259884  6.6410656  -4.67259884  4.6410656 ]	2.356194490192345	R
482.395	4.8700000000000045	trials	484.9513	485.9848666666667	1.0	[4.65460157 6.65910625 6.65460157 4.65910625]	0.7853981633974483	R
487.517	3.9279999999999973	trials	489.6098666666667	490.25446666666664	3.0	[ 4.66360712 -4.65009308  6.66360712 -6.65009308]	-0.7853981633974483	R
491.697	4.418999999999983	trials	493.59476666666666	495.04636666666664	4.0	[ 4.66360712 -4.65009308  6.66360712 -6.65009308]	-1.5707963267948966	R
496.368	3.5459999999999923	trials	497.9245	498.70143333333334	2.0	[ 6.99999762  1.00637066  8.99999714 -0.9936294 ]	0.0	R
500.166	4.13900000000001	trials	501.65476666666666	503.14046666666667	1.0	[4.65460157 6.65910625 6.65460157 4.65910625]	0.7853981633974483	R
504.557	3.9039999999999964	trials	506.44966666666664	507.24463333333335	6.0	[-8.99997711  0.98088819 -6.99997711 -1.01911187]	3.141592653589793	R
508.712	4.5	trials	511.1102333333333	511.9804	0.0	[-1.  9.  1.  7.]	1.5707963267948966	R
513.464	4.34599999999989	trials	515.5933666666666	516.3141666666667	5.0	[-6.64558125 -4.66810465 -4.64558125 -6.66810465]	-2.356194490192345	R
518.062	3.4829999999999472	trials	519.5993333333333	520.3421666666667	7.0	[-6.67259884  6.6410656  -4.67259884  4.6410656 ]	2.356194490192345	R
521.797	4.552999999999997	trials	523.7135333333333	525.1200333333334	3.0	[ 4.66360712 -4.65009308  6.66360712 -6.65009308]	-0.7853981633974483	R
526.602	4.143000000000029	trials	528.8753666666667	529.5881333333333	6.0	[ 4.66360712 -4.65009308  6.66360712 -6.65009308]	3.141592653589793	R
530.997	3.383000000000038	trials	532.6828	533.1880666666667	1.0	[4.65460157 6.65910625 6.65460157 4.65910625]	0.7853981633974483	R
534.632	5.218000000000075	trials	538.0722	538.6887333333333	4.0	[-0.98725879 -6.99998999  1.01274121 -8.99998951]	-1.5707963267948966	R
540.101	3.7519999999999527	trials	541.8596	542.6736333333333	7.0	[-6.67259884  6.6410656  -4.67259884  4.6410656 ]	2.356194490192345	R
544.104	2.550999999999931	trials	546.3708		2.0	[ 6.99999762  1.00637066  8.99999714 -0.9936294 ]	0.0	A
546.906	24.3420000000001	trials	569.3348333333333	570.0265333333333	5.0	[-6.64558125 -4.66810465 -4.64558125 -6.66810465]	-2.356194490192345	R
571.499	3.1359999999999673	trials	572.8054333333333	573.4610666666666	0.0	[-1.  9.  1.  7.]	1.5707963267948966	R
574.887	4.475000000000023	trials	576.7201666666666	578.1096	3.0	[ 4.66360712 -4.65009308  6.66360712 -6.65009308]	-0.7853981633974483	R
579.613	3.9689999999999372	trials	581.7767	582.4293333333334	0.0	[ 4.66360712 -4.65009308  6.66360712 -6.65009308]	1.5707963267948966	R
583.834	4.234000000000037	trials	585.6924333333334	586.7651	7.0	[-6.67259884  6.6410656  -4.67259884  4.6410656 ]	2.356194490192345	F
588.32	3.7379999999999427	trials	589.3074	590.755	5.0	[-6.64558125 -4.66810465 -4.64558125 -6.66810465]	-2.356194490192345	F
592.31	15.07000000000005	trials	605.1236666666666	606.2053666666667	2.0	[ 6.99999762  1.00637066  8.99999714 -0.9936294 ]	0.0	R
607.632	3.9180000000000064	trials	609.5406333333333	610.2985333333334	4.0	[-0.98725879 -6.99998999  1.01274121 -8.99998951]	-1.5707963267948966	R
611.801	3.796999999999912	trials	613.5566333333334	614.4097333333333	3.0	[ 4.66360712 -4.65009308  6.66360712 -6.65009308]	-0.7853981633974483	R
615.849	3.950999999999908	trials	617.3029333333334	618.6021333333333	6.0	[-8.99997711  0.98088819 -6.99997711 -1.01911187]	3.141592653589793	R
620.052	3.3239999999999554	trials	621.4362	622.0086	1.0	[4.65460157 6.65910625 6.65460157 4.65910625]	0.7853981633974483	R
623.628	4.014999999999986	trials	625.5824666666666	626.5268333333333	5.0	[4.65460157 6.65910625 6.65460157 4.65910625]	-2.356194490192345	R
627.894	4.090000000000032	trials	629.9333	630.8325	7.0	[-6.67259884  6.6410656  -4.67259884  4.6410656 ]	2.356194490192345	R
632.236	4.399999999999977	trials	634.4294333333333	635.5251666666667	1.0	[4.65460157 6.65910625 6.65460157 4.65910625]	0.7853981633974483	R
636.888	4.002999999999929	trials	638.3481666666667	639.8018	6.0	[-8.99997711  0.98088819 -6.99997711 -1.01911187]	3.141592653589793	R
641.143	3.9429999999999836	trials	643.1671333333334	644.0613666666667	0.0	[-1.  9.  1.  7.]	1.5707963267948966	R
645.338	4.23599999999999	trials	647.6312333333333	648.3189333333333	3.0	[ 4.66360712 -4.65009308  6.66360712 -6.65009308]	-0.7853981633974483	R
649.826	4.66700000000003	trials	652.2657333333333	653.3434	4.0	[-0.98725879 -6.99998999  1.01274121 -8.99998951]	-1.5707963267948966	R
654.745	4.099000000000046	trials	656.5914666666666	657.7222666666667	2.0	[ 6.99999762  1.00637066  8.99999714 -0.9936294 ]	0.0	R
659.096	4.25	trials	661.3713333333334	662.2675666666667	5.0	[ 6.99999762  1.00637066  8.99999714 -0.9936294 ]	-2.356194490192345	R
663.598	4.116000000000099	trials	665.1988333333334	666.6063333333333	7.0	[-6.67259884  6.6410656  -4.67259884  4.6410656 ]	2.356194490192345	R
667.966	3.5699999999999363	trials	669.4824666666667	670.3737	6.0	[-8.99997711  0.98088819 -6.99997711 -1.01911187]	3.141592653589793	R
671.787	3.794999999999959	trials	673.6799	674.5360333333333	0.0	[-1.  9.  1.  7.]	1.5707963267948966	R
675.833	4.314000000000078	trials	677.7911	679.0402	4.0	[-0.98725879 -6.99998999  1.01274121 -8.99998951]	-1.5707963267948966	R
680.399	4.881999999999948	trials	682.6722333333333	683.9153333333334	2.0	[ 6.99999762  1.00637066  8.99999714 -0.9936294 ]	0.0	R
685.532	3.641999999999939	trials	687.1192666666667	687.8220333333334	3.0	[ 4.66360712 -4.65009308  6.66360712 -6.65009308]	-0.7853981633974483	R
689.426	4.339999999999918	trials	691.438	692.6219333333333	1.0	[4.65460157 6.65910625 6.65460157 4.65910625]	0.7853981633974483	R
694.017	3.9669999999999845	trials	695.7998333333334	696.9908	0.0	[4.65460157 6.65910625 6.65460157 4.65910625]	1.5707963267948966	R
698.236	3.23599999999999	trials	699.6734333333334	700.2549	4.0	[-0.98725879 -6.99998999  1.01274121 -8.99998951]	-1.5707963267948966	R
701.724	3.2229999999999563	trials	703.2924333333333	703.8217333333333	7.0	[-6.67259884  6.6410656  -4.67259884  4.6410656 ]	2.356194490192345	R
705.198	3.6789999999999736	trials	706.8823333333333	707.6923666666667	6.0	[-8.99997711  0.98088819 -6.99997711 -1.01911187]	3.141592653589793	R
709.129	3.8479999999999563	trials	711.1830333333334	711.8276333333333	2.0	[ 6.99999762  1.00637066  8.99999714 -0.9936294 ]	0.0	R
713.229	3.536999999999921	trials	714.9393333333334	715.5087666666667	1.0	[4.65460157 6.65910625 6.65460157 4.65910625]	0.7853981633974483	R
717.018	4.588999999999942	trials	719.2600666666667	720.4881333333333	5.0	[-6.64558125 -4.66810465 -4.64558125 -6.66810465]	-2.356194490192345	R
721.859	3.7339999999999236	trials	723.2901	724.4880666666667	3.0	[ 4.66360712 -4.65009308  6.66360712 -6.65009308]	-0.7853981633974483	R
725.844	4.8139999999999645	trials	728.2975333333334	729.5285666666666	6.0	[ 4.66360712 -4.65009308  6.66360712 -6.65009308]	3.141592653589793	R
730.91	4.304000000000087	trials	732.7666	733.9495666666667	1.0	[4.65460157 6.65910625 6.65460157 4.65910625]	0.7853981633974483	R
735.465	4.400999999999954	trials	737.6868333333333	738.562	0.0	[-1.  9.  1.  7.]	1.5707963267948966	F
740.118	13.78699999999992	trials	752.0294333333334	752.5808	4.0	[-0.98725879 -6.99998999  1.01274121 -8.99998951]	-1.5707963267948966	R
754.157	0.6970000000000027	trials				[nan nan nan nan]		A
755.106	2.8319999999999936	trials	755.7306333333333	756.5436666666667	7.0	[-6.67259884  6.6410656  -4.67259884  4.6410656 ]	2.356194490192345	R
758.19	3.8719999999999573	trials	760.0994666666667	760.8142666666666	3.0	[ 4.66360712 -4.65009308  6.66360712 -6.65009308]	-0.7853981633974483	R
762.314	3.850999999999999	trials	764.0623333333333	765.0497666666666	5.0	[-6.64558125 -4.66810465 -4.64558125 -6.66810465]	-2.356194490192345	R
766.416	4.310999999999922	trials	768.5153666666666	769.6421666666666	7.0	[-6.64558125 -4.66810465 -4.64558125 -6.66810465]	2.356194490192345	R
770.979	3.921999999999912	trials	773.1368666666667	773.6922333333333	4.0	[-0.98725879 -6.99998999  1.01274121 -8.99998951]	-1.5707963267948966	R
775.153	4.5090000000000146	trials	777.1177333333334	778.4851333333334	3.0	[ 4.66360712 -4.65009308  6.66360712 -6.65009308]	-0.7853981633974483	R
779.914	3.9560000000000173	trials	781.8364666666666	782.6454666666667	2.0	[ 6.99999762  1.00637066  8.99999714 -0.9936294 ]	0.0	R
784.121	3.340000000000032	trials	785.6589333333334	786.1872666666667	1.0	[4.65460157 6.65910625 6.65460157 4.65910625]	0.7853981633974483	R
787.713	4.055000000000064	trials	789.6488666666667	790.5430666666666	5.0	[-6.64558125 -4.66810465 -4.64558125 -6.66810465]	-2.356194490192345	R
792.02	5.350000000000023	trials	795.6818333333333	796.2151666666666	6.0	[-8.99997711  0.98088819 -6.99997711 -1.01911187]	3.141592653589793	R
797.622	4.07000000000005	trials	799.2456666666667	800.6070666666667	0.0	[-1.  9.  1.  7.]	1.5707963267948966	R
801.943	3.687999999999988	trials	803.3147666666666	804.612	0.0	[-1.  9.  1.  7.]	1.5707963267948966	R
805.882	3.9990000000000236	trials	807.6806333333334	808.7743333333333	5.0	[-6.64558125 -4.66810465 -4.64558125 -6.66810465]	-2.356194490192345	R
810.133	3.981999999999971	trials	811.8750333333334	812.9477	4.0	[-0.98725879 -6.99998999  1.01274121 -8.99998951]	-1.5707963267948966	R
814.366	4.648000000000025	trials	816.7491333333334	817.9250666666667	2.0	[ 6.99999762  1.00637066  8.99999714 -0.9936294 ]	0.0	R
819.265	3.5	trials	821.0067	821.519	3.0	[ 4.66360712 -4.65009308  6.66360712 -6.65009308]	-0.7853981633974483	R
823.017	3.7329999999999472	trials	824.7981333333333	825.6422333333334	7.0	[-6.67259884  6.6410656  -4.67259884  4.6410656 ]	2.356194490192345	R
827.002	3.8319999999999936	trials	828.4542	829.7293666666667	6.0	[-8.99997711  0.98088819 -6.99997711 -1.01911187]	3.141592653589793	R
831.086	4.153999999999996	trials	832.6907333333334	834.0641333333333	1.0	[4.65460157 6.65910625 6.65460157 4.65910625]	0.7853981633974483	R
835.492	4.093000000000075	trials	837.7192	838.4189333333334	6.0	[4.65460157 6.65910625 6.65460157 4.65910625]	3.141592653589793	R
839.836	4.581000000000017	trials	842.0209	843.3221333333333	3.0	[ 4.66360712 -4.65009308  6.66360712 -6.65009308]	-0.7853981633974483	R
844.668	4.88900000000001	trials	847.1085333333333	848.4608666666667	7.0	[-6.67259884  6.6410656  -4.67259884  4.6410656 ]	2.356194490192345	R
849.808	4.428999999999974	trials	851.8964	853.0282333333333	1.0	[4.65460157 6.65910625 6.65460157 4.65910625]	0.7853981633974483	R
854.489	24.20799999999997	trials	876.4503666666667	877.5701666666666	2.0	[ 6.99999762  1.00637066  8.99999714 -0.9936294 ]	0.0	R
878.949	3.4540000000000646	trials	880.4783666666667	881.2312333333333	5.0	[-6.64558125 -4.66810465 -4.64558125 -6.66810465]	-2.356194490192345	R
882.655	4.187000000000012	trials	884.4462333333333	885.7384333333333	4.0	[-0.98725879 -6.99998999  1.01274121 -8.99998951]	-1.5707963267948966	R
887.094	3.75	trials	888.6186	889.8356	0.0	[-1.  9.  1.  7.]	1.5707963267948966	R
891.096	3.7970000000000255	trials	893.0285333333334	893.7222666666667	3.0	[-1.  9.  1.  7.]	-0.7853981633974483	R
895.145	4.83299999999997	trials	897.3312333333333	898.8309333333333	2.0	[ 6.99999762  1.00637066  8.99999714 -0.9936294 ]	0.0	R
900.229	3.88799999999992	trials	901.6980666666667	902.8489333333333	6.0	[-8.99997711  0.98088819 -6.99997711 -1.01911187]	3.141592653589793	R
904.369	3.7469999999999573	trials	906.3095	906.9862	0.0	[-1.  9.  1.  7.]	1.5707963267948966	R
908.368	3.5439999999999827	trials	910.0357666666666	910.8127	7.0	[-6.67259884  6.6410656  -4.67259884  4.6410656 ]	2.356194490192345	R
912.164	4.350999999999999	trials	914.0627666666667	915.4051	5.0	[-6.64558125 -4.66810465 -4.64558125 -6.66810465]	-2.356194490192345	R
916.766	4.004000000000019	trials	918.593	919.4672	4.0	[-0.98725879 -6.99998999  1.01274121 -8.99998951]	-1.5707963267948966	F
921.022	28.932999999999993	trials				[nan nan nan nan]		A
950.207	15.826000000000022	trials	964.3586333333334	964.8699333333333	3.0	[4.65460157 6.65910625 6.65460157 4.65910625]	-0.7853981633974483	R
966.284	4.004000000000019	trials	968.0097	969.1565666666667	6.0	[-8.99997711  0.98088819 -6.99997711 -1.01911187]	3.141592653589793	R
970.54	3.437000000000012	trials	971.9675333333333	972.8848333333333	0.0	[-1.  9.  1.  7.]	1.5707963267948966	R
974.228	3.375	trials	975.8191	976.4115666666667	4.0	[-0.98725879 -6.99998999  1.01274121 -8.99998951]	-1.5707963267948966	R
977.854	4.219999999999914	trials	979.799	981.0019666666667	1.0	[4.65460157 6.65910625 6.65460157 4.65910625]	0.7853981633974483	R
982.325	3.964999999999918	trials	984.0204666666667	985.1813666666667	2.0	[ 6.99999762  1.00637066  8.99999714 -0.9936294 ]	0.0	R
986.542	4.261999999999944	trials	988.6329333333333	989.6715	7.0	[-6.67259884  6.6410656  -4.67259884  4.6410656 ]	2.356194490192345	R
991.056	3.7379999999999427	trials	992.9957666666667	993.5511333333334	5.0	[-6.64558125 -4.66810465 -4.64558125 -6.66810465]	-2.356194490192345	R
995.046	4.439999999999941	trials	997.0057	998.3741	3.0	[-6.64558125 -4.66810465 -4.64558125 -6.66810465]	-0.7853981633974483	R
999.737	3.8040000000000873	trials	1002.0582666666667	1002.8542333333334	7.0	[-6.67259884  6.6410656  -4.67259884  4.6410656 ]	2.356194490192345	I
1003.793	4.91599999999994	trials	1006.4762333333333	1007.6240666666666	6.0	[-8.99997711  0.98088819 -6.99997711 -1.01911187]	3.141592653589793	R
1008.96	4.349999999999909	trials	1010.9343	1012.2666	4.0	[-0.98725879 -6.99998999  1.01274121 -8.99998951]	-1.5707963267948966	R
1013.562	106.50799999999992	trials	1117.8297	1119.2051333333334	0.0	[-1.  9.  1.  7.]	1.5707963267948966	I
1120.322	1.3730000000000473	trials				[nan nan nan nan]		A
1121.947	24.451000000000022	trials	1144.13	1145.0733666666667	1.0	[4.65460157 6.65910625 6.65460157 4.65910625]	0.7853981633974483	R
1146.649	3.30800000000022	trials	1147.9354666666666	1148.7926	5.0	[-6.64558125 -4.66810465 -4.64558125 -6.66810465]	-2.356194490192345	R
1150.208	3.755999999999858	trials	1151.7228666666667	1152.9098	0.0	[-6.64558125 -4.66810465 -4.64558125 -6.66810465]	1.5707963267948966	R
1154.216	3.75	trials	1156.1518666666666	1156.8085	5.0	[-6.64558125 -4.66810465 -4.64558125 -6.66810465]	-2.356194490192345	R
1158.218	3.15099999999984	trials	1159.5663333333334	1160.1167	4.0	[-0.98725879 -6.99998999  1.01274121 -8.99998951]	-1.5707963267948966	R
1161.62	3.6210000000000946	trials	1163.4740333333334	1163.9943333333333	1.0	[4.65460157 6.65910625 6.65460157 4.65910625]	0.7853981633974483	R
1165.493	4.606999999999971	trials	1167.7977666666666	1168.9486333333334	2.0	[ 6.99999762  1.00637066  8.99999714 -0.9936294 ]	0.0	R
1170.351	3.630999999999858	trials	1171.5541	1172.9726333333333	7.0	[-6.67259884  6.6410656  -4.67259884  4.6410656 ]	2.356194490192345	R
1174.234	3.887000000000171	trials	1176.0693333333334	1177.0036333333333	6.0	[-8.99997711  0.98088819 -6.99997711 -1.01911187]	3.141592653589793	R
1178.373	3.0960000000000036	trials	1179.4517333333333	1180.1965666666667	3.0	[ 4.66360712 -4.65009308  6.66360712 -6.65009308]	-0.7853981633974483	R
1181.72	4.8129999999998745	trials	1184.4240666666667	1185.3904666666667	4.0	[ 4.66360712 -4.65009308  6.66360712 -6.65009308]	-1.5707963267948966	R
1186.785	3.660999999999831	trials	1188.4390333333333	1189.2420333333334	2.0	[ 6.99999762  1.00637066  8.99999714 -0.9936294 ]	0.0	R
1190.698	4.185999999999922	trials	1192.7507333333333	1193.5958333333333	1.0	[4.65460157 6.65910625 6.65460157 4.65910625]	0.7853981633974483	R
1195.136	4.019999999999982	trials	1196.9130666666667	1198.0248333333334	6.0	[-8.99997711  0.98088819 -6.99997711 -1.01911187]	3.141592653589793	R
1199.407	4.073000000000093	trials	1200.8448333333333	1202.3335333333334	7.0	[-6.67259884  6.6410656  -4.67259884  4.6410656 ]	2.356194490192345	R
1203.732	3.9020000000000437	trials	1205.7700666666667	1206.4227	0.0	[-1.  9.  1.  7.]	1.5707963267948966	R
1207.885	4.0219999999999345	trials	1209.5254	1210.7404	5.0	[-6.64558125 -4.66810465 -4.64558125 -6.66810465]	-2.356194490192345	R
1212.159	4.703999999999951	trials	1214.4386	1215.7177666666666	3.0	[ 4.66360712 -4.65009308  6.66360712 -6.65009308]	-0.7853981633974483	R
1217.114	4.337999999999965	trials	1219.3738333333333	1220.1227	2.0	[ 4.66360712 -4.65009308  6.66360712 -6.65009308]	0.0	R
1221.704	3.9750000000001364	trials	1223.4930666666667	1224.4885333333334	3.0	[ 4.66360712 -4.65009308  6.66360712 -6.65009308]	-0.7853981633974483	R
1225.93	5.002999999999929	trials	1228.5526333333332	1229.7255333333333	0.0	[-1.  9.  1.  7.]	1.5707963267948966	R
1231.184	4.488000000000056	trials	1233.3726	1234.4994	1.0	[4.65460157 6.65910625 6.65460157 4.65910625]	0.7853981633974483	R
1235.924	4.212999999999965	trials	1237.6913333333334	1238.9935666666668	5.0	[-6.64558125 -4.66810465 -4.64558125 -6.66810465]	-2.356194490192345	R
1240.389	4.660000000000082	trials	1242.4511333333332	1243.9438666666667	7.0	[-6.67259884  6.6410656  -4.67259884  4.6410656 ]	2.356194490192345	R
1245.3	3.734000000000151	trials	1246.7468	1247.8796333333332	6.0	[-8.99997711  0.98088819 -6.99997711 -1.01911187]	3.141592653589793	R
1249.285	4.197999999999865	trials	1251.257	1252.3517333333334	4.0	[-0.98725879 -6.99998999  1.01274121 -8.99998951]	-1.5707963267948966	R
1253.734	4.096000000000004	trials	1255.3902666666668	1256.6243333333334	5.0	[-0.98725879 -6.99998999  1.01274121 -8.99998951]	-2.356194490192345	R
1258.082	4.448999999999842	trials	1260.2844333333333	1261.4132333333334	0.0	[-1.  9.  1.  7.]	1.5707963267948966	R
1262.783	3.5389999999999873	trials	1264.0307333333333	1265.1755666666666	4.0	[-0.98725879 -6.99998999  1.01274121 -8.99998951]	-1.5707963267948966	R
1266.574	3.8360000000000127	trials	1268.166	1269.2256333333332	1.0	[4.65460157 6.65910625 6.65460157 4.65910625]	0.7853981633974483	R
1270.661	3.9839999999999236	trials	1272.5067666666666	1273.4561333333334	2.0	[ 6.99999762  1.00637066  8.99999714 -0.9936294 ]	0.0	R
1274.897	4.028999999999996	trials	1276.2941666666666	1277.7949	3.0	[ 4.66360712 -4.65009308  6.66360712 -6.65009308]	-0.7853981633974483	R
1279.177	3.9600000000000364	trials	1280.7923333333333	1281.8961	7.0	[-6.67259884  6.6410656  -4.67259884  4.6410656 ]	2.356194490192345	R
1283.389	3.2180000000000746	trials	1284.8063	1285.481	6.0	[-8.99997711  0.98088819 -6.99997711 -1.01911187]	3.141592653589793	R
1286.858	3.7029999999999745	trials	1288.4072666666666	1289.4077333333332	7.0	[-8.99997711  0.98088819 -6.99997711 -1.01911187]	2.356194490192345	R
1290.812	4.4370000000001255	trials	1292.6397666666667	1293.946	0.0	[-1.  9.  1.  7.]	1.5707963267948966	F
1295.501	33.514000000000124	trials	1327.2376666666667	1327.7439333333334	3.0	[ 4.66360712 -4.65009308  6.66360712 -6.65009308]	-0.7853981633974483	R
1329.267	3.173999999999978	trials	1331.5814666666668		5.0	[-6.64558125 -4.66810465 -4.64558125 -6.66810465]	-2.356194490192345	A
1332.692	3.865000000000009	trials	1334.1067333333333	1335.4380333333334	4.0	[-0.98725879 -6.99998999  1.01274121 -8.99998951]	-1.5707963267948966	R
1336.808	4.642000000000053	trials	1338.9186666666667	1340.3141333333333	1.0	[4.65460157 6.65910625 6.65460157 4.65910625]	0.7853981633974483	R
1341.702	3.8079999999999927	trials	1343.6855	1344.8393666666666	2.0	[ 6.99999762  1.00637066  8.99999714 -0.9936294 ]	0.0	I
1345.762	4.244000000000142	trials	1347.6624	1348.8994666666667	6.0	[-8.99997711  0.98088819 -6.99997711 -1.01911187]	3.141592653589793	R
1350.258	3.883000000000038	trials	1351.5951666666667	1352.9685666666667	1.0	[-8.99997711  0.98088819 -6.99997711 -1.01911187]	0.7853981633974483	R
1354.393	3.8579999999999472	trials	1356.5404333333333	1357.0817666666667	5.0	[-6.64558125 -4.66810465 -4.64558125 -6.66810465]	-2.356194490192345	R
1358.502	4.366999999999962	trials	1360.3017666666667	1361.7423333333334	6.0	[-8.99997711  0.98088819 -6.99997711 -1.01911187]	3.141592653589793	R
1363.121	3.45699999999988	trials	1364.4390333333333	1365.1057	0.0	[-1.  9.  1.  7.]	1.5707963267948966	R
1366.83	3.72199999999998	trials	1368.6234333333334	1369.2419666666667	2.0	[ 6.99999762  1.00637066  8.99999714 -0.9936294 ]	0.0	R
1370.804	3.6089999999999236	trials	1372.6143333333334	1373.2348666666667	7.0	[-6.67259884  6.6410656  -4.67259884  4.6410656 ]	2.356194490192345	R
1374.664	3.9980000000000473	trials	1376.4338333333333	1377.5175	3.0	[ 4.66360712 -4.65009308  6.66360712 -6.65009308]	-0.7853981633974483	R
1378.914	4.606999999999971	trials	1381.1204666666667	1382.3555333333334	4.0	[-0.98725879 -6.99998999  1.01274121 -8.99998951]	-1.5707963267948966	R
1383.773	3.661000000000058	trials	1385.4011	1386.2923	5.0	[-0.98725879 -6.99998999  1.01274121 -8.99998951]	-2.356194490192345	R
1387.686	3.7730000000001382	trials	1389.0722	1390.1559	0.0	[-1.  9.  1.  7.]	1.5707963267948966	F
1391.711	6.38799999999992	trials	1395.5182	1396.9828333333332	3.0	[ 4.66360712 -4.65009308  6.66360712 -6.65009308]	-0.7853981633974483	R
1398.35	3.6340000000000146	trials	1399.9051	1400.7893	6.0	[-8.99997711  0.98088819 -6.99997711 -1.01911187]	3.141592653589793	R
1402.236	3.5419999999999163	trials	1403.8799666666666	1404.5025333333333	1.0	[4.65460157 6.65910625 6.65460157 4.65910625]	0.7853981633974483	R
1406.029	3.1720000000000255	trials	1407.4809	1408.0292666666667	4.0	[-0.98725879 -6.99998999  1.01274121 -8.99998951]	-1.5707963267948966	R
1409.453	4.652000000000044	trials	1411.6593	1412.9244333333334	2.0	[ 6.99999762  1.00637066  8.99999714 -0.9936294 ]	0.0	R
1414.357	3.893000000000029	trials	1416.5504333333333	1417.0536666666667	7.0	[-6.67259884  6.6410656  -4.67259884  4.6410656 ]	2.356194490192345	R
1418.501	4.089999999999918	trials	1419.9508666666666	1421.3774333333333	2.0	[-6.67259884  6.6410656  -4.67259884  4.6410656 ]	0.0	R
1422.843	0.9819999999999709	trials				[nan nan nan nan]		A
1424.076	2.7480000000000473	trials	1424.6996666666666	1425.6931333333334	7.0	[-6.67259884  6.6410656  -4.67259884  4.6410656 ]	2.356194490192345	R
1427.076	4.432000000000016	trials	1429.0544666666667	1430.3056	4.0	[-0.98725879 -6.99998999  1.01274121 -8.99998951]	-1.5707963267948966	R
1431.759	4.339999999999918	trials	1434.1150333333333	1434.8729333333333	3.0	[ 4.66360712 -4.65009308  6.66360712 -6.65009308]	-0.7853981633974483	R
1436.351	6.231999999999971	trials	1440.1179666666667	1441.4131666666667	0.0	[-1.  9.  1.  7.]	1.5707963267948966	R
1442.835	3.719000000000051	trials	1444.2562333333333	1445.3118333333334	1.0	[4.65460157 6.65910625 6.65460157 4.65910625]	0.7853981633974483	R
1446.806	3.683999999999969	trials	1448.3183	1449.3438666666666	6.0	[-8.99997711  0.98088819 -6.99997711 -1.01911187]	3.141592653589793	R
1450.741	3.461999999999989	trials	1452.1929333333333	1453.0901666666666	5.0	[-8.99997711  0.98088819 -6.99997711 -1.01911187]	-2.356194490192345	R
1454.455	3.410000000000082	trials	1456.1928666666668	1456.7472333333333	6.0	[-8.99997711  0.98088819 -6.99997711 -1.01911187]	3.141592653589793	R
1458.117	3.4950000000001182	trials	1459.9151	1460.4173666666666	7.0	[-6.67259884  6.6410656  -4.67259884  4.6410656 ]	2.356194490192345	R
1461.864	4.326999999999998	trials	1463.7907333333333	1465.0508666666667	0.0	[-1.  9.  1.  7.]	1.5707963267948966	R
1466.442	3.3409999999998945	trials	1467.8839	1468.5405333333333	3.0	[ 4.66360712 -4.65009308  6.66360712 -6.65009308]	-0.7853981633974483	R
1470.034	4.746999999999844	trials	1472.3229333333334	1473.4968333333334	1.0	[4.65460157 6.65910625 6.65460157 4.65910625]	0.7853981633974483	R
1475.033	3.286000000000058	trials	1476.3379	1477.186	4.0	[-0.98725879 -6.99998999  1.01274121 -8.99998951]	-1.5707963267948966	R
1478.57	4.720000000000027	trials	1480.7999666666667	1482.1022	2.0	[ 6.99999762  1.00637066  8.99999714 -0.9936294 ]	0.0	R
1483.542	3.548999999999978	trials	1485.1417333333334	1485.7873333333334	1.0	[ 6.99999762  1.00637066  8.99999714 -0.9936294 ]	0.7853981633974483	F
1487.342	27.019999999999982	trials	1512.3874	1513.1984	5.0	[-6.64558125 -4.66810465 -4.64558125 -6.66810465]	-2.356194490192345	R
1514.614	4.233999999999924	trials	1516.3372	1517.6544666666666	2.0	[ 6.99999762  1.00637066  8.99999714 -0.9936294 ]	0.0	R
1519.1	3.729000000000042	trials	1520.3140666666666	1521.6323666666667	4.0	[-0.98725879 -6.99998999  1.01274121 -8.99998951]	-1.5707963267948966	R
1523.081	2.4650000000001455	trials	1525.2012		0.0	[-1.  9.  1.  7.]	1.5707963267948966	A
1525.798	4.298000000000002	trials	1528.0733333333333	1528.8452666666667	3.0	[ 4.66360712 -4.65009308  6.66360712 -6.65009308]	-0.7853981633974483	R
1530.348	109.92499999999995	trials				[nan nan nan nan]		A
1640.525	8.740000000000009	trials	1646.7891	1648.1675333333333	6.0	[-8.99997711  0.98088819 -6.99997711 -1.01911187]	3.141592653589793	R
1649.517	0.70699999999988	trials				[nan nan nan nan]		A
1650.475	3.633000000000038	trials	1651.6642333333334	1652.7138333333332	1.0	[4.65460157 6.65910625 6.65460157 4.65910625]	0.7853981633974483	R
1654.36	4.304000000000087	trials	1656.3919666666666	1657.4175	2.0	[ 6.99999762  1.00637066  8.99999714 -0.9936294 ]	0.0	R
1658.915	4.660000000000082	trials	1660.8911333333333	1662.3948666666668	7.0	[-6.67259884  6.6410656  -4.67259884  4.6410656 ]	2.356194490192345	R
1663.826	4.522999999999911	trials	1665.8945666666666	1667.2659666666666	6.0	[-8.99997711  0.98088819 -6.99997711 -1.01911187]	3.141592653589793	R
1668.6	3.9400000000000546	trials	1670.7676666666666	1671.4162666666666	5.0	[-6.64558125 -4.66810465 -4.64558125 -6.66810465]	-2.356194490192345	R
1672.792	3.762000000000171	trials	1674.6182	1675.4051666666667	4.0	[-0.98725879 -6.99998999  1.01274121 -8.99998951]	-1.5707963267948966	R
1676.806	4.302999999999884	trials	1678.5409666666667	1680.0186333333334	3.0	[ 4.66360712 -4.65009308  6.66360712 -6.65009308]	-0.7853981633974483	R
1681.361	4.486999999999853	trials	1683.7609	1684.6391	6.0	[ 4.66360712 -4.65009308  6.66360712 -6.65009308]	3.141592653589793	R
1686.1	4.423000000000002	trials	1687.9513333333334	1689.3708333333334	4.0	[-0.98725879 -6.99998999  1.01274121 -8.99998951]	-1.5707963267948966	R
1690.774	4.15300000000002	trials	1693.2214	1693.7557333333334	0.0	[-1.  9.  1.  7.]	1.5707963267948966	R
1695.178	4.294999999999845	trials	1697.3837333333333	1698.3351	5.0	[-6.64558125 -4.66810465 -4.64558125 -6.66810465]	-2.356194490192345	R
1699.725	3.30600000000004	trials	1701.0578666666668	1701.7886666666666	1.0	[4.65460157 6.65910625 6.65460157 4.65910625]	0.7853981633974483	R
1703.282	3.589000000000169	trials	1704.9485333333334	1705.6071666666667	3.0	[ 4.66360712 -4.65009308  6.66360712 -6.65009308]	-0.7853981633974483	R
1707.123	4.663000000000011	trials	1709.5459333333333	1710.5504333333333	7.0	[-6.67259884  6.6410656  -4.67259884  4.6410656 ]	2.356194490192345	R
1712.037	4.005999999999858	trials	1713.595	1714.8531333333333	2.0	[ 6.99999762  1.00637066  8.99999714 -0.9936294 ]	0.0	R
1716.295	3.99799999999982	trials	1717.9618333333333	1719.0034333333333	0.0	[ 6.99999762  1.00637066  8.99999714 -0.9936294 ]	1.5707963267948966	R
1720.544	4.74799999999982	trials	1722.8149	1724.1883	7.0	[-6.67259884  6.6410656  -4.67259884  4.6410656 ]	2.356194490192345	R
1725.544	3.7639999999998963	trials	1727.4063	1728.1361	6.0	[-8.99997711  0.98088819 -6.99997711 -1.01911187]	3.141592653589793	R
1729.56	4.341000000000122	trials	1731.717	1732.5911666666666	3.0	[ 4.66360712 -4.65009308  6.66360712 -6.65009308]	-0.7853981633974483	R
1734.153	3.689000000000078	trials	1736.0016333333333	1736.5379666666668	5.0	[-6.64558125 -4.66810465 -4.64558125 -6.66810465]	-2.356194490192345	F
1738.094	3.1620000000000346	trials	1739.2206333333334	1740.1208666666666	4.0	[-0.98725879 -6.99998999  1.01274121 -8.99998951]	-1.5707963267948966	R
1741.507	3.711999999999989	trials	1743.0681666666667	1743.8952333333334	1.0	[4.65460157 6.65910625 6.65460157 4.65910625]	0.7853981633974483	R
1745.47	2.1140000000000327	trials				[nan nan nan nan]		A
1747.836	3.713999999999942	trials	1749.4570333333334	1750.3833333333334	0.0	[ 6.99999762  1.00637066  8.99999714 -0.9936294 ]	1.5707963267948966	R
1751.802	4.317999999999984	trials	1753.6354	1755.0038	3.0	[ 4.66360712 -4.65009308  6.66360712 -6.65009308]	-0.7853981633974483	R
1756.371	3.5839999999998327	trials	1757.896	1758.6659	2.0	[ 6.99999762  1.00637066  8.99999714 -0.9936294 ]	0.0	R
1760.207	4.0069999999998345	trials	1761.9049333333332	1763.0899	6.0	[-8.99997711  0.98088819 -6.99997711 -1.01911187]	3.141592653589793	R
1764.465	4.329000000000178	trials	1766.1073666666666	1767.57	7.0	[-6.67259884  6.6410656  -4.67259884  4.6410656 ]	2.356194490192345	R
1769.046	4.232999999999947	trials	1770.8411333333333	1772.1333333333334	4.0	[-0.98725879 -6.99998999  1.01274121 -8.99998951]	-1.5707963267948966	R
1773.531	4.352000000000089	trials	1775.4054666666666	1776.7277333333334	5.0	[-6.64558125 -4.66810465 -4.64558125 -6.66810465]	-2.356194490192345	R
1778.134	3.8859999999999673	trials	1780.1522666666667	1780.7898333333333	1.0	[4.65460157 6.65910625 6.65460157 4.65910625]	0.7853981633974483	R
1782.272	3.650000000000091	trials	1783.6319	1784.7657	5.0	[4.65460157 6.65910625 6.65460157 4.65910625]	-2.356194490192345	R
1786.173	3.5499999999999545	trials	1787.3752	1788.5611333333334	7.0	[-6.67259884  6.6410656  -4.67259884  4.6410656 ]	2.356194490192345	R
1789.975	4.411000000000058	trials	1792.1851333333334	1793.1886333333334	3.0	[ 4.66360712 -4.65009308  6.66360712 -6.65009308]	-0.7853981633974483	R
1794.637	4.113000000000056	trials	1796.8146333333334	1797.5825333333332	0.0	[-1.  9.  1.  7.]	1.5707963267948966	R
1799.002	4.442000000000007	trials	1801.1153	1802.2651666666666	6.0	[-8.99997711  0.98088819 -6.99997711 -1.01911187]	3.141592653589793	R
1803.696	3.754000000000133	trials	1805.5062	1806.2721	4.0	[-0.98725879 -6.99998999  1.01274121 -8.99998951]	-1.5707963267948966	R
1807.702	4.527000000000044	trials	1810.0926	1811.056	1.0	[4.65460157 6.65910625 6.65460157 4.65910625]	0.7853981633974483	R
1812.481	4.114000000000033	trials	1814.5717333333334	1815.4258333333332	2.0	[ 6.99999762  1.00637066  8.99999714 -0.9936294 ]	0.0	R
1816.846	3.8430000000000746	trials	1819.1049666666668	1820.0403	2.0	[ 6.99999762  1.00637066  8.99999714 -0.9936294 ]	0.0	I
1820.941	5.545000000000073	trials	1824.4322	1825.3174	7.0	[-6.67259884  6.6410656  -4.67259884  4.6410656 ]	2.356194490192345	R
1826.738	3.5039999999999054	trials	1828.5263666666667	1829.0386333333333	1.0	[4.65460157 6.65910625 6.65460157 4.65910625]	0.7853981633974483	R
1830.493	4.7280000000000655	trials	1832.7228	1834.0922	3.0	[ 4.66360712 -4.65009308  6.66360712 -6.65009308]	-0.7853981633974483	R
1835.473	4.094000000000051	trials	1837.2620666666667	1838.4650333333334	4.0	[-0.98725879 -6.99998999  1.01274121 -8.99998951]	-1.5707963267948966	R
1839.818	5.4780000000000655	trials	1843.0313666666666	1844.1371333333334	6.0	[-8.99997711  0.98088819 -6.99997711 -1.01911187]	3.141592653589793	R
1845.548	4.1400000000001	trials	1847.4603666666667	1848.5230333333334	5.0	[-6.64558125 -4.66810465 -4.64558125 -6.66810465]	-2.356194490192345	R
1849.94	3.196999999999889	trials	1851.1285	1852.0096666666666	0.0	[-1.  9.  1.  7.]	1.5707963267948966	R
1853.389	3.657000000000153	trials	1854.9149	1855.9163666666666	3.0	[-1.  9.  1.  7.]	-0.7853981633974483	R
1857.298	3.9980000000000473	trials	1858.7544333333333	1860.1328333333333	1.0	[4.65460157 6.65910625 6.65460157 4.65910625]	0.7853981633974483	R
1861.547	4.157999999999902	trials	1863.3729	1864.6580666666666	2.0	[ 6.99999762  1.00637066  8.99999714 -0.9936294 ]	0.0	R
1865.956	4.448000000000093	trials	1868.1728	1869.2645333333332	4.0	[-0.98725879 -6.99998999  1.01274121 -8.99998951]	-1.5707963267948966	R
1870.656	6.395999999999958	trials	1875.0158	1875.7977333333333	5.0	[-6.64558125 -4.66810465 -4.64558125 -6.66810465]	-2.356194490192345	R
1877.303	4.320999999999913	trials	1879.125	1880.5034333333333	7.0	[-6.67259884  6.6410656  -4.67259884  4.6410656 ]	2.356194490192345	R
1881.876	3.272999999999911	trials	1883.2342	1884.0382	0.0	[-1.  9.  1.  7.]	1.5707963267948966	R
1885.401	4.69399999999996	trials	1887.7253666666666	1889.0957666666666	6.0	[-8.99997711  0.98088819 -6.99997711 -1.01911187]	3.141592653589793	R
1890.347	3.661000000000058	trials	1892.1503333333333	1892.9092333333333	6.0	[-8.99997711  0.98088819 -6.99997711 -1.01911187]	3.141592653589793	R
1894.26	3.1079999999999472	trials	1895.5297333333333	1896.1482666666666	3.0	[ 4.66360712 -4.65009308  6.66360712 -6.65009308]	-0.7853981633974483	R
1897.62	3.95900000000006	trials	1899.4665	1900.464	4.0	[-0.98725879 -6.99998999  1.01274121 -8.99998951]	-1.5707963267948966	R
1901.83	2.8420000000000982	trials	1904.3977666666667		2.0	[ 6.99999762  1.00637066  8.99999714 -0.9936294 ]	0.0	A
1904.924	67.80099999999993	trials	1970.7064	1971.5464666666667	0.0	[-1.  9.  1.  7.]	1.5707963267948966	R
1972.977	1.6499999999998636	trials	1974.4978		1.0	[4.65460157 6.65910625 6.65460157 4.65910625]	0.7853981633974483	A
1974.879	46.58200000000011	trials	2019.4063333333334	2020.3216	7.0	[-6.67259884  6.6410656  -4.67259884  4.6410656 ]	2.356194490192345	R
2021.713	4.227000000000089	trials	2023.7400666666667	2024.8448333333333	5.0	[-6.64558125 -4.66810465 -4.64558125 -6.66810465]	-2.356194490192345	R
2026.191	3.83199999999988	trials	2028.0257333333334	2029.4001333333333	3.0	[-6.64558125 -4.66810465 -4.64558125 -6.66810465]	-0.7853981633974483	I
2030.274	4.520000000000209	trials	2032.1750333333334	2033.6186	5.0	[-6.64558125 -4.66810465 -4.64558125 -6.66810465]	-2.356194490192345	R
2035.045	4.0779999999999745	trials	2036.5559	2038.0035	7.0	[-6.67259884  6.6410656  -4.67259884  4.6410656 ]	2.356194490192345	R
2039.375	3.632000000000062	trials	2041.2415333333333	2041.8711	6.0	[-8.99997711  0.98088819 -6.99997711 -1.01911187]	3.141592653589793	R
2043.259	4.230000000000018	trials	2045.3126333333332	2046.2880666666667	4.0	[-0.98725879 -6.99998999  1.01274121 -8.99998951]	-1.5707963267948966	R
2047.741	3.4299999999998363	trials	2047.7643	2049.9331	0.0	[4.65460157 6.65910625 6.65460157 4.65910625]	1.5707963267948966	R
2051.423	3.536000000000058	trials	2052.7761666666665	2053.733566666667	2.0	[ 6.99999762  1.00637066  8.99999714 -0.9936294 ]	0.0	R
2055.21	4.099999999999909	trials	2057.4467666666665	2058.0853666666667	0.0	[-1.  9.  1.  7.]	1.5707963267948966	R
2059.562	4.7280000000000655	trials	2061.787566666667	2063.1339	2.0	[-1.  9.  1.  7.]	0.0	R
2064.541	3.73299999999972	trials	2066.0902333333333	2067.091733333333	3.0	[ 4.66360712 -4.65009308  6.66360712 -6.65009308]	-0.7853981633974483	R
2068.525	3.543999999999869	trials	2070.2325333333333	2070.8099666666667	7.0	[-6.67259884  6.6410656  -4.67259884  4.6410656 ]	2.356194490192345	R
2072.321	3.2269999999998618	trials	2073.5407333333333	2074.3998666666666	4.0	[-0.98725879 -6.99998999  1.01274121 -8.99998951]	-1.5707963267948966	R
2075.799	4.2400000000002365	trials	2078.027866666667	2078.9401333333335	5.0	[-6.64558125 -4.66810465 -4.64558125 -6.66810465]	-2.356194490192345	R
2080.291	3.3899999999998727	trials	2081.725066666667	2082.5250333333333	6.0	[-8.99997711  0.98088819 -6.99997711 -1.01911187]	3.141592653589793	R
2083.933	4.166000000000167	trials	2085.6297666666665	2086.8778333333335	1.0	[4.65460157 6.65910625 6.65460157 4.65910625]	0.7853981633974483	R
2088.351	5.804000000000087	trials	2092.4176	2092.978	0.0	[-1.  9.  1.  7.]	1.5707963267948966	R
2094.407	3.974999999999909	trials	2096.4315666666666	2097.183433333333	4.0	[-1.  9.  1.  7.]	-1.5707963267948966	R
2098.634	0.9479999999998654	trials				[nan nan nan nan]		A
2099.834	3.4160000000001673	trials	2100.9387666666667	2102.1066666666666	0.0	[-1.  9.  1.  7.]	1.5707963267948966	R
2103.501	4.1349999999997635	trials	2105.6163666666666	2107.0529333333334	1.0	[4.65460157 6.65910625 6.65460157 4.65910625]	0.7853981633974483	I
2107.888	4.289999999999964	trials	2110.1316	2110.7391	7.0	[-6.67259884  6.6410656  -4.67259884  4.6410656 ]	2.356194490192345	R
2112.429	4.156999999999698	trials	2114.3510666666666	2115.4117	3.0	[ 4.66360712 -4.65009308  6.66360712 -6.65009308]	-0.7853981633974483	R
2116.837	5.057999999999993	trials	2119.339466666667	2120.7389333333335	5.0	[-6.64558125 -4.66810465 -4.64558125 -6.66810465]	-2.356194490192345	R
2122.146	3.9099999999998545	trials	2123.4947666666667	2124.8712	6.0	[-8.99997711  0.98088819 -6.99997711 -1.01911187]	3.141592653589793	R
2126.308	3.9220000000000255	trials	2128.0962	2129.1939333333335	7.0	[-8.99997711  0.98088819 -6.99997711 -1.01911187]	2.356194490192345	R
2130.481	3.799999999999727	trials	2132.149266666667	2132.782833333333	6.0	[-8.99997711  0.98088819 -6.99997711 -1.01911187]	3.141592653589793	R
2134.532	3.4609999999997854	trials	2135.8324	2136.936133333333	0.0	[-1.  9.  1.  7.]	1.5707963267948966	R
2138.244	3.812999999999647	trials	2140.0629	2140.9210333333335	3.0	[ 4.66360712 -4.65009308  6.66360712 -6.65009308]	-0.7853981633974483	R
2142.309	3.7479999999995925	trials	2143.9646	2144.946033333333	2.0	[ 6.99999762  1.00637066  8.99999714 -0.9936294 ]	0.0	R
2146.308	4.686999999999898	trials	2148.4046333333335	2149.857233333333	4.0	[-0.98725879 -6.99998999  1.01274121 -8.99998951]	-1.5707963267948966	R
2151.247	4.847999999999956	trials	2153.3048	2154.7914666666666	1.0	[4.65460157 6.65910625 6.65460157 4.65910625]	0.7853981633974483	F
2156.346	1.2789999999999964	trials	2157.1483333333335		5.0	[-6.64558125 -4.66810465 -4.64558125 -6.66810465]	-2.356194490192345	A
2157.876	0.09199999999964348	trials				[nan nan nan nan]		A
2158.22	3.343000000000302	trials	2159.2736	2160.7001666666665	5.0	[-6.64558125 -4.66810465 -4.64558125 -6.66810465]	-2.356194490192345	I
2161.815	6.5340000000001055	trials	2165.8018333333334	2167.113066666667	4.0	[-0.98725879 -6.99998999  1.01274121 -8.99998951]	-1.5707963267948966	R
2168.601	4.25	trials	2170.5035	2171.6934333333334	2.0	[ 6.99999762  1.00637066  8.99999714 -0.9936294 ]	0.0	R
2173.103	9.824999999999818	trials	2180.5484333333334	2181.8186	7.0	[-6.67259884  6.6410656  -4.67259884  4.6410656 ]	2.356194490192345	R
2183.18	3.605000000000018	trials	2184.7719333333334	2185.9969666666666	6.0	[-8.99997711  0.98088819 -6.99997711 -1.01911187]	3.141592653589793	I
2187.037	5.811000000000149	trials	2190.7146666666667	2191.5587666666665	3.0	[ 4.66360712 -4.65009308  6.66360712 -6.65009308]	-0.7853981633974483	R
2193.1	3.4470000000001164	trials	2194.4128666666666	2195.4003	0.0	[-1.  9.  1.  7.]	1.5707963267948966	R
2196.799	4.447999999999865	trials	2198.8679333333334	2200.131066666667	1.0	[-1.  9.  1.  7.]	0.7853981633974483	R
2201.498	4.213999999999942	trials	2203.7610666666665	2204.4207	6.0	[-8.99997711  0.98088819 -6.99997711 -1.01911187]	3.141592653589793	R
2205.964	3.844000000000051	trials	2207.4612666666667	2208.7514666666666	7.0	[-6.67259884  6.6410656  -4.67259884  4.6410656 ]	2.356194490192345	R
2210.06	1.4940000000001419	trials	2211.239633333333		2.0	[ 6.99999762  1.00637066  8.99999714 -0.9936294 ]	0.0	A
2211.806	3.313999999999851	trials	2212.9438666666665	2213.9533666666666	4.0	[-0.98725879 -6.99998999  1.01274121 -8.99998951]	-1.5707963267948966	R
2215.372	3.5330000000003565	trials	2217.1463	2217.716733333333	5.0	[-6.64558125 -4.66810465 -4.64558125 -6.66810465]	-2.356194490192345	R
2219.156	4.05600000000004	trials	2220.5868666666665	2222.073533333333	3.0	[ 4.66360712 -4.65009308  6.66360712 -6.65009308]	-0.7853981633974483	R
2223.464	4.052999999999884	trials	2225.2865333333334	2226.4053	0.0	[-1.  9.  1.  7.]	1.5707963267948966	R
2227.769	4.2150000000001455	trials	2230.1034666666665	2230.7781666666665	2.0	[-1.  9.  1.  7.]	0.0	R
2232.236	3.4960000000000946	trials	2233.7786	2234.5014	3.0	[ 4.66360712 -4.65009308  6.66360712 -6.65009308]	-0.7853981633974483	R
2235.984	4.005999999999858	trials	2237.6793	2238.9695	1.0	[4.65460157 6.65910625 6.65460157 4.65910625]	0.7853981633974483	R
2240.242	4.014999999999873	trials	2242.4180666666666	2243.0035	4.0	[-0.98725879 -6.99998999  1.01274121 -8.99998951]	-1.5707963267948966	R
2244.508	0.9610000000002401	trials				[nan nan nan nan]		A
2245.72	2.9650000000001455	trials	2246.5022	2247.5678333333335	5.0	[-6.64558125 -4.66810465 -4.64558125 -6.66810465]	-2.356194490192345	R
2248.936	3.712999999999738	trials	2250.3447333333334	2251.4805666666666	0.0	[-1.  9.  1.  7.]	1.5707963267948966	R
2252.901	3.87900000000036	trials	2254.654433333333	2255.6108	7.0	[-6.67259884  6.6410656  -4.67259884  4.6410656 ]	2.356194490192345	R
2257.031	3.643000000000029	trials	2258.279433333333	2259.578666666667	5.0	[-6.67259884  6.6410656  -4.67259884  4.6410656 ]	-2.356194490192345	R
2260.926	4.414000000000215	trials	2263.1305	2264.2683	7.0	[-6.67259884  6.6410656  -4.67259884  4.6410656 ]	2.356194490192345	R
2265.592	0.8699999999998909	trials				[nan nan nan nan]		A
2266.713	0.2179999999998472	trials				[nan nan nan nan]		A
2267.183	3.7710000000001855	trials	2268.8898	2269.6236	6.0	[-8.99997711  0.98088819 -6.99997711 -1.01911187]	3.141592653589793	R
2271.206	3.2100000000000364	trials	2272.3092666666666	2273.0511333333334	1.0	[4.65460157 6.65910625 6.65460157 4.65910625]	0.7853981633974483	R
2274.668	3.632000000000062	trials	2276.209966666667	2277.1192333333333	3.0	[ 4.66360712 -4.65009308  6.66360712 -6.65009308]	-0.7853981633974483	R
2278.552	4.268999999999778	trials	2280.8154	2281.5903333333335	2.0	[ 6.99999762  1.00637066  8.99999714 -0.9936294 ]	0.0	R
2283.073	2.9100000000003092	trials	2285.174233333333		0.0	[ 6.99999762  1.00637066  8.99999714 -0.9936294 ]	1.5707963267948966	A
2286.235	3.9359999999996944	trials	2287.497	2288.8964666666666	2.0	[ 6.99999762  1.00637066  8.99999714 -0.9936294 ]	0.0	R
2290.422	4.461999999999989	trials	2292.155566666667	2293.6131666666665	5.0	[-6.64558125 -4.66810465 -4.64558125 -6.66810465]	-2.356194490192345	R
2295.136	3.8170000000000073	trials	2296.9945666666667	2297.6983333333333	1.0	[4.65460157 6.65910625 6.65460157 4.65910625]	0.7853981633974483	R
2299.205	3.8589999999999236	trials	2301.0486333333333	2301.9067666666665	7.0	[-6.67259884  6.6410656  -4.67259884  4.6410656 ]	2.356194490192345	R
2303.315	3.6720000000000255	trials	2305.0606	2305.8535666666667	6.0	[-8.99997711  0.98088819 -6.99997711 -1.01911187]	3.141592653589793	R
2307.239	3.1280000000001564	trials	2308.5442333333335	2309.1457333333333	3.0	[ 4.66360712 -4.65009308  6.66360712 -6.65009308]	-0.7853981633974483	R
2310.618	3.749000000000251	trials	2312.068	2313.281	4.0	[-0.98725879 -6.99998999  1.01274121 -8.99998951]	-1.5707963267948966	R
2314.618	4.483000000000175	trials	2316.6644	2317.9145	6.0	[-0.98725879 -6.99998999  1.01274121 -8.99998951]	3.141592653589793	R
2319.353	4.436999999999898	trials	2321.2568	2322.673333333333	0.0	[-1.  9.  1.  7.]	1.5707963267948966	R
2324.042	5.300999999999931	trials	2327.0010666666667	2328.1098333333334	2.0	[ 6.99999762  1.00637066  8.99999714 -0.9936294 ]	0.0	R
2329.595	4.117000000000189	trials	2331.3529	2332.6410666666666	1.0	[4.65460157 6.65910625 6.65460157 4.65910625]	0.7853981633974483	R
2333.963	3.92699999999968	trials	2335.7207333333336	2336.7663333333335	5.0	[-6.64558125 -4.66810465 -4.64558125 -6.66810465]	-2.356194490192345	R
2338.142	3.880000000000109	trials	2339.9913333333334	2340.8885666666665	4.0	[-0.98725879 -6.99998999  1.01274121 -8.99998951]	-1.5707963267948966	R
2342.274	4.494000000000142	trials	2344.7591666666667	2345.362666666667	7.0	[-6.67259884  6.6410656  -4.67259884  4.6410656 ]	2.356194490192345	R
2347.02	3.3299999999999272	trials	2348.5716333333335	2349.100966666667	3.0	[ 4.66360712 -4.65009308  6.66360712 -6.65009308]	-0.7853981633974483	R
2350.602	3.6020000000003165	trials	2352.5074	2353.0658	5.0	[ 4.66360712 -4.65009308  6.66360712 -6.65009308]	-2.356194490192345	R
2354.455	3.994000000000142	trials	2356.5795333333335	2357.1659666666665	6.0	[-8.99997711  0.98088819 -6.99997711 -1.01911187]	3.141592653589793	R
2358.701	4.320999999999913	trials	2360.3869666666665	2361.853633333333	0.0	[-1.  9.  1.  7.]	1.5707963267948966	R
2363.273	4.623000000000047	trials	2365.326233333333	2366.708666666667	1.0	[2.49351721e-33 6.45456049e-31 6.38348916e-31 2.52131269e-33]	0.7853981633974483	R
2368.147	3.9540000000001783	trials	2369.996833333333	2370.9031	3.0	[ 4.66360712 -4.65009308  6.66360712 -6.65009308]	-0.7853981633974483	R
2372.353	4.190000000000055	trials	2374.3396333333335	2375.5015	4.0	[-0.98725879 -6.99998999  1.01274121 -8.99998951]	-1.5707963267948966	R
2376.795	4.76299999999992	trials	2378.9982	2380.4478	2.0	[ 6.99999762  1.00637066  8.99999714 -0.9936294 ]	0.0	R
2381.809	3.4769999999998618	trials	2383.5204	2384.0246666666667	7.0	[-6.67259884  6.6410656  -4.67259884  4.6410656 ]	2.356194490192345	R
2385.537	3.907000000000153	trials	2387.0973	2388.2241	4.0	[-6.67259884  6.6410656  -4.67259884  4.6410656 ]	-1.5707963267948966	R
2389.696	3.8640000000000327	trials	2391.860133333333	2392.3663666666666	2.0	[ 6.99999762  1.00637066  8.99999714 -0.9936294 ]	0.0	R
2393.812	3.413000000000011	trials	2395.1994	2396.0966333333336	0.0	[-1.  9.  1.  7.]	1.5707963267948966	R
2397.477	2.201000000000022	trials	2399.2314333333334		5.0	[-6.64558125 -4.66810465 -4.64558125 -6.66810465]	-2.356194490192345	A
2399.929	4.114999999999782	trials	2401.5341333333336	2402.8915	3.0	[ 4.66360712 -4.65009308  6.66360712 -6.65009308]	-0.7853981633974483	R
2404.296	3.649000000000342	trials	2406.0353333333333	2406.7350666666666	7.0	[-6.67259884  6.6410656  -4.67259884  4.6410656 ]	2.356194490192345	R
2408.197	3.7100000000000364	trials	2409.934	2410.9064	6.0	[-8.99997711  0.98088819 -6.99997711 -1.01911187]	3.141592653589793	I
2412.159	4.253999999999905	trials	2414.3489666666665	2415.2853	1.0	[4.65460157 6.65910625 6.65460157 4.65910625]	0.7853981633974483	R
2416.665	4.050999999999931	trials	2418.6476333333335	2419.5689333333335	7.0	[4.65460157 6.65910625 6.65460157 4.65910625]	2.356194490192345	R
2420.967	2.51299999999992	trials	2422.7267666666667		4.0	[-0.98725879 -6.99998999  1.01274121 -8.99998951]	-1.5707963267948966	A
2423.731	2.7089999999998327	trials	2424.568333333333	2425.2219666666665	3.0	[ 4.66360712 -4.65009308  6.66360712 -6.65009308]	-0.7853981633974483	R
2426.692	3.257000000000062	trials	2428.1642666666667	2428.7537333333335	1.0	[4.65460157 6.65910625 6.65460157 4.65910625]	0.7853981633974483	R
2430.2	4.461999999999989	trials	2432.5140666666666	2433.4885	6.0	[-8.99997711  0.98088819 -6.99997711 -1.01911187]	3.141592653589793	R
2434.914	3.7529999999997017	trials	2436.6212666666665	2437.4563333333335	2.0	[ 6.99999762  1.00637066  8.99999714 -0.9936294 ]	0.0	R
2438.919	3.844000000000051	trials	2440.538	2441.6557666666668	0.0	[-1.  9.  1.  7.]	1.5707963267948966	R
2443.014	3.3089999999997417	trials	2444.3995666666665	2445.182533333333	5.0	[-6.64558125 -4.66810465 -4.64558125 -6.66810465]	-2.356194490192345	R
2446.575	4.074000000000069	trials	2448.3153	2449.589466666667	2.0	[-6.64558125 -4.66810465 -4.64558125 -6.66810465]	0.0	R
2450.901	4.080000000000382	trials	2452.4515666666666	2453.9252333333334	0.0	[-1.  9.  1.  7.]	1.5707963267948966	R
2455.232	4.2020000000002256	trials	2456.9076333333333	2458.3151333333335	5.0	[-6.64558125 -4.66810465 -4.64558125 -6.66810465]	-2.356194490192345	R
2459.686	3.6359999999999673	trials	2461.4409	2462.1657	1.0	[4.65460157 6.65910625 6.65460157 4.65910625]	0.7853981633974483	R
2463.573	3.788000000000011	trials	2465.2473333333332	2466.2287666666666	6.0	[-8.99997711  0.98088819 -6.99997711 -1.01911187]	3.141592653589793	R
2467.612	3.688999999999851	trials	2469.1169666666665	2470.0342333333333	3.0	[ 4.66360712 -4.65009308  6.66360712 -6.65009308]	-0.7853981633974483	R
2471.553	4.61200000000008	trials	2473.713366666667	2475.0587	4.0	[-0.98725879 -6.99998999  1.01274121 -8.99998951]	-1.5707963267948966	R
2476.417	3.8460000000000036	trials	2478.2215666666666	2479.1518666666666	7.0	[-6.67259884  6.6410656  -4.67259884  4.6410656 ]	2.356194490192345	R
2480.514	3.5	trials	2482.2255	2482.821966666667	5.0	[-6.67259884  6.6410656  -4.67259884  4.6410656 ]	-2.356194490192345	R
2484.266	3.286999999999807	trials	2485.7322	2486.4229333333333	4.0	[-0.98725879 -6.99998999  1.01274121 -8.99998951]	-1.5707963267948966	R
2487.804	4.400000000000091	trials	2489.6900333333333	2491.1075666666666	1.0	[4.65460157 6.65910625 6.65460157 4.65910625]	0.7853981633974483	R
2492.456	3.7399999999997817	trials	2494.216266666667	2495.0293	0.0	[-1.  9.  1.  7.]	1.5707963267948966	R
2496.448	4.443000000000211	trials	2498.8568	2499.7009	6.0	[-8.99997711  0.98088819 -6.99997711 -1.01911187]	3.141592653589793	R
2501.142	3.100000000000364	trials	2502.265266666667	2503.0401666666667	7.0	[-6.67259884  6.6410656  -4.67259884  4.6410656 ]	2.356194490192345	R
2504.494	3.2289999999998145	trials	2505.783	2506.4576666666667	2.0	[ 6.99999762  1.00637066  8.99999714 -0.9936294 ]	0.0	R
2507.974	3.53899999999976	trials	2509.7729	2510.3403	3.0	[ 4.66360712 -4.65009308  6.66360712 -6.65009308]	-0.7853981633974483	R
2511.765	4.0300000000002	trials	2513.9362333333333	2514.6871	1.0	[ 4.66360712 -4.65009308  6.66360712 -6.65009308]	0.7853981633974483	R
2516.046	4.430000000000291	trials	2518.5497	2519.3296333333333	4.0	[-0.98725879 -6.99998999  1.01274121 -8.99998951]	-1.5707963267948966	R
2520.728	3.980999999999767	trials	2522.2769333333335	2523.6032333333333	2.0	[ 6.99999762  1.00637066  8.99999714 -0.9936294 ]	0.0	R
2524.961	4.442000000000007	trials	2527.137	2528.2698333333333	0.0	[-1.  9.  1.  7.]	1.5707963267948966	R
2529.654	3.824999999999818	trials	2531.7575	2532.2667666666666	6.0	[-8.99997711  0.98088819 -6.99997711 -1.01911187]	3.141592653589793	R
2533.73	3.081000000000131	trials	2534.8852666666667	2535.6772333333333	7.0	[-6.67259884  6.6410656  -4.67259884  4.6410656 ]	2.356194490192345	R
2537.063	5.288000000000011	trials	2539.7262666666666	2541.0896666666667	3.0	[ 4.66360712 -4.65009308  6.66360712 -6.65009308]	-0.7853981633974483	R
2542.602	4.432999999999993	trials	2544.6174333333333	2545.828433333333	5.0	[-6.64558125 -4.66810465 -4.64558125 -6.66810465]	-2.356194490192345	R
2547.287	4.153000000000247	trials	2549.1276333333335	2550.146133333333	1.0	[-6.64558125 -4.66810465 -4.64558125 -6.66810465]	0.7853981633974483	R
2551.692	3.5970000000002074	trials	2553.482433333333	2554.1250333333332	4.0	[-0.98725879 -6.99998999  1.01274121 -8.99998951]	-1.5707963267948966	R
2555.541	4.118999999999687	trials	2557.8964	2558.4728333333333	2.0	[ 6.99999762  1.00637066  8.99999714 -0.9936294 ]	0.0	R
2559.911	4.092999999999847	trials	2561.4502	2562.8687333333332	7.0	[-6.67259884  6.6410656  -4.67259884  4.6410656 ]	2.356194490192345	R
2564.255	2.1030000000000655	trials	2566.0697		6.0	[-8.99997711  0.98088819 -6.99997711 -1.01911187]	3.141592653589793	A
2566.61	2.763999999999669	trials	2567.6195333333335	2568.223033333333	0.0	[-1.  9.  1.  7.]	1.5707963267948966	R
2569.626	4.128999999999905	trials	2571.4129666666668	2572.5938666666666	3.0	[ 4.66360712 -4.65009308  6.66360712 -6.65009308]	-0.7853981633974483	R
2574.006	4.486000000000331	trials	2575.9913333333334	2577.3196333333335	5.0	[-6.64558125 -4.66810465 -4.64558125 -6.66810465]	-2.356194490192345	R
2578.743	3.186999999999898	trials	2580.0824666666667	2580.7892333333334	5.0	[-6.64558125 -4.66810465 -4.64558125 -6.66810465]	-2.356194490192345	R
2582.182	3.229000000000269	trials	2583.533033333333	2584.227766666667	3.0	[ 4.66360712 -4.65009308  6.66360712 -6.65009308]	-0.7853981633974483	R
2585.662	4.447000000000116	trials	2587.3455	2588.8061333333335	0.0	[-1.  9.  1.  7.]	1.5707963267948966	F
2590.361	93.91300000000001	trials	2681.5845	2682.8266	6.0	[-8.99997711  0.98088819 -6.99997711 -1.01911187]	3.141592653589793	R
2684.526	4.169000000000324	trials	2686.0215333333335	2687.2044666666666	2.0	[ 6.99999762  1.00637066  8.99999714 -0.9936294 ]	0.0	R
2688.947	4.605000000000018	trials	2691.0119	2692.4374666666668	1.0	[4.65460157 6.65910625 6.65460157 4.65910625]	0.7853981633974483	R
2693.804	4.79300000000012	trials	2696.1206	2697.4689333333336	7.0	[-6.67259884  6.6410656  -4.67259884  4.6410656 ]	2.356194490192345	R
2698.848	3.393000000000029	trials	2700.3180333333335	2700.9255333333335	4.0	[-0.98725879 -6.99998999  1.01274121 -8.99998951]	-1.5707963267948966	R
2702.492	0.8729999999995925	trials				[nan nan nan nan]		A
2703.616	3.074999999999818	trials	2704.5615666666667	2705.4978666666666	1.0	[4.65460157 6.65910625 6.65460157 4.65910625]	0.7853981633974483	R
2706.942	3.911000000000058	trials	2708.8863	2709.6562	3.0	[ 4.66360712 -4.65009308  6.66360712 -6.65009308]	-0.7853981633974483	R
2711.105	4.264999999999873	trials	2713.047633333333	2714.0782	6.0	[-8.99997711  0.98088819 -6.99997711 -1.01911187]	3.141592653589793	R
2715.622	4.338000000000193	trials	2717.5107	2718.8089333333332	4.0	[-0.98725879 -6.99998999  1.01274121 -8.99998951]	-1.5707963267948966	R
2720.211	4.378000000000156	trials	2722.4219	2723.4113666666667	7.0	[-6.67259884  6.6410656  -4.67259884  4.6410656 ]	2.356194490192345	R
2724.841	4.291000000000167	trials	2726.8779666666665	2727.9406	2.0	[ 6.99999762  1.00637066  8.99999714 -0.9936294 ]	0.0	R
2729.383	3.5100000000002183	trials	2730.9380333333334	2731.7881666666667	0.0	[-1.  9.  1.  7.]	1.5707963267948966	R
2733.145	4.061000000000149	trials	2735.3018666666667	2736.0527333333334	1.0	[-1.  9.  1.  7.]	0.7853981633974483	R
2737.457	3.5540000000000873	trials	2739.1464333333333	2739.7930333333334	2.0	[ 6.99999762  1.00637066  8.99999714 -0.9936294 ]	0.0	R
2741.263	4.842000000000098	trials	2743.834066666667	2744.945833333333	3.0	[ 4.66360712 -4.65009308  6.66360712 -6.65009308]	-0.7853981633974483	R
2746.356	4.126999999999953	trials	2748.5548	2749.2535333333335	6.0	[-8.99997711  0.98088819 -6.99997711 -1.01911187]	3.141592653589793	R
2750.734	3.9200000000000728	trials	2752.3251666666665	2753.5903	4.0	[-0.98725879 -6.99998999  1.01274121 -8.99998951]	-1.5707963267948966	R
2754.906	4.152000000000044	trials	2756.7611666666667	2757.901	5.0	[-6.64558125 -4.66810465 -4.64558125 -6.66810465]	-2.356194490192345	R
2759.31	3.9830000000001746	trials	2761.4428	2762.1194666666665	0.0	[-1.  9.  1.  7.]	1.5707963267948966	R
2763.545	4.217000000000098	trials	2765.204133333333	2766.671766666667	7.0	[-6.67259884  6.6410656  -4.67259884  4.6410656 ]	2.356194490192345	R
2768.014	3.856999999999971	trials	2769.6231	2770.6947666666665	2.0	[-6.67259884  6.6410656  -4.67259884  4.6410656 ]	0.0	R
2772.122	3.97400000000016	trials	2774.1132666666667	2774.8340333333335	4.0	[-0.98725879 -6.99998999  1.01274121 -8.99998951]	-1.5707963267948966	R
2776.348	4.246999999999844	trials	2778.5783333333334	2779.385333333333	0.0	[-1.  9.  1.  7.]	1.5707963267948966	R
2780.847	3.8059999999995853	trials	2782.567233333333	2783.4815	1.0	[4.65460157 6.65910625 6.65460157 4.65910625]	0.7853981633974483	R
2784.905	3.481999999999971	trials	2786.4579	2787.211766666667	6.0	[-8.99997711  0.98088819 -6.99997711 -1.01911187]	3.141592653589793	R
2788.638	4.157999999999902	trials	2790.6613333333335	2791.6728333333335	7.0	[-6.67259884  6.6410656  -4.67259884  4.6410656 ]	2.356194490192345	R
2793.047	4.152999999999793	trials	2794.5780666666665	2796.0697666666665	3.0	[ 4.66360712 -4.65009308  6.66360712 -6.65009308]	-0.7853981633974483	R
2797.451	4.106999999999971	trials	2799.7138	2800.3373666666666	5.0	[-6.64558125 -4.66810465 -4.64558125 -6.66810465]	-2.356194490192345	R
2801.81	3.675999999999931	trials	2803.008	2804.3413	6.0	[-6.64558125 -4.66810465 -4.64558125 -6.66810465]	3.141592653589793	R
2805.738	3.536000000000058	trials	2807.4239666666667	2808.029466666667	1.0	[4.65460157 6.65910625 6.65460157 4.65910625]	0.7853981633974483	R
2809.525	4.681999999999789	trials	2811.6244	2813.075	5.0	[-6.64558125 -4.66810465 -4.64558125 -6.66810465]	-2.356194490192345	R
2814.458	4.007000000000062	trials	2816.3270666666667	2817.3035	7.0	[-6.67259884  6.6410656  -4.67259884  4.6410656 ]	2.356194490192345	R
2818.717	4.141999999999825	trials	2820.2969333333335	2821.7194666666664	2.0	[ 6.99999762  1.00637066  8.99999714 -0.9936294 ]	0.0	R
2823.111	4.024000000000342	trials	2825.1098666666667	2825.9780333333333	4.0	[-0.98725879 -6.99998999  1.01274121 -8.99998951]	-1.5707963267948966	R
2827.387	4.7970000000000255	trials	2829.8787	2831.0416	3.0	[ 4.66360712 -4.65009308  6.66360712 -6.65009308]	-0.7853981633974483	R
2832.436	3.7289999999998145	trials	2833.9989333333333	2835.009466666667	0.0	[-1.  9.  1.  7.]	1.5707963267948966	R
2836.417	3.742000000000189	trials	2838.1151666666665	2839.0605	5.0	[-1.  9.  1.  7.]	-2.356194490192345	R
2840.411	3.923999999999978	trials	2842.2925333333333	2843.1747333333333	3.0	[ 4.66360712 -4.65009308  6.66360712 -6.65009308]	-0.7853981633974483	R
2844.586	4.219000000000051	trials	2846.6032333333333	2847.6638666666668	6.0	[-8.99997711  0.98088819 -6.99997711 -1.01911187]	3.141592653589793	R
2849.056	4.139000000000124	trials	2850.673333333333	2852.0136666666667	2.0	[ 6.99999762  1.00637066  8.99999714 -0.9936294 ]	0.0	R
2853.446	3.588000000000193	trials	2855.3128666666667	2855.8241333333335	7.0	[-6.67259884  6.6410656  -4.67259884  4.6410656 ]	2.356194490192345	R
2857.286	3.1210000000000946	trials	2858.6802333333335	2859.222566666667	4.0	[-0.98725879 -6.99998999  1.01274121 -8.99998951]	-1.5707963267948966	R
2860.659	3.7100000000000364	trials	2862.3443333333335	2863.1022	1.0	[4.65460157 6.65910625 6.65460157 4.65910625]	0.7853981633974483	R
2864.621	4.347999999999956	trials	2866.6791	2867.8901	0.0	[-1.  9.  1.  7.]	1.5707963267948966	R
2869.22	3.644999999999982	trials	2870.577766666667	2871.6875333333332	6.0	[-1.  9.  1.  7.]	3.141592653589793	R
2873.117	3.6529999999997926	trials	2874.1656666666668	2875.6253	3.0	[ 4.66360712 -4.65009308  6.66360712 -6.65009308]	-0.7853981633974483	R
2877.022	3.9980000000000473	trials	2878.991666666667	2879.880866666667	4.0	[-0.98725879 -6.99998999  1.01274121 -8.99998951]	-1.5707963267948966	R
2881.271	3.5349999999998545	trials	2882.8813333333333	2883.621166666667	2.0	[ 6.99999762  1.00637066  8.99999714 -0.9936294 ]	0.0	R
2885.058	4.530999999999949	trials	2887.2882666666665	2888.3839666666668	0.0	[-1.  9.  1.  7.]	1.5707963267948966	R
2889.841	3.268000000000029	trials	2891.3623666666667	2891.8806666666665	7.0	[-6.67259884  6.6410656  -4.67259884  4.6410656 ]	2.356194490192345	R
2893.36	4.080999999999676	trials	2895.022466666667	2896.443	5.0	[-6.64558125 -4.66810465 -4.64558125 -6.66810465]	-2.356194490192345	R
2897.693	3.755999999999858	trials	2899.5457	2900.2725	1.0	[4.65460157 6.65910625 6.65460157 4.65910625]	0.7853981633974483	R
2901.701	3.5169999999998254	trials	2903.3250666666668	2904.1170333333334	1.0	[4.65460157 6.65910625 6.65460157 4.65910625]	0.7853981633974483	R
2905.469	4.496999999999844	trials	2907.4122333333335	2908.8147	7.0	[-6.67259884  6.6410656  -4.67259884  4.6410656 ]	2.356194490192345	R
2910.217	3.7529999999997017	trials	2912.0016333333333	2912.8327	4.0	[-0.98725879 -6.99998999  1.01274121 -8.99998951]	-1.5707963267948966	R
2914.221	4.193000000000211	trials	2916.3394	2917.3028	0.0	[-1.  9.  1.  7.]	1.5707963267948966	R
2918.665	4.048999999999978	trials	2920.6430666666665	2921.5583666666666	3.0	[ 4.66360712 -4.65009308  6.66360712 -6.65009308]	-0.7853981633974483	R
2922.966	4.054000000000087	trials	2925.2274666666667	2925.85	5.0	[-6.64558125 -4.66810465 -4.64558125 -6.66810465]	-2.356194490192345	R
2927.272	3.9050000000002	trials	2929.1041	2929.7547	6.0	[-8.99997711  0.98088819 -6.99997711 -1.01911187]	3.141592653589793	R
2931.429	4.048999999999978	trials	2933.3195666666666	2933.9330666666665	2.0	[ 6.99999762  1.00637066  8.99999714 -0.9936294 ]	0.0	R
2935.73	3.963000000000193	trials	2937.2042	2938.5385	2.0	[ 6.99999762  1.00637066  8.99999714 -0.9936294 ]	0.0	R
2939.945	4.121999999999844	trials	2941.580066666667	2942.9615	1.0	[4.65460157 6.65910625 6.65460157 4.65910625]	0.7853981633974483	R
2944.319	4.423999999999978	trials	2946.135366666667	2947.602	5.0	[-6.64558125 -4.66810465 -4.64558125 -6.66810465]	-2.356194490192345	R
2948.994	3.9580000000000837	trials	2950.5974666666666	2951.8265	7.0	[-6.67259884  6.6410656  -4.67259884  4.6410656 ]	2.356194490192345	R
2953.204	4.187999999999647	trials	2955.3492666666666	2956.2264333333333	3.0	[ 4.66360712 -4.65009308  6.66360712 -6.65009308]	-0.7853981633974483	R
2957.644	4.591000000000349	trials	2959.8053	2961.161666666667	4.0	[-0.98725879 -6.99998999  1.01274121 -8.99998951]	-1.5707963267948966	R
2962.487	3.7979999999997744	trials	2963.9205333333334	2965.1676333333335	6.0	[-8.99997711  0.98088819 -6.99997711 -1.01911187]	3.141592653589793	R
2966.537	3.4590000000002874	trials	2968.142	2968.8798333333334	0.0	[-1.  9.  1.  7.]	1.5707963267948966	R
2970.247	3.64200000000028	trials	2972.1088666666665	2972.7815333333333	0.0	[-1.  9.  1.  7.]	1.5707963267948966	R
2974.141	3.906999999999698	trials	2976.095766666667	2976.8396	1.0	[4.65460157 6.65910625 6.65460157 4.65910625]	0.7853981633974483	R
2978.299	3.856000000000222	trials	2980.2330333333334	2980.9608333333335	6.0	[-8.99997711  0.98088819 -6.99997711 -1.01911187]	3.141592653589793	R
2982.406	4.257000000000062	trials	2984.267066666667	2985.4690333333333	3.0	[ 4.66360712 -4.65009308  6.66360712 -6.65009308]	-0.7853981633974483	R
2986.915	4.262000000000171	trials	2988.892533333333	2990.0394	7.0	[-6.67259884  6.6410656  -4.67259884  4.6410656 ]	2.356194490192345	R
2991.429	0.7280000000000655	trials				[nan nan nan nan]		A
2992.408	3.499000000000251	trials	2993.9270333333334	2994.7500666666665	4.0	[-0.98725879 -6.99998999  1.01274121 -8.99998951]	-1.5707963267948966	R
2996.159	3.6289999999999054	trials	2997.9791	2998.6437333333333	5.0	[-6.64558125 -4.66810465 -4.64558125 -6.66810465]	-2.356194490192345	R
3000.039	3.862999999999829	trials	3001.5128666666665	3002.7289	2.0	[-6.64558125 -4.66810465 -4.64558125 -6.66810465]	0.0	R
3004.153	4.130000000000109	trials	3005.8005333333335	3007.0185333333334	6.0	[-8.99997711  0.98088819 -6.99997711 -1.01911187]	3.141592653589793	R
3008.534	3.505000000000109	trials	3009.6480666666666	3010.852066666667	5.0	[-6.64558125 -4.66810465 -4.64558125 -6.66810465]	-2.356194490192345	R
3012.291	3.6419999999998254	trials	3014.1201666666666	3014.7487333333333	7.0	[-6.67259884  6.6410656  -4.67259884  4.6410656 ]	2.356194490192345	R
3016.184	3.9769999999998618	trials	3018.1943	3019.0775	0.0	[-1.  9.  1.  7.]	1.5707963267948966	R
3020.413	2.1489999999998872	trials	3022.279433333333		1.0	[4.65460157 6.65910625 6.65460157 4.65910625]	0.7853981633974483	A
3022.814	24.84400000000005	trials	3045.5291666666667	3046.527633333333	4.0	[-0.98725879 -6.99998999  1.01274121 -8.99998951]	-1.5707963267948966	R
3047.91	3.680000000000291	trials	3049.2474	3050.4223	3.0	[ 4.66360712 -4.65009308  6.66360712 -6.65009308]	-0.7853981633974483	R
3051.842	4.110999999999876	trials	3053.5430666666666	3054.8413	3.0	[ 4.66360712 -4.65009308  6.66360712 -6.65009308]	-0.7853981633974483	R
3056.205	4.519000000000233	trials	3058.370033333333	3059.5971	7.0	[-6.67259884  6.6410656  -4.67259884  4.6410656 ]	2.356194490192345	R
3060.976	3.675999999999931	trials	3062.4401666666668	3063.4817333333335	2.0	[ 6.99999762  1.00637066  8.99999714 -0.9936294 ]	0.0	R
3064.903	3.1400000000003274	trials	3066.7829333333334	3067.386433333333	0.0	[-1.  9.  1.  7.]	1.5707963267948966	I
3068.295	3.4589999999998327	trials	3069.9708666666666	3070.5693333333334	6.0	[-8.99997711  0.98088819 -6.99997711 -1.01911187]	3.141592653589793	R
3072.006	3.8900000000003274	trials	3073.8274333333334	3074.4910666666665	1.0	[4.65460157 6.65910625 6.65460157 4.65910625]	0.7853981633974483	R
3076.147	4.470000000000255	trials	3078.342633333333	3079.5165666666667	4.0	[-0.98725879 -6.99998999  1.01274121 -8.99998951]	-1.5707963267948966	R
3080.869	4.56899999999996	trials	3082.9801666666667	3084.3726	5.0	[-6.64558125 -4.66810465 -4.64558125 -6.66810465]	-2.356194490192345	R
3085.69	3.8899999999998727	trials	3087.1014	3088.4066333333335	6.0	[-6.64558125 -4.66810465 -4.64558125 -6.66810465]	3.141592653589793	R
3089.831	3.650000000000091	trials	3091.5594666666666	3092.4105666666665	0.0	[-1.  9.  1.  7.]	1.5707963267948966	R
3093.733	4.306999999999789	trials	3095.4290666666666	3096.9318	5.0	[-6.64558125 -4.66810465 -4.64558125 -6.66810465]	-2.356194490192345	R
3098.291	4.044999999999618	trials	3099.784866666667	3101.2365	1.0	[4.65460157 6.65910625 6.65460157 4.65910625]	0.7853981633974483	R
3102.588	3.8109999999996944	trials	3104.1246666666666	3105.2584666666667	7.0	[-6.67259884  6.6410656  -4.67259884  4.6410656 ]	2.356194490192345	R
3106.651	3.5350000000003092	trials	3108.3080333333332	3108.9556333333335	4.0	[-0.98725879 -6.99998999  1.01274121 -8.99998951]	-1.5707963267948966	R
3110.437	4.378999999999905	trials	3112.6588333333334	3113.6192333333333	2.0	[ 6.99999762  1.00637066  8.99999714 -0.9936294 ]	0.0	R
3115.068	3.7409999999999854	trials	3117.0196666666666	3117.5700333333334	3.0	[ 4.66360712 -4.65009308  6.66360712 -6.65009308]	-0.7853981633974483	R
3119.061	4.9099999999998545	trials	3121.4346333333333	3122.8321	7.0	[ 4.66360712 -4.65009308  6.66360712 -6.65009308]	2.356194490192345	R
3124.223	4.373000000000047	trials	3126.0430666666666	3127.4385333333335	1.0	[4.65460157 6.65910625 6.65460157 4.65910625]	0.7853981633974483	R
3128.848	4.594000000000051	trials	3131.1367333333333	3132.2555	6.0	[-8.99997711  0.98088819 -6.99997711 -1.01911187]	3.141592653589793	R
3133.694	4.128000000000156	trials	3135.5226	3136.757666666667	0.0	[-1.  9.  1.  7.]	1.5707963267948966	R
3138.074	3.85799999999972	trials	3139.4213	3140.681433333333	3.0	[ 4.66360712 -4.65009308  6.66360712 -6.65009308]	-0.7853981633974483	R
3142.183	3.6140000000000327	trials	3143.729	3144.636233333333	5.0	[-6.64558125 -4.66810465 -4.64558125 -6.66810465]	-2.356194490192345	R
3146.049	4.128000000000156	trials	3147.8853	3149.1053333333334	4.0	[-0.98725879 -6.99998999  1.01274121 -8.99998951]	-1.5707963267948966	R
3150.429	4.795999999999822	trials	3152.6531666666665	3154.0436	2.0	[ 6.99999762  1.00637066  8.99999714 -0.9936294 ]	0.0	R
3155.476	3.9429999999997563	trials	3157.4470666666666	3158.3102	5.0	[ 6.99999762  1.00637066  8.99999714 -0.9936294 ]	-2.356194490192345	R
3159.671	3.87900000000036	trials	3161.7266666666665	3162.3101333333334	2.0	[ 6.99999762  1.00637066  8.99999714 -0.9936294 ]	0.0	R
3163.802	4.283999999999651	trials	3165.4349	3166.9366	6.0	[-8.99997711  0.98088819 -6.99997711 -1.01911187]	3.141592653589793	R
3168.338	3.319999999999709	trials	3169.512	3170.4112333333333	3.0	[ 4.66360712 -4.65009308  6.66360712 -6.65009308]	-0.7853981633974483	R
3171.91	3.688000000000102	trials	3173.4688333333334	3174.3861	4.0	[-0.98725879 -6.99998999  1.01274121 -8.99998951]	-1.5707963267948966	R
3175.85	3.923000000000229	trials	3177.8276666666666	3178.5995666666668	1.0	[4.65460157 6.65910625 6.65460157 4.65910625]	0.7853981633974483	R
3180.025	4.096999999999753	trials	3182.2265666666667	3182.9534	7.0	[-6.67259884  6.6410656  -4.67259884  4.6410656 ]	2.356194490192345	R
3184.374	3.743000000000393	trials	3185.8796666666667	3187.0245	0.0	[-1.  9.  1.  7.]	1.5707963267948966	R
3188.369	4.3409999999998945	trials	3190.444	3191.5507333333335	5.0	[-1.  9.  1.  7.]	-2.356194490192345	R
3192.961	4.332000000000335	trials	3194.8198666666667	3196.2183333333332	0.0	[-1.  9.  1.  7.]	1.5707963267948966	R
3197.545	4.867999999999938	trials	3200.522	3201.2598333333335	1.0	[4.65460157 6.65910625 6.65460157 4.65910625]	0.7853981633974483	R
3202.664	4.254999999999654	trials	3204.6522666666665	3205.686833333333	6.0	[-8.99997711  0.98088819 -6.99997711 -1.01911187]	3.141592653589793	R
3207.171	4.39200000000028	trials	3209.3108333333334	3210.3815	2.0	[ 6.99999762  1.00637066  8.99999714 -0.9936294 ]	0.0	R
3211.815	3.5799999999999272	trials	3213.1764333333335	3214.1899333333336	3.0	[ 4.66360712 -4.65009308  6.66360712 -6.65009308]	-0.7853981633974483	R
3215.647	6.014000000000124	trials	3218.9989	3220.4735333333333	7.0	[-6.67259884  6.6410656  -4.67259884  4.6410656 ]	2.356194490192345	R
3221.912	4.449000000000069	trials	3224.0263666666665	3225.2323666666666	4.0	[-0.98725879 -6.99998999  1.01274121 -8.99998951]	-1.5707963267948966	R
3226.613	4.872000000000298	trials	3229.0538666666666	3230.2969333333335	4.0	[-0.98725879 -6.99998999  1.01274121 -8.99998951]	-1.5707963267948966	R
3231.737	3.3400000000001455	trials	3233.3054	3233.8116666666665	3.0	[ 4.66360712 -4.65009308  6.66360712 -6.65009308]	-0.7853981633974483	R
3235.328	4.8530000000000655	trials	3237.5579666666667	3239.0186	6.0	[-8.99997711  0.98088819 -6.99997711 -1.01911187]	3.141592653589793	R
3240.433	4.29300000000012	trials	3242.3589	3243.613	2.0	[ 6.99999762  1.00637066  8.99999714 -0.9936294 ]	0.0	R
3244.977	3.861000000000331	trials	3246.4640666666664	3247.646	0.0	[-1.  9.  1.  7.]	1.5707963267948966	R
3249.09	4.369999999999891	trials	3251.206866666667	3252.372766666667	7.0	[-6.67259884  6.6410656  -4.67259884  4.6410656 ]	2.356194490192345	R
3253.712	4.061999999999898	trials	3255.9777	3256.5511333333334	1.0	[4.65460157 6.65910625 6.65460157 4.65910625]	0.7853981633974483	R
3258.026	4.854000000000269	trials	3260.3415333333332	3261.7069333333334	5.0	[-6.64558125 -4.66810465 -4.64558125 -6.66810465]	-2.356194490192345	R
3263.131	4.3969999999999345	trials	3264.988066666667	3266.3264	4.0	[-6.64558125 -4.66810465 -4.64558125 -6.66810465]	-1.5707963267948966	R
3267.78	4.78899999999976	trials	3270.0677	3271.430066666667	1.0	[4.65460157 6.65910625 6.65460157 4.65910625]	0.7853981633974483	R
3272.821	4.516000000000076	trials	3274.8505666666665	3276.337266666667	0.0	[-1.  9.  1.  7.]	1.5707963267948966	R
3277.588	4.806999999999789	trials	3279.7728	3280.9848	2.0	[ 6.99999762  1.00637066  8.99999714 -0.9936294 ]	0.0	R
3282.647	3.81899999999996	trials	3284.017333333333	3285.3366	5.0	[-6.64558125 -4.66810465 -4.64558125 -6.66810465]	-2.356194490192345	R
3286.718	4.640000000000327	trials	3288.6849	3290.1636	6.0	[-8.99997711  0.98088819 -6.99997711 -1.01911187]	3.141592653589793	R
3291.609	4.133000000000266	trials	3293.7424666666666	3294.5595	7.0	[-6.67259884  6.6410656  -4.67259884  4.6410656 ]	2.356194490192345	R
3295.994	3.2970000000000255	trials	3297.3454333333334	3298.0531666666666	3.0	[ 4.66360712 -4.65009308  6.66360712 -6.65009308]	-0.7853981633974483	R
3299.543	4.8840000000000146	trials	3302.0200333333332	3303.2771333333335	1.0	[ 4.66360712 -4.65009308  6.66360712 -6.65009308]	0.7853981633974483	R
3304.679	3.8089999999997417	trials	3306.295633333333	3307.1728333333335	5.0	[-6.64558125 -4.66810465 -4.64558125 -6.66810465]	-2.356194490192345	R
3308.74	3.9090000000001055	trials	3310.463	3311.5968	2.0	[ 6.99999762  1.00637066  8.99999714 -0.9936294 ]	0.0	R
3312.901	4.9650000000001455	trials	3315.3892333333333	3316.6293	6.0	[-8.99997711  0.98088819 -6.99997711 -1.01911187]	3.141592653589793	R
3318.118	4.02599999999984	trials	3320.1801333333333	3321.0713333333333	0.0	[-1.  9.  1.  7.]	1.5707963267948966	R
3322.396	4.261999999999716	trials	3325.228666666667		3.0	[ 4.66360712 -4.65009308  6.66360712 -6.65009308]	-0.7853981633974483	A
3326.91	4.597999999999956	trials	3329.2907333333333	3330.1208	4.0	[-0.98725879 -6.99998999  1.01274121 -8.99998951]	-1.5707963267948966	R
3331.76	4.144999999999982	trials	3333.5994333333333	3334.730233333333	7.0	[-6.67259884  6.6410656  -4.67259884  4.6410656 ]	2.356194490192345	R
3336.157	3.505999999999858	trials	3337.5071333333335	3338.657	0.0	[-6.67259884  6.6410656  -4.67259884  4.6410656 ]	1.5707963267948966	R
3339.914	4.479999999999563	trials	3342.1867666666667	3342.9556666666667	2.0	[ 6.99999762  1.00637066  8.99999714 -0.9936294 ]	0.0	R
3344.646	4.4699999999998	trials	3346.8252666666667	3347.9530666666665	1.0	[4.65460157 6.65910625 6.65460157 4.65910625]	0.7853981633974483	R
3349.368	4.380999999999858	trials	3351.9560333333334	3352.5605333333333	7.0	[-6.67259884  6.6410656  -4.67259884  4.6410656 ]	2.356194490192345	R
3354.001	4.0359999999996035	trials	3355.6241333333332	3356.6246	3.0	[ 4.66360712 -4.65009308  6.66360712 -6.65009308]	-0.7853981633974483	R
3358.289	4.673999999999978	trials	3360.4220333333333	3361.6300333333334	6.0	[-8.99997711  0.98088819 -6.99997711 -1.01911187]	3.141592653589793	R
3363.215	3.3910000000000764	trials	3364.5452666666665	3365.4194333333335	4.0	[-0.98725879 -6.99998999  1.01274121 -8.99998951]	-1.5707963267948966	R
3366.858	4.742999999999938	trials	3368.9853	3370.4509333333335	5.0	[-6.64558125 -4.66810465 -4.64558125 -6.66810465]	-2.356194490192345	R
3371.852	3.519000000000233	trials	3373.5576666666666	3374.111033333333	6.0	[-6.64558125 -4.66810465 -4.64558125 -6.66810465]	3.141592653589793	R
3375.623	4.086999999999989	trials	3377.144566666667	3378.6392666666666	5.0	[-6.64558125 -4.66810465 -4.64558125 -6.66810465]	-2.356194490192345	R
3379.962	3.9290000000000873	trials	3381.6156666666666	3382.7625	7.0	[-6.67259884  6.6410656  -4.67259884  4.6410656 ]	2.356194490192345	R
3384.143	4.498000000000047	trials	3386.1118333333334	3387.5163	3.0	[ 4.66360712 -4.65009308  6.66360712 -6.65009308]	-0.7853981633974483	R
3388.893	4.942999999999756	trials	3391.2656333333334	3392.6851333333334	1.0	[4.65460157 6.65910625 6.65460157 4.65910625]	0.7853981633974483	R
3394.088	4.043999999999869	trials	3396.0094	3396.9918333333335	4.0	[-0.98725879 -6.99998999  1.01274121 -8.99998951]	-1.5707963267948966	R
3398.383	61.10100000000011	trials	3456.894566666667	3458.1557	0.0	[-1.  9.  1.  7.]	1.5707963267948966	R
3459.736	3.923999999999978	trials	3461.2273333333333	3462.4754333333335	2.0	[ 6.99999762  1.00637066  8.99999714 -0.9936294 ]	0.0	R
3463.912	3.856000000000222	trials	3465.486933333333	3466.6157333333335	3.0	[ 6.99999762  1.00637066  8.99999714 -0.9936294 ]	-0.7853981633974483	R
3468.019	4.079000000000178	trials	3470.0823333333333	3470.9114	4.0	[-0.98725879 -6.99998999  1.01274121 -8.99998951]	-1.5707963267948966	R
3472.35	3.5979999999999563	trials	3473.8406666666665	3474.8281	5.0	[-6.64558125 -4.66810465 -4.64558125 -6.66810465]	-2.356194490192345	R
3476.2	4.170000000000073	trials	3478.1804333333334	3479.245066666667	1.0	[4.65460157 6.65910625 6.65460157 4.65910625]	0.7853981633974483	R
3480.622	3.9650000000001455	trials	3482.288633333333	3483.4886	0.0	[-1.  9.  1.  7.]	1.5707963267948966	R
3484.839	4.33199999999988	trials	3487.1156333333333	3488.0198666666665	6.0	[-8.99997711  0.98088819 -6.99997711 -1.01911187]	3.141592653589793	R
3489.422	3.882999999999811	trials	3490.8519	3492.244366666667	7.0	[-6.67259884  6.6410656  -4.67259884  4.6410656 ]	2.356194490192345	R
3493.557	3.9820000000004256	trials	3495.2999333333332	3496.4097	2.0	[ 6.99999762  1.00637066  8.99999714 -0.9936294 ]	0.0	R
3497.79	4.235999999999876	trials	3499.8672666666666	3500.8697666666667	7.0	[ 6.99999762  1.00637066  8.99999714 -0.9936294 ]	2.356194490192345	R
3502.277	3.5969999999997526	trials	3503.5785	3504.6491666666666	2.0	[ 6.99999762  1.00637066  8.99999714 -0.9936294 ]	0.0	R
3506.126	4.177999999999884	trials	3507.7959666666666	3509.1613666666667	3.0	[ 4.66360712 -4.65009308  6.66360712 -6.65009308]	-0.7853981633974483	R
3510.556	4.434999999999945	trials	3512.2721	3513.7658	1.0	[4.65460157 6.65910625 6.65460157 4.65910625]	0.7853981633974483	R
3515.242	4.585000000000036	trials	3517.7537	3518.658933333333	6.0	[-8.99997711  0.98088819 -6.99997711 -1.01911187]	3.141592653589793	R
3520.078	3.7089999999998327	trials	3521.6183	3522.519533333333	4.0	[-0.98725879 -6.99998999  1.01274121 -8.99998951]	-1.5707963267948966	R
3524.038	4.626000000000204	trials	3526.153566666667	3527.5881	0.0	[-1.  9.  1.  7.]	1.5707963267948966	R
3528.915	4.101000000000113	trials	3531.0858	3531.8657333333335	5.0	[-6.64558125 -4.66810465 -4.64558125 -6.66810465]	-2.356194490192345	R
3533.267	4.036000000000058	trials	3535.3554	3536.1163	2.0	[-6.64558125 -4.66810465 -4.64558125 -6.66810465]	0.0	R
3537.555	3.6130000000002838	trials	3539.1528333333335	3540.006966666667	3.0	[ 4.66360712 -4.65009308  6.66360712 -6.65009308]	-0.7853981633974483	R
3541.419	4.719000000000051	trials	3543.7683	3545.0905666666667	0.0	[-1.  9.  1.  7.]	1.5707963267948966	R
3546.39	3.449000000000069	trials	3547.8303666666666	3548.6554333333333	4.0	[-0.98725879 -6.99998999  1.01274121 -8.99998951]	-1.5707963267948966	R
3550.091	4.197000000000116	trials	3551.7370666666666	3553.2027	1.0	[4.65460157 6.65910625 6.65460157 4.65910625]	0.7853981633974483	R
3554.54	3.981999999999971	trials	3556.0488	3557.4863666666665	7.0	[-6.67259884  6.6410656  -4.67259884  4.6410656 ]	2.356194490192345	R
3558.774	3.7850000000003092	trials	3560.8076	3561.4131	6.0	[-8.99997711  0.98088819 -6.99997711 -1.01911187]	3.141592653589793	R
3562.811	3.393999999999778	trials	3564.3684333333335	3565.098266666667	5.0	[-6.64558125 -4.66810465 -4.64558125 -6.66810465]	-2.356194490192345	R
3566.457	4.016000000000076	trials	3568.218	3569.2686	3.0	[-6.64558125 -4.66810465 -4.64558125 -6.66810465]	-0.7853981633974483	R
3570.724	3.763999999999669	trials	3572.6049	3573.2164	2.0	[ 6.99999762  1.00637066  8.99999714 -0.9936294 ]	0.0	R
3574.739	3.8589999999999236	trials	3576.1817666666666	3577.4589333333333	6.0	[-8.99997711  0.98088819 -6.99997711 -1.01911187]	3.141592653589793	R
3578.849	3.2269999999998618	trials	3580.0704333333333	3580.893466666667	7.0	[-6.67259884  6.6410656  -4.67259884  4.6410656 ]	2.356194490192345	R
3582.328	3.242999999999938	trials	3583.7676	3584.4142	0.0	[-1.  9.  1.  7.]	1.5707963267948966	R
3585.823	4.800999999999931	trials	3588.6276666666668	3589.457733333333	4.0	[-0.98725879 -6.99998999  1.01274121 -8.99998951]	-1.5707963267948966	R
3590.875	4.356000000000222	trials	3592.9794666666667	3594.0812333333333	1.0	[4.65460157 6.65910625 6.65460157 4.65910625]	0.7853981633974483	R
3595.483	4.7590000000000146	trials	3597.5388	3598.9683666666665	5.0	[-6.64558125 -4.66810465 -4.64558125 -6.66810465]	-2.356194490192345	R
3600.494	2.80600000000004	trials	3602.6876		7.0	[-6.64558125 -4.66810465 -4.64558125 -6.66810465]	2.356194490192345	A
3603.552	0.8129999999996471	trials				[nan nan nan nan]		A
3604.616	3.255000000000109	trials	3605.929633333333	3606.619366666667	1.0	[4.65460157 6.65910625 6.65460157 4.65910625]	0.7853981633974483	R
3608.123	3.9459999999999127	trials	3610.101	3610.9811666666665	0.0	[-1.  9.  1.  7.]	1.5707963267948966	R
3612.32	3.9859999999998763	trials	3613.961566666667	3615.1425	2.0	[ 6.99999762  1.00637066  8.99999714 -0.9936294 ]	0.0	R
3616.558	4.461999999999989	trials	3618.561	3619.772	4.0	[-0.98725879 -6.99998999  1.01274121 -8.99998951]	-1.5707963267948966	R
3621.272	4.045000000000073	trials	3623.4090333333334	3624.0346	3.0	[ 4.66360712 -4.65009308  6.66360712 -6.65009308]	-0.7853981633974483	R
3625.568	4.76299999999992	trials	3627.9503	3629.184366666667	5.0	[-6.64558125 -4.66810465 -4.64558125 -6.66810465]	-2.356194490192345	R
3630.583	4.125	trials	3632.4154	3633.5311666666666	4.0	[-6.64558125 -4.66810465 -4.64558125 -6.66810465]	-1.5707963267948966	R
3634.96	4.244000000000142	trials	3637.2734666666665	3638.0644333333335	6.0	[-8.99997711  0.98088819 -6.99997711 -1.01911187]	3.141592653589793	R
3639.456	5.048999999999978	trials	3642.0854	3643.4468	7.0	[-6.67259884  6.6410656  -4.67259884  4.6410656 ]	2.356194490192345	R
3644.757	3.4549999999999272	trials	3646.3169333333335	3646.9765666666667	2.0	[ 6.99999762  1.00637066  8.99999714 -0.9936294 ]	0.0	R
3648.463	4.114999999999782	trials	3650.067233333333	3651.5338666666667	5.0	[-6.64558125 -4.66810465 -4.64558125 -6.66810465]	-2.356194490192345	R
3652.83	4.5090000000000146	trials	3655.0837	3656.1714	1.0	[4.65460157 6.65910625 6.65460157 4.65910625]	0.7853981633974483	R
3657.591	3.2580000000002656	trials	3659.1006666666667	3659.671066666667	3.0	[ 4.66360712 -4.65009308  6.66360712 -6.65009308]	-0.7853981633974483	R
3661.101	3.7849999999998545	trials	3662.8088666666667	3663.7101	0.0	[-1.  9.  1.  7.]	1.5707963267948966	R
3665.138	3.436000000000149	trials	3666.6644333333334	3667.3461333333335	6.0	[-1.  9.  1.  7.]	3.141592653589793	R
3668.826	3.59900000000016	trials	3670.421766666667	3671.2448	4.0	[-0.98725879 -6.99998999  1.01274121 -8.99998951]	-1.5707963267948966	R
3672.676	4.139000000000124	trials	3674.2903666666666	3675.6287	2.0	[ 6.99999762  1.00637066  8.99999714 -0.9936294 ]	0.0	R
3677.066	3.305000000000291	trials	3679.2998		1.0	[4.65460157 6.65910625 6.65460157 4.65910625]	0.7853981633974483	A
3680.623	26.704999999999927	trials	3705.1720666666665	3706.1184	3.0	[ 4.66360712 -4.65009308  6.66360712 -6.65009308]	-0.7853981633974483	R
3707.58	4.026000000000295	trials	3709.8436666666666	3710.3930333333333	5.0	[-6.64558125 -4.66810465 -4.64558125 -6.66810465]	-2.356194490192345	R
3711.858	3.8640000000000327	trials	3713.751366666667	3714.5543666666667	0.0	[-1.  9.  1.  7.]	1.5707963267948966	R
3715.974	3.5719999999996617	trials	3717.6249666666668	3718.3477666666668	7.0	[-6.67259884  6.6410656  -4.67259884  4.6410656 ]	2.356194490192345	R
3719.797	3.8179999999997563	trials	3721.2199	3722.1692666666668	6.0	[-6.67259884  6.6410656  -4.67259884  4.6410656 ]	3.141592653589793	R
3723.866	4.195000000000164	trials	3725.6579333333334	3726.9792	3.0	[ 4.66360712 -4.65009308  6.66360712 -6.65009308]	-0.7853981633974483	R
3728.313	5.060999999999694	trials	3730.6112333333335	3732.0808666666667	5.0	[-6.64558125 -4.66810465 -4.64558125 -6.66810465]	-2.356194490192345	R
3733.626	3.6029999999996107	trials	3735.3870666666667	3735.9765333333335	0.0	[-1.  9.  1.  7.]	1.5707963267948966	R
3737.48	3.4830000000001746	trials	3738.8015666666665	3739.8812333333335	7.0	[-6.67259884  6.6410656  -4.67259884  4.6410656 ]	2.356194490192345	R
3741.215	4.377999999999702	trials	3743.296733333333	3744.3924333333334	4.0	[-0.98725879 -6.99998999  1.01274121 -8.99998951]	-1.5707963267948966	R
3745.845	4.3520000000003165	trials	3747.900166666667	3748.983833333333	1.0	[4.65460157 6.65910625 6.65460157 4.65910625]	0.7853981633974483	R
3750.448	4.434999999999945	trials	3752.4935666666665	3753.785766666667	2.0	[ 6.99999762  1.00637066  8.99999714 -0.9936294 ]	0.0	R
3755.134	3.311999999999898	trials	3756.4233	3757.2433333333333	3.0	[ 6.99999762  1.00637066  8.99999714 -0.9936294 ]	-0.7853981633974483	R
3758.698	4.318000000000211	trials	3760.6067	3761.8919	1.0	[4.65460157 6.65910625 6.65460157 4.65910625]	0.7853981633974483	R
3763.267	3.8700000000003456	trials	3765.3124	3765.8757666666666	5.0	[-6.64558125 -4.66810465 -4.64558125 -6.66810465]	-2.356194490192345	R
3767.389	4.592999999999847	trials	3769.927833333333	3770.8280666666665	0.0	[-1.  9.  1.  7.]	1.5707963267948966	R
3772.234	4.0210000000001855	trials	3774.1312666666668	3775.0796333333333	7.0	[-6.67259884  6.6410656  -4.67259884  4.6410656 ]	2.356194490192345	R
3776.506	4.460000000000036	trials	3778.6705666666667	3779.7422	6.0	[-8.99997711  0.98088819 -6.99997711 -1.01911187]	3.141592653589793	R
3781.218	4.3659999999999854	trials	3783.0223666666666	3784.1321	2.0	[ 6.99999762  1.00637066  8.99999714 -0.9936294 ]	0.0	R
3785.835	3.8359999999997854	trials	3787.5887	3788.4668666666666	4.0	[-0.98725879 -6.99998999  1.01274121 -8.99998951]	-1.5707963267948966	R
3789.923	4.394000000000233	trials	3792.137	3793.1535	5.0	[-0.98725879 -6.99998999  1.01274121 -8.99998951]	-2.356194490192345	R
3794.569	4.552999999999884	trials	3796.5980666666665	3797.927366666667	1.0	[4.65460157 6.65910625 6.65460157 4.65910625]	0.7853981633974483	R
3799.374	4.493000000000393	trials	3801.539333333333	3802.7333	3.0	[ 4.66360712 -4.65009308  6.66360712 -6.65009308]	-0.7853981633974483	R
3804.119	4.420000000000073	trials	3806.1457666666665	3807.045	4.0	[-0.98725879 -6.99998999  1.01274121 -8.99998951]	-1.5707963267948966	R
3808.79	4.675000000000182	trials	3811.068	3812.5547	0.0	[-1.  9.  1.  7.]	1.5707963267948966	R
3813.717	3.6489999999998872	trials	3815.392733333333	3816.1476	6.0	[-8.99997711  0.98088819 -6.99997711 -1.01911187]	3.141592653589793	R
3817.617	4.153999999999996	trials	3819.391666666667	3820.5756	2.0	[ 6.99999762  1.00637066  8.99999714 -0.9936294 ]	0.0	R
3822.022	4.643000000000029	trials	3824.0261666666665	3825.4807666666666	7.0	[-6.67259884  6.6410656  -4.67259884  4.6410656 ]	2.356194490192345	R
3826.916	4.198999999999614	trials	3828.8922666666667	3829.9519	4.0	[-6.67259884  6.6410656  -4.67259884  4.6410656 ]	-1.5707963267948966	R
3831.366	4.748999999999796	trials	3833.528766666667	3835.0295	7.0	[-6.67259884  6.6410656  -4.67259884  4.6410656 ]	2.356194490192345	R
3836.367	4.391999999999825	trials	3838.5652666666665	3839.667	0.0	[-1.  9.  1.  7.]	1.5707963267948966	R
3841.01	3.875999999999749	trials	3842.6674666666668	3843.696	2.0	[ 6.99999762  1.00637066  8.99999714 -0.9936294 ]	0.0	R
3845.138	2.193000000000211	trials	3846.5902		1.0	[4.65460157 6.65910625 6.65460157 4.65910625]	0.7853981633974483	A
3847.583	80.1869999999999	trials	3925.4259333333334	3926.4805666666666	3.0	[ 4.66360712 -4.65009308  6.66360712 -6.65009308]	-0.7853981633974483	R
3928.021	3.7599999999997635	trials	3930.1105666666667	3930.6178333333332	5.0	[-6.64558125 -4.66810465 -4.64558125 -6.66810465]	-2.356194490192345	R
3932.032	4.474999999999909	trials	3934.1536333333333	3935.4749	6.0	[-8.99997711  0.98088819 -6.99997711 -1.01911187]	3.141592653589793	R
3936.759	3.5720000000001164	trials	3938.2608	3939.1329666666666	2.0	[-8.99997711  0.98088819 -6.99997711 -1.01911187]	0.0	R
3940.583	3.074999999999818	trials	3941.8016	3942.5344333333333	4.0	[-0.98725879 -6.99998999  1.01274121 -8.99998951]	-1.5707963267948966	R
3943.91	4.488000000000284	trials	3946.002033333333	3947.2521333333334	3.0	[ 4.66360712 -4.65009308  6.66360712 -6.65009308]	-0.7853981633974483	R
3948.65	3.8649999999997817	trials	3950.3769	3951.319233333333	6.0	[-8.99997711  0.98088819 -6.99997711 -1.01911187]	3.141592653589793	R
3952.767	4.177000000000135	trials	3954.4610333333335	3955.791333333333	1.0	[4.65460157 6.65910625 6.65460157 4.65910625]	0.7853981633974483	R
3957.196	3.630000000000109	trials	3958.88	3959.7020666666667	0.0	[-1.  9.  1.  7.]	1.5707963267948966	R
3961.077	4.488999999999578	trials	3963.323033333333	3964.423766666667	5.0	[-6.64558125 -4.66810465 -4.64558125 -6.66810465]	-2.356194490192345	R
3965.817	4.623000000000047	trials	3968.0036666666665	3969.3801	7.0	[-6.67259884  6.6410656  -4.67259884  4.6410656 ]	2.356194490192345	R
3970.691	3.782000000000153	trials	3972.357466666667	3973.372	7.0	[-6.67259884  6.6410656  -4.67259884  4.6410656 ]	2.356194490192345	R
3974.724	3.444999999999709	trials	3976.0987666666665	3977.0210666666667	6.0	[-8.99997711  0.98088819 -6.99997711 -1.01911187]	3.141592653589793	R
3978.421	4.307999999999993	trials	3980.198933333333	3981.6876333333335	5.0	[-6.64558125 -4.66810465 -4.64558125 -6.66810465]	-2.356194490192345	R
3982.981	4.221999999999753	trials	3985.4279333333334	3985.9522333333334	4.0	[-0.98725879 -6.99998999  1.01274121 -8.99998951]	-1.5707963267948966	R
3987.455	3.5770000000002256	trials	3989.1672	3989.7617	0.0	[-1.  9.  1.  7.]	1.5707963267948966	R
3991.283	3.775000000000091	trials	3993.0097666666666	3993.8298	2.0	[ 6.99999762  1.00637066  8.99999714 -0.9936294 ]	0.0	R
3995.309	4.636999999999716	trials	3997.8447666666666	3999.1810666666665	1.0	[4.65460157 6.65910625 6.65460157 4.65910625]	0.7853981633974483	I
4000.198	71.98800000000028	trials	4072.044		3.0	[ 4.66360712 -4.65009308  6.66360712 -6.65009308]	-0.7853981633974483	A
4072.438	3.007999999999811	trials	4073.7392	4074.2715333333335	7.0	[ 4.66360712 -4.65009308  6.66360712 -6.65009308]	2.356194490192345	R
4075.698	3.7380000000002838	trials	4077.4584333333332	4078.0789666666665	1.0	[4.65460157 6.65910625 6.65460157 4.65910625]	0.7853981633974483	R
4079.688	0.8229999999998654	trials				[nan nan nan nan]		A
4080.763	3.224999999999909	trials	4082.2724	4082.7947	6.0	[-8.99997711  0.98088819 -6.99997711 -1.01911187]	3.141592653589793	R
4084.239	4.623000000000047	trials	4086.4698	4087.755	2.0	[ 6.99999762  1.00637066  8.99999714 -0.9936294 ]	0.0	R
4089.113	3.22400000000016	trials	4091.1324		5.0	[-6.64558125 -4.66810465 -4.64558125 -6.66810465]	-2.356194490192345	A
4092.589	4.4229999999997744	trials	4094.7042666666666	4095.8220333333334	0.0	[-1.  9.  1.  7.]	1.5707963267948966	R
4097.264	3.4309999999995853	trials	4098.840533333333	4099.3949	3.0	[ 4.66360712 -4.65009308  6.66360712 -6.65009308]	-0.7853981633974483	R
4100.947	4.902000000000044	trials	4103.187333333333	4104.635933333333	4.0	[ 4.66360712 -4.65009308  6.66360712 -6.65009308]	-1.5707963267948966	R
4106.101	4.8770000000004075	trials	4108.444366666667	4109.809766666666	1.0	[4.65460157 6.65910625 6.65460157 4.65910625]	0.7853981633974483	R
4111.229	4.787999999999556	trials	4113.503933333333	4114.947533333333	0.0	[-1.  9.  1.  7.]	1.5707963267948966	R
4116.269	3.969000000000051	trials	4118.298833333333	4119.107866666666	7.0	[-6.67259884  6.6410656  -4.67259884  4.6410656 ]	2.356194490192345	R
4120.489	4.182999999999993	trials	4122.6296	4123.5579	6.0	[-8.99997711  0.98088819 -6.99997711 -1.01911187]	3.141592653589793	R
4124.923	4.279000000000451	trials	4126.9804	4128.088166666666	5.0	[-6.64558125 -4.66810465 -4.64558125 -6.66810465]	-2.356194490192345	R
4129.454	3.63799999999992	trials	4131.2039	4131.871533333333	3.0	[ 4.66360712 -4.65009308  6.66360712 -6.65009308]	-0.7853981633974483	R
4133.343	3.6660000000001673	trials	4135.5436666666665	4136.094033333334	2.0	[ 6.99999762e+00  1.00637066e+00  2.64486145e-38 -9.32609804e+33]	0.0	I
4137.261	4.085999999999331	trials	4139.310033333333	4140.162133333333	7.0	[ 6.99999762  1.00637066  8.99999714 -0.9936294 ]	2.356194490192345	R
4141.599	1.4129999999995562	trials	4142.878866666667		5.0	[-6.64558125 -4.66810465 -4.64558125 -6.66810465]	-2.356194490192345	A
4143.264	3.555000000000291	trials	4144.512933333333	4145.564533333333	1.0	[4.65460157 6.65910625 6.65460157 4.65910625]	0.7853981633974483	R
4147.07	3.7830000000003565	trials	4148.4838	4149.752933333333	0.0	[-1.  9.  1.  7.]	1.5707963267948966	R
4151.104	4.095999999999549	trials	4152.6892333333335	4154.110766666667	6.0	[-8.99997711  0.98088819 -6.99997711 -1.01911187]	3.141592653589793	R
4155.452	4.05199999999968	trials	4157.5914	4158.302166666666	2.0	[ 6.99999762  1.00637066  8.99999714 -0.9936294 ]	0.0	R
4159.756	4.0	trials	4161.6685333333335	4162.6189	4.0	[-0.98725879 -6.99998999  1.01274121 -8.99998951]	-1.5707963267948966	R
4164.007	4.824000000000524	trials	4166.311066666667	4167.689466666667	3.0	[ 4.66360712 -4.65009308  6.66360712 -6.65009308]	-0.7853981633974483	R
4169.083	3.917000000000371	trials	4171.140066666667	4171.787666666667	7.0	[ 4.66360712 -4.65009308  6.66360712 -6.65009308]	2.356194490192345	R
4173.251	4.443000000000211	trials	4175.131966666667	4176.494333333333	0.0	[-1.  9.  1.  7.]	1.5707963267948966	R
4177.946	4.5770000000002256	trials	4180.081266666667	4181.325333333333	6.0	[-8.99997711  0.98088819 -6.99997711 -1.01911187]	3.141592653589793	R
4182.775	4.843000000000757	trials	4185.153833333334	4186.4641	2.0	[ 6.99999762  1.00637066  8.99999714 -0.9936294 ]	0.0	R
4187.87	3.270999999999731	trials	4189.301133333333	4189.9217	5.0	[-6.64558125 -4.66810465 -4.64558125 -6.66810465]	-2.356194490192345	R
4191.392	4.331000000000131	trials	4193.099566666667	4194.546166666667	4.0	[-0.98725879 -6.99998999  1.01274121 -8.99998951]	-1.5707963267948966	R
4195.975	3.7619999999997162	trials	4197.728066666667	4198.432833333333	1.0	[4.65460157 6.65910625 6.65460157 4.65910625]	0.7853981633974483	R
4199.989	4.108000000000175	trials	4202.136	4202.835766666667	3.0	[ 4.66360712 -4.65009308  6.66360712 -6.65009308]	-0.7853981633974483	R
4204.349	3.6779999999998836	trials	4205.9946	4206.891833333333	3.0	[ 4.66360712 -4.65009308  6.66360712 -6.65009308]	-0.7853981633974483	R
4208.278	4.742000000000189	trials	4210.6291	4211.9002666666665	1.0	[4.65460157 6.65910625 6.65460157 4.65910625]	0.7853981633974483	R
4213.272	4.8100000000004	trials	4215.635533333333	4216.8315	2.0	[ 6.99999762  1.00637066  8.99999714 -0.9936294 ]	0.0	R
4218.333	4.157000000000153	trials	4220.1838333333335	4221.1853	5.0	[-6.64558125 -4.66810465 -4.64558125 -6.66810465]	-2.356194490192345	R
4222.741	65.00200000000041	trials	4285.799733333333	4286.3852	7.0	[-6.67259884  6.6410656  -4.67259884  4.6410656 ]	2.356194490192345	R
4287.994	3.94800000000032	trials	4289.8007	4290.4854	0.0	[-1.  9.  1.  7.]	1.5707963267948966	R
4292.194	3.514999999999418	trials	4293.456766666666	4294.581566666667	6.0	[-8.99997711  0.98088819 -6.99997711 -1.01911187]	3.141592653589793	R
4295.961	4.902999999999338	trials	4298.315833333333	4299.7995	4.0	[-0.98725879 -6.99998999  1.01274121 -8.99998951]	-1.5707963267948966	R
4301.116	27.216999999999643	trials	4327.6667		1.0	[-0.98725879 -6.99998999  1.01274121 -8.99998951]	0.7853981633974483	A
4328.585	40.96900000000005	trials				[nan nan nan nan]		A
