onset	duration	nwb_table	target_on_time	go_cue_time	target_id	target_corners	target_dir	result
18.784	5.5660000000000025	trials	21.212733333333333	22.672333333333334	0.0	[4.65685415 6.65685415 6.65685415 4.65685415]	1.5707963267948966	R
24.601	2.923000000000002	trials	26.9239		5.0	[-1.  9.  1.  7.]	-2.356194490192345	A
27.776	2.1900000000000013	trials				[nan nan nan nan]		A
30.218	4.419999999999998	trials	31.504266666666666	32.870666666666665	3.0	[-9.  1. -7. -1.]	-0.7853981633974483	R
34.89	4.530999999999999	trials	36.83753333333333	38.1207	7.0	[ 4.65685415 -4.65685415  6.65685415 -6.65685415]	2.356194490192345	R
39.673	4.082999999999998	trials	41.5743	42.452466666666666	2.0	[-6.65685415  6.65685415 -4.65685415  4.65685415]	0.0	F
44.007	4.145000000000003	trials	45.667433333333335	46.848366666666664	1.0	[ 7.  1.  9. -1.]	0.7853981633974483	F
48.403	3.1780000000000044	trials	49.767633333333336	50.2779	0.0	[4.65685415 6.65685415 6.65685415 4.65685415]	1.5707963267948966	F
51.833	4.695	trials	54.447266666666664	55.22516666666667	7.0	[-1.  9.  1.  7.]	2.356194490192345	F
56.78	4.751999999999995	trials	59.1379	60.2286	3.0	[-6.65685415  6.65685415 -4.65685415  4.65685415]	-0.7853981633974483	F
61.783	3.9380000000000024	trials	63.07666666666667	64.418	4.0	[ 4.65685415 -4.65685415  6.65685415 -6.65685415]	-1.5707963267948966	F
65.973	0.8649999999999949	trials				[nan nan nan nan]		A
67.09	4.974999999999994	trials	69.38836666666667	70.63543333333334	5.0	[-9.  1. -7. -1.]	-2.356194490192345	R
72.317	5.259	trials	75.19576666666667	76.27143333333333	2.0	[-6.65685415 -4.65685415 -4.65685415 -6.65685415]	0.0	F
77.827	3.706000000000003	trials	79.57563333333333	80.22926666666666	3.0	[ 7.  1.  9. -1.]	-0.7853981633974483	F
81.784	3.0219999999999914	trials	82.5741	83.5024	7.0	[ 4.65685415 -4.65685415  6.65685415 -6.65685415]	2.356194490192345	F
85.057	5.259999999999991	trials	87.58053333333334	88.60106666666667	5.0	[-6.65685415  6.65685415 -4.65685415  4.65685415]	-2.356194490192345	R
90.569	5.939999999999998	trials	93.59446666666666	94.84956666666666	0.0	[-6.65685415 -4.65685415 -4.65685415 -6.65685415]	1.5707963267948966	R
96.76	3.9979999999999905	trials	98.78333333333333	99.454	1.0	[-1.  9.  1.  7.]	0.7853981633974483	F
101.01	4.61399999999999	trials	103.1091	104.10356666666667	6.0	[4.65685415 6.65685415 6.65685415 4.65685415]	3.141592653589793	R
105.876	4.4739999999999895	trials	107.84383333333334	109.04683333333334	4.0	[-9.  1. -7. -1.]	-1.5707963267948966	F
110.602	2.5319999999999965	trials	112.4954		2.0	[-1. -7.  1. -9.]	0.0	A
113.386	4.356999999999999	trials	115.564	116.21963333333333	4.0	[ 7.  1.  9. -1.]	-1.5707963267948966	R
117.995	5.921999999999997	trials	121.33133333333333	122.65663333333333	5.0	[-1. -7.  1. -9.]	-2.356194490192345	R
124.168	4.795999999999992	trials	126.4661	127.1598	0.0	[-6.65685415 -4.65685415 -4.65685415 -6.65685415]	1.5707963267948966	R
129.216	4.573999999999984	trials	130.76876666666666	132.09006666666667	7.0	[-1.  9.  1.  7.]	2.356194490192345	R
134.042	4.277999999999992	trials	136.04686666666666	136.7045	6.0	[-6.65685415  6.65685415 -4.65685415  4.65685415]	3.141592653589793	R
138.571	1.328000000000003	trials				[nan nan nan nan]		A
140.151	3.056999999999988	trials	141.12146666666666	141.90343333333334	3.0	[4.65685415 6.65685415 6.65685415 4.65685415]	-0.7853981633974483	F
143.459	4.376000000000005	trials	145.37803333333332	146.39856666666665	7.0	[ 4.65685415 -4.65685415  6.65685415 -6.65685415]	2.356194490192345	R
148.087	4.492000000000019	trials	150.34536666666668	151.2747	2.0	[-6.65685415  6.65685415 -4.65685415  4.65685415]	0.0	F
152.831	4.231999999999999	trials	154.30623333333332	155.75983333333335	3.0	[ 7.  1.  9. -1.]	-0.7853981633974483	F
157.315	4.890999999999991	trials	159.84996666666666	160.9026	1.0	[ 4.65685415 -4.65685415  6.65685415 -6.65685415]	0.7853981633974483	F
162.457	4.360000000000014	trials	164.05643333333333	165.03083333333333	0.0	[4.65685415 6.65685415 6.65685415 4.65685415]	1.5707963267948966	R
167.069	5.142000000000024	trials	169.1631	170.51346666666666	4.0	[-1.  9.  1.  7.]	-1.5707963267948966	R
172.462	5.1910000000000025	trials	175.2001	176.15946666666667	6.0	[-1. -7.  1. -9.]	3.141592653589793	R
177.905	5.181000000000012	trials	180.34586666666667	181.83256666666668	5.0	[-9.  1. -7. -1.]	-2.356194490192345	R
183.337	4.77200000000002	trials	186.2766	186.80593333333334	5.0	[-6.65685415 -4.65685415 -4.65685415 -6.65685415]	-2.356194490192345	R
188.361	5.054000000000002	trials	191.07753333333332	192.1532	4.0	[-6.65685415 -4.65685415 -4.65685415 -6.65685415]	-1.5707963267948966	R
193.667	4.4739999999999895	trials	195.80326666666667	196.83783333333332	1.0	[-1. -7.  1. -9.]	0.7853981633974483	F
198.393	4.0800000000000125	trials	199.82223333333334	201.1696	2.0	[4.65685415 6.65685415 6.65685415 4.65685415]	0.0	F
202.724	4.336000000000013	trials	204.49483333333333	205.65573333333333	7.0	[ 7.  1.  9. -1.]	2.356194490192345	R
207.312	4.484999999999985	trials	209.1875	210.53383333333332	6.0	[-6.65685415  6.65685415 -4.65685415  4.65685415]	3.141592653589793	R
212.049	5.024000000000001	trials	214.6631	215.2746	0.0	[-9.  1. -7. -1.]	1.5707963267948966	R
217.325	4.378000000000014	trials	219.5823	220.39933333333335	3.0	[-1.  9.  1.  7.]	-0.7853981633974483	F
221.954	4.97999999999999	trials	224.4133	225.16816666666668	0.0	[ 4.65685415 -4.65685415  6.65685415 -6.65685415]	1.5707963267948966	R
227.185	3.7649999999999864	trials	228.74003333333334	229.2433	5.0	[-1.  9.  1.  7.]	-2.356194490192345	R
231.201	4.567000000000007	trials	233.21116666666666	234.5214	4.0	[-6.65685415 -4.65685415 -4.65685415 -6.65685415]	-1.5707963267948966	R
236.019	5.304000000000002	trials	239.1058	239.81856666666667	6.0	[-1. -7.  1. -9.]	3.141592653589793	R
241.575	4.1910000000000025	trials	243.4195	244.47613333333334	7.0	[-9.  1. -7. -1.]	2.356194490192345	R
246.018	3.462999999999994	trials	247.5618	248.1773	2.0	[-6.65685415  6.65685415 -4.65685415  4.65685415]	0.0	F
249.732	4.170999999999992	trials	251.34216666666666	252.5983	1.0	[ 7.  1.  9. -1.]	0.7853981633974483	F
254.154	4.399000000000001	trials	256.20323333333334	257.24983333333336	3.0	[4.65685415 6.65685415 6.65685415 4.65685415]	-0.7853981633974483	F
258.805	4.435999999999979	trials	260.80566666666664	261.9375	3.0	[ 4.65685415 -4.65685415  6.65685415 -6.65685415]	-0.7853981633974483	F
263.492	4.185000000000002	trials	265.18353333333334	266.19103333333334	7.0	[ 4.65685415 -4.65685415  6.65685415 -6.65685415]	2.356194490192345	R
267.928	5.177999999999997	trials	270.604	271.8029666666667	1.0	[-6.65685415  6.65685415 -4.65685415  4.65685415]	0.7853981633974483	F
273.358	4.180999999999983	trials	275.5112	276.2029	5.0	[4.65685415 6.65685415 6.65685415 4.65685415]	-2.356194490192345	R
277.791	4.564000000000021	trials	279.99733333333336	280.67803333333336	4.0	[-6.65685415 -4.65685415 -4.65685415 -6.65685415]	-1.5707963267948966	R
282.607	5.3489999999999895	trials	285.7696666666667	286.7300333333333	6.0	[-1. -7.  1. -9.]	3.141592653589793	R
288.208	4.743999999999971	trials	291.04876666666667	291.64826666666664	2.0	[-9.  1. -7. -1.]	0.0	F
293.203	3.5880000000000223	trials	294.3940666666667	294.99056666666667	0.0	[ 7.  1.  9. -1.]	1.5707963267948966	R
297.043	4.576000000000022	trials	299.18396666666666	300.3158	1.0	[-1.  9.  1.  7.]	0.7853981633974483	F
301.871	1.032000000000039	trials				[nan nan nan nan]		A
303.155	3.508000000000038	trials	304.1864	305.2871333333333	6.0	[ 4.65685415 -4.65685415  6.65685415 -6.65685415]	3.141592653589793	R
306.914	5.3559999999999945	trials	309.3482	310.7066	0.0	[-9.  1. -7. -1.]	1.5707963267948966	R
312.522	4.538999999999987	trials	314.67543333333333	315.8032333333333	7.0	[-1.  9.  1.  7.]	2.356194490192345	R
317.313	4.764999999999986	trials	319.6478	320.7164333333333	4.0	[-6.65685415  6.65685415 -4.65685415  4.65685415]	-1.5707963267948966	R
322.329	7.211999999999989	trials	327.56846666666667	328.25516666666664	5.0	[-1. -7.  1. -9.]	-2.356194490192345	R
329.793	4.7339999999999804	trials	332.1648666666667	333.2235	2.0	[-6.65685415 -4.65685415 -4.65685415 -6.65685415]	0.0	F
334.778	4.031999999999982	trials	336.11066666666665	337.35476666666665	0.0	[ 7.  1.  9. -1.]	1.5707963267948966	R
339.062	4.505999999999972	trials	341.16523333333333	342.289	4.0	[-1.  9.  1.  7.]	-1.5707963267948966	R
343.82	5.228999999999985	trials	346.4363	347.7445666666667	3.0	[-1. -7.  1. -9.]	-0.7853981633974483	F
349.3	4.228999999999985	trials	351.2703	352.35	5.0	[ 4.65685415 -4.65685415  6.65685415 -6.65685415]	-2.356194490192345	R
353.781	4.961000000000013	trials	356.2146	357.6301	7.0	[-6.65685415 -4.65685415 -4.65685415 -6.65685415]	2.356194490192345	R
358.994	4.6129999999999995	trials	361.17893333333336	362.40996666666666	6.0	[-6.65685415  6.65685415 -4.65685415  4.65685415]	3.141592653589793	R
363.859	4.117000000000019	trials	365.5006666666667	366.67156666666665	1.0	[-9.  1. -7. -1.]	0.7853981633974483	F
368.227	4.29200000000003	trials	370.3978	371.2158333333333	2.0	[4.65685415 6.65685415 6.65685415 4.65685415]	0.0	F
372.771	3.0430000000000064	trials	373.6619	374.24336666666665	4.0	[ 7.  1.  9. -1.]	-1.5707963267948966	R
376.066	4.411000000000001	trials	378.0819	379.2257333333333	5.0	[-1. -7.  1. -9.]	-2.356194490192345	R
380.728	4.7169999999999845	trials	383.1585	384.2071	6.0	[-6.65685415 -4.65685415 -4.65685415 -6.65685415]	3.141592653589793	R
385.697	4.7760000000000105	trials	388.00753333333336	388.9188	0.0	[-9.  1. -7. -1.]	1.5707963267948966	R
393.266	1.3029999999999973	trials				[nan nan nan nan]		F
394.82	3.6240000000000236	trials	396.4856	397.14023333333336	2.0	[4.65685415 6.65685415 6.65685415 4.65685415]	0.0	F
398.696	3.367999999999995	trials	399.5843	400.82536666666664	7.0	[ 7.  1.  9. -1.]	2.356194490192345	R
402.316	4.3940000000000055	trials	404.07643333333334	405.4067333333333	3.0	[-6.65685415  6.65685415 -4.65685415  4.65685415]	-0.7853981633974483	F
406.962	4.511000000000024	trials	408.9255	410.0382333333333	0.0	[ 4.65685415 -4.65685415  6.65685415 -6.65685415]	1.5707963267948966	R
411.724	4.151999999999987	trials	413.99806666666666	414.5725	4.0	[-1.  9.  1.  7.]	-1.5707963267948966	F
416.127	4.829999999999984	trials	418.4972666666667	419.65413333333333	1.0	[-1. -7.  1. -9.]	0.7853981633974483	F
421.209	0.9429999999999836	trials				[nan nan nan nan]		A
422.404	4.040999999999997	trials	424.4119333333333	425.1417666666667	2.0	[-6.65685415  6.65685415 -4.65685415  4.65685415]	0.0	F
426.697	4.2520000000000095	trials	428.2214	429.6449333333333	3.0	[ 7.  1.  9. -1.]	-0.7853981633974483	F
431.201	0.19599999999996953	trials				[nan nan nan nan]		A
431.649	3.634999999999991	trials	432.6012666666667	433.59673333333336	6.0	[-6.65685415 -4.65685415 -4.65685415 -6.65685415]	3.141592653589793	R
435.536	4.1159999999999854	trials	437.8413	438.3485333333333	2.0	[-9.  1. -7. -1.]	0.0	F
439.903	3.1959999999999695	trials	441.17656666666664	441.77906666666667	5.0	[ 7.  1.  9. -1.]	-2.356194490192345	R
443.351	4.7970000000000255	trials	445.6216	446.989	7.0	[-6.65685415 -4.65685415 -4.65685415 -6.65685415]	2.356194490192345	R
448.4	4.355000000000018	trials	450.3313	451.5824	6.0	[-6.65685415  6.65685415 -4.65685415  4.65685415]	3.141592653589793	R
453.007	4.579000000000008	trials	455.3989	456.28206666666665	3.0	[-9.  1. -7. -1.]	-0.7853981633974483	F
457.838	4.61099999999999	trials	460.0905333333333	461.14616666666666	1.0	[ 4.65685415 -4.65685415  6.65685415 -6.65685415]	0.7853981633974483	F
462.701	0.978999999999985	trials				[nan nan nan nan]		A
463.932	3.733000000000004	trials	465.68243333333334	466.3611	0.0	[-1. -7.  1. -9.]	1.5707963267948966	F
467.917	3.6020000000000323	trials	469.5821	470.21566666666666	3.0	[-1.  9.  1.  7.]	-0.7853981633974483	F
471.771	4.9669999999999845	trials	474.06623333333334	475.43463333333335	2.0	[ 4.65685415 -4.65685415  6.65685415 -6.65685415]	0.0	F
476.99	0.07599999999996498	trials				[nan nan nan nan]		A
477.317	3.805999999999983	trials	479.3032333333333	479.8195333333333	0.0	[-1. -7.  1. -9.]	1.5707963267948966	F
481.374	1.061999999999955	trials				[nan nan nan nan]		A
482.688	16.13100000000003	trials	496.7957	497.51546666666667	1.0	[-9.  1. -7. -1.]	0.7853981633974483	F
499.07	3.2280000000000086	trials	500.32443333333333	500.9951	7.0	[4.65685415 6.65685415 6.65685415 4.65685415]	2.356194490192345	F
502.55	4.245999999999981	trials	504.55193333333335	505.39503333333334	5.0	[-6.65685415  6.65685415 -4.65685415  4.65685415]	-2.356194490192345	R
507.047	4.947000000000003	trials	509.97743333333335	510.62403333333333	4.0	[-6.65685415 -4.65685415 -4.65685415 -6.65685415]	-1.5707963267948966	R
512.246	5.295000000000073	trials	515.3327333333333	516.2379666666667	3.0	[-1. -7.  1. -9.]	-0.7853981633974483	F
517.793	4.15300000000002	trials	519.9391666666667	520.5777333333333	7.0	[ 4.65685415 -4.65685415  6.65685415 -6.65685415]	2.356194490192345	I
522.198	5.370999999999981	trials	525.6974666666666	526.2658666666666	2.0	[-6.65685415  6.65685415 -4.65685415  4.65685415]	0.0	F
527.821	3.506999999999948	trials	528.8132	529.8898666666666	6.0	[ 7.  1.  9. -1.]	3.141592653589793	R
531.58	5.019999999999982	trials	534.378	535.4296333333333	5.0	[-9.  1. -7. -1.]	-2.356194490192345	R
536.851	4.267000000000053	trials	539.0005	539.8145	1.0	[-6.65685415 -4.65685415 -4.65685415 -6.65685415]	0.7853981633974483	F
541.369	4.616999999999962	trials	543.3703333333333	544.6826	0.0	[4.65685415 6.65685415 6.65685415 4.65685415]	1.5707963267948966	F
546.237	4.199000000000069	trials	548.4018333333333	549.1326666666666	3.0	[-1.  9.  1.  7.]	-0.7853981633974483	F
550.688	4.163000000000011	trials	552.8158	553.5476	4.0	[ 4.65685415 -4.65685415  6.65685415 -6.65685415]	-1.5707963267948966	F
555.102	4.099000000000046	trials	556.8508	557.8964	2.0	[-1. -7.  1. -9.]	0.0	F
559.452	3.7350000000000136	trials	561.0031333333334	561.5585	5.0	[ 7.  1.  9. -1.]	-2.356194490192345	R
563.438	4.240000000000009	trials	565.2697333333333	566.2972666666667	6.0	[-6.65685415 -4.65685415 -4.65685415 -6.65685415]	3.141592653589793	R
567.929	4.441000000000031	trials	570.4135	571.0099666666666	7.0	[-9.  1. -7. -1.]	2.356194490192345	R
572.622	4.673000000000002	trials	574.5958666666667	575.9913333333334	1.0	[-6.65685415  6.65685415 -4.65685415  4.65685415]	0.7853981633974483	F
577.546	3.2579999999999245	trials	578.8524666666667	579.5010666666667	0.0	[4.65685415 6.65685415 6.65685415 4.65685415]	1.5707963267948966	F
581.056	4.469999999999914	trials	582.7722	584.2228	1.0	[-1.  9.  1.  7.]	0.7853981633974483	F
585.778	3.7189999999999372	trials	587.1811333333334	588.2187	6.0	[4.65685415 6.65685415 6.65685415 4.65685415]	3.141592653589793	R
589.749	5.356999999999971	trials	592.4652666666667	593.6622333333333	7.0	[-9.  1. -7. -1.]	2.356194490192345	R
595.357	4.148000000000025	trials	597.3263333333333	598.0882333333333	5.0	[-6.65685415  6.65685415 -4.65685415  4.65685415]	-2.356194490192345	R
599.756	4.407000000000039	trials	601.3623333333334	602.3909	0.0	[-6.65685415 -4.65685415 -4.65685415 -6.65685415]	1.5707963267948966	R
604.415	4.503000000000043	trials	606.7136333333333	607.6148666666667	2.0	[-1.  9.  1.  7.]	0.0	F
609.17	3.3090000000000828	trials	609.9757333333333	611.0644333333333	4.0	[ 7.  1.  9. -1.]	-1.5707963267948966	R
612.731	4.710000000000036	trials	614.9501	616.1380333333333	3.0	[-1. -7.  1. -9.]	-0.7853981633974483	F
617.693	2.73599999999999	trials	618.3996666666667	619.1244666666666	0.0	[ 4.65685415 -4.65685415  6.65685415 -6.65685415]	1.5707963267948966	F
620.68	3.379000000000019	trials	622.2492	622.7554666666666	4.0	[-1.  9.  1.  7.]	-1.5707963267948966	F
624.31	3.8770000000000664	trials	626.2992666666667	626.8837333333333	2.0	[-1. -7.  1. -9.]	0.0	F
628.439	3.705000000000041	trials	629.6636333333333	631.023	6.0	[ 7.  1.  9. -1.]	3.141592653589793	R
632.395	4.399000000000001	trials	634.2660666666667	635.5813333333333	5.0	[-9.  1. -7. -1.]	-2.356194490192345	R
637.046	4.839999999999918	trials	639.4429	640.6378666666667	7.0	[-6.65685415 -4.65685415 -4.65685415 -6.65685415]	2.356194490192345	R
642.138	4.655999999999949	trials	644.4573666666666	645.4909333333334	1.0	[-6.65685415  6.65685415 -4.65685415  4.65685415]	0.7853981633974483	F
647.046	3.1989999999999554	trials	648.2969	648.9415	3.0	[4.65685415 6.65685415 6.65685415 4.65685415]	-0.7853981633974483	F
650.496	3.9189999999999827	trials	651.6131333333333	653.0647333333334	4.0	[ 4.65685415 -4.65685415  6.65685415 -6.65685415]	-1.5707963267948966	R
654.667	3.9449999999999363	trials	656.5313333333334	657.3082666666667	2.0	[-1. -7.  1. -9.]	0.0	F
658.864	3.4990000000000236	trials	659.5739	661.0596	1.0	[ 7.  1.  9. -1.]	0.7853981633974483	F
662.614	4.028999999999996	trials	664.3678	665.1627666666667	6.0	[4.65685415 6.65685415 6.65685415 4.65685415]	3.141592653589793	R
666.895	4.859000000000037	trials	669.5807666666667	670.4509	0.0	[-9.  1. -7. -1.]	1.5707963267948966	F
672.006	3.785000000000082	trials	673.8934666666667	674.6142666666667	5.0	[-1.  9.  1.  7.]	-2.356194490192345	R
676.043	3.9220000000000255	trials	677.7530333333333	678.4959	7.0	[-6.65685415 -4.65685415 -4.65685415 -6.65685415]	2.356194490192345	R
680.216	4.548000000000002	trials	682.0547333333334	683.4612333333333	3.0	[-6.65685415  6.65685415 -4.65685415  4.65685415]	-0.7853981633974483	F
685.016	3.549000000000092	trials	686.4526333333333	687.1654333333333	6.0	[ 4.65685415 -4.65685415  6.65685415 -6.65685415]	3.141592653589793	R
688.817	3.8740000000000236	trials	690.8826333333334	691.3879	1.0	[-9.  1. -7. -1.]	0.7853981633974483	F
692.943	3.322999999999979	trials	694.2590333333334	694.8755666666667	4.0	[4.65685415 6.65685415 6.65685415 4.65685415]	-1.5707963267948966	R
696.518	4.400999999999954	trials	698.7522	699.5662	7.0	[-1. -7.  1. -9.]	2.356194490192345	R
701.17	4.3670000000000755	trials	703.6924666666666	704.2328	2.0	[-6.65685415  6.65685415 -4.65685415  4.65685415]	0.0	F
705.789	2.774000000000001	trials	706.6057	707.2974	5.0	[ 7.  1.  9. -1.]	-2.356194490192345	R
708.814	3.6960000000000264	trials	710.5515	711.2071333333333	0.0	[-6.65685415 -4.65685415 -4.65685415 -6.65685415]	1.5707963267948966	F
712.762	4.5090000000000146	trials	714.5775	715.9669333333334	3.0	[-1.  9.  1.  7.]	-0.7853981633974483	F
717.523	3.185999999999922	trials	718.7528666666667	719.4054666666667	0.0	[ 4.65685415 -4.65685415  6.65685415 -6.65685415]	1.5707963267948966	F
720.96	4.36099999999999	trials	722.8580666666667	723.9307	7.0	[-1.  9.  1.  7.]	2.356194490192345	R
725.573	4.545000000000073	trials	727.5226333333334	728.9702333333333	5.0	[-6.65685415  6.65685415 -4.65685415  4.65685415]	-2.356194490192345	R
730.37	4.476999999999975	trials	732.4619	733.5436	2.0	[-6.65685415 -4.65685415 -4.65685415 -6.65685415]	0.0	F
735.098	3.2810000000000628	trials	736.2002	736.9580666666667	4.0	[ 7.  1.  9. -1.]	-1.5707963267948966	R
738.63	4.192000000000007	trials	740.6642666666667	741.5174	3.0	[-1. -7.  1. -9.]	-0.7853981633974483	F
743.073	3.0890000000000555	trials	743.6737333333333	744.9729666666667	6.0	[ 4.65685415 -4.65685415  6.65685415 -6.65685415]	3.141592653589793	R
746.414	3.9260000000000446	trials	748.4646333333334	749.0370666666666	1.0	[-9.  1. -7. -1.]	0.7853981633974483	F
750.592	4.034999999999968	trials	752.4806	753.4249666666667	5.0	[4.65685415 6.65685415 6.65685415 4.65685415]	-2.356194490192345	R
754.879	4.41599999999994	trials	757.1111	758.0103333333333	7.0	[-6.65685415 -4.65685415 -4.65685415 -6.65685415]	2.356194490192345	R
759.546	4.703999999999951	trials	761.8498666666667	762.9456	1.0	[-6.65685415  6.65685415 -4.65685415  4.65685415]	0.7853981633974483	F
764.501	3.4560000000000173	trials	765.2653666666666	766.7189666666667	6.0	[4.65685415 6.65685415 6.65685415 4.65685415]	3.141592653589793	R
768.209	4.808000000000106	trials	770.8191666666667	771.7133666666666	0.0	[-9.  1. -7. -1.]	1.5707963267948966	F
773.268	4.1580000000000155	trials	775.4346	776.1223333333334	3.0	[-1.  9.  1.  7.]	-0.7853981633974483	F
777.677	3.716000000000008	trials	779.1388	780.2165	4.0	[ 4.65685415 -4.65685415  6.65685415 -6.65685415]	-1.5707963267948966	R
781.645	4.611999999999966	trials	783.8224333333334	784.9532666666667	2.0	[-1. -7.  1. -9.]	0.0	F
786.508	3.5779999999999745	trials	787.9707333333333	788.8669666666667	5.0	[ 7.  1.  9. -1.]	-2.356194490192345	R
790.338	4.896000000000072	trials	792.6523666666667	794.0598666666667	7.0	[-6.65685415 -4.65685415 -4.65685415 -6.65685415]	2.356194490192345	R
795.485	4.0639999999999645	trials	797.3480333333333	798.2392333333333	6.0	[-6.65685415  6.65685415 -4.65685415  4.65685415]	3.141592653589793	R
799.8	4.335000000000036	trials	801.9755333333334	802.8316333333333	0.0	[-9.  1. -7. -1.]	1.5707963267948966	F
804.386	4.394999999999982	trials	806.3614	807.6105	4.0	[-1.  9.  1.  7.]	-1.5707963267948966	R
809.033	5.1059999999999945	trials	811.5924	812.8355	2.0	[-1. -7.  1. -9.]	0.0	F
814.39	2.7100000000000364	trials	815.0941	815.7968333333333	3.0	[ 7.  1.  9. -1.]	-0.7853981633974483	F
817.352	3.324000000000069	trials	818.1887666666667	819.3727333333334	1.0	[ 4.65685415 -4.65685415  6.65685415 -6.65685415]	0.7853981633974483	F
820.928	3.4980000000000473	trials	821.9310666666667	823.1220333333333	0.0	[4.65685415 6.65685415 6.65685415 4.65685415]	1.5707963267948966	F
824.678	3.5510000000000446	trials	826.0914	826.6728333333333	4.0	[-1.  9.  1.  7.]	-1.5707963267948966	R
828.48	3.850999999999999	trials	830.1715333333333	830.7008666666667	7.0	[-1. -7.  1. -9.]	2.356194490192345	R
832.583	4.008000000000038	trials	834.4461666666666	835.2561666666667	6.0	[-6.65685415  6.65685415 -4.65685415  4.65685415]	3.141592653589793	R
836.843	5.163999999999987	trials	840.0591	840.7037	2.0	[-9.  1. -7. -1.]	0.0	F
842.259	2.8319999999999936	trials	843.2179333333333	843.7873333333333	1.0	[ 7.  1.  9. -1.]	0.7853981633974483	F
845.342	3.6560000000000628	trials	846.5833	847.8113333333333	5.0	[4.65685415 6.65685415 6.65685415 4.65685415]	-2.356194490192345	R
849.25	4.303999999999974	trials	851.0524	852.2503666666667	3.0	[-6.65685415 -4.65685415 -4.65685415 -6.65685415]	-0.7853981633974483	F
853.805	3.8740000000000236	trials	855.3410333333334	856.5721	6.0	[ 4.65685415 -4.65685415  6.65685415 -6.65685415]	3.141592653589793	R
857.93	4.721000000000004	trials	860.1650333333333	861.3479666666667	1.0	[-9.  1. -7. -1.]	0.7853981633974483	F
862.903	4.062999999999988	trials	864.7875	865.6626666666667	0.0	[4.65685415 6.65685415 6.65685415 4.65685415]	1.5707963267948966	F
867.218	3.23599999999999	trials	868.1709	868.7222666666667	4.0	[-1.  9.  1.  7.]	-1.5707963267948966	R
870.705	4.356999999999971	trials	873.0871	873.7587666666667	2.0	[-1. -7.  1. -9.]	0.0	F
875.314	2.9189999999999827	trials	875.9382	876.7512	7.0	[ 7.  1.  9. -1.]	2.356194490192345	R
878.485	4.177000000000021	trials	880.6438666666667	881.3586333333334	3.0	[-6.65685415  6.65685415 -4.65685415  4.65685415]	-0.7853981633974483	F
882.914	3.01400000000001	trials	883.7997	884.7871666666666	5.0	[ 4.65685415 -4.65685415  6.65685415 -6.65685415]	-2.356194490192345	R
886.18	4.864000000000033	trials	888.7690666666666	889.8958666666666	7.0	[-6.65685415 -4.65685415 -4.65685415 -6.65685415]	2.356194490192345	R
891.295	4.33400000000006	trials	893.8095666666667	894.3649333333333	4.0	[-6.65685415  6.65685415 -4.65685415  4.65685415]	-1.5707963267948966	R
895.881	4.951000000000022	trials	898.1613666666667	899.5287666666667	3.0	[-1. -7.  1. -9.]	-0.7853981633974483	F
901.084	3.063000000000102	trials	902.035	902.844	2.0	[ 4.65685415 -4.65685415  6.65685415 -6.65685415]	0.0	F
904.399	2.68100000000004	trials	905.2479666666667	905.7763	1.0	[ 7.  1.  9. -1.]	0.7853981633974483	F
907.331	3.7329999999999472	trials	909.0123333333333	909.9065333333333	5.0	[4.65685415 6.65685415 6.65685415 4.65685415]	-2.356194490192345	R
911.316	3.731999999999971	trials	912.9260333333333	913.4593666666667	6.0	[-6.65685415 -4.65685415 -4.65685415 -6.65685415]	3.141592653589793	R
915.3	5.119000000000028	trials	917.7540333333334	919.1154	0.0	[-9.  1. -7. -1.]	1.5707963267948966	F
920.67	3.907000000000039	trials	921.9755	923.2727333333333	0.0	[-1.  9.  1.  7.]	1.5707963267948966	F
924.829	3.8230000000000928	trials	926.4426	927.5363333333333	5.0	[-1.  9.  1.  7.]	-2.356194490192345	R
928.904	4.999000000000024	trials	931.1723666666667	932.245	4.0	[-6.65685415 -4.65685415 -4.65685415 -6.65685415]	-1.5707963267948966	R
934.155	4.9909999999999854	trials	936.667	937.8429	2.0	[-1. -7.  1. -9.]	0.0	F
939.398	2.7239999999999327	trials	940.3060333333333	940.8183	3.0	[ 7.  1.  9. -1.]	-0.7853981633974483	F
942.373	2.870999999999981	trials	943.2052333333334	944.0493333333334	7.0	[ 4.65685415 -4.65685415  6.65685415 -6.65685415]	2.356194490192345	R
945.496	4.221000000000004	trials	947.3154333333333	948.5906	6.0	[-6.65685415  6.65685415 -4.65685415  4.65685415]	3.141592653589793	R
949.969	4.6059999999999945	trials	951.8978333333333	953.2712333333334	1.0	[-9.  1. -7. -1.]	0.7853981633974483	F
954.827	3.6820000000000164	trials	956.3589	957.0586333333333	6.0	[4.65685415 6.65685415 6.65685415 4.65685415]	3.141592653589793	R
958.761	5.1059999999999945	trials	961.2610666666667	962.5623	3.0	[-9.  1. -7. -1.]	-0.7853981633974483	F
964.118	4.011999999999944	trials	965.6379333333333	966.9903	7.0	[ 4.65685415 -4.65685415  6.65685415 -6.65685415]	2.356194490192345	R
968.382	4.677000000000021	trials	970.6243333333333	971.7561333333333	1.0	[-6.65685415  6.65685415 -4.65685415  4.65685415]	0.7853981633974483	F
973.311	3.173000000000002	trials	974.0608666666667	975.1806333333334	2.0	[4.65685415 6.65685415 6.65685415 4.65685415]	0.0	F
976.736	2.969000000000051	trials	977.5645666666667	978.3174333333334	5.0	[ 7.  1.  9. -1.]	-2.356194490192345	R
979.957	4.59699999999998	trials	982.0898	983.382	4.0	[-6.65685415 -4.65685415 -4.65685415 -6.65685415]	-1.5707963267948966	R
984.806	4.455999999999904	trials	986.7413333333334	987.9583666666666	0.0	[-1. -7.  1. -9.]	1.5707963267948966	F
989.513	3.9139999999999873	trials	991.43	992.1237	3.0	[-1.  9.  1.  7.]	-0.7853981633974483	F
993.679	4.096000000000004	trials	994.9717666666667	996.4715	2.0	[ 4.65685415 -4.65685415  6.65685415 -6.65685415]	0.0	F
998.026	3.115000000000009	trials	998.6058	999.7566666666667	6.0	[ 7.  1.  9. -1.]	3.141592653589793	R
1001.393	4.264999999999986	trials	1003.6784	1004.3551	0.0	[-9.  1. -7. -1.]	1.5707963267948966	F
1005.91	3.7490000000000236	trials	1007.1911333333334	1007.9680666666667	7.0	[-1.  9.  1.  7.]	2.356194490192345	R
1009.911	4.591000000000008	trials	1011.9900333333334	1013.3323666666666	5.0	[-6.65685415  6.65685415 -4.65685415  4.65685415]	-2.356194490192345	R
1014.754	4.096000000000004	trials	1016.6907	1017.5649	4.0	[-6.65685415 -4.65685415 -4.65685415 -6.65685415]	-1.5707963267948966	R
1019.102	4.451000000000022	trials	1021.5147	1022.2495333333334	1.0	[-1. -7.  1. -9.]	0.7853981633974483	F
1023.804	2.4260000000000446	trials	1024.4149	1024.9261666666666	3.0	[4.65685415 6.65685415 6.65685415 4.65685415]	-0.7853981633974483	F
1026.482	3.923999999999978	trials	1028.0699666666667	1029.2168333333334	6.0	[ 4.65685415 -4.65685415  6.65685415 -6.65685415]	3.141592653589793	R
1030.657	4.301000000000158	trials	1032.7365666666667	1033.6538333333333	0.0	[-9.  1. -7. -1.]	1.5707963267948966	F
1035.21	3.4279999999998836	trials	1036.7535333333333	1037.346	4.0	[-1.  9.  1.  7.]	-1.5707963267948966	R
1038.89	4.589999999999918	trials	1040.9740333333334	1042.177	1.0	[-1. -7.  1. -9.]	0.7853981633974483	F
1043.732	4.0060000000000855	trials	1045.2737	1046.4345666666666	2.0	[4.65685415 6.65685415 6.65685415 4.65685415]	0.0	F
1047.989	3.6829999999999927	trials	1049.4320333333333	1050.4706	7.0	[ 7.  1.  9. -1.]	2.356194490192345	R
1051.923	4.079999999999927	trials	1054.1216666666667	1054.6770333333334	5.0	[-6.65685415  6.65685415 -4.65685415  4.65685415]	-2.356194490192345	R
1056.255	4.99799999999982	trials	1058.5817333333334	1059.9501333333333	3.0	[-6.65685415 -4.65685415 -4.65685415 -6.65685415]	-0.7853981633974483	F
1061.505	3.44199999999978	trials	1062.9215333333334	1063.7175	7.0	[ 4.65685415 -4.65685415  6.65685415 -6.65685415]	2.356194490192345	R
1065.198	4.767999999999802	trials	1067.5009	1068.6487333333334	6.0	[-6.65685415  6.65685415 -4.65685415  4.65685415]	3.141592653589793	R
1070.218	4.81899999999996	trials	1072.5033	1073.8356333333334	4.0	[-9.  1. -7. -1.]	-1.5707963267948966	R
1075.288	5.125999999999976	trials	1077.7353	1079.1107333333334	0.0	[-1. -7.  1. -9.]	1.5707963267948966	F
1080.666	4.9529999999999745	trials	1082.8991333333333	1084.3156333333334	2.0	[-1.  9.  1.  7.]	0.0	F
1085.871	3.3329999999998563	trials	1086.9572	1087.9005666666667	1.0	[ 7.  1.  9. -1.]	0.7853981633974483	F
1089.455	2.701000000000022	trials	1090.1270666666667	1090.9842	5.0	[4.65685415 6.65685415 6.65685415 4.65685415]	-2.356194490192345	R
1092.408	4.554000000000087	trials	1094.4718666666668	1095.6588	0.0	[-6.65685415 -4.65685415 -4.65685415 -6.65685415]	1.5707963267948966	F
1097.214	3.229000000000042	trials	1098.5871	1099.2437333333332	5.0	[-1.  9.  1.  7.]	-2.356194490192345	R
1100.694	4.085000000000036	trials	1102.4887666666666	1103.0391333333334	4.0	[-6.65685415 -4.65685415 -4.65685415 -6.65685415]	-1.5707963267948966	R
1105.031	4.241999999999962	trials	1107.4491	1107.9694	1.0	[-1. -7.  1. -9.]	0.7853981633974483	F
1109.524	3.9990000000000236	trials	1111.0690666666667	1112.2199333333333	2.0	[4.65685415 6.65685415 6.65685415 4.65685415]	0.0	F
1113.775	3.196999999999889	trials	1114.3923333333332	1115.8108666666667	7.0	[ 7.  1.  9. -1.]	2.356194490192345	R
1117.223	4.305000000000064	trials	1119.2403666666667	1120.1747	6.0	[-6.65685415  6.65685415 -4.65685415  4.65685415]	3.141592653589793	R
1121.78	3.5860000000000127	trials	1123.3165	1124.0613333333333	3.0	[-9.  1. -7. -1.]	-0.7853981633974483	F
1125.617	3.7899999999999636	trials	1127.1670666666666	1128.1334666666667	4.0	[ 4.65685415 -4.65685415  6.65685415 -6.65685415]	-1.5707963267948966	R
1129.658	4.076999999999998	trials	1131.6291333333334	1132.4321333333332	2.0	[-1. -7.  1. -9.]	0.0	F
1133.987	3.49799999999982	trials	1135.3353333333334	1136.1804333333334	1.0	[ 7.  1.  9. -1.]	0.7853981633974483	F
1137.736	3.4739999999999327	trials	1138.7819	1139.8936666666666	6.0	[4.65685415 6.65685415 6.65685415 4.65685415]	3.141592653589793	R
1141.462	4.7000000000000455	trials	1143.5978666666667	1145.0865666666666	7.0	[-9.  1. -7. -1.]	2.356194490192345	R
1146.414	4.136999999999944	trials	1148.5952666666667	1149.2479	0.0	[-6.65685415  6.65685415 -4.65685415  4.65685415]	1.5707963267948966	F
1150.803	4.030999999999949	trials	1152.4769	1153.6919333333333	5.0	[-1.  9.  1.  7.]	-2.356194490192345	R
1155.085	5.15300000000002	trials	1157.6557666666668	1158.9349333333332	3.0	[-6.65685415 -4.65685415 -4.65685415 -6.65685415]	-0.7853981633974483	F
1160.49	3.3299999999999272	trials	1161.7679666666668	1162.5168333333334	2.0	[ 4.65685415 -4.65685415  6.65685415 -6.65685415]	0.0	F
1164.072	3.411000000000058	trials	1165.1834666666666	1166.1789333333334	3.0	[ 7.  1.  9. -1.]	-0.7853981633974483	F
1167.735	4.920000000000073	trials	1170.1788666666666	1171.3517666666667	0.0	[ 4.65685415 -4.65685415  6.65685415 -6.65685415]	1.5707963267948966	F
1172.907	4.458000000000084	trials	1174.9346666666668	1176.0614666666668	1.0	[-1.  9.  1.  7.]	0.7853981633974483	F
1177.616	3.463999999999942	trials	1178.6268333333333	1179.9290666666666	5.0	[4.65685415 6.65685415 6.65685415 4.65685415]	-2.356194490192345	R
1181.332	4.891999999999825	trials	1183.5601	1185.0528	7.0	[-6.65685415 -4.65685415 -4.65685415 -6.65685415]	2.356194490192345	R
1186.475	4.036000000000058	trials	1188.0141666666666	1189.1469666666667	6.0	[-6.65685415  6.65685415 -4.65685415  4.65685415]	3.141592653589793	R
1190.763	4.7409999999999854	trials	1193.189	1194.2837333333334	4.0	[-9.  1. -7. -1.]	-1.5707963267948966	R
1195.755	4.296999999999798	trials	1197.6300333333334	1198.8641	5.0	[-1. -7.  1. -9.]	-2.356194490192345	R
1200.304	4.939999999999827	trials	1202.8119	1203.9407	0.0	[-6.65685415 -4.65685415 -4.65685415 -6.65685415]	1.5707963267948966	F
1205.496	3.127999999999929	trials	1206.1010666666666	1207.2459333333334	4.0	[-1.  9.  1.  7.]	-1.5707963267948966	R
1208.876	3.9880000000000564	trials	1210.5	1211.5596333333333	1.0	[-1. -7.  1. -9.]	0.7853981633974483	F
1213.116	3.36200000000008	trials	1214.2252333333333	1215.1746	2.0	[4.65685415 6.65685415 6.65685415 4.65685415]	0.0	F
1216.729	3.4300000000000637	trials	1217.3550333333333	1218.8557333333333	3.0	[ 7.  1.  9. -1.]	-0.7853981633974483	F
1220.411	3.1230000000000473	trials	1221.1023333333333	1222.2060666666666	7.0	[ 4.65685415 -4.65685415  6.65685415 -6.65685415]	2.356194490192345	R
1223.786	3.6009999999998854	trials	1225.1604	1225.8350666666668	6.0	[-6.65685415  6.65685415 -4.65685415  4.65685415]	3.141592653589793	R
1227.639	4.0060000000000855	trials	1229.426	1230.4264666666666	7.0	[-9.  1. -7. -1.]	2.356194490192345	R
1231.896	4.538999999999987	trials	1233.8259333333333	1235.1321666666668	0.0	[-6.65685415  6.65685415 -4.65685415  4.65685415]	1.5707963267948966	F
1236.687	2.810000000000173	trials	1237.6875	1238.1937666666668	3.0	[-1.  9.  1.  7.]	-0.7853981633974483	F
1239.749	3.0239999999998872	trials	1240.6528666666666	1241.5310666666667	5.0	[ 4.65685415 -4.65685415  6.65685415 -6.65685415]	-2.356194490192345	R
1243.025	3.9739999999999327	trials	1244.5415333333333	1245.8728333333333	4.0	[-6.65685415 -4.65685415 -4.65685415 -6.65685415]	-1.5707963267948966	R
1247.25	5.115000000000009	trials	1249.6662666666666	1251.0617333333332	1.0	[-1. -7.  1. -9.]	0.7853981633974483	F
1252.617	3.66599999999994	trials	1253.8256	1254.9794333333334	2.0	[4.65685415 6.65685415 6.65685415 4.65685415]	0.0	F
1256.534	3.4829999999999472	trials	1257.614	1258.8510666666666	6.0	[ 7.  1.  9. -1.]	3.141592653589793	R
1260.269	4.220000000000027	trials	1261.8124333333333	1263.1858333333332	1.0	[-9.  1. -7. -1.]	0.7853981633974483	F
1264.741	0.3990000000001146	trials				[nan nan nan nan]		A
1265.391	3.7609999999999673	trials	1266.6444	1268.085	6.0	[-6.65685415 -4.65685415 -4.65685415 -6.65685415]	3.141592653589793	I
1269.403	3.52800000000002	trials	1270.9611333333332	1271.6278	0.0	[-9.  1. -7. -1.]	1.5707963267948966	F
1273.183	3.314000000000078	trials	1274.5751	1275.1936333333333	2.0	[-1.  9.  1.  7.]	0.0	F
1276.749	1.4829999999999472	trials				[nan nan nan nan]		A
1278.484	0.5570000000000164	trials				[nan nan nan nan]		A
1279.293	0.23600000000010368	trials				[nan nan nan nan]		A
1279.781	3.8640000000000327	trials	1281.5354	1282.4266	5.0	[-1. -7.  1. -9.]	-2.356194490192345	R
1283.896	3.9710000000000036	trials	1285.4802	1286.5638666666666	0.0	[-6.65685415 -4.65685415 -4.65685415 -6.65685415]	1.5707963267948966	F
1288.119	4.622000000000071	trials	1289.9723333333334	1291.437	3.0	[-1.  9.  1.  7.]	-0.7853981633974483	F
1292.993	3.9429999999999836	trials	1294.6349333333333	1295.5191333333332	6.0	[ 4.65685415 -4.65685415  6.65685415 -6.65685415]	3.141592653589793	R
1297.187	3.8480000000001837	trials	1299.1090333333334	1299.7315666666666	1.0	[-9.  1. -7. -1.]	0.7853981633974483	F
1301.286	2.6779999999998836	trials	1302.0493333333334	1302.5977	4.0	[4.65685415 6.65685415 6.65685415 4.65685415]	-1.5707963267948966	R
1304.216	4.83400000000006	trials	1306.4813333333334	1307.7465	2.0	[-1. -7.  1. -9.]	0.0	F
1309.301	3.5410000000001673	trials	1310.7489333333333	1311.2522	7.0	[ 7.  1.  9. -1.]	2.356194490192345	R
1313.094	4.18100000000004	trials	1314.5443666666667	1315.9709	2.0	[-6.65685415  6.65685415 -4.65685415  4.65685415]	0.0	F
1317.527	3.1649999999999636	trials	1319.3964		5.0	[ 7.  1.  9. -1.]	-2.356194490192345	A
1320.943	1.0850000000000364	trials				[nan nan nan nan]		A
1322.28	4.598999999999933	trials	1324.4800333333333	1325.7311333333334	4.0	[-6.65685415  6.65685415 -4.65685415  4.65685415]	-1.5707963267948966	R
1327.131	4.214999999999918	trials	1329.2849666666666	1330.0428666666667	3.0	[-1. -7.  1. -9.]	-0.7853981633974483	F
1331.598	4.3279999999999745	trials	1333.0733666666667	1334.3686	0.0	[ 4.65685415 -4.65685415  6.65685415 -6.65685415]	1.5707963267948966	R
1336.178	4.019999999999982	trials	1337.8382	1338.8938333333333	1.0	[-1.  9.  1.  7.]	0.7853981633974483	F
1340.45	3.4759999999998854	trials	1341.6717333333333	1342.6972666666666	6.0	[4.65685415 6.65685415 6.65685415 4.65685415]	3.141592653589793	R
1344.178	3.800999999999931	trials	1345.9122666666667	1346.8095	5.0	[-9.  1. -7. -1.]	-2.356194490192345	R
1348.231	3.786000000000058	trials	1350.1618	1350.7162	6.0	[-6.65685415 -4.65685415 -4.65685415 -6.65685415]	3.141592653589793	R
1352.269	4.2439999999999145	trials	1354.6188666666667	1355.1211333333333	7.0	[-9.  1. -7. -1.]	2.356194490192345	R
1356.764	4.704000000000178	trials	1358.9045333333333	1360.1646666666666	0.0	[-6.65685415  6.65685415 -4.65685415  4.65685415]	1.5707963267948966	F
1361.72	3.3430000000000746	trials	1363.1029333333333	1363.7595666666666	3.0	[-1.  9.  1.  7.]	-0.7853981633974483	F
1365.314	3.7999999999999545	trials	1366.6367333333333	1367.8106333333333	1.0	[ 4.65685415 -4.65685415  6.65685415 -6.65685415]	0.7853981633974483	F
1369.366	3.5519999999999072	trials	1370.8562	1371.7043	4.0	[4.65685415 6.65685415 6.65685415 4.65685415]	-1.5707963267948966	R
1373.17	4.733999999999924	trials	1375.2982333333334	1376.6004666666668	2.0	[-1. -7.  1. -9.]	0.0	F
1378.155	2.6569999999999254	trials	1378.8631	1379.5087	1.0	[ 7.  1.  9. -1.]	0.7853981633974483	F
1381.064	3.5699999999999363	trials	1382.5472333333332	1383.3582333333334	5.0	[4.65685415 6.65685415 6.65685415 4.65685415]	-2.356194490192345	R
1384.886	4.5340000000001055	trials	1386.7998	1388.1170666666667	2.0	[-6.65685415 -4.65685415 -4.65685415 -6.65685415]	0.0	F
1389.672	0.16699999999991633	trials				[nan nan nan nan]		A
1390.091	3.6030000000000655	trials	1390.8949666666667	1392.2964333333334	0.0	[-1. -7.  1. -9.]	1.5707963267948966	R
1393.946	3.5620000000001255	trials	1395.4332333333334	1396.2051333333334	3.0	[-1.  9.  1.  7.]	-0.7853981633974483	F
1397.76	3.5090000000000146	trials	1399.2386666666666	1399.9705	7.0	[ 4.65685415 -4.65685415  6.65685415 -6.65685415]	2.356194490192345	R
1401.52	4.621000000000095	trials	1403.6135333333334	1404.9919666666667	6.0	[-6.65685415  6.65685415 -4.65685415  4.65685415]	3.141592653589793	R
1406.392	4.447999999999865	trials	1408.1377666666667	1409.5362666666667	0.0	[-9.  1. -7. -1.]	1.5707963267948966	F
1411.091	2.7530000000001564	trials	1412.8474666666666		1.0	[-1.  9.  1.  7.]	0.7853981633974483	A
1414.096	2.880000000000109	trials	1416.0364		2.0	[4.65685415 6.65685415 6.65685415 4.65685415]	0.0	A
1417.227	5.9939999999999145	trials	1420.4814333333334	1421.9851666666666	7.0	[ 7.  1.  9. -1.]	2.356194490192345	R
1423.473	4.875	trials	1425.7134333333333	1427.0848333333333	6.0	[-6.65685415  6.65685415 -4.65685415  4.65685415]	3.141592653589793	R
1428.6	4.301000000000158	trials	1430.8642	1431.5128333333334	5.0	[-9.  1. -7. -1.]	-2.356194490192345	R
1433.153	4.016000000000076	trials	1435.1338333333333	1435.9207666666666	4.0	[-6.65685415 -4.65685415 -4.65685415 -6.65685415]	-1.5707963267948966	R
1437.421	4.663999999999987	trials	1439.3031666666666	1440.7808333333332	3.0	[-1. -7.  1. -9.]	-0.7853981633974483	F
1442.337	3.4249999999999545	trials	1443.6209	1444.4990666666667	6.0	[ 4.65685415 -4.65685415  6.65685415 -6.65685415]	3.141592653589793	R
1446.014	4.604000000000042	trials	1448.0639333333334	1449.4834666666666	4.0	[-9.  1. -7. -1.]	-1.5707963267948966	R
1450.87	4.2560000000000855	trials	1453.2889	1453.8232333333333	0.0	[-1. -7.  1. -9.]	1.5707963267948966	F
1455.378	0.15000000000009095	trials				[nan nan nan nan]		A
1455.78	3.0299999999999727	trials	1456.7745666666667	1457.5053666666668	1.0	[-6.65685415 -4.65685415 -4.65685415 -6.65685415]	0.7853981633974483	F
1459.061	3.7590000000000146	trials	1460.8577	1461.5163333333333	3.0	[4.65685415 6.65685415 6.65685415 4.65685415]	-0.7853981633974483	F
1463.071	4.304000000000087	trials	1465.2215333333334	1466.2260333333334	7.0	[ 4.65685415 -4.65685415  6.65685415 -6.65685415]	2.356194490192345	R
1467.627	4.130000000000109	trials	1469.1944	1470.4525333333333	2.0	[-6.65685415  6.65685415 -4.65685415  4.65685415]	0.0	F
1472.008	3.5419999999999163	trials	1472.9046	1473.9462	0.0	[ 7.  1.  9. -1.]	1.5707963267948966	R
1475.802	4.710000000000036	trials	1478.0423666666666	1479.4157666666667	7.0	[-1.  9.  1.  7.]	2.356194490192345	R
1480.763	4.042000000000144	trials	1482.6839	1483.4137	6.0	[-6.65685415  6.65685415 -4.65685415  4.65685415]	3.141592653589793	R
1485.057	4.557000000000016	trials	1487.4357	1488.3098666666667	3.0	[-9.  1. -7. -1.]	-0.7853981633974483	F
1489.866	2.8450000000000273	trials	1490.7970333333333	1491.3333666666667	5.0	[ 4.65685415 -4.65685415  6.65685415 -6.65685415]	-2.356194490192345	R
1492.962	4.169000000000096	trials	1495.0085	1495.9087333333334	4.0	[-6.65685415 -4.65685415 -4.65685415 -6.65685415]	-1.5707963267948966	R
1497.382	3.990000000000009	trials	1499.242	1500.0690666666667	1.0	[-1. -7.  1. -9.]	0.7853981633974483	F
1501.624	3.4729999999999563	trials	1503.0895666666668	1503.7933	2.0	[4.65685415 6.65685415 6.65685415 4.65685415]	0.0	F
1505.348	0.30300000000011096	trials				[nan nan nan nan]		A
1505.903	3.2519999999999527	trials	1506.483	1507.8514	3.0	[-1.  9.  1.  7.]	-0.7853981633974483	F
1509.406	3.591000000000122	trials	1510.9240333333332	1511.6939333333332	2.0	[ 4.65685415e+00 -4.65685415e+00  6.65685415e+00  6.07112693e-31]	0.0	F
1513.249	4.157999999999902	trials	1515.0683333333334	1516.2532666666666	6.0	[ 7.  1.  9. -1.]	3.141592653589793	R
1517.659	4.6749999999999545	trials	1519.6988	1521.1614333333334	7.0	[-9.  1. -7. -1.]	2.356194490192345	R
1522.586	4.856999999999971	trials	1524.7593666666667	1526.0516	4.0	[-6.65685415  6.65685415 -4.65685415  4.65685415]	-1.5707963267948966	R
1527.695	4.472999999999956	trials	1529.7688333333333	1531.0911	5.0	[-1. -7.  1. -9.]	-2.356194490192345	R
1532.419	4.212999999999965	trials	1534.6900333333333	1535.3276333333333	1.0	[-6.65685415 -4.65685415 -4.65685415 -6.65685415]	0.7853981633974483	F
1536.883	3.7129999999999654	trials	1538.3691666666666	1539.503	5.0	[4.65685415 6.65685415 6.65685415 4.65685415]	-2.356194490192345	R
1540.847	3.798000000000002	trials	1542.1826333333333	1543.3686	7.0	[-6.65685415 -4.65685415 -4.65685415 -6.65685415]	2.356194490192345	R
1544.896	4.8559999999999945	trials	1547.4457	1548.4492	3.0	[-6.65685415  6.65685415 -4.65685415  4.65685415]	-0.7853981633974483	F
1550.004	3.3430000000000746	trials	1551.2762333333333	1552.0441333333333	0.0	[ 4.65685415 -4.65685415  6.65685415 -6.65685415]	1.5707963267948966	F
1553.599	4.317999999999984	trials	1555.6380666666666	1556.7879	6.0	[-1.  9.  1.  7.]	3.141592653589793	R
1558.168	4.2710000000001855	trials	1560.4861	1561.252	4.0	[-9.  1. -7. -1.]	-1.5707963267948966	R
1562.691	4.683999999999969	trials	1565.1085666666668	1566.0719666666666	1.0	[-1. -7.  1. -9.]	0.7853981633974483	F
1567.627	4.124000000000024	trials	1569.5937	1570.4478333333334	2.0	[4.65685415 6.65685415 6.65685415 4.65685415]	0.0	F
1572.003	3.688000000000102	trials	1573.4523	1574.3876333333333	2.0	[ 7.  1.  9. -1.]	0.0	F
1575.942	3.615000000000009	trials	1577.4402	1578.3254	7.0	[ 7.  1.  9. -1.]	2.356194490192345	R
1579.809	3.69399999999996	trials	1581.6877333333334	1582.2000333333333	1.0	[-6.65685415  6.65685415 -4.65685415  4.65685415]	0.7853981633974483	F
1583.755	4.8159999999998035	trials	1585.8982	1587.2676	3.0	[4.65685415 6.65685415 6.65685415 4.65685415]	-0.7853981633974483	F
1588.822	3.730000000000018	trials	1590.2239333333334	1591.4269333333334	4.0	[ 4.65685415 -4.65685415  6.65685415 -6.65685415]	-1.5707963267948966	R
1592.803	4.1099999999999	trials	1594.5176	1595.6233666666667	6.0	[-1. -7.  1. -9.]	3.141592653589793	R
1597.164	4.4529999999999745	trials	1599.4127666666666	1600.4754	5.0	[-9.  1. -7. -1.]	-2.356194490192345	R
1601.869	3.8460000000000036	trials	1603.531	1604.4121666666667	0.0	[-6.65685415 -4.65685415 -4.65685415 -6.65685415]	1.5707963267948966	F
1605.967	3.8619999999998527	trials	1607.5239	1608.5254	3.0	[-1.  9.  1.  7.]	-0.7853981633974483	F
1610.08	3.3279999999999745	trials	1610.7248666666667	1612.1032666666667	1.0	[ 4.65685415 -4.65685415  6.65685415 -6.65685415]	0.7853981633974483	F
1613.659	3.4589999999998327	trials	1614.5283	1615.8135	2.0	[4.65685415 6.65685415 6.65685415 4.65685415]	0.0	F
1617.369	4.503000000000156	trials	1619.5638	1620.6555	4.0	[ 7.  1.  9. -1.]	-1.5707963267948966	R
1622.123	3.923999999999978	trials	1623.8975666666668	1624.6795	5.0	[-1. -7.  1. -9.]	-2.356194490192345	R
1626.299	4.626999999999953	trials	1628.4879666666666	1629.8664	7.0	[-6.65685415 -4.65685415 -4.65685415 -6.65685415]	2.356194490192345	R
1631.178	4.189999999999827	trials	1632.8468	1633.6508	0.0	[-6.65685415  6.65685415 -4.65685415  4.65685415]	1.5707963267948966	R
1635.62	4.731000000000222	trials	1637.6778	1639.0482	6.0	[-1.  9.  1.  7.]	3.141592653589793	R
1640.603	4.300999999999931	trials	1642.8255666666666	1643.5844666666667	6.0	[-9.  1. -7. -1.]	3.141592653589793	R
1645.155	3.576999999999998	trials	1646.8094666666666	1647.428	3.0	[-9.  1. -7. -1.]	-0.7853981633974483	F
1648.984	2.951000000000022	trials	1649.7798333333333	1650.7773	4.0	[ 4.65685415 -4.65685415  6.65685415 -6.65685415]	-1.5707963267948966	R
1652.187	4.2710000000001855	trials	1654.6038	1655.1552	2.0	[-1. -7.  1. -9.]	0.0	F
1656.71	3.175999999999931	trials	1657.3536333333334	1658.1937333333333	0.0	[ 7.  1.  9. -1.]	1.5707963267948966	R
1660.138	4.012000000000171	trials	1661.8277666666668	1662.8463	1.0	[-1.  9.  1.  7.]	0.7853981633974483	F
1664.401	3.7110000000000127	trials	1666.0282	1666.9434666666666	7.0	[4.65685415 6.65685415 6.65685415 4.65685415]	2.356194490192345	R
1668.364	4.4780000000000655	trials	1670.6556666666668	1671.7604333333334	5.0	[-6.65685415  6.65685415 -4.65685415  4.65685415]	-2.356194490192345	R
1673.094	4.837999999999965	trials	1675.2541	1676.6285	3.0	[-6.65685415 -4.65685415 -4.65685415 -6.65685415]	-0.7853981633974483	F
1678.183	2.1920000000000073	trials	1679.0665666666666		5.0	[ 4.65685415 -4.65685415  6.65685415 -6.65685415]	-2.356194490192345	A
1680.626	4.372000000000071	trials	1682.4199	1683.8675	7.0	[-6.65685415 -4.65685415 -4.65685415 -6.65685415]	2.356194490192345	R
1685.25	3.6410000000000764	trials	1687.3411	1687.9706666666666	6.0	[-6.65685415  6.65685415 -4.65685415  4.65685415]	3.141592653589793	I
1689.143	4.716999999999871	trials	1691.6879	1692.6633333333334	4.0	[-9.  1. -7. -1.]	-1.5707963267948966	R
1694.112	3.6679999999998927	trials	1695.9485	1696.4768	1.0	[-1. -7.  1. -9.]	0.7853981633974483	F
1698.032	2.8659999999999854	trials	1698.6371666666666	1699.5945333333334	2.0	[4.65685415 6.65685415 6.65685415 4.65685415]	0.0	F
1701.149	4.137000000000171	trials	1703.3438333333334	1703.9824333333333	0.0	[ 7.  1.  9. -1.]	1.5707963267948966	F
1705.537	4.684999999999945	trials	1707.5723333333333	1708.9187	2.0	[-1.  9.  1.  7.]	0.0	F
1710.474	1.47199999999998	trials	1711.2805666666666		3.0	[ 7.  1.  9. -1.]	-0.7853981633974483	A
1712.198	2.925999999999931	trials	1713.2454333333333	1713.8228666666666	7.0	[ 4.65685415 -4.65685415  6.65685415 -6.65685415]	2.356194490192345	R
1715.376	3.6369999999999436	trials	1716.9376	1717.7967333333333	4.0	[-6.65685415  6.65685415 -4.65685415  4.65685415]	-1.5707963267948966	R
1719.264	4.213000000000193	trials	1721.4608333333333	1722.3731	5.0	[-1. -7.  1. -9.]	-2.356194490192345	R
1723.728	0.9479999999998654	trials				[nan nan nan nan]		A
1724.927	3.7490000000000236	trials	1725.6743	1726.9224	1.0	[-9.  1. -7. -1.]	0.7853981633974483	R
1728.927	3.658000000000129	trials	1730.3519	1730.9123	0.0	[4.65685415 6.65685415 6.65685415 4.65685415]	1.5707963267948966	R
1732.837	4.05600000000004	trials	1734.9282666666666	1735.6801333333333	4.0	[-1.  9.  1.  7.]	-1.5707963267948966	R
1737.145	4.366999999999962	trials	1739.3582666666666	1740.2074	2.0	[-1. -7.  1. -9.]	0.0	F
1741.763	3.810000000000173	trials	1742.868	1744.0359	0.0	[ 7.  1.  9. -1.]	1.5707963267948966	R
1745.824	5.016999999999825	trials	1748.101	1749.5375666666666	1.0	[-1.  9.  1.  7.]	0.7853981633974483	F
1751.092	4.139999999999873	trials	1753.2297333333333	1753.8372333333334	7.0	[4.65685415 6.65685415 6.65685415 4.65685415]	2.356194490192345	R
1755.483	4.147000000000162	trials	1757.2657333333334	1758.3263666666667	3.0	[-6.65685415  6.65685415 -4.65685415  4.65685415]	-0.7853981633974483	F
1759.881	3.849999999999909	trials	1761.2476333333334	1762.6471	5.0	[ 4.65685415 -4.65685415  6.65685415 -6.65685415]	-2.356194490192345	R
1763.982	4.29099999999994	trials	1765.7819	1767.1583	6.0	[-6.65685415 -4.65685415 -4.65685415 -6.65685415]	3.141592653589793	R
1768.525	4.536999999999807	trials	1770.7402	1771.8379333333332	7.0	[-9.  1. -7. -1.]	2.356194490192345	R
1773.314	3.8199999999999363	trials	1775.1902666666667	1775.8238333333334	6.0	[-6.65685415  6.65685415 -4.65685415  4.65685415]	3.141592653589793	R
1777.386	4.303000000000111	trials	1779.1982	1780.3019666666667	0.0	[-9.  1. -7. -1.]	1.5707963267948966	R
1781.941	3.9220000000000255	trials	1783.7014	1784.5595333333333	3.0	[-1.  9.  1.  7.]	-0.7853981633974483	F
1786.114	3.078999999999951	trials	1786.9083666666668	1787.8898	2.0	[ 4.65685415 -4.65685415  6.65685415 -6.65685415]	0.0	F
1789.445	4.566000000000031	trials	1791.3243333333332	1792.7769333333333	4.0	[ 7.  1.  9. -1.]	-1.5707963267948966	R
1794.263	5.036000000000058	trials	1796.5092	1797.9959	1.0	[-1. -7.  1. -9.]	0.7853981633974483	F
1799.551	3.5009999999999764	trials	1800.9281666666666	1801.9447	5.0	[4.65685415 6.65685415 6.65685415 4.65685415]	-2.356194490192345	R
1803.304	3.8619999999998527	trials	1805.0694666666666	1805.8624333333332	1.0	[-6.65685415 -4.65685415 -4.65685415 -6.65685415]	0.7853981633974483	F
1807.417	3.286000000000058	trials	1808.2012333333332	1809.6277666666667	5.0	[4.65685415 6.65685415 6.65685415 4.65685415]	-2.356194490192345	R
1810.955	4.43100000000004	trials	1812.9861	1814.2973666666667	4.0	[-6.65685415 -4.65685415 -4.65685415 -6.65685415]	-1.5707963267948966	R
1815.638	4.754000000000133	trials	1817.8983	1819.0882666666666	2.0	[-1. -7.  1. -9.]	0.0	F
1820.643	3.3530000000000655	trials	1821.4782	1822.7483666666667	7.0	[ 7.  1.  9. -1.]	2.356194490192345	R
1824.248	3.842999999999847	trials	1825.7177333333334	1826.9427666666666	6.0	[-6.65685415  6.65685415 -4.65685415  4.65685415]	3.141592653589793	R
1828.342	4.695999999999913	trials	1830.8895666666667	1831.7336666666667	3.0	[-9.  1. -7. -1.]	-0.7853981633974483	F
1833.29	3.706000000000131	trials	1834.7050333333334	1835.6925	0.0	[ 4.65685415 -4.65685415  6.65685415 -6.65685415]	1.5707963267948966	F
1837.247	4.366999999999962	trials	1839.0478333333333	1840.3109666666667	1.0	[-1.  9.  1.  7.]	0.7853981633974483	F
1841.866	3.979000000000042	trials	1843.8467333333333	1844.5064	6.0	[4.65685415 6.65685415 6.65685415 4.65685415]	3.141592653589793	R
1846.096	4.5750000000000455	trials	1848.1955333333333	1849.4857666666667	7.0	[-9.  1. -7. -1.]	2.356194490192345	R
1850.922	3.740000000000009	trials	1852.4170333333334	1853.3583666666666	2.0	[-6.65685415  6.65685415 -4.65685415  4.65685415]	0.0	F
1854.913	2.8050000000000637	trials	1855.5197333333333	1856.5292333333334	4.0	[ 7.  1.  9. -1.]	-1.5707963267948966	R
1857.97	3.6959999999999127	trials	1859.8665333333333	1860.4369333333334	5.0	[-1. -7.  1. -9.]	-2.356194490192345	R
1861.918	4.569000000000187	trials	1863.6970333333334	1865.1837333333333	3.0	[-6.65685415 -4.65685415 -4.65685415 -6.65685415]	-0.7853981633974483	F
1866.739	3.6549999999999727	trials	1867.8102666666666	1868.9290333333333	0.0	[ 4.65685415 -4.65685415  6.65685415 -6.65685415]	1.5707963267948966	R
1870.645	4.201999999999998	trials	1872.8678	1873.5425	2.0	[-1.  9.  1.  7.]	0.0	F
1875.098	2.6590000000001055	trials	1875.7309333333333	1876.4537333333333	3.0	[ 7.  1.  9. -1.]	-0.7853981633974483	F
1878.009	0.9510000000000218	trials				[nan nan nan nan]		A
1879.212	3.461999999999989	trials	1880.8376	1881.4230666666667	4.0	[4.65685415 6.65685415 6.65685415 4.65685415]	-1.5707963267948966	R
1882.926	3.865000000000009	trials	1884.7633666666666	1885.4019333333333	6.0	[-1. -7.  1. -9.]	3.141592653589793	R
1887.043	3.893000000000029	trials	1888.8144	1889.8800666666666	5.0	[-9.  1. -7. -1.]	-2.356194490192345	R
1891.187	4.4370000000001255	trials	1892.9727333333333	1894.1085666666668	0.0	[-6.65685415 -4.65685415 -4.65685415 -6.65685415]	1.5707963267948966	R
1895.876	3.5170000000000528	trials	1897.2373333333333	1898.1937	7.0	[-1.  9.  1.  7.]	2.356194490192345	R
1899.644	3.7609999999999673	trials	1901.0077	1902.3069333333333	5.0	[-6.65685415  6.65685415 -4.65685415  4.65685415]	-2.356194490192345	R
1903.656	4.8900000000001	trials	1906.2096	1907.3474333333334	7.0	[-6.65685415 -4.65685415 -4.65685415 -6.65685415]	2.356194490192345	R
1908.798	4.641000000000076	trials	1910.9012666666667	1911.999	0.0	[-6.65685415  6.65685415 -4.65685415  4.65685415]	1.5707963267948966	R
1913.69	3.729000000000042	trials	1915.5147333333334	1916.2114333333334	4.0	[-1.  9.  1.  7.]	-1.5707963267948966	R
1917.671	4.6059999999999945	trials	1920.3056	1921.0394333333334	6.0	[-1. -7.  1. -9.]	3.141592653589793	R
1922.529	3.5240000000001146	trials	1924.0078	1924.7496333333333	1.0	[-9.  1. -7. -1.]	0.7853981633974483	F
1926.305	3.5599999999999454	trials	1927.6528666666666	1928.5621333333333	3.0	[4.65685415 6.65685415 6.65685415 4.65685415]	-0.7853981633974483	F
1930.117	3.439000000000078	trials	1931.4773666666667	1932.2522666666666	2.0	[ 4.65685415 -4.65685415  6.65685415 -6.65685415]	0.0	F
1933.807	4.627999999999929	trials	1935.5966	1937.0772666666667	0.0	[ 7.  1.  9. -1.]	1.5707963267948966	R
1938.686	4.144999999999982	trials	1940.1278333333332	1941.5273	2.0	[-1.  9.  1.  7.]	0.0	F
1943.082	3.2109999999997854	trials	1944.9057		5.0	[ 7.  1.  9. -1.]	-2.356194490192345	A
1946.545	4.298999999999978	trials	1948.8374666666666	1949.5412	1.0	[-6.65685415 -4.65685415 -4.65685415 -6.65685415]	0.7853981633974483	F
1951.096	3.3659999999999854	trials	1952.3592	1953.2173333333333	7.0	[4.65685415 6.65685415 6.65685415 4.65685415]	2.356194490192345	R
1954.714	4.019999999999982	trials	1956.6599	1957.4528666666668	6.0	[-6.65685415  6.65685415 -4.65685415  4.65685415]	3.141592653589793	R
1958.986	4.192000000000007	trials	1961.2733333333333	1961.8748333333333	3.0	[-9.  1. -7. -1.]	-0.7853981633974483	F
1963.43	3.071999999999889	trials	1964.1003666666666	1965.3133666666668	4.0	[ 4.65685415 -4.65685415  6.65685415 -6.65685415]	-1.5707963267948966	R
1966.754	4.586000000000013	trials	1968.8712	1970.1213333333333	6.0	[-1. -7.  1. -9.]	3.141592653589793	R
1971.592	4.954999999999927	trials	1973.9338	1975.3503	0.0	[-9.00000000e+00  1.00000000e+00 -7.00000000e+00 -2.02824096e+31]	1.5707963267948966	R
1976.799	4.736000000000104	trials	1979.1226666666666	1980.2314333333334	2.0	[-1.  9.  1.  7.]	0.0	F
1981.786	3.828999999999951	trials	1982.6554333333333	1983.9436333333333	1.0	[ 7.  1.  9. -1.]	0.7853981633974483	R
1985.866	3.7100000000000364	trials	1987.3370666666667	1988.3826666666666	5.0	[4.65685415 6.65685415 6.65685415 4.65685415]	-2.356194490192345	R
1989.827	4.1310000000000855	trials	1991.8202	1992.7174333333332	4.0	[-6.65685415 -4.65685415 -4.65685415 -6.65685415]	-1.5707963267948966	R
1994.209	4.298999999999978	trials	1996.7033333333334	1997.3068333333333	7.0	[-1. -7.  1. -9.]	2.356194490192345	R
1998.759	3.6159999999999854	trials	2000.5428666666667	2001.0721666666666	3.0	[-6.65685415  6.65685415 -4.65685415  4.65685415]	-0.7853981633974483	F
2002.627	2.8070000000000164	trials	2003.6756333333333	2004.2340333333334	5.0	[ 4.65685415 -4.65685415  6.65685415 -6.65685415]	-2.356194490192345	R
2005.686	4.413000000000011	trials	2008.1367	2008.7231666666667	6.0	[-6.65685415 -4.65685415 -4.65685415 -6.65685415]	3.141592653589793	R
2010.35	4.7710000000001855	trials	2012.4825	2013.9491333333333	0.0	[-9.  1. -7. -1.]	1.5707963267948966	R
2015.373	4.56899999999996	trials	2017.2563666666667	2018.6388	1.0	[-1.  9.  1.  7.]	0.7853981633974483	F
2020.194	3.7150000000001455	trials	2021.6984	2022.6046333333334	3.0	[4.65685415 6.65685415 6.65685415 4.65685415]	-0.7853981633974483	F
2024.161	3.4320000000000164	trials	2025.1389333333334	2026.3008333333332	4.0	[ 4.65685415 -4.65685415  6.65685415 -6.65685415]	-1.5707963267948966	R
2027.845	5.182000000000016	trials	2030.2737	2031.7233	2.0	[-1. -7.  1. -9.]	0.0	F
2033.278	2.655999999999949	trials	2034.1262666666667	2034.6305	7.0	[ 7.  1.  9. -1.]	2.356194490192345	R
2036.185	3.9880000000000564	trials	2037.8084	2038.9352	4.0	[-6.65685415  6.65685415 -4.65685415  4.65685415]	-1.5707963267948966	R
2040.425	4.114000000000033	trials	2042.7296333333334	2043.2358666666667	2.0	[-1. -7.  1. -9.]	0.0	F
2044.791	3.6189999999999145	trials	2046.1802	2047.0774	0.0	[ 7.  1.  9. -1.]	1.5707963267948966	R
2048.661	3.561999999999898	trials	2050.1931666666665	2051.0122	5.0	[-1.  9.  1.  7.]	-2.356194490192345	R
2052.475	4.941000000000258	trials	2054.7554666666665	2056.112866666667	3.0	[-6.65685415 -4.65685415 -4.65685415 -6.65685415]	-0.7853981633974483	F
2057.668	2.895999999999731	trials	2058.5439	2059.2436333333335	7.0	[ 4.65685415 -4.65685415  6.65685415 -6.65685415]	2.356194490192345	R
2060.816	4.220000000000255	trials	2062.8115	2063.7839	6.0	[-6.65685415  6.65685415 -4.65685415  4.65685415]	3.141592653589793	R
2065.288	4.923999999999978	trials	2067.9713	2068.9076333333333	1.0	[-9.  1. -7. -1.]	0.7853981633974483	F
2070.463	3.2229999999999563	trials	2071.5381666666667	2072.4594333333334	7.0	[4.65685415 6.65685415 6.65685415 4.65685415]	2.356194490192345	R
2073.938	4.41800000000012	trials	2075.8859666666667	2077.166133333333	4.0	[-6.65685415  6.65685415 -4.65685415  4.65685415]	-1.5707963267948966	R
2078.608	3.6399999999998727	trials	2080.2909	2080.9445	3.0	[-1. -7.  1. -9.]	-0.7853981633974483	F
2082.499	2.6650000000004184	trials	2083.2713	2083.8607666666667	1.0	[ 4.65685415 -4.65685415  6.65685415 -6.65685415]	0.7853981633974483	F
2085.416	3.024999999999636	trials	2086.2978	2087.272233333333	6.0	[4.65685415 6.65685415 6.65685415 4.65685415]	3.141592653589793	R
2088.693	4.307999999999993	trials	2090.8631333333333	2091.6982333333335	2.0	[-9.  1. -7. -1.]	0.0	F
2093.253	3.1659999999997126	trials	2093.8966666666665	2095.0144666666665	0.0	[ 7.  1.  9. -1.]	1.5707963267948966	R
2096.671	3.417000000000371	trials	2098.035966666667	2098.8189	5.0	[-1.  9.  1.  7.]	-2.356194490192345	R
2100.34	4.764999999999873	trials	2102.5271	2103.801266666667	2.0	[-6.65685415 -4.65685415 -4.65685415 -6.65685415]	0.0	F
2105.356	0.32199999999966167	trials				[nan nan nan nan]		A
2105.93	3.499000000000251	trials	2106.8638666666666	2108.271366666667	5.0	[-1.  9.  1.  7.]	-2.356194490192345	R
2109.681	3.938000000000102	trials	2111.5896	2112.3144	1.0	[-6.65685415 -4.65685415 -4.65685415 -6.65685415]	0.7853981633974483	F
2113.87	3.2280000000000655	trials	2114.7374333333332	2115.7188666666666	6.0	[4.65685415 6.65685415 6.65685415 4.65685415]	3.141592653589793	R
2117.35	4.036000000000058	trials	2119.165433333333	2120.0827	3.0	[-9.  1. -7. -1.]	-0.7853981633974483	F
2121.638	3.867999999999938	trials	2122.967866666667	2124.3132	4.0	[ 4.65685415 -4.65685415  6.65685415 -6.65685415]	-1.5707963267948966	R
2125.758	4.132000000000062	trials	2127.7397	2128.6700333333333	7.0	[-1. -7.  1. -9.]	2.356194490192345	R
2130.142	3.507000000000062	trials	2131.833866666667	2132.4303666666665	5.0	[-6.65685415  6.65685415 -4.65685415  4.65685415]	-2.356194490192345	R
2133.901	3.9140000000002146	trials	2135.897966666667	2136.5887	4.0	[-6.65685415 -4.65685415 -4.65685415 -6.65685415]	-1.5707963267948966	R
2138.066	4.773000000000138	trials	2140.118466666667	2141.535966666667	1.0	[-1. -7.  1. -9.]	0.7853981633974483	F
2143.091	1.155999999999949	trials				[nan nan nan nan]		A
2144.498	2.9079999999999018	trials	2145.2171	2146.0612	6.0	[-1.  9.  1.  7.]	3.141592653589793	R
2147.657	4.032999999999902	trials	2149.7143	2150.4892	7.0	[-9.  1. -7. -1.]	2.356194490192345	R
2151.942	3.5149999999998727	trials	2153.478633333333	2154.1533	2.0	[-6.65685415  6.65685415 -4.65685415  4.65685415]	0.0	F
2155.708	2.7719999999999345	trials	2156.6084	2157.1758	3.0	[ 7.  1.  9. -1.]	-0.7853981633974483	F
2158.732	3.31899999999996	trials	2159.9968	2160.7476666666666	1.0	[ 4.65685415 -4.65685415  6.65685415 -6.65685415]	0.7853981633974483	F
2162.303	4.0340000000001055	trials	2164.3285666666666	2165.1085	4.0	[4.65685415 6.65685415 6.65685415 4.65685415]	-1.5707963267948966	R
2166.588	4.548999999999978	trials	2168.5079666666666	2169.8342333333335	2.0	[-1. -7.  1. -9.]	0.0	F
2171.389	3.9769999999998618	trials	2172.7745333333332	2173.907366666667	0.0	[ 7.  1.  9. -1.]	1.5707963267948966	R
2175.618	3.8980000000001382	trials	2177.6486333333332	2178.1579	6.0	[-1.  9.  1.  7.]	3.141592653589793	R
2179.768	3.8020000000001346	trials	2181.5563666666667	2182.3483333333334	7.0	[-9.  1. -7. -1.]	2.356194490192345	R
2183.822	4.971999999999753	trials	2186.1277	2187.4911	3.0	[-6.65685415  6.65685415 -4.65685415  4.65685415]	-0.7853981633974483	F
2189.046	3.4149999999999636	trials	2190.1286333333333	2191.3396333333335	5.0	[ 4.65685415 -4.65685415  6.65685415 -6.65685415]	-2.356194490192345	R
2192.713	4.329999999999927	trials	2194.7210333333333	2195.7395666666666	1.0	[-6.65685415 -4.65685415 -4.65685415 -6.65685415]	0.7853981633974483	F
2197.294	3.943000000000211	trials	2198.8422666666665	2199.4848666666667	4.0	[4.65685415 6.65685415 6.65685415 4.65685415]	-1.5707963267948966	R
2201.489	4.434999999999945	trials	2204.0442	2204.6206333333334	2.0	[-1. -7.  1. -9.]	0.0	F
2206.176	3.0390000000002146	trials	2206.7449	2208.163433333333	7.0	[ 7.  1.  9. -1.]	2.356194490192345	R
2209.467	4.447999999999865	trials	2211.2631333333334	2212.522233333333	6.0	[-6.65685415  6.65685415 -4.65685415  4.65685415]	3.141592653589793	R
2214.166	3.69399999999996	trials	2215.9537666666665	2216.5572666666667	0.0	[-9.  1. -7. -1.]	1.5707963267948966	F
2218.112	4.074999999999818	trials	2219.7020666666667	2220.883	3.0	[-1.  9.  1.  7.]	-0.7853981633974483	F
2222.439	3.5130000000003747	trials	2223.5316	2224.8599	5.0	[ 4.65685415 -4.65685415  6.65685415 -6.65685415]	-2.356194490192345	R
2226.203	3.9699999999998	trials	2227.754066666667	2228.4608333333335	5.0	[-6.65685415 -4.65685415 -4.65685415 -6.65685415]	-2.356194490192345	R
2230.425	3.6399999999998727	trials	2232.066766666667	2232.7615	3.0	[-6.65685415 -4.65685415 -4.65685415 -6.65685415]	-0.7853981633974483	F
2234.316	3.6030000000000655	trials	2235.080266666667	2236.5409	0.0	[ 4.65685415 -4.65685415  6.65685415 -6.65685415]	1.5707963267948966	R
2238.171	4.606000000000222	trials	2239.9533666666666	2241.1954333333333	6.0	[-1.  9.  1.  7.]	3.141592653589793	R
2243.029	5.471000000000004	trials	2246.0134	2247.1963333333333	2.0	[-9.  1. -7. -1.]	0.0	F
2248.751	4.080999999999676	trials	2250.1035666666667	2251.5291	1.0	[ 7.  1.  9. -1.]	0.7853981633974483	F
2253.084	3.894999999999982	trials	2254.578666666667	2255.9270333333334	7.0	[4.65685415 6.65685415 6.65685415 4.65685415]	2.356194490192345	R
2257.23	3.467999999999847	trials	2258.7871333333333	2259.3946333333333	4.0	[-6.65685415  6.65685415 -4.65685415  4.65685415]	-1.5707963267948966	F
2260.95	4.8520000000003165	trials	2263.1189	2264.510333333333	5.0	[-1. -7.  1. -9.]	-2.356194490192345	R
2266.053	3.894000000000233	trials	2267.707266666667	2268.6436	1.0	[-6.65685415 -4.65685415 -4.65685415 -6.65685415]	0.7853981633974483	F
2270.198	3.3140000000003056	trials	2271.4385333333335	2272.2084666666665	3.0	[4.65685415 6.65685415 6.65685415 4.65685415]	-0.7853981633974483	F
2273.763	3.9079999999999018	trials	2275.3452333333335	2276.3758	6.0	[ 4.65685415 -4.65685415  6.65685415 -6.65685415]	3.141592653589793	R
2277.923	4.863000000000284	trials	2280.296533333333	2281.5947666666666	4.0	[-9.  1. -7. -1.]	-1.5707963267948966	R
2283.037	4.5770000000002256	trials	2285.404233333333	2286.3937	7.0	[-1. -7.  1. -9.]	2.356194490192345	R
2287.865	4.644000000000233	trials	2290.143	2291.2056333333335	2.0	[-6.65685415  6.65685415 -4.65685415  4.65685415]	0.0	F
2292.761	2.9960000000000946	trials	2293.6036	2294.4537	0.0	[ 7.  1.  9. -1.]	1.5707963267948966	F
2296.009	3.5010000000002037	trials	2297.456166666667	2298.207033333333	1.0	[-1.  9.  1.  7.]	0.7853981633974483	F
2299.762	3.3399999999996908	trials	2301.1523333333334	2301.7989333333335	2.0	[4.65685415 6.65685415 6.65685415 4.65685415]	0.0	F
2303.354	3.856999999999971	trials	2304.7953666666667	2305.907133333333	3.0	[ 7.  1.  9. -1.]	-0.7853981633974483	F
2307.463	3.937999999999647	trials	2309.344666666667	2310.0434	6.0	[ 4.65685415 -4.65685415  6.65685415 -6.65685415]	3.141592653589793	R
2311.652	4.398000000000138	trials	2313.6634	2314.9285333333332	4.0	[-9.  1. -7. -1.]	-1.5707963267948966	R
2316.302	4.288000000000011	trials	2318.338	2319.4778333333334	5.0	[-1. -7.  1. -9.]	-2.356194490192345	R
2320.841	4.548999999999978	trials	2323.0527	2323.7294	0.0	[-6.65685415 -4.65685415 -4.65685415 -6.65685415]	1.5707963267948966	R
2325.641	4.223999999999705	trials	2327.2912333333334	2328.7589	7.0	[-1.  9.  1.  7.]	2.356194490192345	R
2330.116	4.2970000000000255	trials	2332.0370333333335	2333.1087	2.0	[-6.65685415  6.65685415 -4.65685415  4.65685415]	0.0	F
2334.665	3.588999999999942	trials	2335.763266666667	2336.484066666667	4.0	[ 7.  1.  9. -1.]	-1.5707963267948966	R
2338.506	5.597999999999956	trials	2341.988733333333	2342.7957333333334	0.0	[-1. -7.  1. -9.]	1.5707963267948966	R
2344.356	3.4429999999997563	trials	2345.5816666666665	2346.495933333333	1.0	[-1.  9.  1.  7.]	0.7853981633974483	F
2348.051	2.9880000000002838	trials	2348.7485333333334	2349.5024	6.0	[4.65685415 6.65685415 6.65685415 4.65685415]	3.141592653589793	R
2351.291	4.427999999999884	trials	2353.512366666667	2354.523866666667	7.0	[-9.  1. -7. -1.]	2.356194490192345	R
2355.97	4.46100000000024	trials	2357.6356	2359.1273	3.0	[-6.65685415  6.65685415 -4.65685415  4.65685415]	-0.7853981633974483	F
2360.682	3.456000000000131	trials	2362.1648333333333	2362.7884	5.0	[ 4.65685415 -4.65685415  6.65685415 -6.65685415]	-2.356194490192345	R
2364.389	4.056999999999789	trials	2365.8941	2367.2274	6.0	[-6.65685415 -4.65685415 -4.65685415 -6.65685415]	3.141592653589793	R
2368.698	4.2280000000000655	trials	2371.016833333333	2371.6223333333332	1.0	[-9.  1. -7. -1.]	0.7853981633974483	F
2373.177	3.6959999999999127	trials	2374.2518666666665	2375.7024666666666	5.0	[4.65685415 6.65685415 6.65685415 4.65685415]	-2.356194490192345	R
2377.125	4.3530000000000655	trials	2379.2693	2380.245733333333	7.0	[-6.65685415 -4.65685415 -4.65685415 -6.65685415]	2.356194490192345	R
2381.729	4.451000000000022	trials	2383.4547	2384.877233333333	2.0	[-6.65685415  6.65685415 -4.65685415  4.65685415]	0.0	F
2386.432	3.382000000000062	trials	2387.545866666667	2388.4140333333335	4.0	[ 7.  1.  9. -1.]	-1.5707963267948966	R
2390.065	4.923999999999978	trials	2392.5232333333333	2393.6861	3.0	[-1. -7.  1. -9.]	-0.7853981633974483	F
2395.241	3.1469999999999345	trials	2395.9276666666665	2396.9382	0.0	[ 4.65685415 -4.65685415  6.65685415 -6.65685415]	1.5707963267948966	R
2398.639	3.7280000000000655	trials	2400.2083	2401.1536666666666	5.0	[-1.  9.  1.  7.]	-2.356194490192345	R
2402.618	4.097000000000207	trials	2404.5300333333334	2405.4122333333335	3.0	[-6.65685415 -4.65685415 -4.65685415 -6.65685415]	-0.7853981633974483	F
2406.967	3.719000000000051	trials	2408.1650666666665	2409.2257	6.0	[ 4.65685415 -4.65685415  6.65685415 -6.65685415]	3.141592653589793	R
2410.938	4.525000000000091	trials	2412.8196333333335	2414.1599666666666	2.0	[-9.  1. -7. -1.]	0.0	F
2415.715	3.326000000000022	trials	2417.1122666666665	2417.6235666666666	7.0	[ 7.  1.  9. -1.]	2.356194490192345	R
2419.293	3.3299999999999272	trials	2420.7443	2421.286633333333	4.0	[-6.65685415  6.65685415 -4.65685415  4.65685415]	-1.5707963267948966	R
2422.875	3.9270000000001346	trials	2424.7402333333334	2425.4981	1.0	[-1. -7.  1. -9.]	0.7853981633974483	F
2427.054	3.8840000000000146	trials	2428.4925333333335	2429.7035333333333	0.0	[4.65685415 6.65685415 6.65685415 4.65685415]	1.5707963267948966	R
2431.189	3.6700000000000728	trials	2432.4574	2433.5671333333335	6.0	[-1.  9.  1.  7.]	3.141592653589793	R
2435.111	4.371000000000095	trials	2436.718966666667	2438.1786	3.0	[-9.  1. -7. -1.]	-0.7853981633974483	F
2439.733	3.281999999999698	trials	2440.8362	2441.7254	4.0	[ 4.65685415 -4.65685415  6.65685415 -6.65685415]	-1.5707963267948966	R
2443.266	3.6410000000000764	trials	2444.8642	2445.6040333333335	2.0	[-1. -7.  1. -9.]	0.0	F
2447.159	3.7339999999999236	trials	2448.6105	2449.7062333333333	0.0	[ 7.  1.  9. -1.]	1.5707963267948966	R
2451.145	3.257999999999811	trials	2452.485133333333	2453.0034	7.0	[-1.  9.  1.  7.]	2.356194490192345	R
2454.655	4.2599999999997635	trials	2456.47	2457.890533333333	5.0	[-6.65685415  6.65685415 -4.65685415  4.65685415]	-2.356194490192345	R
2459.167	4.130999999999858	trials	2461.2679333333335	2461.9947333333334	1.0	[-6.65685415 -4.65685415 -4.65685415 -6.65685415]	0.7853981633974483	F
2463.55	2.9099999999998545	trials	2464.364633333333	2465.1566	1.0	[4.65685415 6.65685415 6.65685415 4.65685415]	0.7853981633974483	F
2466.711	4.1580000000003565	trials	2468.3605333333335	2469.763033333333	7.0	[4.65685415 6.65685415 6.65685415 4.65685415]	2.356194490192345	R
2471.12	3.9210000000002765	trials	2472.9569666666666	2473.7880333333333	4.0	[-6.65685415  6.65685415 -4.65685415  4.65685415]	-1.5707963267948966	R
2475.293	4.597999999999956	trials	2477.6195333333335	2478.582933333333	0.0	[-1. -7.  1. -9.]	1.5707963267948966	R
2480.143	4.03899999999976	trials	2481.963333333333	2482.8786	3.0	[-1.  9.  1.  7.]	-0.7853981633974483	F
2484.433	3.525000000000091	trials	2485.9221666666667	2486.5447	5.0	[ 4.65685415 -4.65685415  6.65685415 -6.65685415]	-2.356194490192345	R
2488.21	4.416999999999916	trials	2490.6358666666665	2491.2864666666665	6.0	[-6.65685415 -4.65685415 -4.65685415 -6.65685415]	3.141592653589793	R
2492.878	3.6959999999999127	trials	2494.6568333333335	2495.2703666666666	2.0	[-9.  1. -7. -1.]	0.0	F
2496.825	3.3020000000001346	trials	2497.4888666666666	2498.8232	2.0	[ 7.  1.  9. -1.]	0.0	F
2500.379	3.617999999999938	trials	2501.3123666666665	2502.6938	1.0	[ 7.  1.  9. -1.]	0.7853981633974483	F
2504.249	3.7320000000004256	trials	2505.3343666666665	2506.801	5.0	[4.65685415 6.65685415 6.65685415 4.65685415]	-2.356194490192345	R
2508.233	4.3659999999999854	trials	2510.0992	2511.328233333333	7.0	[-6.65685415 -4.65685415 -4.65685415 -6.65685415]	2.356194490192345	R
2512.851	4.309999999999945	trials	2514.9793	2515.8565	3.0	[-6.65685415  6.65685415 -4.65685415  4.65685415]	-0.7853981633974483	F
2517.412	3.9280000000003383	trials	2518.7917666666667	2520.148133333333	4.0	[ 4.65685415 -4.65685415  6.65685415 -6.65685415]	-1.5707963267948966	R
2521.592	4.211999999999989	trials	2523.2598666666668	2524.506966666667	6.0	[-1. -7.  1. -9.]	3.141592653589793	R
2526.056	4.007000000000062	trials	2527.8753333333334	2528.6131666666665	0.0	[-9.  1. -7. -1.]	1.5707963267948966	R
2530.314	3.731999999999971	trials	2531.8171333333335	2532.4898	0.0	[-1.  9.  1.  7.]	1.5707963267948966	R
2534.297	3.79300000000012	trials	2536.0426	2536.7864666666665	1.0	[-1.  9.  1.  7.]	0.7853981633974483	F
2538.341	3.36200000000008	trials	2539.6305333333335	2540.358333333333	6.0	[4.65685415 6.65685415 6.65685415 4.65685415]	3.141592653589793	R
2541.954	4.888999999999669	trials	2544.3382	2545.5402	3.0	[-9.  1. -7. -1.]	-0.7853981633974483	F
2547.095	3.506000000000313	trials	2548.331133333333	2549.477966666667	7.0	[ 4.65685415 -4.65685415  6.65685415 -6.65685415]	2.356194490192345	R
2550.852	3.4549999999999272	trials	2552.1716666666666	2553.0037333333335	2.0	[-6.65685415  6.65685415 -4.65685415  4.65685415]	0.0	F
2554.559	3.5649999999996	trials	2556.077366666667	2556.9004	4.0	[ 7.  1.  9. -1.]	-1.5707963267948966	R
2558.376	4.015999999999622	trials	2560.3269	2560.9915666666666	5.0	[-1. -7.  1. -9.]	-2.356194490192345	R
2562.644	4.341000000000349	trials	2564.4662	2565.6822	2.0	[-6.65685415 -4.65685415 -4.65685415 -6.65685415]	0.0	F
2567.237	3.268999999999778	trials	2568.1393	2569.3573333333334	6.0	[ 7.  1.  9. -1.]	3.141592653589793	R
2570.758	4.048000000000229	trials	2572.378833333333	2573.5828333333334	5.0	[-9.  1. -7. -1.]	-2.356194490192345	R
2575.058	4.126999999999953	trials	2577.3100666666664	2577.938633333333	7.0	[-6.65685415 -4.65685415 -4.65685415 -6.65685415]	2.356194490192345	R
2579.436	4.236999999999625	trials	2581.5085	2582.3917	0.0	[-6.65685415e+00  6.65685415e+00 -4.65685415e+00  2.50742404e-33]	1.5707963267948966	R
2583.925	4.4220000000000255	trials	2585.6748666666667	2587.0432666666666	1.0	[-1.  9.  1.  7.]	0.7853981633974483	F
2588.598	3.7959999999998217	trials	2590.233166666667	2591.2316666666666	4.0	[4.65685415 6.65685415 6.65685415 4.65685415]	-1.5707963267948966	R
2592.645	4.130999999999858	trials	2594.2982666666667	2595.4732	3.0	[-1. -7.  1. -9.]	-0.7853981633974483	F
2597.028	3.449000000000069	trials	2597.8751666666667	2599.173366666667	3.0	[ 4.65685415 -4.65685415  6.65685415 -6.65685415]	-0.7853981633974483	F
2600.728	3.70699999999988	trials	2602.1297	2603.3567666666668	7.0	[ 4.65685415 -4.65685415  6.65685415 -6.65685415]	2.356194490192345	R
2604.687	3.8079999999999927	trials	2606.1487	2607.1902666666665	2.0	[-6.65685415  6.65685415 -4.65685415  4.65685415]	0.0	F
2608.746	2.9429999999997563	trials	2609.7165666666665	2610.3200666666667	0.0	[ 7.  1.  9. -1.]	1.5707963267948966	R
2611.941	3.5920000000000982	trials	2613.6132333333335	2614.2117	6.0	[-1.  9.  1.  7.]	3.141592653589793	R
2615.785	4.375	trials	2618.1926	2618.8562333333334	1.0	[-9.  1. -7. -1.]	0.7853981633974483	F
2620.411	4.023000000000138	trials	2622.0973	2623.2712	4.0	[4.65685415 6.65685415 6.65685415 4.65685415]	-1.5707963267948966	R
2624.686	4.889999999999873	trials	2626.9353	2628.327766666667	5.0	[-1. -7.  1. -9.]	-2.356194490192345	R
2629.828	4.076000000000022	trials	2631.4304666666667	2632.7357	6.0	[-6.65685415 -4.65685415 -4.65685415 -6.65685415]	3.141592653589793	R
2634.155	4.41399999999976	trials	2636.3787666666667	2637.2298666666666	0.0	[-9.  1. -7. -1.]	1.5707963267948966	R
2638.821	4.391000000000076	trials	2640.6513666666665	2642.1541	5.0	[-1.  9.  1.  7.]	-2.356194490192345	R
2643.463	5.697999999999865	trials	2646.4056666666665	2647.857266666667	1.0	[-6.65685415 -4.65685415 -4.65685415 -6.65685415]	0.7853981633974483	F
2649.412	3.5	trials	2650.6572	2651.7910333333334	7.0	[4.65685415 6.65685415 6.65685415 4.65685415]	2.356194490192345	R
2653.163	3.713999999999942	trials	2655.0090333333333	2655.6566333333335	4.0	[-6.65685415  6.65685415 -4.65685415  4.65685415]	-1.5707963267948966	R
2657.128	4.817999999999756	trials	2659.6826333333333	2660.643	2.0	[-1. -7.  1. -9.]	0.0	F
2662.198	3.062000000000353	trials	2663.4058666666665	2663.9562333333333	3.0	[ 7.  1.  9. -1.]	-0.7853981633974483	F
2665.512	0.8150000000000546	trials				[nan nan nan nan]		A
2666.579	3.8109999999996944	trials	2667.6915	2669.0869666666667	1.0	[-6.65685415  6.65685415 -4.65685415  4.65685415]	0.7853981633974483	F
2670.642	4.161000000000058	trials	2672.5806666666667	2673.699433333333	6.0	[4.65685415 6.65685415 6.65685415 4.65685415]	3.141592653589793	R
2675.055	4.6460000000001855	trials	2677.140966666667	2678.3760333333335	0.0	[-9.  1. -7. -1.]	1.5707963267948966	R
2679.953	3.849999999999909	trials	2681.2391666666667	2682.4993	3.0	[-1.  9.  1.  7.]	-0.7853981633974483	F
2684.054	2.869999999999891	trials	2684.7709333333332	2685.6781666666666	5.0	[ 4.65685415 -4.65685415  6.65685415 -6.65685415]	-2.356194490192345	R
2687.176	4.276000000000295	trials	2689.1157	2690.3357333333333	4.0	[-6.65685415 -4.65685415 -4.65685415 -6.65685415]	-1.5707963267948966	R
2691.703	5.028999999999996	trials	2694.0379333333335	2695.4284	2.0	[-1. -7.  1. -9.]	0.0	F
2696.983	3.355999999999767	trials	2698.1321	2698.9952333333335	5.0	[ 7.  1.  9. -1.]	-2.356194490192345	R
2700.59	4.136999999999716	trials	2702.8408	2703.424233333333	2.0	[-6.65685415 -4.65685415 -4.65685415 -6.65685415]	0.0	F
2704.979	2.100000000000364	trials	2705.638733333333		6.0	[ 7.  1.  9. -1.]	3.141592653589793	A
2707.331	3.6549999999997453	trials	2708.7825666666668	2709.6818	3.0	[-9.  1. -7. -1.]	-0.7853981633974483	F
2711.238	2.794000000000324	trials	2711.9103333333333	2712.8276	4.0	[ 4.65685415 -4.65685415  6.65685415 -6.65685415]	-1.5707963267948966	R
2714.283	4.1150000000002365	trials	2716.3232666666668	2717.0952	1.0	[-1. -7.  1. -9.]	0.7853981633974483	F
2718.65	3.0329999999999018	trials	2719.6685666666667	2720.3954	7.0	[4.65685415 6.65685415 6.65685415 4.65685415]	2.356194490192345	R
2721.934	4.011999999999716	trials	2723.4890666666665	2724.6339	0.0	[-6.65685415  6.65685415 -4.65685415  4.65685415]	1.5707963267948966	R
2726.198	4.191000000000258	trials	2728.115566666667	2729.2223	5.0	[-1.  9.  1.  7.]	-2.356194490192345	R
2730.641	4.5090000000000146	trials	2732.5215	2733.919966666667	0.0	[-6.65685415 -4.65685415 -4.65685415 -6.65685415]	1.5707963267948966	R
2735.402	4.016999999999825	trials	2737.3775666666666	2738.1154	1.0	[-1.  9.  1.  7.]	0.7853981633974483	F
2739.67	3.0279999999997926	trials	2740.3429333333333	2741.3775	6.0	[4.65685415 6.65685415 6.65685415 4.65685415]	3.141592653589793	R
2742.949	4.963999999999942	trials	2745.5388333333335	2746.609466666667	2.0	[-9.  1. -7. -1.]	0.0	F
2748.164	2.8969999999999345	trials	2748.7437666666665	2749.7573	3.0	[ 7.  1.  9. -1.]	-0.7853981633974483	F
2751.312	3.619999999999891	trials	2752.3357	2753.8103666666666	7.0	[ 4.65685415 -4.65685415  6.65685415 -6.65685415]	2.356194490192345	R
2755.184	4.553999999999633	trials	2757.3170666666665	2758.5230666666666	4.0	[-6.65685415  6.65685415 -4.65685415  4.65685415]	-1.5707963267948966	R
2759.99	5.1270000000004075	trials	2762.6683666666668	2763.911433333333	4.0	[-1. -7.  1. -9.]	-1.5707963267948966	R
2765.369	3.405999999999949	trials	2766.9650333333334	2767.4713	3.0	[-1. -7.  1. -9.]	-0.7853981633974483	F
2769.026	3.9260000000003856	trials	2770.272233333333	2771.7328666666667	6.0	[ 4.65685415 -4.65685415  6.65685415 -6.65685415]	3.141592653589793	R
2773.204	5.102999999999611	trials	2775.7498333333333	2777.0039666666667	2.0	[-9.  1. -7. -1.]	0.0	F
2778.559	3.2479999999995925	trials	2779.2645666666667	2780.4465	0.0	[ 7.  1.  9. -1.]	1.5707963267948966	R
2782.059	4.111999999999625	trials	2783.87	2785.0359	7.0	[-1.  9.  1.  7.]	2.356194490192345	R
2786.422	4.2289999999998145	trials	2788.7742	2789.3476	1.0	[-6.65685415  6.65685415 -4.65685415  4.65685415]	0.7853981633974483	F
2790.902	4.0099999999997635	trials	2792.376133333333	2793.7415333333333	5.0	[4.65685415 6.65685415 6.65685415 4.65685415]	-2.356194490192345	R
2795.164	4.6229999999995925	trials	2797.2382	2798.5765333333334	4.0	[-6.65685415 -4.65685415 -4.65685415 -6.65685415]	-1.5707963267948966	R
2800.038	4.846000000000004	trials	2802.2185666666664	2803.580966666667	1.0	[-1. -7.  1. -9.]	0.7853981633974483	F
2805.136	3.70699999999988	trials	2806.1493333333333	2807.636033333333	0.0	[4.65685415 6.65685415 6.65685415 4.65685415]	1.5707963267948966	R
2809.095	4.411000000000058	trials	2810.990333333333	2812.202366666667	2.0	[-1.  9.  1.  7.]	0.0	F
2813.757	3.606999999999971	trials	2814.8319	2816.1511666666665	5.0	[ 7.  1.  9. -1.]	-2.356194490192345	R
2817.616	4.786999999999807	trials	2819.723033333333	2821.2017	6.0	[-6.65685415 -4.65685415 -4.65685415 -6.65685415]	3.141592653589793	R
2822.654	4.436000000000149	trials	2824.8698	2825.686833333333	7.0	[-9.  1. -7. -1.]	2.356194490192345	R
2827.342	3.5029999999997017	trials	2828.833666666667	2829.5414	3.0	[-6.65685415  6.65685415 -4.65685415  4.65685415]	-0.7853981633974483	F
2831.096	4.054999999999836	trials	2832.591	2833.8481	1.0	[ 4.65685415 -4.65685415  6.65685415 -6.65685415]	0.7853981633974483	F
2835.403	3.093000000000302	trials	2836.3573333333334	2837.2345333333333	5.0	[4.65685415 6.65685415 6.65685415 4.65685415]	-2.356194490192345	R
2838.747	4.4340000000001965	trials	2840.7442333333333	2841.8780333333334	2.0	[-6.65685415 -4.65685415 -4.65685415 -6.65685415]	0.0	F
2843.433	4.018000000000029	trials	2844.940666666667	2846.180733333333	6.0	[ 7.  1.  9. -1.]	3.141592653589793	R
2847.703	4.436000000000149	trials	2849.8588666666665	2850.7500666666665	0.0	[-9.  1. -7. -1.]	1.5707963267948966	R
2852.39	4.5300000000002	trials	2854.1324666666665	2855.617166666667	3.0	[-1.  9.  1.  7.]	-0.7853981633974483	F
2857.172	3.369999999999891	trials	2858.365	2859.1950666666667	4.0	[ 4.65685415 -4.65685415  6.65685415 -6.65685415]	-1.5707963267948966	R
2860.794	4.524000000000342	trials	2862.9173	2864.0481	7.0	[-1. -7.  1. -9.]	2.356194490192345	R
2865.57	3.7239999999997053	trials	2866.9022	2868.0520333333334	0.0	[-6.65685415  6.65685415 -4.65685415  4.65685415]	1.5707963267948966	R
2869.546	4.173999999999978	trials	2871.6469666666667	2872.4158666666667	2.0	[-1.  9.  1.  7.]	0.0	F
2873.972	3.813999999999851	trials	2875.3551666666667	2876.4829666666665	1.0	[ 7.  1.  9. -1.]	0.7853981633974483	F
2878.038	3.318000000000211	trials	2879.5205333333333	2880.1250333333332	7.0	[4.65685415 6.65685415 6.65685415 4.65685415]	2.356194490192345	R
2881.608	3.774999999999636	trials	2883.079366666667	2884.079833333333	3.0	[-6.65685415  6.65685415 -4.65685415  4.65685415]	-0.7853981633974483	F
2885.635	3.65099999999984	trials	2886.9018666666666	2888.1098333333334	6.0	[ 4.65685415 -4.65685415  6.65685415 -6.65685415]	3.141592653589793	R
2889.537	4.151000000000295	trials	2891.5012666666667	2892.375433333333	4.0	[-9.  1. -7. -1.]	-1.5707963267948966	R
2893.939	4.704999999999927	trials	2896.037533333333	2897.503166666667	5.0	[-1. -7.  1. -9.]	-2.356194490192345	R
2898.896	3.8599999999996726	trials	2900.9387	2901.4920666666667	6.0	[-6.65685415 -4.65685415 -4.65685415 -6.65685415]	3.141592653589793	R
2903.008	4.5300000000002	trials	2904.875466666667	2906.3702	5.0	[-9.  1. -7. -1.]	-2.356194490192345	R
2907.79	4.492999999999938	trials	2909.9099666666666	2911.0568333333335	7.0	[-6.65685415 -4.65685415 -4.65685415 -6.65685415]	2.356194490192345	R
2912.535	4.872000000000298	trials	2914.6988666666666	2916.1033666666667	3.0	[-6.65685415  6.65685415 -4.65685415  4.65685415]	-0.7853981633974483	F
2917.658	4.133000000000266	trials	2919.0667333333336	2920.4862333333335	1.0	[ 4.65685415 -4.65685415  6.65685415 -6.65685415]	0.7853981633974483	F
2922.042	3.3470000000002074	trials	2923.0897	2924.072133333333	4.0	[4.65685415 6.65685415 6.65685415 4.65685415]	-1.5707963267948966	R
2925.641	4.83199999999988	trials	2927.9698333333336	2929.2309666666665	0.0	[-1. -7.  1. -9.]	1.5707963267948966	R
2930.725	4.242000000000189	trials	2932.4158666666667	2933.6639666666665	2.0	[-1.  9.  1.  7.]	0.0	F
2935.219	3.262000000000171	trials	2936.0489	2937.1777	3.0	[ 7.  1.  9. -1.]	-0.7853981633974483	F
2938.733	3.3869999999997162	trials	2940.065866666667	2940.8949333333335	4.0	[ 4.65685415e+00 -4.65685415e+00  1.95627361e-38  6.41902858e-31]	-1.5707963267948966	R
2942.372	3.9720000000002074	trials	2944.2242	2945.2116333333333	5.0	[-1. -7.  1. -9.]	-2.356194490192345	R
2946.596	4.4529999999999745	trials	2948.6812666666665	2949.7459	1.0	[-6.65685415 -4.65685415 -4.65685415 -6.65685415]	0.7853981633974483	F
2951.301	3.3350000000000364	trials	2952.2130333333334	2953.413	0.0	[4.65685415 6.65685415 6.65685415 4.65685415]	1.5707963267948966	R
2954.888	4.385999999999967	trials	2957.026966666667	2957.9312333333332	6.0	[-1.  9.  1.  7.]	3.141592653589793	R
2959.525	4.545999999999822	trials	2961.4549666666667	2962.8474333333334	7.0	[-9.  1. -7. -1.]	2.356194490192345	R
2964.323	4.4080000000003565	trials	2966.3180666666667	2967.4278	2.0	[-6.65685415  6.65685415 -4.65685415  4.65685415]	0.0	F
2968.983	3.6279999999997017	trials	2970.2368	2971.2392666666665	7.0	[ 7.  1.  9. -1.]	2.356194490192345	R
2972.862	3.9429999999997563	trials	2974.4312	2975.5018666666665	2.0	[-6.65685415  6.65685415 -4.65685415  4.65685415]	0.0	F
2977.057	0.026000000000294676	trials				[nan nan nan nan]		R
2980.78	3.649999999999636	trials	2981.6330666666668	2983.1268	1.0	[ 4.65685415 -4.65685415  6.65685415 -6.65685415]	0.7853981633974483	F
2984.682	3.5	trials	2986.0671	2986.972333333333	6.0	[4.65685415 6.65685415 6.65685415 4.65685415]	3.141592653589793	R
2988.434	4.0	trials	2990.2605	2991.1617333333334	4.0	[-9.  1. -7. -1.]	-1.5707963267948966	R
2992.686	4.949000000000069	trials	2994.9150666666665	2996.3496333333333	0.0	[-1. -7.  1. -9.]	1.5707963267948966	R
2997.886	4.286999999999807	trials	2999.9987	3000.7786333333333	5.0	[-1.  9.  1.  7.]	-2.356194490192345	R
3002.425	4.380999999999858	trials	3004.741466666667	3005.5023666666666	2.0	[-6.65685415 -4.65685415 -4.65685415 -6.65685415]	0.0	F
3007.057	3.011000000000422	trials	3007.9093333333335	3008.763466666667	3.0	[ 7.  1.  9. -1.]	-0.7853981633974483	F
3010.319	3.981000000000222	trials	3011.8	3013.1222666666667	0.0	[ 4.65685415 -4.65685415  6.65685415 -6.65685415]	1.5707963267948966	R
3014.552	3.7519999999999527	trials	3016.1307333333334	3016.9558	4.0	[-1.  9.  1.  7.]	-1.5707963267948966	R
3018.556	4.911000000000058	trials	3020.6981	3022.1637333333333	1.0	[-1. -7.  1. -9.]	0.7853981633974483	F
3023.719	3.173999999999978	trials	3024.5286	3025.9661666666666	7.0	[4.65685415 6.65685415 6.65685415 4.65685415]	2.356194490192345	R
3027.145	4.010000000000218	trials	3029.119	3029.7245	6.0	[-6.65685415  6.65685415 -4.65685415  4.65685415]	3.141592653589793	R
3031.407	4.2979999999997744	trials	3033.7795666666666	3034.5093666666667	5.0	[-9.  1. -7. -1.]	-2.356194490192345	R
3035.957	4.472000000000207	trials	3038.0752333333335	3039.1258333333335	3.0	[-6.65685415 -4.65685415 -4.65685415 -6.65685415]	-0.7853981633974483	F
3040.681	2.8479999999999563	trials	3041.6140333333333	3042.2255333333333	2.0	[ 4.65685415 -4.65685415  6.65685415 -6.65685415]	0.0	F
3043.78	3.230000000000018	trials	3044.4129666666668	3045.6901333333335	6.0	[ 7.  1.  9. -1.]	3.141592653589793	R
3047.262	3.7829999999999018	trials	3048.9873333333335	3049.8103666666666	7.0	[-9.  1. -7. -1.]	2.356194490192345	R
3051.297	3.7409999999999854	trials	3053.0033	3053.6499	0.0	[-6.65685415  6.65685415 -4.65685415  4.65685415]	1.5707963267948966	R
3055.29	3.7170000000000982	trials	3056.9481	3057.7781666666665	4.0	[-1.  9.  1.  7.]	-1.5707963267948966	R
3059.259	4.670000000000073	trials	3061.5234666666665	3062.6252	1.0	[-1. -7.  1. -9.]	0.7853981633974483	F
3064.181	0.06799999999975626	trials				[nan nan nan nan]		A
3064.501	3.3969999999999345	trials	3065.9264	3066.7344	7.0	[-6.65685415 -4.65685415 -4.65685415 -6.65685415]	2.356194490192345	R
3068.15	3.7149999999996908	trials	3069.9995	3070.6361	6.0	[-6.65685415  6.65685415 -4.65685415  4.65685415]	3.141592653589793	R
3072.117	4.079999999999927	trials	3074.2029333333335	3074.8926666666666	1.0	[-9.  1. -7. -1.]	0.7853981633974483	F
3076.449	4.239000000000033	trials	3078.420433333333	3079.3006	0.0	[4.65685415 6.65685415 6.65685415 4.65685415]	1.5707963267948966	R
3080.94	4.199000000000069	trials	3082.6549333333332	3083.835866666667	2.0	[-1.  9.  1.  7.]	0.0	F
3085.391	3.6770000000001346	trials	3086.6799333333333	3087.890933333333	4.0	[ 7.  1.  9. -1.]	-1.5707963267948966	R
3089.32	3.90099999999984	trials	3091.2923666666666	3091.917933333333	3.0	[-1. -7.  1. -9.]	-0.7853981633974483	F
3093.473	3.7890000000002146	trials	3094.9955666666665	3096.2296333333334	5.0	[ 4.65685415 -4.65685415  6.65685415 -6.65685415]	-2.356194490192345	R
3097.514	4.514999999999873	trials	3099.666166666667	3100.781933333333	4.0	[-6.65685415 -4.65685415 -4.65685415 -6.65685415]	-1.5707963267948966	R
3102.281	4.5090000000000146	trials	3104.6465333333335	3105.4375	6.0	[-1. -7.  1. -9.]	3.141592653589793	R
3107.041	4.904999999999745	trials	3109.4745333333335	3110.8359	7.0	[-9.  1. -7. -1.]	2.356194490192345	R
3112.197	3.8649999999997817	trials	3114.099	3114.7586666666666	2.0	[-6.65685415  6.65685415 -4.65685415  4.65685415]	0.0	F
3116.314	3.3710000000000946	trials	3116.985166666667	3118.4518333333335	5.0	[ 7.  1.  9. -1.]	-2.356194490192345	R
3119.936	4.761999999999716	trials	3122.3074	3123.3951	1.0	[-6.65685415 -4.65685415 -4.65685415 -6.65685415]	0.7853981633974483	F
3124.95	2.5520000000001346	trials	3125.6276333333335	3126.198066666667	3.0	[4.65685415 6.65685415 6.65685415 4.65685415]	-0.7853981633974483	F
3127.754	3.2040000000001783	trials	3128.6491333333333	3129.550366666667	0.0	[ 4.65685415 -4.65685415  6.65685415 -6.65685415]	1.5707963267948966	R
3131.21	3.5419999999999163	trials	3132.847566666667	3133.5292666666664	6.0	[-1.  9.  1.  7.]	3.141592653589793	R
3135.004	3.894000000000233	trials	3136.7663	3137.5893333333333	4.0	[-9.  1. -7. -1.]	-1.5707963267948966	R
3139.149	4.449000000000069	trials	3140.9567	3142.2950333333333	2.0	[-1. -7.  1. -9.]	0.0	F
3143.85	4.01299999999992	trials	3145.1992333333333	3146.5596333333333	1.0	[ 7.  1.  9. -1.]	0.7853981633974483	F
3148.114	3.780999999999949	trials	3149.645266666667	3150.5916333333334	3.0	[4.65685415 6.65685415 6.65685415 4.65685415]	-0.7853981633974483	F
3152.146	4.766999999999825	trials	3155.0938	3155.6431666666667	5.0	[ 4.65685415 -4.65685415  6.65685415 -6.65685415]	-2.356194490192345	R
3157.165	4.3400000000001455	trials	3159.414533333333	3160.2175333333334	0.0	[-6.65685415 -4.65685415 -4.65685415 -6.65685415]	1.5707963267948966	R
3161.756	3.6700000000000728	trials	3163.4345333333335	3164.1573333333336	7.0	[-1.  9.  1.  7.]	2.356194490192345	R
3165.678	3.7780000000002474	trials	3167.153766666667	3168.1031	6.0	[-6.65685415  6.65685415 -4.65685415  4.65685415]	3.141592653589793	R
3169.708	4.938000000000102	trials	3172.0218333333332	3173.3431333333333	3.0	[-9.  1. -7. -1.]	-0.7853981633974483	F
3174.898	4.06899999999996	trials	3176.4468333333334	3177.9164666666666	5.0	[ 4.65685415 -4.65685415  6.65685415 -6.65685415]	-2.356194490192345	R
3179.219	3.8099999999999454	trials	3181.0653	3181.6547666666665	0.0	[-6.65685415 -4.65685415 -4.65685415 -6.65685415]	1.5707963267948966	R
3183.281	3.461999999999989	trials	3184.507833333333	3185.5875333333333	7.0	[-1.  9.  1.  7.]	2.356194490192345	R
3186.995	4.789000000000215	trials	3189.3849666666665	3190.480666666667	4.0	[-6.65685415  6.65685415 -4.65685415  4.65685415]	-1.5707963267948966	F
3192.036	3.5549999999998363	trials	3193.2044333333333	3194.2881333333335	1.0	[-1. -7.  1. -9.]	0.7853981633974483	F
3195.843	3.443000000000211	trials	3196.6901	3197.9823	2.0	[4.65685415 6.65685415 6.65685415 4.65685415]	0.0	F
3199.537	2.6890000000003056	trials	3200.1025666666665	3200.9226	3.0	[ 7.  1.  9. -1.]	-0.7853981633974483	F
3202.477	4.097000000000207	trials	3203.9852	3205.2704	1.0	[ 4.65685415 -4.65685415  6.65685415 -6.65685415]	0.7853981633974483	F
3206.825	2.7970000000000255	trials	3207.8809	3208.4443	5.0	[4.65685415 6.65685415 6.65685415 4.65685415]	-2.356194490192345	R
3209.874	4.540000000000418	trials	3212.2688	3213.169033333333	0.0	[-6.65685415 -4.65685415 -4.65685415 -6.65685415]	1.5707963267948966	R
3214.666	3.724999999999909	trials	3216.3078	3217.2561666666666	7.0	[-1.  9.  1.  7.]	2.356194490192345	R
3218.643	4.275000000000091	trials	3220.7458333333334	3221.8175	6.0	[-6.65685415  6.65685415 -4.65685415  4.65685415]	3.141592653589793	R
3223.17	4.395999999999731	trials	3225.1527666666666	3226.2625333333335	2.0	[-9.  1. -7. -1.]	0.0	F
3227.817	2.84900000000016	trials	3228.5772666666667	3229.455466666667	4.0	[ 7.  1.  9. -1.]	-1.5707963267948966	R
3230.918	4.398999999999887	trials	3233.2218	3234.2383333333332	5.0	[-1. -7.  1. -9.]	-2.356194490192345	R
3235.569	4.894999999999982	trials	3237.8312666666666	3239.1605666666665	1.0	[-6.65685415 -4.65685415 -4.65685415 -6.65685415]	0.7853981633974483	F
3240.715	0.29599999999982174	trials				[nan nan nan nan]		A
3241.263	3.413000000000011	trials	3242.6091333333334	3243.5083666666665	4.0	[ 4.65685415 -4.65685415  6.65685415 -6.65685415]	-1.5707963267948966	R
3244.928	4.907000000000153	trials	3247.2737	3248.7604	0.0	[-1. -7.  1. -9.]	1.5707963267948966	R
3250.087	3.6359999999999673	trials	3251.7478	3252.5027	6.0	[-1.  9.  1.  7.]	3.141592653589793	R
3253.974	4.917999999999665	trials	3256.4043666666666	3257.588333333333	2.0	[-9.  1. -7. -1.]	0.0	F
3259.143	3.6280000000001564	trials	3260.349166666667	3261.8038	7.0	[ 7.  1.  9. -1.]	2.356194490192345	R
3263.023	4.368999999999687	trials	3265.2002333333335	3266.2598666666668	4.0	[-6.65685415  6.65685415 -4.65685415  4.65685415]	-1.5707963267948966	R
3267.643	4.764000000000124	trials	3269.7906333333335	3271.291333333333	7.0	[-1. -7.  1. -9.]	2.356194490192345	R
3272.659	4.701999999999771	trials	3275.086766666667	3276.1885	0.0	[-6.65685415  6.65685415 -4.65685415  4.65685415]	1.5707963267948966	R
3277.613	3.9950000000003456	trials	3279.275166666667	3280.303733333333	2.0	[-1.  9.  1.  7.]	0.0	F
3281.86	3.2489999999997963	trials	3282.4691	3283.8054333333334	1.0	[ 7.  1.  9. -1.]	0.7853981633974483	F
3285.36	4.415999999999713	trials	3287.4174	3288.472	3.0	[4.65685415 6.65685415 6.65685415 4.65685415]	-0.7853981633974483	F
3290.028	0.04500000000007276	trials				[nan nan nan nan]		I
3293.767	4.949000000000069	trials	3296.1781333333333	3297.4994333333334	6.0	[-6.65685415 -4.65685415 -4.65685415 -6.65685415]	3.141592653589793	R
3298.968	3.7150000000001455	trials	3300.5069	3301.379066666667	2.0	[-9.  1. -7. -1.]	0.0	F
3302.935	2.4600000000000364	trials	3303.5053333333335	3304.2381666666665	4.0	[ 7.  1.  9. -1.]	-1.5707963267948966	R
3305.647	4.675999999999931	trials	3307.7699333333335	3309.0200333333332	3.0	[-1. -7.  1. -9.]	-0.7853981633974483	F
3310.575	3.1020000000003165	trials	3311.494166666667	3312.4365	6.0	[ 4.65685415 -4.65685415  6.65685415 -6.65685415]	3.141592653589793	R
3313.928	4.200000000000273	trials	3315.4931	3316.8234	1.0	[-9.  1. -7. -1.]	0.7853981633974483	F
3318.379	3.5840000000002874	trials	3319.8158333333336	3320.6378666666665	0.0	[4.65685415 6.65685415 6.65685415 4.65685415]	1.5707963267948966	R
3322.215	4.2970000000000255	trials	3324.2608666666665	3325.3616	5.0	[-1.  9.  1.  7.]	-2.356194490192345	R
3326.764	4.3409999999998945	trials	3328.6467666666667	3330.023166666667	7.0	[-6.65685415 -4.65685415 -4.65685415 -6.65685415]	2.356194490192345	R
3331.357	4.001999999999953	trials	3333.2051	3334.2196	7.0	[-6.65685415  6.65685415 -4.65685415  4.65685415]	2.356194490192345	R
3335.611	3.762000000000171	trials	3337.0817	3338.004	6.0	[-6.65685415  6.65685415 -4.65685415  4.65685415]	3.141592653589793	R
3339.625	4.621000000000095	trials	3341.5548	3343.0435	5.0	[-9.  1. -7. -1.]	-2.356194490192345	R
3344.497	4.277000000000044	trials	3346.7838	3347.3081	4.0	[-6.65685415 -4.65685415 -4.65685415 -6.65685415]	-1.5707963267948966	R
3349.025	3.48299999999972	trials	3350.5852333333332	3351.1797333333334	0.0	[-1. -7.  1. -9.]	1.5707963267948966	R
3352.76	3.6469999999999345	trials	3354.2834333333335	3355.1034666666665	2.0	[-1.  9.  1.  7.]	0.0	F
3356.658	4.139000000000124	trials	3358.1570333333334	3359.4933666666666	1.0	[ 7.  1.  9. -1.]	0.7853981633974483	F
3361.048	3.4400000000000546	trials	3362.187066666667	3363.1845333333335	3.0	[4.65685415 6.65685415 6.65685415 4.65685415]	-0.7853981633974483	F
3364.739	2.7530000000001564	trials	3365.532366666667	3366.0646666666667	7.0	[ 4.65685415 -4.65685415  6.65685415 -6.65685415]	2.356194490192345	R
3367.744	3.6659999999997126	trials	3369.4861666666666	3370.1067	1.0	[-6.65685415  6.65685415 -4.65685415  4.65685415]	0.7853981633974483	F
3371.662	3.5950000000002547	trials	3373.221433333333	3374.064533333333	4.0	[4.65685415 6.65685415 6.65685415 4.65685415]	-1.5707963267948966	R
3375.508	4.413000000000011	trials	3378.049433333333	3378.571733333333	6.0	[-1. -7.  1. -9.]	3.141592653589793	R
3380.173	5.4220000000000255	trials	3383.006733333333	3384.2919333333334	2.0	[-9.  1. -7. -1.]	0.0	F
3385.847	3.7210000000000036	trials	3387.1891333333333	3388.4693	5.0	[ 7.  1.  9. -1.]	-2.356194490192345	R
3389.82	4.7029999999999745	trials	3392.2056	3393.3233666666665	0.0	[-6.65685415 -4.65685415 -4.65685415 -6.65685415]	1.5707963267948966	R
3394.775	3.1230000000000473	trials	3396.0401	3396.5945	3.0	[-1.  9.  1.  7.]	-0.7853981633974483	F
3398.149	0.22400000000016007	trials				[nan nan nan nan]		A
3398.625	4.639000000000124	trials	3400.5954333333334	3401.9608	1.0	[-1. -7.  1. -9.]	0.7853981633974483	F
3403.516	3.76299999999992	trials	3404.6515	3406.0950666666668	0.0	[4.65685415 6.65685415 6.65685415 4.65685415]	1.5707963267948966	R
3407.531	3.9589999999998327	trials	3409.5185666666666	3410.3276	7.0	[-1.  9.  1.  7.]	2.356194490192345	R
3411.742	4.381999999999607	trials	3413.9927	3414.921	6.0	[-6.65685415  6.65685415 -4.65685415  4.65685415]	3.141592653589793	R
3416.376	4.503999999999905	trials	3418.6793333333335	3419.7870666666668	5.0	[-9.  1. -7. -1.]	-2.356194490192345	R
3421.131	3.9050000000002	trials	3423.0652333333333	3423.7328666666667	3.0	[-6.65685415 -4.65685415 -4.65685415 -6.65685415]	-0.7853981633974483	F
3425.288	3.144999999999982	trials	3426.5779333333335	3427.1283	2.0	[ 4.65685415 -4.65685415  6.65685415 -6.65685415]	0.0	F
3428.684	3.2849999999998545	trials	3429.794933333333	3430.647033333333	7.0	[ 7.  1.  9. -1.]	2.356194490192345	R
3432.221	3.469000000000051	trials	3433.8049	3434.4234333333334	5.0	[-6.65685415  6.65685415 -4.65685415  4.65685415]	-2.356194490192345	R
3435.941	4.526000000000295	trials	3438.1115666666665	3439.1632	1.0	[-6.65685415 -4.65685415 -4.65685415 -6.65685415]	0.7853981633974483	F
3440.719	3.6219999999998436	trials	3441.901	3443.1701333333335	0.0	[4.65685415 6.65685415 6.65685415 4.65685415]	1.5707963267948966	R
3444.593	3.7080000000000837	trials	3445.7946666666667	3447.2162	6.0	[-1.  9.  1.  7.]	3.141592653589793	R
3448.552	4.55600000000004	trials	3451.0938	3451.8045666666667	2.0	[-9.  1. -7. -1.]	0.0	F
3453.359	3.313999999999851	trials	3454.3078	3455.2581666666665	4.0	[ 7.  1.  9. -1.]	-1.5707963267948966	R
3456.924	5.054999999999836	trials	3459.2972	3460.6756	3.0	[-1. -7.  1. -9.]	-0.7853981633974483	F
3462.23	2.9850000000001273	trials	3463.3663	3464.0139	7.0	[ 4.65685415 -4.65685415  6.65685415 -6.65685415]	2.356194490192345	R
3465.467	4.144999999999982	trials	3467.0594666666666	3468.4218333333333	0.0	[-6.65685415  6.65685415 -4.65685415  4.65685415]	1.5707963267948966	R
3469.863	4.383000000000266	trials	3471.7471	3472.9912	6.0	[-1.  9.  1.  7.]	3.141592653589793	R
3474.498	5.222999999999956	trials	3477.1064	3478.4166666666665	2.0	[-9.  1. -7. -1.]	0.0	F
3479.973	2.5729999999998654	trials	3480.6452	3481.265733333333	5.0	[ 7.  1.  9. -1.]	-2.356194490192345	R
3482.798	4.247000000000298	trials	3484.377466666667	3485.8240666666666	4.0	[-6.65685415 -4.65685415 -4.65685415 -6.65685415]	-1.5707963267948966	R
3487.297	3.875999999999749	trials	3489.164333333333	3489.8691	1.0	[-1. -7.  1. -9.]	0.7853981633974483	F
3491.425	3.205999999999676	trials	3492.627933333333	3493.3277	3.0	[4.65685415 6.65685415 6.65685415 4.65685415]	-0.7853981633974483	F
3494.883	1.4410000000002583	trials	3495.523133333333		3.0	[ 4.65685415 -4.65685415  6.65685415 -6.65685415]	-0.7853981633974483	A
3496.576	4.5099999999997635	trials	3498.5115666666666	3499.7827	1.0	[ 4.65685415 -4.65685415  6.65685415 -6.65685415]	0.7853981633974483	F
3501.338	6.8849999999997635	trials	3505.723466666667	3506.9194333333335	2.0	[4.65685415 6.65685415 6.65685415 4.65685415]	0.0	F
3508.474	3.7549999999996544	trials	3510.0522	3511.0537	5.0	[ 7.  1.  9. -1.]	-2.356194490192345	R
3512.48	4.15099999999984	trials	3514.765933333333	3515.3513666666668	7.0	[-6.65685415 -4.65685415 -4.65685415 -6.65685415]	2.356194490192345	R
3516.882	3.7399999999997817	trials	3518.5914333333335	3519.2761333333333	0.0	[-6.65685415  6.65685415 -4.65685415  4.65685415]	1.5707963267948966	R
3520.874	3.661000000000058	trials	3522.2645333333335	3523.3893333333335	6.0	[-1.  9.  1.  7.]	3.141592653589793	R
3524.787	4.257000000000062	trials	3526.3196	3527.8033	4.0	[-9.  1. -7. -1.]	-1.5707963267948966	R
3529.296	3.7470000000002983	trials	3530.9350666666664	3531.7400666666667	1.0	[-1. -7.  1. -9.]	0.7853981633974483	F
3533.295	2.650000000000091	trials	3534.0778666666665	3534.6322666666665	4.0	[4.65685415 6.65685415 6.65685415 4.65685415]	-1.5707963267948966	R
3536.196	4.099999999999909	trials	3537.8933333333334	3538.993066666667	2.0	[-1. -7.  1. -9.]	0.0	F
3540.548	3.5300000000002	trials	3542.0697333333333	3542.9068	5.0	[ 7.  1.  9. -1.]	-2.356194490192345	R
3544.329	4.5090000000000146	trials	3546.2801666666664	3547.7067	7.0	[-6.65685415 -4.65685415 -4.65685415 -6.65685415]	2.356194490192345	R
3549.089	4.016000000000076	trials	3551.2836	3551.8109	0.0	[-6.65685415  6.65685415 -4.65685415  4.65685415]	1.5707963267948966	R
3553.357	4.445999999999913	trials	3555.3607333333334	3556.499533333333	6.0	[-1.  9.  1.  7.]	3.141592653589793	F
3558.054	2.5540000000000873	trials	3558.699	3559.3045	3.0	[-9.  1. -7. -1.]	-0.7853981633974483	F
3560.859	3.356000000000222	trials	3561.766633333333	3563.0909	5.0	[ 4.65685415 -4.65685415  6.65685415 -6.65685415]	-2.356194490192345	R
3564.466	4.528000000000247	trials	3566.4783333333335	3567.8858333333333	4.0	[-6.65685415 -4.65685415 -4.65685415 -6.65685415]	-1.5707963267948966	R
3569.245	4.512000000000171	trials	3571.2401666666665	3572.454166666667	1.0	[-1. -7.  1. -9.]	0.7853981633974483	F
3574.009	2.981999999999971	trials	3574.7599	3575.8776666666668	0.0	[4.65685415 6.65685415 6.65685415 4.65685415]	1.5707963267948966	R
3577.243	3.338000000000193	trials	3578.4981666666667	3579.2781	2.0	[-1.  9.  1.  7.]	0.0	F
3580.833	3.3049999999998363	trials	3581.9587666666666	3583.077533333333	6.0	[ 7.  1.  9. -1.]	3.141592653589793	R
3584.39	4.480000000000018	trials	3586.5481666666665	3587.8905	7.0	[-9.  1. -7. -1.]	2.356194490192345	R
3589.122	4.325000000000273	trials	3590.9952	3592.1440666666667	3.0	[-6.65685415  6.65685415 -4.65685415  4.65685415]	-0.7853981633974483	F
3593.699	3.494999999999891	trials	3594.5059333333334	3595.8903666666665	1.0	[ 4.65685415 -4.65685415  6.65685415 -6.65685415]	0.7853981633974483	F
3597.445	3.81899999999996	trials	3599.1093666666666	3600.176	7.0	[4.65685415 6.65685415 6.65685415 4.65685415]	2.356194490192345	R
3601.515	3.843000000000302	trials	3603.6175333333335	3604.139833333333	6.0	[-6.65685415  6.65685415 -4.65685415  4.65685415]	3.141592653589793	R
3605.61	4.434999999999945	trials	3607.8430333333336	3608.8074333333334	4.0	[-9.  1. -7. -1.]	-1.5707963267948966	R
3610.296	4.180000000000291	trials	3612.3793	3613.3096	0.0	[-1. -7.  1. -9.]	1.5707963267948966	R
3614.727	3.7910000000001673	trials	3616.6228333333333	3617.2143	2.0	[-1.  9.  1.  7.]	0.0	F
3618.769	3.218000000000302	trials	3620.2588666666666	3620.7861666666668	5.0	[ 7.  1.  9. -1.]	-2.356194490192345	R
3622.239	4.351999999999862	trials	3624.031233333333	3625.2873666666665	3.0	[-6.65685415 -4.65685415 -4.65685415 -6.65685415]	-0.7853981633974483	F
3626.842	2.8279999999999745	trials	3627.6181333333334	3628.367	3.0	[ 4.65685415 -4.65685415  6.65685415 -6.65685415]	-0.7853981633974483	F
3629.922	2.9229999999997744	trials	3631.034633333333	3631.5619333333334	6.0	[ 4.65685415 -4.65685415  6.65685415 -6.65685415]	3.141592653589793	R
3633.097	3.813999999999851	trials	3634.7258	3635.7663666666667	4.0	[-9.  1. -7. -1.]	-1.5707963267948966	R
3637.163	4.108000000000175	trials	3639.1528	3640.112166666667	0.0	[-1. -7.  1. -9.]	1.5707963267948966	R
3641.523	3.78899999999976	trials	3643.4855333333335	3644.0088333333333	1.0	[-1.  9.  1.  7.]	0.7853981633974483	F
3645.564	2.907000000000153	trials	3646.539133333333	3647.1967666666665	5.0	[4.65685415 6.65685415 6.65685415 4.65685415]	-2.356194490192345	R
3648.723	4.541000000000167	trials	3651.273866666667	3652.138033333333	7.0	[-6.65685415 -4.65685415 -4.65685415 -6.65685415]	2.356194490192345	R
3653.515	3.7970000000000255	trials	3655.347	3656.0086333333334	2.0	[-6.65685415  6.65685415 -4.65685415  4.65685415]	0.0	F
3657.564	2.1280000000001564	trials	3658.337433333333		5.0	[ 7.  1.  9. -1.]	-2.356194490192345	A
3659.943	3.8159999999998035	trials	3661.6797333333334	3662.545866666667	4.0	[-6.65685415 -4.65685415 -4.65685415 -6.65685415]	-1.5707963267948966	R
3664.011	3.8840000000000146	trials	3665.878133333333	3666.591933333333	1.0	[-1. -7.  1. -9.]	0.7853981633974483	F
3668.147	4.137000000000171	trials	3669.5392333333334	3670.9407	6.0	[4.65685415 6.65685415 6.65685415 4.65685415]	3.141592653589793	R
3672.536	4.489999999999782	trials	3674.7852666666668	3675.7216	3.0	[-9.  1. -7. -1.]	-0.7853981633974483	F
3677.277	3.2959999999998217	trials	3678.5486	3679.338566666667	7.0	[ 4.65685415 -4.65685415  6.65685415 -6.65685415]	2.356194490192345	R
3680.824	3.8299999999999272	trials	3682.6568	3683.3355	0.0	[-6.65685415  6.65685415 -4.65685415  4.65685415]	1.5707963267948966	R
3684.905	3.7919999999999163	trials	3686.5645	3687.392566666667	2.0	[-1.  9.  1.  7.]	0.0	F
3688.948	3.617999999999938	trials	3690.2827333333335	3691.412566666667	7.0	[ 7.  1.  9. -1.]	2.356194490192345	R
3692.818	4.493999999999687	trials	3694.6165	3695.7944333333335	6.0	[-6.65685415  6.65685415 -4.65685415  4.65685415]	3.141592653589793	R
3697.564	4.8520000000003165	trials	3700.1322	3701.1116333333334	2.0	[-9.  1. -7. -1.]	0.0	F
3702.668	3.7959999999998217	trials	3704.1622	3705.3551666666667	0.0	[ 7.  1.  9. -1.]	1.5707963267948966	R
3706.716	4.398000000000138	trials	3708.6283	3709.8724	4.0	[-1.  9.  1.  7.]	-1.5707963267948966	R
3711.366	4.737999999999829	trials	3713.744	3714.7996333333335	3.0	[-1. -7.  1. -9.]	-0.7853981633974483	F
3716.356	4.6159999999999854	trials	3718.7835333333333	3719.6677	1.0	[ 4.65685415 -4.65685415  6.65685415 -6.65685415]	0.7853981633974483	F
3721.224	3.8289999999997235	trials	3723.1413333333335	3723.8380666666667	5.0	[4.65685415 6.65685415 6.65685415 4.65685415]	-2.356194490192345	R
3725.305	3.81899999999996	trials	3726.7062	3727.9974	7.0	[-6.65685415 -4.65685415 -4.65685415 -6.65685415]	2.356194490192345	R
3729.376	3.8089999999997417	trials	3730.8384333333333	3731.9973333333332	6.0	[-6.65685415  6.65685415 -4.65685415  4.65685415]	3.141592653589793	R
3733.437	4.204999999999927	trials	3735.550166666667	3736.4734333333336	4.0	[-9.  1. -7. -1.]	-1.5707963267948966	R
3737.894	4.350000000000364	trials	3739.5801666666666	3740.9405333333334	2.0	[-1. -7.  1. -9.]	0.0	F
3742.495	4.527000000000044	trials	3744.885333333333	3745.7184	3.0	[ 7.  1.  9. -1.]	-0.7853981633974483	F
3747.273	3.0299999999997453	trials	3748.3479333333335	3748.9103333333333	0.0	[ 4.65685415 -4.65685415  6.65685415 -6.65685415]	1.5707963267948966	R
3750.554	3.8150000000000546	trials	3752.050133333333	3753.065633333333	1.0	[-1.  9.  1.  7.]	0.7853981633974483	F
3754.621	3.2480000000000473	trials	3755.6019333333334	3756.6846333333333	5.0	[4.65685415 6.65685415 6.65685415 4.65685415]	-2.356194490192345	R
3758.12	4.0210000000001855	trials	3759.7031333333334	3760.8379333333332	1.0	[-6.65685415 -4.65685415 -4.65685415 -6.65685415]	0.7853981633974483	F
3762.393	2.2229999999999563	trials	3763.4093333333335		5.0	[4.65685415 6.65685415 6.65685415 4.65685415]	-2.356194490192345	A
3764.868	3.963000000000193	trials	3766.526066666667	3767.604733333333	7.0	[-6.65685415 -4.65685415 -4.65685415 -6.65685415]	2.356194490192345	R
3769.082	4.291000000000167	trials	3770.9400333333333	3772.1199666666666	4.0	[-6.65685415  6.65685415 -4.65685415  4.65685415]	-1.5707963267948966	R
3773.625	4.347999999999956	trials	3776.090833333333	3776.7254	6.0	[-1. -7.  1. -9.]	3.141592653589793	R
3778.224	3.5549999999998363	trials	3780.006533333333	3780.5448666666666	0.0	[-9.  1. -7. -1.]	1.5707963267948966	R
3782.031	3.380999999999858	trials	3783.2075	3784.1087333333335	2.0	[-1.  9.  1.  7.]	0.0	F
3785.664	2.6909999999998035	trials	3786.3683333333333	3787.0520333333334	3.0	[ 7.  1.  9. -1.]	-0.7853981633974483	F
3788.607	3.5790000000001783	trials	3789.5803	3790.881533333333	2.0	[ 4.65685415 -4.65685415  6.65685415 -6.65685415]	0.0	F
3792.437	3.5970000000002074	trials	3793.7927666666665	3794.5396333333333	4.0	[ 7.  1.  9. -1.]	-1.5707963267948966	R
3796.286	4.001999999999953	trials	3798.1476	3798.9846666666667	3.0	[-1. -7.  1. -9.]	-0.7853981633974483	F
3800.54	3.463000000000193	trials	3801.8106666666667	3802.756033333333	0.0	[ 4.65685415 -4.65685415  6.65685415 -6.65685415]	1.5707963267948966	R
3804.255	4.108999999999924	trials	3806.226633333333	3807.2010666666665	7.0	[-1.  9.  1.  7.]	2.356194490192345	R
3808.616	3.717999999999847	trials	3810.0030333333334	3811.0255666666667	6.0	[-6.65685415  6.65685415 -4.65685415  4.65685415]	3.141592653589793	R
3812.585	4.588999999999942	trials	3814.9944333333333	3815.9508	5.0	[-9.  1. -7. -1.]	-2.356194490192345	R
3817.425	4.059999999999945	trials	3819.4625	3820.1813	1.0	[-6.65685415 -4.65685415 -4.65685415 -6.65685415]	0.7853981633974483	F
3821.736	3.0460000000002765	trials	3822.9592	3823.4774666666667	2.0	[4.65685415 6.65685415 6.65685415 4.65685415]	0.0	F
3825.033	2.9909999999999854	trials	3825.9265666666665	3826.5952333333335	6.0	[ 7.  1.  9. -1.]	3.141592653589793	R
3828.275	5.425999999999931	trials	3830.8949	3832.3976333333335	1.0	[-9.  1. -7. -1.]	0.7853981633974483	F
3833.953	3.663000000000011	trials	3835.0402	3836.3955666666666	7.0	[4.65685415 6.65685415 6.65685415 4.65685415]	2.356194490192345	R
3837.867	3.6779999999998836	trials	3839.1905	3840.2411	3.0	[-6.65685415  6.65685415 -4.65685415  4.65685415]	-0.7853981633974483	F
3841.797	3.7829999999999018	trials	3843.229533333333	3844.4215	0.0	[ 4.65685415 -4.65685415  6.65685415 -6.65685415]	1.5707963267948966	R
3845.832	4.11200000000008	trials	3847.6114	3848.7091333333333	4.0	[-1.  9.  1.  7.]	-1.5707963267948966	R
3850.196	4.309999999999945	trials	3852.2008	3853.390766666667	5.0	[-1. -7.  1. -9.]	-2.356194490192345	R
3854.757	3.6010000000001128	trials	3856.3661333333334	3857.2092333333335	5.0	[-6.65685415 -4.65685415 -4.65685415 -6.65685415]	-2.356194490192345	R
3858.61	5.924999999999727	trials	3861.8136666666664	3863.2312	1.0	[-6.65685415 -4.65685415 -4.65685415 -6.65685415]	0.7853981633974483	F
3864.787	3.2510000000002037	trials	3865.7033333333334	3866.6497	4.0	[4.65685415 6.65685415 6.65685415 4.65685415]	-1.5707963267948966	R
3868.29	4.005999999999858	trials	3870.4752	3870.991466666667	2.0	[-1. -7.  1. -9.]	0.0	F
3872.547	2.93100000000004	trials	3873.3182333333334	3874.3668333333335	6.0	[ 7.  1.  9. -1.]	3.141592653589793	R
3875.729	5.149000000000342	trials	3878.2575	3879.573766666667	3.0	[-9.  1. -7. -1.]	-0.7853981633974483	F
3881.13	3.2789999999999964	trials	3881.9216	3883.2108	0.0	[ 4.65685415 -4.65685415  6.65685415 -6.65685415]	1.5707963267948966	R
3884.66	3.6520000000000437	trials	3886.3857	3887.1486	7.0	[-1.  9.  1.  7.]	2.356194490192345	R
3888.564	3.2600000000002183	trials	3890.063833333333	3890.5670666666665	7.0	[-6.65685415  6.65685415 -4.65685415  4.65685415]	2.356194490192345	R
3892.076	4.501000000000204	trials	3894.1790333333333	3895.3549666666668	4.0	[-6.65685415  6.65685415 -4.65685415  4.65685415]	-1.5707963267948966	R
3896.829	3.9859999999998763	trials	3898.6662	3899.5774333333334	6.0	[-1. -7.  1. -9.]	3.141592653589793	R
3901.066	4.201000000000022	trials	3903.3638333333333	3903.9623333333334	3.0	[-9.  1. -7. -1.]	-0.7853981633974483	F
3905.518	3.66399999999976	trials	3907.0139	3907.8780666666667	2.0	[ 4.65685415 -4.65685415  6.65685415 -6.65685415]	0.0	F
3909.434	4.042999999999665	trials	3910.8474333333334	3912.1727333333333	1.0	[ 7.  1.  9. -1.]	0.7853981633974483	F
3913.729	0.1790000000000873	trials				[nan nan nan nan]		A
3914.16	3.6410000000000764	trials	3915.3746666666666	3916.6648666666665	5.0	[-1.  9.  1.  7.]	-2.356194490192345	R
3918.052	4.7590000000000146	trials	3920.1174666666666	3921.5069	1.0	[-6.65685415 -4.65685415 -4.65685415 -6.65685415]	0.7853981633974483	F
3923.063	3.5899999999996908	trials	3924.099333333333	3925.4045666666666	6.0	[4.65685415 6.65685415 6.65685415 4.65685415]	3.141592653589793	R
3926.904	4.527999999999793	trials	3929.3112666666666	3930.2345666666665	4.0	[-9.  1. -7. -1.]	-1.5707963267948966	R
3931.683	4.769999999999982	trials	3934.1282333333334	3935.2029	0.0	[-1. -7.  1. -9.]	1.5707963267948966	R
3936.705	4.597999999999956	trials	3938.6966	3940.1582	5.0	[-1.  9.  1.  7.]	-2.356194490192345	R
3941.555	4.375	trials	3943.6148	3944.6253	2.0	[-6.65685415 -4.65685415 -4.65685415 -6.65685415]	0.0	F
3946.181	2.9329999999999927	trials	3947.268866666667	3947.8112333333333	3.0	[ 7.  1.  9. -1.]	-0.7853981633974483	F
3949.366	3.4340000000001965	trials	3950.5610333333334	3951.4963666666667	7.0	[ 4.65685415 -4.65685415  6.65685415 -6.65685415]	2.356194490192345	F
3953.051	3.305000000000291	trials	3953.988566666667	3955.1354	5.0	[-6.65685415  6.65685415 -4.65685415  4.65685415]	-2.356194490192345	R
3956.608	4.098999999999705	trials	3958.2371	3959.5183	0.0	[-6.65685415 -4.65685415 -4.65685415 -6.65685415]	1.5707963267948966	R
3960.959	3.8520000000003165	trials	3962.4295	3963.2656	6.0	[-1.  9.  1.  7.]	3.141592653589793	R
3965.063	4.031999999999698	trials	3967.1733	3967.7908333333335	2.0	[-9.  1. -7. -1.]	0.0	F
3969.347	2.7289999999998145	trials	3969.9221333333335	3970.772233333333	3.0	[ 7.  1.  9. -1.]	-0.7853981633974483	F
3972.328	3.0349999999998545	trials	3973.1451333333334	3973.9962333333333	4.0	[ 4.65685415 -4.65685415  6.65685415 -6.65685415]	-1.5707963267948966	R
3975.614	4.762000000000171	trials	3977.8197333333333	3979.2262333333333	7.0	[-1. -7.  1. -9.]	2.356194490192345	R
3980.628	4.446999999999662	trials	3982.8251666666665	3983.7705	1.0	[-6.65685415  6.65685415 -4.65685415  4.65685415]	0.7853981633974483	F
3985.326	2.9270000000001346	trials	3986.0231	3986.9484	1.0	[4.65685415 6.65685415 6.65685415 4.65685415]	0.7853981633974483	F
3988.504	3.2040000000001783	trials	3989.1288	3990.4049666666665	2.0	[4.65685415 6.65685415 6.65685415 4.65685415]	0.0	F
3991.96	3.7150000000001455	trials	3993.3382666666666	3994.3387666666667	0.0	[ 7.  1.  9. -1.]	1.5707963267948966	R
3995.927	3.711999999999989	trials	3997.7171333333335	3998.335666666667	3.0	[-1.  9.  1.  7.]	-0.7853981633974483	F
3999.891	3.3849999999997635	trials	4001.284	4001.9837333333335	6.0	[ 4.65685415 -4.65685415  6.65685415 -6.65685415]	3.141592653589793	R
4003.528	4.742000000000189	trials	4005.6729	4007.1375333333335	5.0	[-9.  1. -7. -1.]	-2.356194490192345	R
4008.522	4.789000000000215	trials	4010.7555	4012.1289333333334	7.0	[-6.65685415 -4.65685415 -4.65685415 -6.65685415]	2.356194490192345	R
4013.563	4.089999999999691	trials	4015.4151	4016.4456333333333	4.0	[-6.65685415  6.65685415 -4.65685415  4.65685415]	-1.5707963267948966	R
4017.904	4.170999999999822	trials	4020.0536	4020.7703666666666	2.0	[-1. -7.  1. -9.]	0.0	F
4022.326	4.092000000000098	trials	4023.852033333333	4025.2074	4.0	[ 7.  1.  9. -1.]	-1.5707963267948966	R
4026.67	4.386999999999716	trials	4028.7020666666667	4029.7537	1.0	[-1. -7.  1. -9.]	0.7853981633974483	F
4031.309	3.4599999999995816	trials	4032.224833333333	4033.5391	0.0	[4.65685415 6.65685415 6.65685415 4.65685415]	1.5707963267948966	R
4035.021	3.3599999999996726	trials	4036.4553333333333	4037.0147333333334	7.0	[-1.  9.  1.  7.]	2.356194490192345	R
4038.633	4.130000000000109	trials	4040.7921	4041.4587666666666	3.0	[-6.65685415  6.65685415 -4.65685415  4.65685415]	-0.7853981633974483	F
4043.015	3.2960000000002765	trials	4044.447166666667	4045.1088	5.0	[ 4.65685415 -4.65685415  6.65685415 -6.65685415]	-2.356194490192345	R
4046.562	4.552000000000135	trials	4048.5814333333333	4049.960866666667	6.0	[-6.65685415 -4.65685415 -4.65685415 -6.65685415]	3.141592653589793	R
4051.365	4.8530000000000655	trials	4053.7813666666666	4055.1297	7.0	[-9.  1. -7. -1.]	2.356194490192345	R
4056.47	4.0590000000001965	trials	4058.0419333333334	4059.342166666667	6.0	[-6.65685415  6.65685415 -4.65685415  4.65685415]	3.141592653589793	R
4060.781	4.114000000000033	trials	4062.3917333333334	4063.7290666666668	0.0	[-9.  1. -7. -1.]	1.5707963267948966	R
4065.147	4.0779999999999745	trials	4067.3029333333334	4067.8472666666667	4.0	[-1.  9.  1.  7.]	-1.5707963267948966	R
4069.476	3.5709999999999127	trials	4071.023166666667	4071.743966666667	1.0	[-1. -7.  1. -9.]	0.7853981633974483	F
4073.299	3.69399999999996	trials	4074.4927666666667	4075.689766666667	3.0	[4.65685415 6.65685415 6.65685415 4.65685415]	-0.7853981633974483	F
4077.245	3.4169999999999163	trials	4078.497733333333	4079.418	5.0	[ 4.65685415 -4.65685415  6.65685415 -6.65685415]	-2.356194490192345	R
4080.914	4.625999999999749	trials	4082.9447666666665	4084.2359666666666	2.0	[-6.65685415 -4.65685415 -4.65685415 -6.65685415]	0.0	F
4085.792	3.686999999999898	trials	4087.1702666666665	4088.2449333333334	6.0	[ 7.  1.  9. -1.]	3.141592653589793	R
4089.731	4.696999999999662	trials	4092.0634	4093.1240333333335	3.0	[-9.  1. -7. -1.]	-0.7853981633974483	F
4094.68	3.1340000000004693	trials	4095.4247666666665	4096.3731	5.0	[ 4.65685415 -4.65685415  6.65685415 -6.65685415]	-2.356194490192345	R
4098.065	4.981000000000677	trials	4100.582566666667	4101.741433333334	2.0	[-6.65685415 -4.65685415 -4.65685415 -6.65685415]	0.0	F
4103.297	3.415000000000873	trials	4104.556433333333	4105.251166666667	0.0	[ 7.  1.  9. -1.]	1.5707963267948966	R
4106.963	4.148000000000138	trials	4108.788933333333	4109.806466666667	1.0	[-1.  9.  1.  7.]	0.7853981633974483	F
4111.362	3.144000000000233	trials	4112.2766	4113.415433333334	7.0	[4.65685415 6.65685415 6.65685415 4.65685415]	2.356194490192345	R
4114.758	4.608000000000175	trials	4116.7818	4118.226366666667	4.0	[-6.65685415  6.65685415 -4.65685415  4.65685415]	-1.5707963267948966	R
4119.618	3.76299999999992	trials	4121.2629	4122.084966666666	0.0	[-1. -7.  1. -9.]	1.5707963267948966	R
4123.633	3.563000000000102	trials	4125.1265	4125.951566666667	6.0	[-1.  9.  1.  7.]	3.141592653589793	R
4127.447	4.945999999999913	trials	4129.686833333333	4131.0883	3.0	[-9.  1. -7. -1.]	-0.7853981633974483	F
4132.644	3.5649999999996	trials	4133.9023	4134.9048	2.0	[ 4.65685415 -4.65685415  6.65685415 -6.65685415]	0.0	F
4136.461	3.5529999999998836	trials	4137.392966666666	4138.711233333333	1.0	[ 7.  1.  9. -1.]	0.7853981633974483	F
4140.266	3.1140000000004875	trials	4140.899666666666	4142.176833333333	4.0	[4.65685415 6.65685415 6.65685415 4.65685415]	-1.5707963267948966	R
4143.631	4.761999999999716	trials	4146.091566666667	4147.292533333333	5.0	[-1. -7.  1. -9.]	-2.356194490192345	R
4148.645	3.606999999999971	trials	4150.139633333333	4150.916533333333	7.0	[-6.65685415 -4.65685415 -4.65685415 -6.65685415]	2.356194490192345	R
4152.503	4.7409999999999854	trials	4154.901433333333	4155.940033333333	1.0	[-6.65685415  6.65685415 -4.65685415  4.65685415]	0.7853981633974483	F
4157.496	3.2799999999997453	trials	4158.757	4159.4808	0.0	[4.65685415 6.65685415 6.65685415 4.65685415]	1.5707963267948966	R
4161.028	3.893000000000029	trials	4162.850166666667	4163.765466666667	7.0	[-1.  9.  1.  7.]	2.356194490192345	R
4165.173	3.838999999999942	trials	4167.135833333334	4167.708233333334	3.0	[-6.65685415  6.65685415 -4.65685415  4.65685415]	-0.7853981633974483	F
4169.264	3.9960000000000946	trials	4170.6275	4172.110166666666	5.0	[ 4.65685415 -4.65685415  6.65685415 -6.65685415]	-2.356194490192345	R
4173.512	4.036000000000058	trials	4175.367266666667	4176.244433333333	2.0	[-6.65685415 -4.65685415 -4.65685415 -6.65685415]	0.0	F
4177.799	2.949999999999818	trials	4178.4429	4179.4905	6.0	[ 7.  1.  9. -1.]	3.141592653589793	R
4181.0	4.418999999999869	trials	4183.1586	4184.1641	4.0	[-9.  1. -7. -1.]	-1.5707963267948966	R
4185.671	3.951999999999316	trials	4187.333966666667	4188.502866666667	0.0	[-1. -7.  1. -9.]	1.5707963267948966	R
4189.874	4.470000000000255	trials	4189.906933333334	4193.040133333333	0.0	[-1.  9.  1.  7.]	1.5707963267948966	F
4194.596	3.8320000000003347	trials	4195.778933333333	4197.1233	3.0	[4.65685415 6.65685415 6.65685415 4.65685415]	-0.7853981633974483	F
4198.679	3.161000000000058	trials	4199.2616	4200.536766666667	2.0	[ 4.65685415 -4.65685415  6.65685415 -6.65685415]	0.0	F
4202.092	4.249000000000706	trials	4203.878066666667	4205.370766666667	7.0	[ 7.  1.  9. -1.]	2.356194490192345	R
4206.593	3.793000000000575	trials	4208.110566666666	4208.790266666667	6.0	[-6.65685415  6.65685415 -4.65685415  4.65685415]	3.141592653589793	R
4210.638	4.9669999999996435	trials	4212.903466666667	4214.376133333333	4.0	[-9.  1. -7. -1.]	-1.5707963267948966	R
4215.857	3.907000000000153	trials	4217.837733333334	4218.5896	5.0	[-1. -7.  1. -9.]	-2.356194490192345	R
4220.015	4.106999999999971	trials	4222.0622	4222.8301	0.0	[-6.65685415 -4.65685415 -4.65685415 -6.65685415]	1.5707963267948966	R
4224.374	3.6729999999997744	trials	4226.028066666667	4226.743833333333	2.0	[-1.  9.  1.  7.]	0.0	F
4228.299	3.1450000000004366	trials	4229.441533333334	4230.1483	7.0	[ 7.  1.  9. -1.]	2.356194490192345	R
4231.696	4.497000000000298	trials	4233.648966666667	4234.9522	4.0	[-6.65685415  6.65685415 -4.65685415  4.65685415]	-1.5707963267948966	R
4236.445	4.4760000000005675	trials	4238.748633333334	4239.794233333333	5.0	[-1. -7.  1. -9.]	-2.356194490192345	R
4241.173	4.261000000000422	trials	4243.219733333333	4244.546033333333	6.0	[-6.65685415 -4.65685415 -4.65685415 -6.65685415]	3.141592653589793	I
4245.686	4.405000000000655	trials	4248.253233333333	4248.786566666667	3.0	[-9.  1. -7. -1.]	-0.7853981633974483	F
4250.342	3.850000000000364	trials	4251.5725	4252.888766666667	1.0	[ 4.65685415 -4.65685415  6.65685415 -6.65685415]	0.7853981633974483	F
4254.444	4.976999999999862	trials	4256.919766666667	4258.149833333333	5.0	[4.65685415 6.65685415 6.65685415 4.65685415]	-2.356194490192345	R
4259.673	3.4140000000006694	trials	4261.052033333333	4261.864033333333	0.0	[-6.65685415 -4.65685415 -4.65685415 -6.65685415]	1.5707963267948966	R
4263.339	4.123999999999796	trials	4264.9948	4266.365233333333	7.0	[-1.  9.  1.  7.]	2.356194490192345	R
4267.715	4.019999999999527	trials	4269.245366666667	4270.404233333334	4.0	[-6.65685415  6.65685415 -4.65685415  4.65685415]	-1.5707963267948966	R
4271.986	3.717999999999847	trials	4273.5641	4274.400166666666	1.0	[-1. -7.  1. -9.]	0.7853981633974483	F
4275.956	3.050999999999476	trials	4277.022666666667	4277.702366666666	2.0	[4.65685415 6.65685415 6.65685415 4.65685415]	0.0	F
4279.258	0.44800000000032014	trials				[nan nan nan nan]		A
4279.958	3.394000000000233	trials	4280.999566666666	4282.049166666667	3.0	[-9.  1. -7. -1.]	-0.7853981633974483	F
4283.604	3.657999999999447	trials	4284.820033333333	4285.957866666667	2.0	[ 4.65685415 -4.65685415  6.65685415 -6.65685415]	0.0	F
4287.514	3.5	trials	4288.889133333333	4289.7102	1.0	[ 7.  1.  9. -1.]	0.7853981633974483	F
4291.266	8.850000000000364	trials	4298.088	4298.913033333333	5.0	[4.65685415 6.65685415 6.65685415 4.65685415]	-2.356194490192345	R
4300.368	4.161999999999352	trials	4302.4418	4303.226733333333	3.0	[-6.65685415 -4.65685415 -4.65685415 -6.65685415]	-0.7853981633974483	F
4304.782	2.782999999999447	trials	4305.573566666667	4306.362533333333	6.0	[ 4.65685415 -4.65685415  6.65685415 -6.65685415]	3.141592653589793	R
4307.816	4.063000000000102	trials	4309.754966666666	4310.674233333333	4.0	[-9.  1. -7. -1.]	-1.5707963267948966	R
4312.131	3.8229999999994106	trials	4313.750866666666	4314.8045	7.0	[-1. -7.  1. -9.]	2.356194490192345	R
4316.206	4.037999999999556	trials	4317.752833333333	4319.136266666666	0.0	[-6.65685415  6.65685415 -4.65685415  4.65685415]	1.5707963267948966	R
4320.496	4.0460000000002765	trials	4322.514633333333	4323.764733333333	7.0	[-1.  9.  1.  7.]	2.356194490192345	I
4324.793	4.708000000000538	trials	4327.259433333334	4328.196766666667	2.0	[-6.65685415  6.65685415 -4.65685415  4.65685415]	0.0	F
4329.753	4.716000000000349	trials	4331.8829	4333.0017	6.0	[ 7.  1.  9. -1.]	3.141592653589793	R
4334.721	4.116000000000895	trials	4336.3079	4337.6412	0.0	[-9.  1. -7. -1.]	1.5707963267948966	R
4339.089	3.6210000000000946	trials	4340.4973	4341.405566666666	3.0	[-1.  9.  1.  7.]	-0.7853981633974483	F
4342.961	4.032999999999447	trials	4344.577433333333	4345.793433333333	4.0	[ 4.65685415 -4.65685415  6.65685415 -6.65685415]	-1.5707963267948966	R
4347.246	4.506000000000313	trials	4349.233	4350.7237	5.0	[-1. -7.  1. -9.]	-2.356194490192345	R
4352.004	3.963999999999942	trials	4353.212866666667	4354.663466666667	1.0	[-6.65685415 -4.65685415 -4.65685415 -6.65685415]	0.7853981633974483	F
4356.219	2.917000000000371	trials	4356.887	4357.991733333333	4.0	[4.65685415 6.65685415 6.65685415 4.65685415]	-1.5707963267948966	R
4359.387	3.467999999999847	trials	4361.009233333333	4361.622766666666	5.0	[-1. -7.  1. -9.]	-2.356194490192345	R
4363.106	3.493000000000393	trials	4364.521933333333	4365.410166666667	0.0	[-6.65685415 -4.65685415 -4.65685415 -6.65685415]	1.5707963267948966	R
4366.851	3.286000000000058	trials	4368.297333333333	4368.832666666666	1.0	[-1.  9.  1.  7.]	0.7853981633974483	F
4370.389	3.5150000000003274	trials	4371.8351	4372.6	2.0	[4.65685415 6.65685415 6.65685415 4.65685415]	0.0	F
4374.156	4.155999999999949	trials	4376.0185	4377.088166666666	6.0	[ 7.  1.  9. -1.]	3.141592653589793	R
4378.564	3.425999999999476	trials	4379.9492666666665	4380.6861	3.0	[-9.  1. -7. -1.]	-0.7853981633974483	F
4382.242	4.7849999999998545	trials	4384.664966666666	4386.018333333333	7.0	[ 4.65685415 -4.65685415  6.65685415 -6.65685415]	2.356194490192345	R
4387.278	4.170999999999367	trials	4388.9887	4390.2368	6.0	[-6.65685415  6.65685415 -4.65685415  4.65685415]	3.141592653589793	R
4391.7	4.199000000000524	trials	4393.725466666667	4394.365066666666	5.0	[-9.  1. -7. -1.]	-2.356194490192345	R
4396.151	4.314000000000306	trials	4398.1274	4399.161966666667	2.0	[-6.65685415 -4.65685415 -4.65685415 -6.65685415]	0.0	F
4400.717	3.032000000000153	trials	4401.7093	4402.4451	1.0	[ 7.  1.  9. -1.]	0.7853981633974483	F
4404.001	3.3339999999998327	trials	4405.384433333334	4405.9839	7.0	[4.65685415 6.65685415 6.65685415 4.65685415]	2.356194490192345	R
4407.587	4.13799999999992	trials	4409.3653	4410.626433333333	0.0	[-6.65685415  6.65685415 -4.65685415  4.65685415]	1.5707963267948966	R
4411.977	4.493000000000393	trials	4414.015833333333	4415.3652	4.0	[-1.  9.  1.  7.]	-1.5707963267948966	R
4416.722	4.192000000000007	trials	4418.5561333333335	4419.609733333334	3.0	[-1. -7.  1. -9.]	-0.7853981633974483	F
4421.166	2.907000000000153	trials	4421.755066666667	4422.846766666667	6.0	[ 4.65685415 -4.65685415  6.65685415 -6.65685415]	3.141592653589793	R
4424.324	4.25800000000072	trials	4426.4417	4427.2788	3.0	[-9.  1. -7. -1.]	-0.7853981633974483	F
4428.834	4.556999999999789	trials	4431.0361	4432.046633333333	5.0	[ 4.65685415 -4.65685415  6.65685415 -6.65685415]	-2.356194490192345	R
4433.643	3.5219999999999345	trials	4435.286666666667	4435.7989333333335	4.0	[-6.65685415 -4.65685415 -4.65685415 -6.65685415]	-1.5707963267948966	R
4437.417	7.641999999999825	trials	4442.779266666666	4443.8329	7.0	[-1. -7.  1. -9.]	2.356194490192345	R
4445.311	4.199000000000524	trials	4447.0238	4448.440333333333	0.0	[-6.65685415  6.65685415 -4.65685415  4.65685415]	1.5707963267948966	R
4449.762	3.5979999999999563	trials	4451.278366666666	4452.0553	2.0	[-1.  9.  1.  7.]	0.0	F
4453.611	3.4769999999998618	trials	4454.9064	4455.784566666666	1.0	[ 7.  1.  9. -1.]	0.7853981633974483	F
4457.339	3.3840000000000146	trials	4458.0251333333335	4459.4196	2.0	[4.65685415 6.65685415 6.65685415 4.65685415]	0.0	F
4460.974	3.488999999999578	trials	4461.771433333333	4463.158866666667	3.0	[ 7.  1.  9. -1.]	-0.7853981633974483	F
4464.715	3.13799999999992	trials	4465.8295	4466.572366666666	7.0	[ 4.65685415 -4.65685415  6.65685415 -6.65685415]	2.356194490192345	R
4468.104	4.418999999999869	trials	4470.273533333333	4471.2189	1.0	[-6.65685415  6.65685415 -4.65685415  4.65685415]	0.7853981633974483	F
4472.775	3.160000000000764	trials	4474.091033333333	4474.6093	0.0	[4.65685415 6.65685415 6.65685415 4.65685415]	1.5707963267948966	R
4476.186	4.28400000000056	trials	4477.981666666667	4479.1947	6.0	[-1.  9.  1.  7.]	3.141592653589793	R
4480.722	4.037000000000262	trials	4482.5009	4483.6738	5.0	[-9.  1. -7. -1.]	-2.356194490192345	R
4485.01	3.2799999999997453	trials	4486.336433333333	4486.997066666667	4.0	[-6.65685415 -4.65685415 -4.65685415 -6.65685415]	-1.5707963267948966	R
4488.542	4.498999999999796	trials	4490.375466666666	4491.736833333333	3.0	[-1. -7.  1. -9.]	-0.7853981633974483	F
4493.293	2.7260000000005675	trials	4493.9663666666665	4494.7393	7.0	[ 4.65685415 -4.65685415  6.65685415 -6.65685415]	2.356194490192345	R
4496.271	4.003000000000611	trials	4497.794866666667	4498.9698	2.0	[-6.65685415  6.65685415 -4.65685415  4.65685415]	0.0	F
4500.526	3.44800000000032	trials	4501.4309	4502.932633333333	4.0	[ 7.  1.  9. -1.]	-1.5707963267948966	R
4504.226	4.189000000000306	trials	4506.0814666666665	4507.211266666666	6.0	[-1. -7.  1. -9.]	3.141592653589793	R
4508.667	4.283999999999651	trials	4510.5315	4511.7325	0.0	[-9.  1. -7. -1.]	1.5707963267948966	R
4513.202	3.842999999999847	trials	4514.945466666667	4515.740433333333	1.0	[-1.  9.  1.  7.]	0.7853981633974483	F
4517.296	3.832999999999629	trials	4518.7459	4520.247633333333	5.0	[4.65685415 6.65685415 6.65685415 4.65685415]	-2.356194490192345	R
4521.38	15.997999999999593	trials	4534.492	4535.875433333334	1.0	[-6.65685415 -4.65685415 -4.65685415 -6.65685415]	0.7853981633974483	R
4537.63	4.287000000000262	trials	4539.452333333334	4540.821733333333	6.0	[4.65685415 6.65685415 6.65685415 4.65685415]	3.141592653589793	R
4542.169	4.668000000000575	trials	4544.3946	4545.8241333333335	5.0	[-9.  1. -7. -1.]	-2.356194490192345	R
4547.088	3.0390000000006694	trials	4548.3023	4548.844633333333	7.0	[-6.65685415 -4.65685415 -4.65685415 -6.65685415]	2.356194490192345	R
4550.378	4.730000000000473	trials	4552.444566666667	4553.803966666666	3.0	[-6.65685415  6.65685415 -4.65685415  4.65685415]	-0.7853981633974483	F
4555.36	3.8040000000000873	trials	4556.6059	4557.861033333334	2.0	[ 4.65685415 -4.65685415  6.65685415 -6.65685415]	0.0	F
4559.416	4.199999999999818	trials	4561.257466666667	4562.3221	4.0	[ 7.  1.  9. -1.]	-1.5707963267948966	R
4563.868	3.8159999999998035	trials	4565.401766666667	4566.5486	0.0	[-1. -7.  1. -9.]	1.5707963267948966	R
4567.936	4.5090000000000146	trials	4569.9781	4571.363566666667	0.0	[-1.  9.  1.  7.]	1.5707963267948966	R
4572.697	3.1409999999996217	trials	4573.9139	4574.534433333333	3.0	[-1.  9.  1.  7.]	-0.7853981633974483	F
4576.089	0.25900000000001455	trials				[nan nan nan nan]		A
4576.6	1.9420000000000073	trials	4577.269233333333		7.0	[ 7.  1.  9. -1.]	2.356194490192345	A
4578.794	4.123999999999796	trials	4580.540333333333	4581.790433333334	6.0	[-6.65685415  6.65685415 -4.65685415  4.65685415]	3.141592653589793	R
4583.17	3.7100000000000364	trials	4585.042533333333	4585.686133333334	5.0	[-9.  1. -7. -1.]	-2.356194490192345	R
4587.132	3.787000000000262	trials	4588.550233333333	4589.771266666667	4.0	[-6.65685415 -4.65685415 -4.65685415 -6.65685415]	-1.5707963267948966	R
4591.171	4.5789999999997235	trials	4593.4293333333335	4594.445866666667	1.0	[-1. -7.  1. -9.]	0.7853981633974483	F
4596.002	3.3359999999993306	trials	4597.333033333333	4598.1420333333335	5.0	[4.65685415 6.65685415 6.65685415 4.65685415]	-2.356194490192345	R
4599.59	3.9399999999996	trials	4601.341	4602.2262	2.0	[-6.65685415 -4.65685415 -4.65685415 -6.65685415]	0.0	F
4603.782	3.161000000000058	trials	4604.494833333333	4605.6998	6.0	[ 7.  1.  9. -1.]	3.141592653589793	R
4607.195	4.012000000000626	trials	4608.600033333333	4610.0997333333335	0.0	[-9.  1. -7. -1.]	1.5707963267948966	R
4611.458	3.1940000000004147	trials	4613.431		3.0	[-1.  9.  1.  7.]	-0.7853981633974483	A
4614.904	0.07899999999972351	trials				[nan nan nan nan]		A
4615.234	3.2169999999996435	trials	4616.422433333333	4617.045	4.0	[4.65685415 6.65685415 6.65685415 4.65685415]	-1.5707963267948966	R
4618.703	3.9420000000000073	trials	4620.611833333333	4621.4389	7.0	[-1. -7.  1. -9.]	2.356194490192345	R
4622.897	4.123000000000502	trials	4624.7411	4625.965133333333	0.0	[-6.65685415  6.65685415 -4.65685415  4.65685415]	1.5707963267948966	R
4627.271	4.09900000000016	trials	4629.196166666667	4630.066333333333	1.0	[-1.  9.  1.  7.]	0.7853981633974483	F
4631.621	4.395999999999731	trials	4633.795566666667	4634.950433333333	7.0	[4.65685415 6.65685415 6.65685415 4.65685415]	2.356194490192345	R
4636.269	3.449999999999818	trials	4637.4216	4638.4150666666665	2.0	[-6.65685415  6.65685415 -4.65685415  4.65685415]	0.0	F
4639.971	2.736000000000786	trials	4640.6546	4641.469633333333	6.0	[ 7.  1.  9. -1.]	3.141592653589793	R
4642.958	4.475000000000364	trials	4644.804933333333	4646.1292	3.0	[-9.  1. -7. -1.]	-0.7853981633974483	F
4647.685	3.0159999999996217	trials	4648.750733333333	4649.414366666667	4.0	[ 4.65685415 -4.65685415  6.65685415 -6.65685415]	-1.5707963267948966	R
4650.952	4.104999999999563	trials	4653.027333333333	4653.887466666667	5.0	[-1. -7.  1. -9.]	-2.356194490192345	R
4655.309	3.4039999999995416	trials	4656.645333333333	4657.190666666666	6.0	[-6.65685415 -4.65685415 -4.65685415 -6.65685415]	3.141592653589793	R
4658.965	4.050000000000182	trials	4660.999133333334	4661.7109	3.0	[-9.  1. -7. -1.]	-0.7853981633974483	F
4663.267	3.985000000000582	trials	4664.6963	4666.1910333333335	4.0	[ 4.65685415 -4.65685415  6.65685415 -6.65685415]	-1.5707963267948966	R
4667.503	4.057999999999993	trials	4669.830066666666	4670.3684	7.0	[-1. -7.  1. -9.]	2.356194490192345	R
4671.813	3.8239999999996144	trials	4673.1924	4674.457533333333	5.0	[-6.65685415  6.65685415 -4.65685415  4.65685415]	-2.356194490192345	R
4675.889	3.3630000000002838	trials	4677.392833333333	4677.9482	1.0	[-6.65685415 -4.65685415 -4.65685415 -6.65685415]	0.7853981633974483	F
4679.504	4.095000000000255	trials	4680.978733333333	4682.296	2.0	[4.65685415 6.65685415 6.65685415 4.65685415]	0.0	F
4683.851	3.186999999999898	trials	4684.9135	4685.7596	0.0	[ 7.  1.  9. -1.]	1.5707963267948966	R
4687.289	3.7539999999999054	trials	4688.834233333333	4689.7385	2.0	[-1.  9.  1.  7.]	0.0	F
4691.294	3.0640000000003056	trials	4692.379033333334	4693.054733333333	1.0	[ 7.  1.  9. -1.]	0.7853981633974483	F
4694.61	0.3640000000004875	trials				[nan nan nan nan]		A
4695.225	0.4609999999993306	trials				[nan nan nan nan]		A
4695.938	5.7150000000001455	trials	4699.6852	4700.443066666667	5.0	[-9.  1. -7. -1.]	-2.356194490192345	R
4701.905	3.256000000000313	trials	4703.300166666667	4703.8395	7.0	[-6.65685415 -4.65685415 -4.65685415 -6.65685415]	2.356194490192345	R
4705.412	4.487999999999374	trials	4707.4264	4708.720633333333	0.0	[-6.65685415  6.65685415 -4.65685415  4.65685415]	1.5707963267948966	R
4710.151	4.639000000000124	trials	4712.0078	4713.486466666666	3.0	[-1.  9.  1.  7.]	-0.7853981633974483	F
4715.041	3.693000000000211	trials	4716.314466666667	4717.429233333333	3.0	[ 4.65685415 -4.65685415  6.65685415 -6.65685415]	-0.7853981633974483	F
4718.985	4.5770000000002256	trials	4720.858766666666	4722.339433333334	1.0	[ 4.65685415 -4.65685415  6.65685415 -6.65685415]	0.7853981633974483	R
4723.814	3.880000000000109	trials	4725.334866666667	4726.732366666667	0.0	[4.65685415 6.65685415 6.65685415 4.65685415]	1.5707963267948966	R
4727.945	3.9459999999999127	trials	4730.0105	4730.5398	4.0	[-1.  9.  1.  7.]	-1.5707963267948966	R
4732.143	4.042999999999665	trials	4734.2831	4734.815433333333	5.0	[-1. -7.  1. -9.]	-2.356194490192345	R
4736.437	3.657000000000153	trials	4738.273	4738.7893	2.0	[-6.65685415 -4.65685415 -4.65685415 -6.65685415]	0.0	F
4740.345	2.850999999999658	trials	4740.998766666667	4741.8519	6.0	[ 7.  1.  9. -1.]	3.141592653589793	R
4743.448	4.170000000000073	trials	4745.868866666667	4746.4102	7.0	[-9.  1. -7. -1.]	2.356194490192345	R
4747.87	3.7590000000000146	trials	4749.555033333333	4750.341966666667	6.0	[-6.65685415  6.65685415 -4.65685415  4.65685415]	3.141592653589793	R
4751.881	4.141999999999825	trials	4753.665233333333	4754.9033	0.0	[-9.  1. -7. -1.]	1.5707963267948966	R
4756.275	4.575000000000728	trials	4758.408	4759.7313	4.0	[-1.  9.  1.  7.]	-1.5707963267948966	R
4761.102	4.154000000000451	trials	4761.131333333334	4763.952766666666	0.0	[-1. -7.  1. -9.]	1.5707963267948966	F
4765.508	3.313000000000102	trials	4766.680533333333	4767.5878	5.0	[ 4.65685415 -4.65685415  6.65685415 -6.65685415]	-2.356194490192345	R
4769.073	3.520999999999731	trials	4770.590266666667	4771.291	1.0	[-6.65685415 -4.65685415 -4.65685415 -6.65685415]	0.7853981633974483	F
4772.846	3.8450000000002547	trials	4774.179166666667	4775.387166666666	2.0	[4.65685415 6.65685415 6.65685415 4.65685415]	0.0	F
4776.943	2.9520000000002256	trials	4777.8813666666665	4778.574066666667	7.0	[ 7.  1.  9. -1.]	2.356194490192345	R
4780.147	3.6030000000000655	trials	4781.4803	4782.5399333333335	0.0	[-6.65685415  6.65685415 -4.65685415  4.65685415]	1.5707963267948966	R
4784.002	4.431999999999789	trials	4786.085733333333	4787.129333333333	2.0	[-1.  9.  1.  7.]	0.0	F
4788.685	2.774999999999636	trials	4789.276666666667	4790.350333333334	5.0	[ 7.  1.  9. -1.]	-2.356194490192345	R
4791.712	3.9689999999991414	trials	4793.534233333334	4794.377333333333	3.0	[-6.65685415 -4.65685415 -4.65685415 -6.65685415]	-0.7853981633974483	F
4795.932	3.675000000000182	trials	4797.4249	4798.304066666667	1.0	[ 4.65685415 -4.65685415  6.65685415 -6.65685415]	0.7853981633974483	F
4799.859	3.469000000000051	trials	4801.364666666666	4802.084466666666	7.0	[4.65685415 6.65685415 6.65685415 4.65685415]	2.356194490192345	R
4803.579	4.0600000000004	trials	4805.702433333333	4806.267833333333	4.0	[-6.65685415  6.65685415 -4.65685415  4.65685415]	-1.5707963267948966	R
4807.891	3.9500000000007276	trials	4809.7174	4810.543466666667	6.0	[-1. -7.  1. -9.]	3.141592653589793	R
4812.092	3.7710000000006403	trials	4813.7384	4814.685733333334	5.0	[-9.  1. -7. -1.]	-2.356194490192345	R
4816.114	3.816000000000713	trials	4817.586966666667	4818.752833333333	4.0	[-6.65685415 -4.65685415 -4.65685415 -6.65685415]	-1.5707963267948966	R
4820.181	3.3280000000004293	trials	4822.436		2.0	[-1. -7.  1. -9.]	0.0	A
4823.76	3.130000000000109	trials	4824.7698	4825.5357	6.0	[ 7.  1.  9. -1.]	3.141592653589793	R
4827.142	4.587999999999738	trials	4829.056433333333	4830.425833333334	3.0	[-9.  1. -7. -1.]	-0.7853981633974483	F
4831.982	3.46100000000024	trials	4833.2769	4833.969633333333	0.0	[ 4.65685415 -4.65685415  6.65685415 -6.65685415]	1.5707963267948966	R
4835.695	3.186000000000604	trials	4836.8608	4837.671833333334	7.0	[-1.  9.  1.  7.]	2.356194490192345	R
4839.132	4.100000000000364	trials	4840.8296666666665	4841.9274	1.0	[-6.65685415  6.65685415 -4.65685415  4.65685415]	0.7853981633974483	F
4843.483	3.7489999999997963	trials	4844.570966666667	4845.901266666667	6.0	[4.65685415 6.65685415 6.65685415 4.65685415]	3.141592653589793	R
4847.483	4.170000000000073	trials	4849.6195	4850.486633333333	7.0	[-9.  1. -7. -1.]	2.356194490192345	R
4851.904	4.30199999999968	trials	4853.784833333333	4854.9026	2.0	[-6.65685415  6.65685415 -4.65685415  4.65685415]	0.0	F
4856.457	2.894999999999527	trials	4857.404833333333	4858.141666666666	5.0	[ 7.  1.  9. -1.]	-2.356194490192345	R
4859.603	4.470999999999549	trials	4861.7105	4862.771133333334	3.0	[-6.65685415 -4.65685415 -4.65685415 -6.65685415]	-0.7853981633974483	F
4864.326	2.8339999999998327	trials	4865.059833333334	4865.9891333333335	0.0	[ 4.65685415 -4.65685415  6.65685415 -6.65685415]	1.5707963267948966	R
4867.412	3.6539999999995416	trials	4869.0768	4869.856733333333	4.0	[-1.  9.  1.  7.]	-1.5707963267948966	R
4871.317	4.155999999999949	trials	4873.613066666667	4874.168433333333	1.0	[-1. -7.  1. -9.]	0.7853981633974483	F
4875.724	3.2669999999998254	trials	4877.062633333333	4877.611	0.0	[4.65685415 6.65685415 6.65685415 4.65685415]	1.5707963267948966	R
4879.243	4.442000000000007	trials	4881.5177	4882.381833333333	2.0	[-1.  9.  1.  7.]	0.0	F
4883.937	3.7830000000003565	trials	4885.336166666667	4886.4168666666665	1.0	[ 7.  1.  9. -1.]	0.7853981633974483	F
4887.972	2.8299999999999272	trials	4888.889	4889.423333333333	6.0	[4.65685415 6.65685415 6.65685415 4.65685415]	3.141592653589793	R
4891.053	3.8469999999997526	trials	4892.8328	4893.729033333333	4.0	[-9.  1. -7. -1.]	-1.5707963267948966	R
4895.152	9.109000000000378	trials	4901.927366666667	4903.1815	5.0	[-1. -7.  1. -9.]	-2.356194490192345	R
4904.513	3.9589999999998327	trials	4906.113766666666	4907.306733333333	7.0	[-6.65685415 -4.65685415 -4.65685415 -6.65685415]	2.356194490192345	R
4908.723	4.346999999999753	trials	4910.3543	4911.7668	3.0	[-6.65685415  6.65685415 -4.65685415  4.65685415]	-0.7853981633974483	F
4913.322	2.8339999999998327	trials	4914.204866666667	4914.851466666667	2.0	[ 4.65685415 -4.65685415  6.65685415 -6.65685415]	0.0	F
4916.407	3.3919999999998254	trials	4917.297533333333	4918.689	6.0	[ 7.  1.  9. -1.]	3.141592653589793	R
4920.05	3.86200000000008	trials	4921.684433333333	4922.607733333333	1.0	[-9.  1. -7. -1.]	0.7853981633974483	F
4924.164	3.1890000000003056	trials	4925.437766666667	4926.166566666667	7.0	[4.65685415 6.65685415 6.65685415 4.65685415]	2.356194490192345	R
4927.604	3.7919999999994616	trials	4929.166	4930.339933333334	5.0	[-6.65685415  6.65685415 -4.65685415  4.65685415]	-2.356194490192345	R
4931.647	3.8580000000001746	trials	4933.402533333333	4934.3539	0.0	[-6.65685415 -4.65685415 -4.65685415 -6.65685415]	1.5707963267948966	R
4935.756	4.630999999999403	trials	4937.8957	4939.083633333334	3.0	[-1.  9.  1.  7.]	-0.7853981633974483	F
4940.639	3.1719999999995707	trials	4941.6901	4942.603366666666	4.0	[ 4.65685415 -4.65685415  6.65685415 -6.65685415]	-1.5707963267948966	R
4944.063	3.9989999999997963	trials	4945.697066666667	4946.914066666666	6.0	[-1. -7.  1. -9.]	3.141592653589793	R
4948.314	4.082999999999629	trials	4950.1882	4951.092466666667	1.0	[-9.  1. -7. -1.]	0.7853981633974483	F
4952.648	3.1899999999996	trials	4953.744033333333	4954.556066666667	7.0	[4.65685415 6.65685415 6.65685415 4.65685415]	2.356194490192345	R
4956.09	5.270999999999731	trials	4958.747466666667	4960.061733333333	3.0	[-6.65685415  6.65685415 -4.65685415  4.65685415]	-0.7853981633974483	R
4961.613	2.3669999999992797	trials	4963.8561666666665		2.0	[ 4.65685415 -4.65685415  6.65685415 -6.65685415]	0.0	A
4964.232	3.9089999999996508	trials	4965.829033333333	4967.1804	0.0	[ 7.  1.  9. -1.]	1.5707963267948966	R
4968.392	4.0349999999998545	trials	4969.8911333333335	4971.386833333333	5.0	[-1.  9.  1.  7.]	-2.356194490192345	R
4972.679	4.032000000000153	trials	4974.676033333333	4975.545166666667	4.0	[-6.65685415 -4.65685415 -4.65685415 -6.65685415]	-1.5707963267948966	R
4976.963	4.3070000000006985	trials	4979.105	4979.9892	0.0	[-1. -7.  1. -9.]	1.5707963267948966	R
4981.522	4.920000000000073	trials	4983.7305	4985.138	2.0	[-1.  9.  1.  7.]	0.0	F
4986.694	12.143999999999323	trials	4996.507233333334	4997.5809	4.0	[ 7.  1.  9. -1.]	-1.5707963267948966	R
4999.09	8.0649999999996	trials	5005.082533333333	5006.053933333334	5.0	[-1. -7.  1. -9.]	-2.356194490192345	R
5007.406	3.8450000000002547	trials	5009.077433333333	5010.103	7.0	[-6.65685415 -4.65685415 -4.65685415 -6.65685415]	2.356194490192345	R
5011.502	3.6669999999994616	trials	5012.854833333334	5013.864333333333	3.0	[-6.65685415  6.65685415 -4.65685415  4.65685415]	-0.7853981633974483	F
5015.42	4.726999999999862	trials	5017.617633333333	5018.8437	1.0	[ 4.65685415 -4.65685415  6.65685415 -6.65685415]	0.7853981633974483	F
5020.399	3.0229999999992287	trials	5021.324866666667	5022.1007666666665	6.0	[4.65685415 6.65685415 6.65685415 4.65685415]	3.141592653589793	R
5023.674	3.479000000000269	trials	5025.923266666667		7.0	[-9.  1. -7. -1.]	2.356194490192345	A
