onset	duration	nwb_table	go_cue_time_array	target_id	num_targets	num_attempted	target_dir	target_size	result	target_1_x_position	target_1_y_position	target_2_x_position	target_2_y_position	target_3_x_position	target_3_y_position	target_4_x_position	target_4_y_position
4.109	2.7140000000000004	trials	[4.2101 5.0572 5.7339 6.3394]	[1. 1. 1. 1.]	4	4.0	0.7853981633974483	2.0	R	4.514276027679443	1.9001238346099854	-1.6328269243240356	0.19594600796699524	-6.858612537384033	1.659360408782959	-5.510511875152588	-3.155473470687866
7.826	2.907000000000001	trials	[7.92733333 8.6321     9.2767     9.91726667]	[1. 1. 1. 1.]	4	4.0	0.7853981633974483	2.0	R	-0.5305520296096802	-3.60268497467041	4.440621852874756	-3.066561460494995	1.1251790523529053	-8.038445472717285	7.427239418029785	2.2972412109375
11.737	1.6500000000000004	trials	[11.83803333 12.7503             nan         nan]	[ 1.  1. nan nan]	4	2.0	0.7853981633974483	2.0	A	3.40427565574646	5.26637601852417	-6.92088508605957	3.414137363433838	-4.613694667816162	-1.0217247009277344	-7.0095415115356445	-5.410336971282959
14.39	2.692999999999998	trials	[14.49163333 15.19536667 15.84096667 16.60086667]	[1. 1. 1. 1.]	4	4.0	0.7853981633974483	2.0	R	-4.11782169342041	-0.7262533903121948	-7.101150035858154	-4.738702774047852	-1.4201586246490479	-0.6722687482833862	-6.414959907531738	-0.9002139568328857
18.087	3.1499999999999986	trials	[18.1878     19.16723333 20.09053333 20.75316667]	[1. 1. 1. 1.]	4	4.0	0.7853981633974483	2.0	R	-2.475069046020508	5.752771854400635	-2.348655939102173	0.7543699741363525	1.0957202911376953	-2.8700296878814697	-0.011010203510522842	-7.746006011962891
22.241	3.1290000000000013	trials	[22.34213333 23.11703333 23.7787     24.44733333]	[1. 1. 1. 1.]	4	4.0	0.7853981633974483	2.0	R	1.278018593788147	-2.915022373199463	1.3221192359924316	2.723504066467285	-2.934142589569092	5.347287178039551	8.70068359375	-2.7311675548553467
26.373	4.561	trials	[26.47436667 28.9054     29.7004     30.33296667]	[1. 1. 1. 1.]	4	4.0	0.7853981633974483	2.0	R	6.8205132484436035	5.932147979736328	-1.8164873123168945	7.411259174346924	-6.583281517028809	5.90206241607666	-2.752225637435913	2.6891181468963623
31.938	3.413999999999998	trials	[nan nan nan nan]	[nan nan nan nan]	4				R	0.0	0.0	0.0	0.0	0.0	0.0	0.0	0.0
36.356	3.137999999999998	trials	[36.45716667 37.2391     38.17443333 38.7659    ]	[1. 1. 1. 1.]	4	4.0	0.7853981633974483	2.0	R	3.9017179012298584	-7.802525997161865	-3.8356986045837402	-6.1417036056518555	-4.923213005065918	-1.261405110359192	6.136221408843994	2.1539134979248047
40.497	3.1769999999999996	trials	[nan nan nan nan]	[nan nan nan nan]	4				R	0.0	0.0	0.0	0.0	0.0	0.0	0.0	0.0
44.678	3.176000000000002	trials	[nan nan nan nan]	[nan nan nan nan]	4				R	0.0	0.0	0.0	0.0	0.0	0.0	0.0	0.0
48.858	3.2390000000000043	trials	[48.9592 49.689  50.895  51.6178]	[1. 1. 1. 1.]	4	4.0	0.7853981633974483	2.0	R	-2.4488346576690674	-5.428102970123291	3.828261137008667	7.842236042022705	-0.9058261513710022	6.23337984085083	-4.360772609710693	2.6190550327301025
53.1	2.7849999999999966	trials	[53.20173333 54.01673333 54.71546667 55.34403333]	[1. 1. 1. 1.]	4	4.0	0.7853981633974483	2.0	R	-4.933826923370361	-2.3479974269866943	2.0085978507995605	-0.7411788105964661	-0.9902764558792114	3.2596652507781982	1.0400233268737793	-1.3095669746398926
56.889	3.104999999999997	trials	[56.99013333 57.9034     58.75853333 59.42516667]	[1. 1. 1. 1.]	4	4.0	0.7853981633974483	2.0	R	-6.91555118560791	3.969395160675049	-2.856614589691162	1.049628734588623	-3.392627477645874	6.020814895629883	-7.018188953399658	2.5776612758636475
60.997	2.689	trials	[61.09833333 61.8522     62.6121     63.2256    ]	[1. 1. 1. 1.]	4	4.0	0.7853981633974483	2.0	R	-7.934759616851807	-4.721271514892578	-4.573235511779785	-8.422643661499023	-0.3243526518344879	-5.786928176879883	3.2353010177612305	-2.275679588317871
64.689	2.771000000000001	trials	[64.7905     65.61453333 66.3263     66.95986667]	[1. 1. 1. 1.]	4	4.0	0.7853981633974483	2.0	R	7.893121242523193	-0.4577927887439728	3.274818181991577	1.4582653045654297	7.756661415100098	-0.7582823038101196	3.2225396633148193	1.3492615222930908
68.464	2.6400000000000006	trials	[68.56486667 69.2596     70.04053333 70.62696667]	[1. 1. 1. 1.]	4	4.0	0.7853981633974483	2.0	R	-1.7728983163833618	1.5628029108047485	3.9128644466400146	-0.07544215023517609	4.118618488311768	4.920322418212891	-0.8112597465515137	4.085877418518066
72.108	2.5459999999999923	trials	[72.2089     73.2094     74.15673333         nan]	[ 1.  1.  1. nan]	4	3.0	0.7853981633974483	2.0	A	-5.489264488220215	2.3205811977386475	-4.3211212158203125	-2.541048288345337	-2.5279884338378906	2.292989730834961	-2.239046335220337	-2.6986546516418457
75.657	3.2849999999999966	trials	[75.75873333 76.74316667 77.5221     78.43236667]	[1. 1. 1. 1.]	4	4.0	0.7853981633974483	2.0	R	-3.4982879161834717	7.75645637512207	2.068796396255493	4.5967793464660645	-5.4426093101501465	3.6712236404418945	-7.630879878997803	-0.8244936466217041
79.945	2.9939999999999998	trials	[80.04636667 80.69296667 81.57013333 82.1626    ]	[1. 1. 1. 1.]	4	4.0	0.7853981633974483	2.0	R	-4.061097145080566	-4.325443744659424	0.5263541340827942	-6.314235210418701	5.366141319274902	-7.5698065757751465	6.606330871582031	3.0151262283325195
83.942	3.214000000000013	trials	[84.0433     84.8954     85.89486667 86.6668    ]	[1. 1. 1. 1.]	4	4.0	0.7853981633974483	2.0	R	5.15440034866333	7.799674034118652	-2.001636266708374	0.20933595299720764	-0.6270578503608704	5.0166778564453125	0.8151428699493408	0.22918801009655
88.159	2.8629999999999995	trials	[88.26076667 89.02163333 89.77753333 90.4522    ]	[1. 1. 1. 1.]	4	4.0	0.7853981633974483	2.0	R	3.0534725189208984	4.700192451477051	-4.3060150146484375	0.7959428429603577	1.9133577346801758	2.936408042907715	7.330655097961426	6.982235431671143
92.025	3.1899999999999977	trials	[92.12633333 92.89023333 93.77343333 94.4832    ]	[1. 1. 1. 1.]	4	4.0	0.7853981633974483	2.0	R	4.9433770179748535	2.588956117630005	2.877412796020508	7.142173767089844	-5.429297924041748	8.199430465698242	-3.0925939083099365	3.7790439128875732
96.219	2.8300000000000125	trials	[96.31976667 97.1017     97.91873333 98.57133333]	[1. 1. 1. 1.]	4	4.0	0.7853981633974483	2.0	R	-4.6253485679626465	-7.558406352996826	0.3744482398033142	-7.603493690490723	4.288498878479004	-4.492190361022949	5.89235782623291	0.24359209835529327
100.052	3.464999999999989	trials	[100.15326667 101.2921     102.26653333 102.96926667]	[1. 1. 1. 1.]	4	4.0	0.7853981633974483	2.0	R	8.28653621673584	4.633114337921143	-6.206277847290039	3.3781213760375977	-8.358741760253906	-8.665290832519531	-4.168371200561523	-5.937508583068848
104.52	2.6640000000000015	trials	[104.62136667 105.3983     106.086      106.70353333]	[1. 1. 1. 1.]	4	4.0	0.7853981633974483	2.0	R	0.7515977621078491	-6.8285231590271	3.61917781829834	-2.7325515747070312	2.207319736480713	-8.652305603027344	3.394981861114502	-3.7954070568084717
108.187	3.0079999999999956	trials	[108.28846667 109.2639     110.13103333 110.74656667]	[1. 1. 1. 1.]	4	4.0	0.7853981633974483	2.0	R	8.321032524108887	-4.652161121368408	-3.2516067028045654	-2.1718809604644775	-2.3323028087615967	-7.086642265319824	2.2391397953033447	-5.061324119567871
112.198	3.122	trials	[112.29943333 113.0563     113.91743333 114.547     ]	[1. 1. 1. 1.]	4	4.0	0.7853981633974483	2.0	R	0.31357213854789734	2.279219150543213	5.001694202423096	8.20450210571289	0.014990578405559063	8.568900108337402	8.925015449523926	3.3415303230285645
116.323	2.9720000000000084	trials	[116.42466667 117.1986     117.88026667 118.62413333]	[1. 1. 1. 1.]	4	4.0	0.7853981633974483	2.0	R	3.9344754219055176	3.648960590362549	6.279648780822754	-1.9558964967727661	2.8169608116149902	1.6510124206542969	-8.65971851348877	6.08651876449585
120.298	3.1140000000000043	trials	[120.39953333 121.32283333 121.93733333 122.89973333]	[1. 1. 1. 1.]	4	4.0	0.7853981633974483	2.0	R	-2.279649496078491	8.544791221618652	-6.86997127532959	6.562633991241455	-3.9263768196105957	-5.175431728363037	-0.13982905447483063	-8.440711975097656
124.415	2.5189999999999912	trials	[124.51676667 124.9799     125.7488     126.44653333]	[1. 1. 1. 1.]	4	4.0	0.7853981633974483	2.0	R	0.8249956965446472	-3.5346839427948	7.034322261810303	-4.776473045349121	2.635453701019287	-2.3995091915130615	2.9357962608337402	-7.3904805183410645
127.937	2.708999999999989	trials	[nan nan nan nan]	[nan nan nan nan]	4				R	0.0	0.0	0.0	0.0	0.0	0.0	0.0	0.0
131.649	3.4170000000000016	trials	[131.7507     132.82436667 133.67246667 134.5326    ]	[1. 1. 1. 1.]	4	4.0	0.7853981633974483	2.0	R	2.695614814758301	0.2207658886909485	7.7715229988098145	6.142810821533203	2.616982936859131	1.166121482849121	-0.15064217150211334	5.330284118652344
136.069	3.021000000000015	trials	[136.17066667 136.95763333 137.79673333 138.50546667]	[1. 1. 1. 1.]	4	4.0	0.7853981633974483	2.0	R	-2.3134002685546875	-4.003508567810059	6.871997356414795	-0.3433440327644348	2.4765853881835938	2.0400047302246094	2.9061460494995117	8.908090591430664
140.093	2.8060000000000116	trials	[140.19466667 140.8864     141.75753333 142.40816667]	[1. 1. 1. 1.]	4	4.0	0.7853981633974483	2.0	R	0.5712781548500061	4.486734390258789	-8.700665473937988	0.46327364444732666	-7.240431785583496	-4.318746566772461	-2.1594974994659424	-5.68872594833374
143.903	3.0180000000000007	trials	[144.00413333 144.8853     145.69333333 146.35996667]	[1. 1. 1. 1.]	4	4.0	0.7853981633974483	2.0	R	-4.0837273597717285	1.1509093046188354	3.524827241897583	-7.389593601226807	-0.2142457515001297	-4.0700554847717285	-6.168025970458984	0.1061849594116211
147.925	3.530000000000001	trials	[148.0261     149.61806667 150.2336     150.85213333]	[1. 1. 1. 1.]	4	4.0	0.7853981633974483	2.0	R	7.052614688873291	-4.226255416870117	4.347577095031738	-0.021166685968637466	-0.5830527544021606	-0.8511594533920288	3.620286464691162	-7.262383460998535
152.458	3.296999999999997	trials	[152.55936667 153.52776667 154.3458     155.05456667]	[1. 1. 1. 1.]	4	4.0	0.7853981633974483	2.0	R	8.620274543762207	-7.251688003540039	6.35386323928833	-2.7948532104492188	8.01944637298584	1.9195748567581177	3.8568007946014404	4.689481735229492
156.759	2.8370000000000175	trials	[156.86003333 157.6139     158.4209     159.05246667]	[1. 1. 1. 1.]	4	4.0	0.7853981633974483	2.0	R	-1.0612308979034424	5.591126918792725	4.868061542510986	-7.879267692565918	6.765942573547363	-3.2534656524658203	5.117456436157227	1.4669678211212158
160.599	3.0560000000000116	trials	[160.70056667 161.5206     162.1622     163.07146667]	[1. 1. 1. 1.]	4	4.0	0.7853981633974483	2.0	R	3.985222816467285	6.337085723876953	0.7732658386230469	2.505202054977417	6.497611045837402	8.112317085266113	3.5218417644500732	4.094257831573486
164.658	3.031000000000006	trials	[164.75963333 165.47443333 166.32753333 167.13453333]	[1. 1. 1. 1.]	4	4.0	0.7853981633974483	2.0	R	5.518691539764404	-1.292614221572876	6.910449504852295	3.509782075881958	4.393974781036377	7.830355644226074	0.6729048490524292	4.490649700164795
168.692	2.820999999999998	trials	[168.79366667 169.55353333 170.24926667 170.945     ]	[1. 1. 1. 1.]	4	4.0	0.7853981633974483	2.0	R	-8.936891555786133	-0.441310852766037	-6.114604473114014	-4.568621635437012	-1.2971751689910889	-3.2298247814178467	4.173181533813477	0.9849627614021301
172.517	3.1239999999999952	trials	[nan nan nan nan]	[nan nan nan nan]	4				R	0.0	0.0	0.0	0.0	0.0	0.0	0.0	0.0
176.644	2.8889999999999816	trials	[176.7454     177.5113     178.25616667 178.8757    ]	[1. 1. 1. 1.]	4	4.0	0.7853981633974483	2.0	R	-6.246212482452393	-0.9887803792953491	-6.385351181030273	6.364928245544434	-6.4948883056640625	1.3661280870437622	-5.754439830780029	7.026859760284424
180.537	2.8179999999999836	trials	[180.63806667 181.31273333 182.0646     182.72523333]	[1. 1. 1. 1.]	4	4.0	0.7853981633974483	2.0	R	-3.076300859451294	2.804588794708252	1.0829647779464722	5.579567909240723	4.24554443359375	1.7068310976028442	-2.2131717205047607	-4.963374137878418
184.358	2.9209999999999923	trials	[184.45953333 185.17933333 185.86003333 186.60386667]	[1. 1. 1. 1.]	4	4.0	0.7853981633974483	2.0	R	2.1125528812408447	-2.4557645320892334	0.3290252983570099	-7.530467510223389	-5.431966781616211	-2.8565902709960938	-7.8419413566589355	-7.237460136413574
188.282	3.1559999999999775	trials	[nan nan nan nan]	[nan nan nan nan]	4				R	0.0	0.0	0.0	0.0	0.0	0.0	0.0	0.0
192.441	2.908999999999992	trials	[nan nan nan nan]	[nan nan nan nan]	4				R	0.0	0.0	0.0	0.0	0.0	0.0	0.0	0.0
196.353	2.9539999999999793	trials	[196.45433333 197.1741     198.0503     198.80516667]	[1. 1. 1. 1.]	4	4.0	0.7853981633974483	2.0	R	-3.529539108276367	-0.7389423251152039	6.866730690002441	-6.7825846672058105	-1.5607390403747559	-5.558026313781738	0.7621215581893921	-1.0529427528381348
200.311	2.9240000000000066	trials	[200.41213333 201.17906667 201.90383333 202.67376667]	[1. 1. 1. 1.]	4	4.0	0.7853981633974483	2.0	R	-0.19288161396980286	-5.960892200469971	4.693853855133057	-4.902678489685059	-3.908388614654541	-2.980876922607422	-3.9470717906951904	-7.980727195739746
204.239	3.1440000000000055	trials	[204.3399     205.29826667 206.20253333 206.85113333]	[1. 1. 1. 1.]	4	4.0	0.7853981633974483	2.0	R	-3.90373158454895	2.6372604370117188	-0.24697551131248474	-3.581491231918335	-2.7302942276000977	-7.921206474304199	1.0414202213287354	-4.638803005218506
208.387	0.056000000000011596	trials	[nan nan nan nan]	[nan nan nan nan]	4	0.0		2.0	F	6.064535140991211	-1.0209640264511108	-2.13934588432312	6.180088996887207	-6.619943618774414	8.399152755737305	-3.978297233581543	4.15395450592041
212.623	2.7439999999999998	trials	[212.7247     213.51566667 214.18933333 214.87606667]	[1. 1. 1. 1.]	4	4.0	0.7853981633974483	2.0	R	-7.783014297485352	7.398046016693115	-4.636747360229492	3.512044668197632	2.019582509994507	0.5375734567642212	1.6956936120986938	5.527071952819824
216.371	2.9509999999999934	trials	[216.472      217.3552     218.077      218.85693333]	[1. 1. 1. 1.]	4	4.0	0.7853981633974483	2.0	R	-3.273547649383545	6.080824375152588	-7.850284099578857	8.09415054321289	-6.5438551902771	3.2678427696228027	-4.520880699157715	-1.3046371936798096
220.326	2.912000000000006	trials	[220.42683333 221.26893333 222.0318     222.6744    ]	[1. 1. 1. 1.]	4	4.0	0.7853981633974483	2.0	R	-8.754240036010742	-3.9652137756347656	-7.67459774017334	3.7930145263671875	-2.470521926879883	2.3722918033599854	-7.228682994842529	-5.314747333526611
224.241	2.9209999999999923	trials	[224.34253333 225.19166667 225.88536667 226.6242    ]	[1. 1. 1. 1.]	4	4.0	0.7853981633974483	2.0	R	5.766620635986328	-4.0033063888549805	2.582763671875	-0.1480429321527481	-5.412425518035889	-0.09822254627943039	-1.206673502922058	2.605783700942993
228.165	2.9920000000000186	trials	[228.2663 229.2337 230.0056 230.6452]	[1. 1. 1. 1.]	4	4.0	0.7853981633974483	2.0	R	-2.4028897285461426	7.460582256317139	3.540053606033325	1.978873372077942	6.311356544494629	6.140589714050293	1.4514973163604736	7.316076278686523
232.161	2.9070000000000107	trials	[232.2622     233.01006667 233.86316667 234.5589    ]	[1. 1. 1. 1.]	4	4.0	0.7853981633974483	2.0	R	-2.806100845336914	4.694462776184082	-0.8531478643417358	-0.6345517635345459	-6.284353256225586	2.279010534286499	-2.682629346847534	-1.1890705823898315
236.072	3.0689999999999884	trials	[236.1729     237.2125     237.95833333 238.61396667]	[1. 1. 1. 1.]	4	4.0	0.7853981633974483	2.0	R	2.8333539962768555	-1.4148045778274536	7.397476673126221	0.6269558668136597	4.211591720581055	4.480543613433838	-0.6568083167076111	5.620140075683594
240.145	3.0319999999999823	trials	[240.24603333 241.05003333 241.843      242.5698    ]	[1. 1. 1. 1.]	4	4.0	0.7853981633974483	2.0	R	-5.419526100158691	7.14215087890625	-7.657994747161865	-3.3419439792633057	-1.1060582399368286	1.1141914129257202	7.428755760192871	4.455990791320801
244.181	2.72799999999998	trials	[244.28203333 245.09606667 245.77676667 246.4454    ]	[1. 1. 1. 1.]	4	4.0	0.7853981633974483	2.0	R	3.6538631916046143	7.734738349914551	1.2665783166885376	3.3414628505706787	-8.149348258972168	3.3751001358032227	-6.133244514465332	-1.200413465499878
247.912	2.8889999999999816	trials	[248.0133     248.79323333 249.59123333 250.2238    ]	[1. 1. 1. 1.]	4	4.0	0.7853981633974483	2.0	R	-8.37315559387207	-5.670625686645508	-2.9554805755615234	-4.640969753265381	1.7190091609954834	-6.415553092956543	7.128283500671387	-7.505289077758789
251.805	3.679000000000002	trials	[nan nan nan nan]	[nan nan nan nan]	4				R	0.0	0.0	0.0	0.0	0.0	0.0	0.0	0.0
256.487	18.939999999999998	trials	[256.5886     273.56173333 274.3186     274.9271    ]	[1. 1. 1. 1.]	4	4.0	0.7853981633974483	2.0	R	-6.968029975891113	1.4856714010238647	-3.5323173999786377	-2.146942138671875	-7.470831394195557	-5.227219104766846	-5.057803630828857	-0.8480299711227417
276.431	3.1999999999999886	trials	[276.5321     277.53156667 278.4248     279.02226667]	[1. 1. 1. 1.]	4	4.0	0.7853981633974483	2.0	R	2.7097020149230957	8.808024406433105	6.972527027130127	1.2619786262512207	3.300830602645874	4.655891418457031	-1.0473711490631104	7.1243205070495605
280.634	2.6370000000000005	trials	[280.73553333 281.2889     281.99166667 282.6623    ]	[1. 1. 1. 1.]	4	4.0	0.7853981633974483	2.0	R	-4.097604274749756	3.1624929904937744	-8.911483764648438	-3.9144229888916016	-4.254538059234619	-2.094297170639038	-5.203653335571289	6.916479110717773
284.274	3.1270000000000095	trials	[284.37556667 285.24673333 286.16903333 286.87176667]	[1. 1. 1. 1.]	4	4.0	0.7853981633974483	2.0	R	-7.196194648742676	2.330655336380005	0.5689910054206848	-8.581886291503906	4.948636531829834	-6.169686794281006	2.412651538848877	-1.8605362176895142
288.405	3.518000000000029	trials	[288.50583333 289.41206667 290.23913333 291.13233333]	[1. 1. 1. 1.]	4	4.0	0.7853981633974483	2.0	R	2.438123941421509	3.1393988132476807	-3.5456690788269043	8.781355857849121	-4.661532402038574	3.907460927963257	7.623408317565918	5.8204731941223145
292.927	2.849999999999966	trials	[293.02803333 293.75483333 294.43553333 295.25656667]	[1. 1. 1. 1.]	4	4.0	0.7853981633974483	2.0	R	2.866291046142578	4.281045913696289	-4.017549514770508	0.3505933880805969	4.788610935211182	-4.265126705169678	4.150894641876221	0.9258320331573486
296.78	2.802000000000021	trials	[296.8816     297.87206667 298.54976667 299.08106667]	[1. 1. 1. 1.]	4	4.0	0.7853981633974483	2.0	R	8.807519912719727	4.462749481201172	3.8235924243927	4.863335609436035	-0.7536781430244446	2.851224184036255	1.8349114656448364	7.128981113433838
300.586	3.051999999999964	trials	[nan nan nan nan]	[nan nan nan nan]	4				R	0.0	0.0	0.0	0.0	0.0	0.0	0.0	0.0
304.642	2.9879999999999995	trials	[304.74313333 305.5451     306.2238     307.00373333]	[1. 1. 1. 1.]	4	4.0	0.7853981633974483	2.0	R	4.630824565887451	1.6704163551330566	7.077308654785156	6.031002998352051	2.710193634033203	8.465814590454102	7.464860916137695	2.0322718620300293
308.634	2.825999999999965	trials	[308.73503333 309.50996667 310.2508     310.8914    ]	[1. 1. 1. 1.]	4	4.0	0.7853981633974483	2.0	R	5.617584228515625	6.67851448059082	1.593117117881775	3.7114169597625732	-2.6293654441833496	1.0336118936538696	-5.720546722412109	-8.769387245178223
312.463	3.257000000000005	trials	[312.56453333 313.40163333 314.1154     314.73793333]	[1. 1. 1. 1.]	4	4.0	0.7853981633974483	2.0	R	4.564822673797607	-2.0635619163513184	1.0805583000183105	1.5225085020065308	-3.68642520904541	0.013910324312746525	5.780574321746826	8.715222358703613
316.724	2.6860000000000355	trials	[316.82513333 317.68426667 318.3519     318.94036667]	[1. 1. 1. 1.]	4	4.0	0.7853981633974483	2.0	R	1.1357059478759766	6.864493370056152	-1.0446394681930542	2.364927291870117	-5.568819999694824	0.23612718284130096	-7.681570053100586	-4.2955708503723145
320.413	2.8279999999999745	trials	[320.51426667 321.3724     322.02703333 322.67063333]	[1. 1. 1. 1.]	4	4.0	0.7853981633974483	2.0	R	-3.248873710632324	-6.608837604522705	1.3955916166305542	-4.7570977210998535	5.522237777709961	-7.580356597900391	2.1597068309783936	-3.879899024963379
324.245	2.9279999999999973	trials	[324.3458     325.21293333 325.97883333 326.5663    ]	[1. 1. 1. 1.]	4	4.0	0.7853981633974483	2.0	R	6.862237453460693	-5.578782558441162	2.1120855808258057	-4.017995357513428	6.312882900238037	-1.3062975406646729	3.418459892272949	2.770750045776367
328.176	3.2350000000000136	trials	[nan nan nan nan]	[nan nan nan nan]	4				R	0.0	0.0	0.0	0.0	0.0	0.0	0.0	0.0
332.415	2.888999999999953	trials	[332.51606667 333.43333333 334.16116667 334.8659    ]	[1. 1. 1. 1.]	4	4.0	0.7853981633974483	2.0	R	-1.5460163354873657	3.2511165142059326	-5.896662712097168	5.715234279632568	-4.037757873535156	1.073631763458252	-2.5462100505828857	-3.698714017868042
336.307	2.9799999999999613	trials	[336.40873333 337.39016667 338.0478     338.7726    ]	[1. 1. 1. 1.]	4	4.0	0.7853981633974483	2.0	R	-4.498924255371094	4.033268928527832	-3.5808894634246826	-0.8817295432090759	4.40410852432251	2.4685890674591064	-0.351386696100235	4.01301908493042
340.29	3.103999999999985	trials	[340.3916     341.4743     342.21413333 342.8818    ]	[1. 1. 1. 1.]	4	4.0	0.7853981633974483	2.0	R	-8.357562065124512	0.6815680861473083	-4.359572410583496	-2.3211100101470947	-1.1255369186401367	-6.134378433227539	3.831181287765503	-5.477914810180664
344.398	2.6829999999999927	trials	[344.4988     345.23563333 345.8602     346.57096667]	[1. 1. 1. 1.]	4	4.0	0.7853981633974483	2.0	R	-1.4437527656555176	-7.787233829498291	3.0752530097961426	-5.647470474243164	7.802913188934326	-4.019824981689453	3.526146173477173	-1.4295998811721802
348.085	3.080000000000041	trials	[348.18596667 349.11526667 349.82303333 350.51373333]	[1. 1. 1. 1.]	4	4.0	0.7853981633974483	2.0	R	1.392970085144043	3.0925190448760986	-4.184887886047363	2.5459470748901367	-5.662158966064453	-2.230837345123291	-4.530664920806885	-7.965158462524414
352.169	2.4460000000000264	trials	[352.2701     352.73626667 353.45103333 354.0435    ]	[1. 1. 1. 1.]	4	4.0	0.7853981633974483	2.0	R	-1.9232040643692017	-3.698878049850464	-1.7050600051879883	-8.694117546081543	2.018296718597412	-5.356960773468018	-5.047061920166016	-8.143948554992676
355.618	2.2800000000000296	trials	[355.71966667 356.0194     356.663      357.31263333]	[1. 1. 1. 1.]	4	4.0	0.7853981633974483	2.0	R	-1.5596826076507568	-4.560907363891602	-4.665985107421875	-8.478927612304688	0.10172159969806671	-6.972617149353027	5.062123775482178	-7.600639343261719
358.902	2.8210000000000264	trials	[359.0028     359.8429     360.67096667 361.27243333]	[1. 1. 1. 1.]	4	4.0	0.7853981633974483	2.0	R	7.302620887756348	-3.130721092224121	4.9612226486206055	1.2871805429458618	1.0612003803253174	4.416050434112549	-3.240032911300659	6.96544075012207
362.726	2.6750000000000114	trials	[362.8273     363.58016667 364.37716667 364.93856667]	[1. 1. 1. 1.]	4	4.0	0.7853981633974483	2.0	R	-7.6018829345703125	4.521209716796875	-7.817253112792969	-0.4741494953632355	-3.1023974418640137	-2.138522148132324	-0.08579996228218079	1.8489758968353271
366.404	2.5459999999999923	trials	[366.50543333 367.18213333 367.87383333 368.48936667]	[1. 1. 1. 1.]	4	4.0	0.7853981633974483	2.0	R	-4.413714408874512	-0.6548527479171753	2.5812079906463623	-0.6364001631736755	1.687251091003418	-5.555835247039795	-0.6594594120979309	-1.0190083980560303
369.954	3.0439999999999827	trials	[370.05523333 370.9625     371.7294     372.55346667]	[1. 1. 1. 1.]	4	4.0	0.7853981633974483	2.0	R	-6.818971157073975	-1.6042661666870117	-7.219598293304443	5.746720314025879	-8.134668350219727	-2.1775424480438232	-6.5962419509887695	-6.934983253479004
374.001	2.7590000000000146	trials	[374.1023     374.73486667 375.4336     376.1113    ]	[1. 1. 1. 1.]	4	4.0	0.7853981633974483	2.0	R	-1.7548880577087402	-5.685466766357422	4.090274810791016	-6.299831867218018	8.325919151306152	-8.956769943237305	5.618795394897461	-4.753023624420166
377.763	0.7280000000000086	trials	[377.86463333          nan          nan          nan]	[ 1. nan nan nan]	4	1.0	0.7853981633974483	2.0	A	-0.6155487298965454	-6.514835834503174	-7.045123100280762	0.7359578013420105	-8.764359474182129	-3.959169864654541	0.17457729578018188	5.522680759429932
379.495	3.5090000000000146	trials	[379.59593333 380.48913333 381.33423333 382.4059    ]	[1. 1. 1. 1.]	4	4.0	0.7853981633974483	2.0	R	7.111136436462402	-3.967082977294922	3.5558269023895264	-0.4514356851577759	-6.38443660736084	6.531810283660889	-2.869469165802002	2.9758288860321045
384.008	3.3450000000000273	trials	[nan nan nan nan]	[nan nan nan nan]	4				R	0.0	0.0	0.0	0.0	0.0	0.0	0.0	0.0
388.357	2.9899999999999523	trials	[nan nan nan nan]	[nan nan nan nan]	4				R	0.0	0.0	0.0	0.0	0.0	0.0	0.0	0.0
392.351	2.887999999999977	trials	[392.45183333 393.41123333 394.13803333 394.8137    ]	[1. 1. 1. 1.]	4	4.0	0.7853981633974483	2.0	R	-0.6739542484283447	8.76920223236084	-5.478108882904053	7.383525848388672	-2.172210454940796	3.63238787651062	-0.4530683159828186	-1.0627745389938354
396.242	2.6129999999999995	trials	[396.3435     397.1094     397.77003333 398.34246667]	[1. 1. 1. 1.]	4	4.0	0.7853981633974483	2.0	R	-7.090503215789795	-3.733517646789551	-3.66316819190979	-0.09299906343221664	-6.0084309577941895	-4.713467121124268	-1.550337314605713	-2.4495317935943604
399.858	2.7830000000000155	trials	[399.95946667 400.7775     401.60256667 402.17096667]	[1. 1. 1. 1.]	4	4.0	0.7853981633974483	2.0	R	2.725574254989624	0.142104834318161	-5.341035842895508	6.885170936584473	-5.112716197967529	1.8903868198394775	-1.975858449935913	-2.003213405609131
403.645	2.9700000000000273	trials	[403.74586667 404.46266667 405.1293     405.79596667]	[1. 1. 1. 1.]	4	4.0	0.7853981633974483	2.0	R	-3.3344008922576904	-6.8151116371154785	1.3987343311309814	-5.203456878662109	6.379247665405273	-5.644460678100586	4.895893096923828	7.286133766174316
407.619	2.6649999999999636	trials	[407.71973333 408.36533333 409.00993333 409.68963333]	[1. 1. 1. 1.]	4	4.0	0.7853981633974483	2.0	R	0.5715778470039368	4.776094436645508	-2.3503997325897217	8.833438873291016	-6.852607250213623	6.658553600311279	-6.220048904418945	1.6987279653549194
411.288	2.4850000000000136	trials	[411.38886667 411.9713     412.59283333 413.25246667]	[1. 1. 1. 1.]	4	4.0	0.7853981633974483	2.0	R	-4.850880146026611	-3.1101572513580322	-3.281261444091797	-7.85739803314209	1.227116346359253	-5.239410400390625	5.670087814331055	-2.9459404945373535
414.776	2.8859999999999673	trials	[414.8775     415.77673333 416.46846667 417.0539    ]	[1. 1. 1. 1.]	4	4.0	0.7853981633974483	2.0	R	6.953519821166992	1.8865331411361694	2.0380706787109375	0.970913290977478	-2.422745943069458	3.229478120803833	5.971122741699219	-3.6149535179138184
418.666	2.7069999999999936	trials	[418.76716667 419.45286667 420.0233     420.80923333]	[1. 1. 1. 1.]	4	4.0	0.7853981633974483	2.0	R	2.6003620624542236	0.07800912111997604	1.9063313007354736	-4.873588562011719	5.942495346069336	-7.82475471496582	3.495058536529541	-3.464702606201172
422.376	2.625	trials	[422.47736667 423.15606667 423.83473333 424.56153333]	[1. 1. 1. 1.]	4	4.0	0.7853981633974483	2.0	R	-0.6977894902229309	-0.7407301068305969	-2.8261027336120605	6.055524826049805	0.05927516892552376	1.9720710515975952	0.9160512685775757	-2.9539754390716553
426.004	0.8449999999999704	trials	[426.10536667          nan          nan          nan]	[ 1. nan nan nan]	4	1.0	0.7853981633974483	2.0	A	5.107212066650391	-8.135917663574219	2.7543094158172607	-3.724132537841797	8.00537109375	-3.685586452484131	4.476271152496338	-0.1436302810907364
427.853	3.197999999999979	trials	[427.95396667 429.08176667 429.7715     430.48826667]	[1. 1. 1. 1.]	4	4.0	0.7853981633974483	2.0	R	0.0	0.0	4.779710292816162	-1.4677764177322388	-4.70498514175415	-1.2311606407165527	-5.4667863845825195	-6.352909088134766
432.054	2.7320000000000277	trials	[432.1554     432.42706667 433.3584     434.0501    ]	[1. 1. 1. 1.]	4	4.0	0.7853981633974483	2.0	R	-1.3917673826217651	-3.4556310176849365	-0.5688904523849487	2.6178512573242188	1.2311054468154907	7.282614231109619	-1.971574306488037	3.4429733753204346
435.789	6.391999999999996	trials	[435.89066667 439.91666667 440.75573333 441.57076667]	[1. 1. 1. 1.]	4	4.0	0.7853981633974483	2.0	R	-6.959489345550537	3.790398120880127	-7.459850788116455	-1.1845027208328247	-8.894128799438477	-5.974371910095215	-6.884330749511719	0.9417006969451904
443.185	3.0079999999999814	trials	[443.28603333 443.86446667 444.90003333 445.5356    ]	[1. 1. 1. 1.]	4	4.0	0.7853981633974483	2.0	R	-1.9722206592559814	0.008332602679729462	0.19638293981552124	-6.349922180175781	-2.0109784603118896	-1.8635475635528564	-7.8824462890625	-7.027410507202148
447.197	1.8190000000000168	trials	[447.298      447.71303333          nan          nan]	[ 1.  1. nan nan]	4	2.0	0.7853981633974483	2.0	F	-4.208561420440674	-3.635866641998291	-3.7760932445526123	-8.617128372192383	6.591759204864502	-2.2389309406280518	2.4457852840423584	0.5558675527572632
450.02	6.213999999999999	trials	[450.121      454.14296667 454.8778     455.5966    ]	[1. 1. 1. 1.]	4	4.0	0.7853981633974483	2.0	R	6.2691168785095215	-1.604034423828125	3.236873149871826	2.3715786933898926	-2.0964105129241943	-7.991779327392578	0.7417291402816772	-3.8753533363342285
457.238	3.180999999999983	trials	[457.3389     458.1339     458.9108     459.56843333]	[1. 1. 1. 1.]	4	4.0	0.7853981633974483	2.0	R	-4.013602256774902	-1.6969740390777588	-3.6650290489196777	-6.684808731079102	1.2433949708938599	-7.637370586395264	-5.478419303894043	4.460361957550049
461.422	3.704999999999984	trials	[nan nan nan nan]	[nan nan nan nan]	4				R	0.0	0.0	0.0	0.0	0.0	0.0	0.0	0.0
466.131	3.583000000000027	trials	[nan nan nan nan]	[nan nan nan nan]	4				R	0.0	0.0	0.0	0.0	0.0	0.0	0.0	0.0
470.717	3.1750000000000114	trials	[470.81836667 471.82686667 472.53563333 473.3637    ]	[1. 1. 1. 1.]	4	4.0	0.7853981633974483	2.0	R	-8.416746139526367	6.637564659118652	-5.333503246307373	2.701371908187866	2.815143585205078	2.811211585998535	7.459455490112305	4.663336277008057
474.896	3.2789999999999964	trials	[nan nan nan nan]	[nan nan nan nan]	4				R	0.0	0.0	0.0	0.0	0.0	0.0	0.0	0.0
479.178	3.0880000000000223	trials	[479.27936667 480.2157     480.91643333 481.65026667]	[1. 1. 1. 1.]	4	4.0	0.7853981633974483	2.0	R	8.577537536621094	-6.684920310974121	5.303728103637695	-2.9057443141937256	8.898591041564941	-7.180268287658691	5.599204063415527	-3.423401117324829
483.269	3.2029999999999745	trials	[483.37053333 484.2497     484.8502     485.8166    ]	[1. 1. 1. 1.]	4	4.0	0.7853981633974483	2.0	R	5.477085113525391	1.575107216835022	2.4249942302703857	-2.385289430618286	-2.399810552597046	8.131205558776855	-3.556584119796753	-1.1216933727264404
487.476	3.033999999999992	trials	[487.57696667 488.34086667 489.01653333 489.61203333]	[1. 1. 1. 1.]	4	4.0	0.7853981633974483	2.0	R	-2.961768627166748	-6.08618688583374	1.8508542776107788	-7.442159175872803	6.238156795501709	-5.043914794921875	1.5458686351776123	8.490656852722168
491.514	3.194999999999993	trials	[491.615      492.418      493.25006667 493.9508    ]	[1. 1. 1. 1.]	4	4.0	0.7853981633974483	2.0	R	-6.5048909187316895	3.9197306632995605	-5.418106555938721	-5.206981658935547	1.8533512353897095	-7.492001533508301	6.7684197425842285	1.6085478067398071
495.712	3.3110000000000355	trials	[495.8134     496.67556667 497.3813     498.059     ]	[1. 1. 1. 1.]	4	4.0	0.7853981633974483	2.0	R	2.93430233001709	4.817838191986084	-6.248741149902344	-2.624746799468994	-2.2899115085601807	-5.67887020111084	8.36895751953125	1.2858961820602417
500.027	2.673000000000002	trials	[500.12813333 500.85093333 501.4875     502.1271    ]	[1. 1. 1. 1.]	4	4.0	0.7853981633974483	2.0	R	-0.8524507880210876	-5.96499490737915	3.8929061889648438	-4.3896894454956055	5.932534217834473	0.175386443734169	1.9072277545928955	3.1413445472717285
503.703	2.705000000000041	trials	[503.80426667 504.45686667 505.0694     505.90146667]	[1. 1. 1. 1.]	4	4.0	0.7853981633974483	2.0	R	-3.146669864654541	-0.2821357250213623	-7.705691337585449	1.7709894180297852	-7.616244792938232	-3.22821044921875	-4.831560134887695	-7.380984306335449
507.411	2.9320000000000164	trials	[507.51246667 508.16406667 508.96806667 509.65676667]	[1. 1. 1. 1.]	4	4.0	0.7853981633974483	2.0	R	-0.8746481537818909	-4.324377536773682	5.039660930633545	-6.622723579406738	-0.4318450689315796	-4.545245170593262	8.664989471435547	-4.408452033996582
511.347	2.5610000000000355	trials	[511.44823333 512.06276667 512.78856667 513.43616667]	[1. 1. 1. 1.]	4	4.0	0.7853981633974483	2.0	R	3.731119394302368	-3.5979442596435547	-1.2688041925430298	-3.625572443008423	1.2181446552276611	0.7120634913444519	0.7765088677406311	5.692521095275879
514.912	3.363999999999919	trials	[515.01306667 516.0757     516.92483333 517.67266667]	[1. 1. 1. 1.]	4	4.0	0.7853981633974483	2.0	R	-4.01553201675415	7.1195268630981445	6.042715549468994	8.649640083312988	2.1360018253326416	5.5291290283203125	-6.076241493225098	-3.897348165512085
519.28	3.5430000000000064	trials	[519.38093333 520.8676     521.56833333 522.24803333]	[1. 1. 1. 1.]	4	4.0	0.7853981633974483	2.0	R	-0.5502296686172485	8.346600532531738	-5.410762786865234	7.173903465270996	-2.9778313636779785	2.8057405948638916	-8.672138214111328	5.699235916137695
523.827	2.7060000000000173	trials	[523.9282     524.54873333 525.38983333 526.03043333]	[1. 1. 1. 1.]	4	4.0	0.7853981633974483	2.0	R	-6.973016738891602	0.996791422367096	-4.381366729736328	-8.187555313110352	-5.602822780609131	-1.7918288707733154	-2.713651418685913	-5.8725996017456055
527.536	3.0300000000000864	trials	[527.6374     528.46246667 529.18023333 529.84086667]	[1. 1. 1. 1.]	4	4.0	0.7853981633974483	2.0	R	1.8071389198303223	-8.008589744567871	3.1169803142547607	-3.1832072734832764	7.547296524047852	-5.501029014587402	2.9639997482299805	4.396989345550537
531.569	2.7730000000000246	trials	[531.67043333 532.32203333 533.01176667 533.72353333]	[1. 1. 1. 1.]	4	4.0	0.7853981633974483	2.0	R	-1.4254335165023804	2.0026466846466064	-6.26041316986084	-7.4989752769470215	-3.536696672439575	-3.3059613704681396	5.4741668701171875	-4.584704875946045
535.346	2.8460000000000036	trials	[nan nan nan nan]	[nan nan nan nan]	4				R	0.0	0.0	0.0	0.0	0.0	0.0	0.0	0.0
539.195	2.9189999999999827	trials	[539.29636667 540.06326667 540.8031     541.42063333]	[1. 1. 1. 1.]	4	4.0	0.7853981633974483	2.0	R	2.2622578144073486	7.377640247344971	-2.32673978805542	5.392419338226318	-2.0375449657440186	0.400789737701416	5.454144477844238	-7.888675689697266
543.118	3.0149999999999864	trials	[543.2191     544.1935     544.8742     545.49573333]	[1. 1. 1. 1.]	4	4.0	0.7853981633974483	2.0	R	3.267202377319336	1.4194021224975586	0.9818565845489502	5.866558074951172	-3.453425645828247	8.1748628616333	-1.6946427822113037	-3.6092746257781982
547.137	3.062000000000012	trials	[547.23806667 548.19343333 548.9483     549.59593333]	[1. 1. 1. 1.]	4	4.0	0.7853981633974483	2.0	R	1.7110085487365723	8.608504295349121	-0.8693379163742065	4.325770378112793	-3.470324993133545	8.596000671386719	-8.467947006225586	8.750204086303711
551.203	3.0850000000000364	trials	[551.30416667 552.13623333 552.99436667 553.62993333]	[1. 1. 1. 1.]	4	4.0	0.7853981633974483	2.0	R	-6.950955867767334	3.985884428024292	-2.6014692783355713	1.5197199583053589	-4.247071743011475	-3.2017197608947754	1.9748400449752808	3.5920357704162598
555.291	3.294999999999959	trials	[555.3923     556.25746667 557.3201     557.91556667]	[1. 1. 1. 1.]	4	4.0	0.7853981633974483	2.0	R	1.0691838264465332	8.509330749511719	-3.155691146850586	-4.188482761383057	3.1214122772216797	-5.014533996582031	0.8764942288398743	6.06456995010376
559.59	2.923999999999978	trials	[559.69096667 560.43483333 561.12153333 561.88743333]	[1. 1. 1. 1.]	4	4.0	0.7853981633974483	2.0	R	-2.9022040367126465	2.7902088165283203	2.4165568351745605	7.053642272949219	7.676926612854004	8.180933952331543	3.216521978378296	4.629556179046631
563.517	2.048999999999978	trials	[563.61873333 563.82223333 564.43776667 565.08936667]	[1. 1. 1. 1.]	4	4.0	0.7853981633974483	2.0	R	1.2746081352233887	0.022065632045269012	1.5127876996994019	5.0163893699646	-4.12821626663208	4.575949668884277	-8.040000915527344	1.4617981910705566
566.569	2.66700000000003	trials	[566.6703     567.2377     567.97353333 568.74143333]	[1. 1. 1. 1.]	4	4.0	0.7853981633974483	2.0	R	-4.274250030517578	-1.8274445533752441	-5.979212760925293	3.8483331203460693	-5.521068572998047	-1.1306331157684326	-1.119336485862732	1.241023063659668
570.239	2.562000000000012	trials	[570.3404     570.99203333 571.56946667 572.2301    ]	[1. 1. 1. 1.]	4	4.0	0.7853981633974483	2.0	R	-5.631356239318848	-0.9134327173233032	-7.868023872375488	-5.385268688201904	-3.1387600898742676	-3.76228928565979	-7.548711776733398	-6.118627071380615
573.804	2.8759999999999764	trials	[573.90526667 574.67816667 575.26663333 575.9824    ]	[1. 1. 1. 1.]	4	4.0	0.7853981633974483	2.0	R	-2.8602967262268066	-7.856086730957031	0.29624828696250916	-3.9784295558929443	-5.309101581573486	-4.836593151092529	8.4447603225708	-7.765952110290527
577.684	3.2660000000000764	trials	[577.7849     578.5558     579.69663333 580.3322    ]	[1. 1. 1. 1.]	4	4.0	0.7853981633974483	2.0	R	3.4935648441314697	-7.069056510925293	-8.680644989013672	-3.086510181427002	-5.023238658905029	-6.4958176612854	-5.075433254241943	0.7004958987236023
581.953	3.183999999999969	trials	[582.0545     583.05596667 583.70056667 584.56873333]	[1. 1. 1. 1.]	4	4.0	0.7853981633974483	2.0	R	0.015599798411130905	7.819860458374023	-4.9821696281433105	7.9691901206970215	6.8539862632751465	6.748506546020508	2.296276569366455	4.692471504211426
586.141	3.064000000000078	trials	[nan nan nan nan]	[nan nan nan nan]	4				R	0.0	0.0	0.0	0.0	0.0	0.0	0.0	0.0
590.209	2.5960000000000036	trials	[590.30996667 590.98766667 591.70043333 592.26183333]	[1. 1. 1. 1.]	4	4.0	0.7853981633974483	2.0	R	-0.4668506979942322	0.4557313919067383	-3.753265857696533	-3.312487840652466	-5.989650249481201	-7.784465312957764	-4.342947483062744	-3.0634093284606934
593.809	2.7490000000000236	trials	[593.90993333 594.6628     595.26426667 595.89083333]	[1. 1. 1. 1.]	4	4.0	0.7853981633974483	2.0	R	0.49107760190963745	-4.3409857749938965	5.485258102416992	-4.099820613861084	2.865631341934204	0.15900030732154846	8.314546585083008	8.762899398803711
597.561	3.173000000000002	trials	[597.66223333 598.46723333 599.44266667 600.16443333]	[1. 1. 1. 1.]	4	4.0	0.7853981633974483	2.0	R	5.886090278625488	4.392247200012207	-7.590975284576416	8.99644947052002	-3.8498928546905518	5.6791768074035645	-2.227254629135132	0.9497956037521362
601.737	2.633000000000038	trials	[601.8386     602.59246667 603.30023333 603.90373333]	[1. 1. 1. 1.]	4	4.0	0.7853981633974483	2.0	R	2.2091662883758545	-2.178889274597168	6.315005779266357	-5.219550132751465	2.227540969848633	-2.339857339859009	-3.1059978008270264	-4.875221252441406
605.373	2.9869999999999663	trials	[605.47463333 606.24753333 607.22496667 607.86756667]	[1. 1. 1. 1.]	4	4.0	0.7853981633974483	2.0	R	-6.6353983879089355	-8.417231559753418	-5.915443420410156	-1.5662932395935059	-1.0164908170700073	-2.5664243698120117	3.0341122150421143	-5.497740268707275
609.363	2.796999999999912	trials	[609.46453333 610.06703333 610.75173333 611.5106    ]	[1. 1. 1. 1.]	4	4.0	0.7853981633974483	2.0	R	-1.8185853958129883	0.08129780739545822	-1.7309112548828125	5.08052921295166	4.6371564865112305	8.377824783325195	5.210683345794678	-0.5234516859054565
613.164	2.4460000000000264	trials	[613.26496667 614.21533333 614.85993333          nan]	[ 1.  1.  1. nan]	4	3.0	0.7853981633974483	2.0	A	4.4544196128845215	4.4190239906311035	8.627641677856445	7.172969341278076	8.145033836364746	-5.633790969848633	4.479820728302002	-2.232877254486084
616.613	3.2199999999999136	trials	[616.71453333 617.74406667 618.50496667 619.30596667]	[1. 1. 1. 1.]	4	4.0	0.7853981633974483	2.0	R	6.048422336578369	-1.0946035385131836	6.029303073883057	5.0144758224487305	5.488280296325684	-7.387415885925293	2.995115280151367	-3.053349733352661
620.837	3.062000000000012	trials	[620.938  621.6989 622.4257 623.3129]	[1. 1. 1. 1.]	4	4.0	0.7853981633974483	2.0	R	4.879537105560303	1.5779517889022827	5.935910701751709	6.465085506439209	1.7997568845748901	3.655773878097534	6.930345058441162	7.3553466796875
624.903	2.6059999999999945	trials	[625.0041     625.6838     626.35246667 627.0552    ]	[1. 1. 1. 1.]	4	4.0	0.7853981633974483	2.0	R	2.9385578632354736	4.344427108764648	4.811331272125244	8.980451583862305	1.0739526748657227	5.659005641937256	-1.9485297203063965	1.6759666204452515
628.513	2.865000000000009	trials	[628.61406667 629.42506667 630.10076667 630.9248    ]	[1. 1. 1. 1.]	4	4.0	0.7853981633974483	2.0	R	-6.6239914894104	-0.09605466574430466	-8.430096626281738	-4.758455753326416	-3.4805595874786377	-4.049880504608154	1.516945242881775	-4.207823753356934
632.381	3.1019999999999754	trials	[632.48266667 633.36083333 634.22096667 634.8786    ]	[1. 1. 1. 1.]	4	4.0	0.7853981633974483	2.0	R	-6.708155632019043	0.2530164420604706	-1.2993580102920532	-3.0559380054473877	-0.405870646238327	1.8635823726654053	-5.540771007537842	6.105915069580078
636.487	3.1550000000000864	trials	[636.58786667 637.72266667 638.4525     639.067     ]	[1. 1. 1. 1.]	4	4.0	0.7853981633974483	2.0	R	0.32090991735458374	8.771126747131348	0.005060449708253145	3.7811131477355957	4.648099899291992	5.6364264488220215	-2.0827317237854004	8.383645057678223
640.646	3.004000000000019	trials	[640.74716667 641.6454     642.27796667 643.0499    ]	[1. 1. 1. 1.]	4	4.0	0.7853981633974483	2.0	R	4.511491298675537	6.94484806060791	-1.621251106262207	2.3606925010681152	7.010612487792969	2.5268852710723877	4.14265775680542	6.622594833374023
644.654	2.8630000000000564	trials	[644.75513333 645.505      646.09143333 646.73203333]	[1. 1. 1. 1.]	4	4.0	0.7853981633974483	2.0	R	0.06007571890950203	3.7359836101531982	-4.112524032592773	0.9810952544212341	-1.4214954376220703	-3.2329721450805664	8.021891593933105	6.9346795082092285
648.52	2.8640000000000327	trials	[648.62173333 649.4508     650.16356667 650.80613333]	[1. 1. 1. 1.]	4	4.0	0.7853981633974483	2.0	R	4.693361282348633	3.2036092281341553	4.847707748413086	8.201226234436035	1.2677667140960693	4.71066427230835	4.5766167640686035	-3.249910354614258
652.387	2.6980000000000928	trials	[652.48833333 653.13993333 653.83366667 654.56146667]	[1. 1. 1. 1.]	4	4.0	0.7853981633974483	2.0	R	2.8348116874694824	1.436891794204712	5.0608134269714355	7.863158226013184	-3.6185057163238525	5.815357208251953	-8.428191184997559	4.449002742767334
656.088	3.0289999999999964	trials	[656.1895     656.9023     657.69423333 658.4792    ]	[1. 1. 1. 1.]	4	4.0	0.7853981633974483	2.0	R	-8.484371185302734	-0.5506815314292908	-6.169021129608154	-5.133213996887207	-1.251295804977417	-7.278881072998047	5.426884174346924	-8.763091087341309
660.12	2.80600000000004	trials	[660.22153333 660.8561     661.5388     662.16033333]	[1. 1. 1. 1.]	4	4.0	0.7853981633974483	2.0	R	3.7083237171173096	-4.067715644836426	5.125561714172363	0.7272231578826904	5.348053932189941	5.722270488739014	-7.675331115722656	1.8805172443389893
663.93	3.01400000000001	trials	[664.03096667 664.8821     665.58183333 666.40286667]	[1. 1. 1. 1.]	4	4.0	0.7853981633974483	2.0	R	0.10718436539173126	1.922511339187622	-7.115028381347656	6.41618013381958	1.248500943183899	7.621364116668701	-6.94968318939209	2.9917163848876953
667.948	2.3530000000000655	trials	[668.04896667 668.49806667 669.1597     669.81133333]	[1. 1. 1. 1.]	4	4.0	0.7853981633974483	2.0	R	-2.339927911758423	1.0551844835281372	2.462696075439453	2.4461565017700195	-2.1747941970825195	0.5770165920257568	2.1001315116882324	-2.0162460803985596
671.304	3.094000000000051	trials	[671.40526667 672.4198     673.1095     673.77416667]	[1. 1. 1. 1.]	4	4.0	0.7853981633974483	2.0	R	-5.189698696136475	4.065506935119629	0.8698956370353699	4.415175914764404	-3.9004967212677	5.912960052490234	-5.11356258392334	-4.6626200675964355
675.401	2.759999999999991	trials	[675.50246667 676.2403     676.98913333 677.6157    ]	[1. 1. 1. 1.]	4	4.0	0.7853981633974483	2.0	R	-0.6347853541374207	-6.885355472564697	6.562850475311279	-4.580534934997559	3.3072731494903564	-0.7856413125991821	7.370887279510498	-5.423333168029785
679.165	2.961999999999989	trials	[679.2658     680.1129     680.82566667 681.5615    ]	[1. 1. 1. 1.]	4	4.0	0.7853981633974483	2.0	R	-7.128839492797852	-2.7818760871887207	-6.824517250061035	4.448191165924072	-4.588909149169922	-0.024174857884645462	-0.40781986713409424	-3.927802085876465
683.13	1.9660000000000082	trials	[683.23163333 683.96446667 684.5399              nan]	[ 1.  1.  1. nan]	4	3.0	0.7853981633974483	2.0	A	-6.210534572601318	-7.9741926193237305	-3.524116039276123	-3.7571849822998047	-4.467833042144775	-8.667317390441895	-1.740324854850769	-4.476768493652344
686.1	6.65199999999993	trials	[686.201      690.66006667 691.5954     692.26906667]	[1. 1. 1. 1.]	4	4.0	0.7853981633974483	2.0	R	-0.42899611592292786	-4.674213886260986	-7.169129371643066	-2.235589027404785	-7.741665840148926	-7.202701091766357	-5.759143829345703	-2.612536907196045
693.756	3.0679999999999836	trials	[693.857      694.51966667 695.23543333 695.87303333]	[1. 1. 1. 1.]	4	4.0	0.7853981633974483	2.0	R	-0.8328879475593567	-1.7569650411605835	4.090823650360107	-0.8868716955184937	-0.5652467012405396	-5.790043830871582	-0.361557275056839	7.615793228149414
697.828	3.008000000000038	trials	[697.92913333 698.6459     699.39776667 700.24886667]	[1. 1. 1. 1.]	4	4.0	0.7853981633974483	2.0	R	-2.2446281909942627	2.9839420318603516	4.260319232940674	8.448031425476074	0.3057037591934204	5.388453006744385	4.790287971496582	-2.084491014480591
701.84	3.0599999999999454	trials	[701.94106667 702.96463333 703.7275     704.39716667]	[1. 1. 1. 1.]	4	4.0	0.7853981633974483	2.0	R	5.487524509429932	5.6200642585754395	0.7022480964660645	-6.713220119476318	-5.822914123535156	-6.915185451507568	-0.822918176651001	-6.921499252319336
705.904	2.995999999999981	trials	[706.00516667 706.89036667 707.65926667 708.356     ]	[1. 1. 1. 1.]	4	4.0	0.7853981633974483	2.0	R	3.6929588317871094	-4.775140762329102	7.705349445343018	-1.791732907295227	2.889842987060547	-0.44603636860847473	0.6753315925598145	4.036813259124756
709.904	2.784999999999968	trials	[710.0051 710.8151 711.4567 712.1394]	[1. 1. 1. 1.]	4	4.0	0.7853981633974483	2.0	R	-6.838498115539551	-1.4201754331588745	-4.288111209869385	-5.720818042755127	0.1442592889070511	-8.034708976745605	2.8521511554718018	-3.8314576148986816
713.692	2.893000000000029	trials	[713.7935     714.55136667 715.27216667 715.99496667]	[1. 1. 1. 1.]	4	4.0	0.7853981633974483	2.0	R	-8.583447456359863	-7.299805164337158	-3.587265729904175	-7.1044440269470215	3.7657058238983154	-4.060669898986816	8.104802131652832	-6.545069217681885
717.589	2.897999999999911	trials	[717.69016667 718.4701     719.3072     719.93273333]	[1. 1. 1. 1.]	4	4.0	0.7853981633974483	2.0	R	6.086306571960449	-1.97061026096344	2.2217202186584473	1.2019240856170654	0.24534478783607483	5.794737815856934	1.3154305219650269	0.9105885028839111
721.491	3.022000000000048	trials	[721.59186667 722.36376667 723.2179     723.9056    ]	[1. 1. 1. 1.]	4	4.0	0.7853981633974483	2.0	R	5.2736968994140625	-2.6318767070770264	1.7387758493423462	7.840672969818115	0.28962528705596924	1.2223858833312988	-2.847626209259033	6.1397504806518555
725.517	2.798999999999978	trials	[725.61786667 726.49703333 727.19876667 727.78523333]	[1. 1. 1. 1.]	4	4.0	0.7853981633974483	2.0	R	-6.978444576263428	3.322599411010742	-6.883283615112305	-1.6764949560165405	-3.978966474533081	-5.746500015258789	0.5700743794441223	-7.821645259857178
729.319	3.3659999999999854	trials	[nan nan nan nan]	[nan nan nan nan]	4				R	0.0	0.0	0.0	0.0	0.0	0.0	0.0	0.0
733.689	2.830000000000041	trials	[733.79013333 734.61316667 735.29686667 736.01166667]	[1. 1. 1. 1.]	4	4.0	0.7853981633974483	2.0	R	-0.31678763031959534	2.75677752494812	1.1545236110687256	7.535400867462158	6.207525730133057	-2.1002047061920166	2.7413928508758545	1.5033941268920898
737.522	3.2679999999999154	trials	[737.62366667 738.58703333 739.59553333 740.23313333]	[1. 1. 1. 1.]	4	4.0	0.7853981633974483	2.0	R	8.40308666229248	5.850727558135986	0.16379903256893158	-0.06807742267847061	4.79886531829834	1.8070648908615112	4.167234897613525	6.7670087814331055
741.794	2.6359999999999673	trials	[nan nan nan nan]	[nan nan nan nan]	4				R	0.0	0.0	0.0	0.0	0.0	0.0	0.0	0.0
745.433	3.0030000000000427	trials	[745.5343     746.39443333 747.11723333 747.9102    ]	[1. 1. 1. 1.]	4	4.0	0.7853981633974483	2.0	R	1.9771578311920166	-4.044893264770508	0.05229032039642334	0.5697451233863831	5.744638442993164	7.819436550140381	1.5886319875717163	5.039578914642334
749.439	2.80600000000004	trials	[749.54023333 750.34123333 750.99886667 751.7036    ]	[1. 1. 1. 1.]	4	4.0	0.7853981633974483	2.0	R	-3.3985960483551025	5.396729469299316	-7.9226155281066895	3.267587661743164	-5.729696273803711	-1.2258636951446533	-3.0290613174438477	-5.433781147003174
753.248	3.336999999999989	trials	[753.3497     754.09353333 754.9186     755.83986667]	[1. 1. 1. 1.]	4	4.0	0.7853981633974483	2.0	R	-6.845795631408691	-8.663724899291992	-3.2964694499969482	-5.142037868499756	7.7152485847473145	-0.6445521712303162	-4.938653945922852	-7.619086742401123
757.588	2.4640000000000555	trials	[757.68946667 758.15963333 758.7481     759.48693333]	[1. 1. 1. 1.]	4	4.0	0.7853981633974483	2.0	R	-1.4997377395629883	-3.9895060062408447	-3.8637051582336426	-8.39537239074707	-2.425706386566162	-3.606618881225586	-8.43733024597168	-6.8577728271484375
761.056	2.42999999999995	trials	[761.15706667 761.4448     762.32196667 763.01566667]	[1. 1. 1. 1.]	4	4.0	0.7853981633974483	2.0	R	-3.8937318325042725	-4.77073860168457	-8.64241886138916	-0.7461408376693726	-6.518035888671875	-5.272397518157959	-1.6537762880325317	-4.115255832672119
764.489	2.02699999999993	trials	[764.5906     765.30736667 765.98706667          nan]	[ 1.  1.  1. nan]	4	3.0	0.7853981633974483	2.0	A	0.3931770920753479	-8.677051544189453	2.4337387084960938	-4.112393379211426	4.713512897491455	-8.562407493591309	6.4511871337890625	0.7787412405014038
767.52	0.21400000000005548	trials	[767.6211      nan      nan      nan]	[ 1. nan nan nan]	4	1.0	0.7853981633974483	2.0	A	4.106834411621094	-3.5993499755859375	8.869662284851074	-5.121017932891846	4.1098713874816895	-3.589876890182495	-7.027352809906006	3.580580472946167
768.738	2.9209999999999354	trials	[768.83913333 769.68623333 770.29676667 771.0426    ]	[1. 1. 1. 1.]	4	4.0	0.7853981633974483	2.0	R	0.35646599531173706	-6.7308349609375	4.796996116638184	-4.432641983032227	-3.422426223754883	3.0124547481536865	-4.298728942871094	-1.9101557731628418
772.663	2.61099999999999	trials	[772.76386667 773.47463333 774.08113333 774.76986667]	[1. 1. 1. 1.]	4	4.0	0.7853981633974483	2.0	R	0.006982979364693165	-4.451975345611572	-2.5057952404022217	-8.774699211120605	1.8650093078613281	-6.346517562866211	7.067862510681152	-3.6822428703308105
776.278	2.663000000000011	trials	[776.37886667 777.1628     777.82643333 778.43596667]	[1. 1. 1. 1.]	4	4.0	0.7853981633974483	2.0	R	6.815901756286621	1.311404824256897	2.997615098953247	-1.9167039394378662	4.187095642089844	-6.773157119750977	1.3976266384124756	-2.6235952377319336
779.945	2.992999999999938	trials	[780.04596667 780.80283333 781.52863333 782.28653333]	[1. 1. 1. 1.]	4	4.0	0.7853981633974483	2.0	R	1.1074953079223633	-7.615170478820801	-2.5428483486175537	-1.95094895362854	6.878981113433838	0.88186115026474	4.14595365524292	5.068812370300293
783.942	2.842999999999961	trials	[784.04286667 784.70553333 785.48246667 786.24633333]	[1. 1. 1. 1.]	4	4.0	0.7853981633974483	2.0	R	0.10711979120969772	2.1213014125823975	-0.5289179086685181	-8.343057632446289	0.7931804060935974	-3.4705891609191895	1.5331926345825195	1.4743456840515137
787.788	3.0529999999999973	trials	[787.88943333 788.90593333 789.62673333 790.35153333]	[1. 1. 1. 1.]	4	4.0	0.7853981633974483	2.0	R	6.48237943649292	2.1853675842285156	3.79213547706604	6.399936199188232	-4.169421672821045	2.7888529300689697	-8.623246192932129	5.0611748695373535
791.844	2.883999999999901	trials	[791.9455     792.7194     793.43016667 794.2091    ]	[1. 1. 1. 1.]	4	4.0	0.7853981633974483	2.0	R	-8.22703742980957	0.07689777761697769	-3.8139376640319824	-2.27353835105896	-3.487950563430786	2.7158234119415283	-7.3990797996521	-0.3991512358188629
795.732	8.047000000000025	trials	[795.83313333 801.96536667 802.56986667 803.20443333]	[1. 1. 1. 1.]	4	4.0	0.7853981633974483	2.0	R	-5.587459087371826	-5.059412002563477	-1.2110826969146729	-7.477537155151367	2.1275455951690674	-3.755499839782715	-0.8973748087882996	0.22568795084953308
804.782	1.509999999999991	trials	[804.8836     805.65753333          nan          nan]	[ 1.  1. nan nan]	4	2.0	0.7853981633974483	2.0	A	3.662075996398926	2.277859687805176	3.957357168197632	7.2691330909729	2.0371007919311523	2.652574062347412	-1.0028998851776123	-2.164961099624634
807.296	2.921999999999912	trials	[nan nan nan nan]	[nan nan nan nan]	4				R	0.0	0.0	0.0	0.0	0.0	0.0	0.0	0.0
811.221	3.076000000000022	trials	[811.3226     812.31406667 812.9707     813.6253    ]	[1. 1. 1. 1.]	4	4.0	0.7853981633974483	2.0	R	3.7145073413848877	7.872591018676758	0.9490729570388794	3.7069733142852783	-2.583021879196167	7.245943069458008	-2.19771671295166	2.2608110904693604
815.3	2.893000000000029	trials	[815.40173333 816.21473333 817.02273333 817.67636667]	[1. 1. 1. 1.]	4	4.0	0.7853981633974483	2.0	R	-6.156036376953125	5.315594673156738	-1.8191012144088745	2.8274242877960205	-4.6772236824035645	-1.2751524448394775	-4.451531410217285	-6.270056247711182
819.196	2.8139999999999645	trials	[nan nan nan nan]	[nan nan nan nan]	4				R	0.0	0.0	0.0	0.0	0.0	0.0	0.0	0.0
823.014	2.782000000000039	trials	[823.11486667 823.8497     824.6537     825.2572    ]	[1. 1. 1. 1.]	4	4.0	0.7853981633974483	2.0	R	4.3089680671691895	-3.9226508140563965	5.0185112953186035	4.792329788208008	0.7000725269317627	2.2721941471099854	1.1132802963256836	-6.196142196655273
826.799	0.8020000000000209	trials	[826.90026667          nan          nan          nan]	[ 1. nan nan nan]	4	1.0	0.7853981633974483	2.0	A	5.401875972747803	-3.625549554824829	6.204833030700684	2.4098658561706543	4.457398414611816	-2.637507915496826	8.78106689453125	-5.148660659790039
828.605	3.02800000000002	trials	[828.70573333 829.55586667 830.22553333 831.09566667]	[1. 1. 1. 1.]	4	4.0	0.7853981633974483	2.0	R	7.054028511047363	-6.013273239135742	4.438395023345947	-1.751998782157898	7.096940517425537	-8.459726333618164	7.683192253112793	-3.4942142963409424
832.636	3.191000000000031	trials	[nan nan nan nan]	[nan nan nan nan]	4				R	0.0	0.0	0.0	0.0	0.0	0.0	0.0	0.0
836.831	3.0399999999999636	trials	[836.93216667 837.81133333 838.6815     839.3592    ]	[1. 1. 1. 1.]	4	4.0	0.7853981633974483	2.0	R	-4.098124980926514	7.264907360076904	-1.3517723083496094	3.086684226989746	2.667196273803711	-6.519303798675537	-2.0123417377471924	-4.444846153259277
840.875	2.8630000000000564	trials	[840.9762     841.75113333 842.6243     843.21876667]	[1. 1. 1. 1.]	4	4.0	0.7853981633974483	2.0	R	2.987312078475952	-4.503695011138916	-6.252424716949463	3.983501434326172	-6.649566650390625	-1.0007013082504272	-1.800024151802063	-2.2180497646331787
844.742	2.730000000000018	trials	[844.8428     845.67686667 846.34053333 846.9741    ]	[1. 1. 1. 1.]	4	4.0	0.7853981633974483	2.0	R	-2.901251792907715	-7.095272064208984	-1.8526670932769775	-2.2064614295959473	3.1412155628204346	-1.9592033624649048	0.818409264087677	2.468501567840576
848.476	2.7970000000000255	trials	[848.57706667 849.48533333 850.17903333 850.7244    ]	[1. 1. 1. 1.]	4	4.0	0.7853981633974483	2.0	R	4.773216724395752	-8.512231826782227	2.6339452266693115	-3.9929933547973633	5.491917610168457	-8.095674514770508	4.82370138168335	-3.1405272483825684
852.276	2.8430000000000746	trials	[852.3775     853.2687     853.96946667 854.6722    ]	[1. 1. 1. 1.]	4	4.0	0.7853981633974483	2.0	R	8.601487159729004	0.13488613069057465	4.0475754737854	2.199320077896118	0.6848952770233154	5.899641990661621	-4.166778087615967	7.1084699630737305
856.123	2.159999999999968	trials	[856.22406667 856.42656667 857.14933333 857.816     ]	[1. 1. 1. 1.]	4	4.0	0.7853981633974483	2.0	R	-0.6764680743217468	3.5282833576202393	-5.671651840209961	3.3088793754577637	-4.047434329986572	-1.4199594259262085	0.07495418190956116	1.409512996673584
859.287	2.8170000000000073	trials	[859.3879     860.16983333 860.88563333 861.51216667]	[1. 1. 1. 1.]	4	4.0	0.7853981633974483	2.0	R	-3.197817802429199	5.189587593078613	-0.08947188407182693	1.2731878757476807	3.0918188095092773	-2.584193229675293	-4.611509323120117	1.155907392501831
863.107	2.979000000000042	trials	[863.2084     864.11263333 864.79933333 865.39983333]	[1. 1. 1. 1.]	4	4.0	0.7853981633974483	2.0	R	3.976719856262207	-4.986336708068848	2.033280372619629	-0.37948930263519287	-2.944676160812378	-0.8484766483306885	-3.7435920238494873	6.594709396362305
867.089	1.79099999999994	trials	[867.19026667 868.0444     868.62983333          nan]	[ 1.  1.  1. nan]	4	3.0	0.7853981633974483	2.0	A	-7.936850070953369	3.871368646621704	-7.807980060577393	-1.1269704103469849	-6.762760639190674	-6.0165019035339355	-3.0163352489471436	-2.705263614654541
869.884	3.3729999999999336	trials	[869.9852     870.83433333 871.7997     872.54856667]	[1. 1. 1. 1.]	4	4.0	0.7853981633974483	2.0	R	-4.933894634246826	-5.218379974365234	-2.608071804046631	0.7721436619758606	-6.647138595581055	8.194303512573242	-7.727945804595947	3.3125154972076416
874.261	2.63900000000001	trials	[874.36206667 874.58763333 875.31043333 876.3099    ]	[1. 1. 1. 1.]	4	4.0	0.7853981633974483	2.0	R	-3.1247036457061768	1.3605519533157349	-7.472962856292725	6.315548419952393	5.7881059646606445	2.8254048824310303	1.268385410308838	5.440132141113281
877.904	2.7210000000000036	trials	[878.00513333 878.763      879.4046     880.0963    ]	[1. 1. 1. 1.]	4	4.0	0.7853981633974483	2.0	R	-4.730408668518066	-1.0269591808319092	0.26688382029533386	-0.8624371290206909	-8.914958000183105	-4.02703332901001	-6.296803951263428	-8.286759376525879
881.628	2.80499999999995	trials	[881.72936667 882.49526667 883.1489     883.8406    ]	[1. 1. 1. 1.]	4	4.0	0.7853981633974483	2.0	R	-5.71930456161499	-3.3202223777770996	-7.241395473480225	-8.082914352416992	-2.3857364654541016	-6.890196800231934	1.3960527181625366	-3.61940598487854
885.437	3.2129999999999654	trials	[885.5378     886.36186667 886.99143333 887.64003333]	[1. 1. 1. 1.]	4	4.0	0.7853981633974483	2.0	R	1.9011985063552856	-8.593823432922363	3.9986774921417236	-4.055037021636963	-2.020880699157715	-5.717057228088379	6.698523998260498	4.613720417022705
889.653	3.0779999999999745	trials	[889.75426667 890.71466667 891.59183333 892.23643333]	[1. 1. 1. 1.]	4	4.0	0.7853981633974483	2.0	R	-4.071681022644043	8.579095840454102	2.1195502281188965	-4.8852715492248535	6.564788341522217	-7.174345016479492	3.6175496578216553	-3.135312557220459
893.734	2.905999999999949	trials	[nan nan nan nan]	[nan nan nan nan]	4				R	0.0	0.0	0.0	0.0	0.0	0.0	0.0	0.0
897.644	2.7590000000000146	trials	[897.7451     898.27543333 898.89096667 899.65686667]	[1. 1. 1. 1.]	4	4.0	0.7853981633974483	2.0	R	1.0980138778686523	-3.032122850418091	-3.2260303497314453	-5.542629241943359	7.6727399826049805	-5.737395763397217	8.53027057647705	3.5761568546295166
901.406	1.0450000000000728	trials	[901.50746667          nan          nan          nan]	[ 1. nan nan nan]	4	1.0	0.7853981633974483	2.0	A	8.635335922241211	8.575053215026855	4.261011600494385	6.153217315673828	2.54754900932312	-8.744979858398438	4.544249534606934	-3.143374443054199
903.454	2.6930000000000973	trials	[903.55553333 904.15403333 904.80563333 905.52743333]	[1. 1. 1. 1.]	4	4.0	0.7853981633974483	2.0	R	0.0	0.0	4.488492012023926	2.203052043914795	4.930043697357178	7.183516979217529	0.017220918089151382	6.253909111022949
907.15	3.3079999999999927	trials	[nan nan nan nan]	[nan nan nan nan]	4				R	0.0	0.0	0.0	0.0	0.0	0.0	0.0	0.0
911.461	3.04200000000003	trials	[911.5624     912.3213     913.10223333 913.78893333]	[1. 1. 1. 1.]	4	4.0	0.7853981633974483	2.0	R	-1.6639502048492432	-4.475561141967773	3.068138599395752	-6.090285301208496	7.625825881958008	-4.0341997146606445	-4.139465808868408	3.5637941360473633
915.506	3.298999999999978	trials	[915.60746667 916.54076667 917.3167     918.17283333]	[1. 1. 1. 1.]	4	4.0	0.7853981633974483	2.0	R	-4.388077259063721	8.557609558105469	-8.450632095336914	-0.988937497138977	-1.3656911849975586	7.160569190979004	-6.097857475280762	-4.920953750610352
919.809	3.036000000000058	trials	[919.91013333 920.87653333 921.59733333 922.32613333]	[1. 1. 1. 1.]	4	4.0	0.7853981633974483	2.0	R	8.544914245605469	-7.354229927062988	8.213885307312012	-2.3652000427246094	3.6239681243896484	-0.382106214761734	4.997837066650391	-5.189650535583496
923.849	2.8319999999999936	trials	[923.95016667 924.6018     925.39473333 926.16866667]	[1. 1. 1. 1.]	4	4.0	0.7853981633974483	2.0	R	4.082479953765869	-0.274152547121048	-7.370260715484619	3.4046225547790527	-2.91339373588562	1.1382735967636108	1.9891948699951172	2.120426654815674
927.684	3.105000000000018	trials	[927.7857     928.57363333 929.53803333 930.2147    ]	[1. 1. 1. 1.]	4	4.0	0.7853981633974483	2.0	R	-4.973660945892334	6.204290866851807	8.073132514953613	0.7830712795257568	4.393515110015869	4.168395519256592	2.430238723754883	-0.4300331473350525
931.793	2.92999999999995	trials	[931.89386667 932.75603333 933.38456667 934.17053333]	[1. 1. 1. 1.]	4	4.0	0.7853981633974483	2.0	R	1.3518952131271362	4.45229959487915	-3.6321451663970947	4.851474285125732	-4.595765113830566	-5.904572486877441	-8.025341987609863	1.8801634311676025
935.726	2.88900000000001	trials	[935.82763333 936.59956667 937.24516667 938.03713333]	[1. 1. 1. 1.]	4	4.0	0.7853981633974483	2.0	R	2.510145425796509	-2.626494884490967	0.5432575345039368	-7.223380088806152	-0.4111234247684479	1.6293631792068481	-4.2238030433654785	4.8640923500061035
939.618	2.84699999999998	trials	[939.7193     940.396      941.22203333 941.90673333]	[1. 1. 1. 1.]	4	4.0	0.7853981633974483	2.0	R	-2.950859308242798	0.028845373541116714	4.984753131866455	6.094568252563477	0.3597063720226288	4.194846153259277	4.3456950187683105	8.521697044372559
943.469	2.8559999999999945	trials	[943.56986667 944.49316667 945.09063333 945.73223333]	[1. 1. 1. 1.]	4	4.0	0.7853981633974483	2.0	R	-0.516870379447937	7.357455730438232	-3.3547091484069824	3.2408220767974854	-7.696711540222168	5.720139503479004	-7.996957778930664	0.7291623950004578
947.328	2.990000000000009	trials	[947.42943333 948.30863333 949.04446667 949.8234    ]	[1. 1. 1. 1.]	4	4.0	0.7853981633974483	2.0	R	3.5932247638702393	-4.395086765289307	8.576278686523438	-3.983781337738037	-0.7315022349357605	0.4461458623409271	-1.3926169872283936	-5.087365627288818
951.321	3.367999999999938	trials	[nan nan nan nan]	[nan nan nan nan]	4				R	0.0	0.0	0.0	0.0	0.0	0.0	0.0	0.0
955.693	2.3899999999999864	trials	[955.7942     956.65936667 957.324               nan]	[ 1.  1.  1. nan]	4	3.0	0.7853981633974483	2.0	A	-0.5261980295181274	-8.448221206665039	4.299341201782227	-7.1389570236206055	-6.008721828460693	2.9912874698638916	-8.719803810119629	-7.176891803741455
959.086	11.254000000000019	trials	[959.18763333 968.57093333 969.1664     969.79896667]	[1. 1. 1. 1.]	4	4.0	0.7853981633974483	2.0	R	-6.900854587554932	-1.928478717803955	-7.3906707763671875	-6.904428958892822	-3.6239583492279053	-3.6162869930267334	-4.576413631439209	-2.782007398864751e+35
971.344	3.1499999999999773	trials	[971.44506667 972.17786667 973.16633333 974.02146667]	[1. 1. 1. 1.]	4	4.0	0.7853981633974483	2.0	R	-3.8604440689086914	-3.656315565109253	-2.4503746032714844	8.622162818908691	-3.22233510017395	3.682114839553833	-2.017303943634033	-1.1705029010772705
975.497	2.838000000000079	trials	[975.59836667 976.3813     977.09206667 977.73666667]	[1. 1. 1. 1.]	4	4.0	0.7853981633974483	2.0	R	2.893979072570801	-2.108212471008301	7.0859503746032715	-4.833534240722656	4.453808307647705	-0.5824366211891174	-0.48400554060935974	0.2036888301372528
979.339	3.201999999999998	trials	[979.4399     980.25593333 981.07896667 981.78873333]	[1. 1. 1. 1.]	4	4.0	0.7853981633974483	2.0	R	-6.954535007476807	3.2360198497772217	3.9028069972991943	-0.41315051913261414	-2.032850980758667	-8.532662391662598	8.3344144821167	-8.064270973205566
983.544	2.9120000000000346	trials	[983.64533333 984.36213333 985.0779     985.74556667]	[1. 1. 1. 1.]	4	4.0	0.7853981633974483	2.0	R	4.710673809051514	-4.619202136993408	8.843029975891113	-1.8043065071105957	6.086378574371338	2.36712908744812	-2.477668285369873	-0.3257288634777069
987.46	2.605000000000018	trials	[987.56106667 988.24776667 988.9074     989.5149    ]	[1. 1. 1. 1.]	4	4.0	0.7853981633974483	2.0	R	-2.068171262741089	-5.308931827545166	2.1581897735595703	-2.63725209236145	1.665086030960083	2.3383734226226807	-3.2614307403564453	-5.123440742492676
991.069	3.177000000000021	trials	[991.17003333 992.02613333 992.71586667 993.3334    ]	[1. 1. 1. 1.]	4	4.0	0.7853981633974483	2.0	R	-4.838075160980225	6.4872918128967285	-5.553971767425537	-0.8503308892250061	-5.222537040710449	-6.883113384246826	-2.296987533569336	7.589045524597168
995.249	2.842999999999961	trials	[995.3504     996.1594     996.83506667 997.4456    ]	[1. 1. 1. 1.]	4	4.0	0.7853981633974483	2.0	R	1.3512884378433228	-4.718771934509277	-0.39488956332206726	-0.03359714522957802	-5.338232517242432	0.7169768214225769	6.548098564147949	0.23711778223514557
999.096	3.0599999999999454	trials	[ 999.19693333 1000.024      1000.8671     1001.61493333]	[1. 1. 1. 1.]	4	4.0	0.7853981633974483	2.0	R	6.666547775268555	-4.899319648742676	8.56019115447998	-0.2717808783054352	-3.5006375312805176	-6.238051414489746	1.3996785879135132	-5.244622707366943
1003.16	2.990000000000009	trials	[1003.26103333 1004.0921     1004.89106667 1005.60486667]	[1. 1. 1. 1.]	4	4.0	0.7853981633974483	2.0	R	-3.7863786220550537	-5.601045608520508	1.1950088739395142	-6.032064914703369	3.8190290927886963	-1.775949478149414	1.0131733417510986	2.3625495433807373
1007.154	2.1970000000000027	trials	[1007.25493333 1008.086      1008.89                 nan]	[ 1.  1.  1. nan]	4	3.0	0.7853981633974483	2.0	A	3.248469352722168	6.835071563720703	-0.07302577048540115	3.0977365970611572	-1.0917812585830688	-2.4565930366516113	-6.024511814117432	-1.6391769647598267
1010.355	3.0939999999999372	trials	[1010.4559     1011.19373333 1012.0338     1012.70046667]	[1. 1. 1. 1.]	4	4.0	0.7853981633974483	2.0	R	-5.80398416519165	-0.7847242951393127	4.560042858123779	4.2280120849609375	5.059876918792725	-2.704418182373047	-4.338634014129639	3.084160089492798
1014.453	3.6560000000000628	trials	[nan nan nan nan]	[nan nan nan nan]	4				R	0.0	0.0	0.0	0.0	0.0	0.0	0.0	0.0
1019.112	2.1499999999999773	trials	[1019.21363333 1019.41613333 1020.09983333 1020.6843    ]	[1. 1. 1. 1.]	4	4.0	0.7853981633974483	2.0	R	2.6325862407684326	2.2347631454467773	-2.358388900756836	1.9344826936721802	-5.077087879180908	-2.261786699295044	-7.037426948547363	-6.861468315124512
1022.265	2.3570000000000846	trials	[1022.36646667 1022.56896667 1023.5464     1024.14886667]	[1. 1. 1. 1.]	4	4.0	0.7853981633974483	2.0	R	-2.9468579292297363	-3.9861865043640137	-3.06466007232666	4.236581802368164	-6.995114803314209	1.1460275650024414	-8.759139060974121	-3.532457113265991
1025.626	1.6100000000001273	trials	[1025.7268     1026.52276667           nan           nan]	[ 1.  1. nan nan]	4	2.0	0.7853981633974483	2.0	A	-5.739089012145996	-7.517340660095215	0.9481686949729919	-8.139309883117676	-0.1957964152097702	-3.2719345092773438	4.387248516082764	-5.270859241485596
1028.239	2.6620000000000346	trials	[1028.3403     1029.10016667 1030.33323333           nan]	[ 1.  1.  1. nan]	4	3.0	0.7853981633974483	2.0	A	1.8695383071899414	-3.224935293197632	-4.980874061584473	-2.8326923847198486	-3.904181480407715	4.700431823730469	-2.6118180751800537	-0.12966087460517883
1031.904	4.536000000000058	trials	[1032.00536667 1034.36823333 1035.1953     1035.90506667]	[1. 1. 1. 1.]	4	4.0	0.7853981633974483	2.0	R	-7.53676176071167	1.2646845579147339	-7.453957557678223	-7.668601036071777	-0.12795090675354004	-6.811357498168945	2.8398516178131104	-2.7874104976654053
1037.444	2.1790000000000873	trials	[1037.54513333 1038.31303333 1039.07593333           nan]	[ 1.  1.  1. nan]	4	3.0	0.7853981633974483	2.0	A	5.918057918548584	-6.727543354034424	-5.348579406738281	-4.883267879486084	-0.5857247710227966	-3.361684799194336	-1.5125383138656616	-8.275035858154297
1040.627	2.3020000000001346	trials	[1040.72803333 1042.18366667           nan           nan]	[ 1.  1. nan nan]	4	2.0	0.7853981633974483	2.0	A	-5.218809127807617	7.411757946014404	-8.818007469177246	3.9410557746887207	-1.2192751169204712	-4.909789562225342	1.819288730621338	-8.880574226379395
1043.933	3.47199999999998	trials	[1044.03423333 1045.15603333 1045.92093333 1046.61263333]	[1. 1. 1. 1.]	4	4.0	0.7853981633974483	2.0	R	2.9902873039245605	8.84117317199707	2.41210675239563	3.8747153282165527	7.02727746963501	-4.659340858459473	1.3142039775848389	6.469783306121826
1048.408	3.214000000000169	trials	[nan nan nan nan]	[nan nan nan nan]	4				R	0.0	0.0	0.0	0.0	0.0	0.0	0.0	0.0
1052.626	3.0219999999999345	trials	[1052.72683333 1053.53183333 1054.2907     1055.16286667]	[1. 1. 1. 1.]	4	4.0	0.7853981633974483	2.0	R	2.6053688526153564	2.633516311645508	7.340959548950195	4.237941265106201	3.5936293601989746	7.548155307769775	-0.9456472992897034	5.451737403869629
1056.652	2.701000000000022	trials	[1056.7528 1057.4786 1058.2355 1058.837 ]	[1. 1. 1. 1.]	4	4.0	0.7853981633974483	2.0	R	-7.0713019371032715	3.29815936088562	-2.292337656021118	1.8279552459716797	2.704197406768799	1.6418404579162598	-1.2605419158935547	4.688287734985352
1060.357	2.785000000000082	trials	[1060.458      1061.23593333 1061.9788     1062.6685    ]	[1. 1. 1. 1.]	4	4.0	0.7853981633974483	2.0	R	-6.1696367263793945	3.739189624786377	-2.2563767433166504	0.62689208984375	2.6954987049102783	-1.302147626876831	-2.303889751434326	-1.2239445447921753
1064.145	3.375	trials	[1064.2464     1065.03136667 1065.8454     1066.8188    ]	[1. 1. 1. 1.]	4	4.0	0.7853981633974483	2.0	R	2.688157081604004	-1.5058467388153076	7.589849948883057	0.6302982568740845	8.40013313293457	-6.220290184020996	0.9280353784561157	3.7972817420959473
1068.523	3.1159999999999854	trials	[1068.62426667 1069.36813333 1070.14003333 1070.7666    ]	[1. 1. 1. 1.]	4	4.0	0.7853981633974483	2.0	R	-3.284015655517578	1.1030977964401245	4.3821821212768555	-0.9419913291931152	-0.03266269341111183	-3.2891478538513184	-0.3713856637477875	8.118534088134766
1072.642	3.0270000000000437	trials	[1072.7435     1073.76303333 1074.52993333 1075.17653333]	[1. 1. 1. 1.]	4	4.0	0.7853981633974483	2.0	R	7.374547481536865	4.2718610763549805	3.8098597526550293	7.777998447418213	-1.1148761510849	6.91372013092041	-5.4497833251953125	4.422018051147461
1076.672	3.252999999999929	trials	[nan nan nan nan]	[nan nan nan nan]	4				R	0.0	0.0	0.0	0.0	0.0	0.0	0.0	0.0
1080.929	2.895999999999958	trials	[1081.03006667 1081.809      1082.57893333 1083.28566667]	[1. 1. 1. 1.]	4	4.0	0.7853981633974483	2.0	R	0.28241512179374695	3.9948506355285645	-0.2518557012081146	-2.9567713737487793	6.654595375061035	-8.055291175842285	3.560894250869751	-4.127312660217285
1084.829	3.0009999999999764	trials	[1084.92976667 1085.8751     1086.65603333 1087.30263333]	[1. 1. 1. 1.]	4	4.0	0.7853981633974483	2.0	R	-7.92332124710083	2.273442268371582	-7.909322738647461	-2.7265381813049316	-1.380366325378418	1.8682782649993896	-3.858779191970825	6.21079683303833
1088.833	3.020999999999958	trials	[1088.9347     1089.80486667 1090.55673333 1091.3066    ]	[1. 1. 1. 1.]	4	4.0	0.7853981633974483	2.0	R	5.0483527183532715	5.6943359375	0.5888831615447998	3.4331130981445312	-7.124161720275879	-8.508190155029297	-5.876030445098877	-3.6664786338806152
1092.857	3.183999999999969	trials	[1092.9587     1093.75866667 1094.5396     1095.39473333]	[1. 1. 1. 1.]	4	4.0	0.7853981633974483	2.0	R	-4.247359275817871	-8.39378547668457	1.3683257102966309	-8.201687812805176	-7.182258605957031	-2.4160430431365967	-3.346776008605957	-5.623701572418213
1097.045	8.974999999999909	trials	[1097.14606667 1103.79256667 1104.6918     1105.42863333]	[1. 1. 1. 1.]	4	4.0	0.7853981633974483	2.0	R	-7.069455146789551	-8.961613655090332	1.2907260656356812	-4.76538610458374	-5.740077495574951	-2.1787774562835693	-1.7235161066055298	-5.1565680503845215
1107.024	3.109000000000151	trials	[1107.12486667 1108.05716667 1108.77696667 1109.4446    ]	[1. 1. 1. 1.]	4	4.0	0.7853981633974483	2.0	R	4.845288276672363	-6.992840766906738	2.9607388973236084	-2.361591339111328	0.856690526008606	2.1741535663604736	8.991973876953125	-2.9551990032196045
1111.137	2.9349999999999454	trials	[1111.23806667 1112.16136667 1112.828      1113.5959    ]	[1. 1. 1. 1.]	4	4.0	0.7853981633974483	2.0	R	7.236851215362549	4.274647235870361	2.466400146484375	5.772244930267334	8.328482627868652	0.34260258078575134	7.615260601043701	5.291472434997559
1115.076	3.0879999999999654	trials	[1115.17683333 1116.02393333 1116.82293333 1117.47853333]	[1. 1. 1. 1.]	4	4.0	0.7853981633974483	2.0	R	3.523956060409546	8.1657075881958	2.6925458908081055	3.235316514968872	4.40512228012085	7.932878017425537	-0.13735803961753845	5.843410491943359
1119.168	3.046000000000049	trials	[1119.269      1120.074      1120.76973333 1121.6509    ]	[1. 1. 1. 1.]	4	4.0	0.7853981633974483	2.0	R	-3.968005418777466	2.629979133605957	-6.331840515136719	-1.7759581804275513	2.3934688568115234	8.332274436950684	-2.5685267448425293	7.716969966888428
1123.218	3.0909999999998945	trials	[1123.31903333 1124.11703333 1125.00523333 1125.6789    ]	[1. 1. 1. 1.]	4	4.0	0.7853981633974483	2.0	R	-4.89052152633667	3.288839101791382	-5.724022388458252	-6.692296981811523	-0.836502194404602	-5.63771390914917	2.7482857704162598	1.4923774003982544
1127.313	3.2999999999999545	trials	[1127.4142     1128.22623333 1129.07433333 1129.87533333]	[1. 1. 1. 1.]	4	4.0	0.7853981633974483	2.0	R	-6.600830078125	-1.1445391178131104	-2.71096134185791	-4.286023139953613	-5.554252624511719	5.882526874542236	-0.6167066693305969	-3.4113731384277344
1131.617	3.002999999999929	trials	[1131.7179     1132.58103333 1133.23666667 1134.03463333]	[1. 1. 1. 1.]	4	4.0	0.7853981633974483	2.0	R	-4.683972358703613	1.521569848060608	-6.59647274017334	-3.098207473754883	3.1562917232513428	-3.41192626953125	4.00205659866333	1.5160226821899414
1135.624	0.023999999999887223	trials	[nan nan nan nan]	[nan nan nan nan]	4	0.0		2.0	R	-8.01533031463623	6.384838104248047	-8.324195861816406	1.394387125968933	-3.4182276725769043	4.985646724700928	0.24774490296840668	1.0071460008621216
1139.791	7.02800000000002	trials	[1139.8922     1144.58083333 1145.26653333 1145.9773    ]	[1. 1. 1. 1.]	4	4.0	0.7853981633974483	2.0	R	-4.745889186859131	0.7549182176589966	-6.669718265533447	-5.53623104095459	-1.7124563455581665	-6.188574314117432	-1.2894432544708252	5.314899444580078
1147.823	3.24799999999982	trials	[1147.92413333 1148.6339     1149.71556667 1150.50253333]	[1. 1. 1. 1.]	4	4.0	0.7853981633974483	2.0	R	-5.878183841705322	3.329084873199463	0.37143075466156006	-3.2980709075927734	-6.989015102386475	-4.647195339202881	-2.0224878787994385	-5.224782466888428
1152.074	3.24799999999982	trials	[1152.17566667 1152.9155     1153.6333     1154.4864    ]	[1. 1. 1. 1.]	4	4.0	0.7853981633974483	2.0	R	1.8196942806243896	-2.0251517295837402	4.897253513336182	2.64609432220459	-2.505136728286743	8.98732852935791	3.696180820465088	7.722688674926758
1156.325	3.1539999999999964	trials	[1156.42623333 1157.2242     1157.9921     1158.65073333]	[1. 1. 1. 1.]	4	4.0	0.7853981633974483	2.0	R	-1.3012518882751465	7.882891654968262	1.2981988191604614	3.6117260456085205	-2.798539638519287	6.584298133850098	0.9928603172302246	-7.228639125823975
1160.482	3.3020000000001346	trials	[1160.58353333 1161.60306667 1162.26573333 1163.1359    ]	[1. 1. 1. 1.]	4	4.0	0.7853981633974483	2.0	R	1.7335689067840576	6.1278276443481445	-1.4963635206222534	2.3110835552215576	-8.269901275634766	8.239992141723633	-3.735901117324829	6.132186412811279
1164.787	2.645999999999958	trials	[1164.88823333 1165.6401     1166.37393333 1166.98243333]	[1. 1. 1. 1.]	4	4.0	0.7853981633974483	2.0	R	2.0043678283691406	2.999748945236206	-2.6143620014190674	1.0847201347351074	-6.290777683258057	-2.304080009460449	-3.765127420425415	-6.619296073913574
1168.436	3.230000000000018	trials	[1168.5373     1169.32323333 1170.05306667 1171.0445    ]	[1. 1. 1. 1.]	4	4.0	0.7853981633974483	2.0	R	0.8257349729537964	-4.638391494750977	5.8198442459106445	-4.395754814147949	4.529568672180176	4.422305107116699	7.392413139343262	-0.5225771069526672
1172.67	3.1779999999998836	trials	[1172.7708     1173.55676667 1174.33166667 1175.2329    ]	[1. 1. 1. 1.]	4	4.0	0.7853981633974483	2.0	R	2.075338840484619	-5.322451114654541	-3.828613042831421	0.9082828760147095	-1.063025951385498	7.870265483856201	-3.9606032371520996	3.795459270477295
1176.852	2.9479999999998654	trials	[nan nan nan nan]	[nan nan nan nan]	4				R	0.0	0.0	0.0	0.0	0.0	0.0	0.0	0.0
1180.804	2.798999999999978	trials	[1180.905      1181.74006667 1182.3957     1183.02526667]	[1. 1. 1. 1.]	4	4.0	0.7853981633974483	2.0	R	0.7447799444198608	7.309903144836426	-2.9283130168914795	3.91750168800354	-6.8035688400268555	0.7580095529556274	-2.5182719230651855	-1.8180783987045288
1184.606	2.9300000000000637	trials	[nan nan nan nan]	[nan nan nan nan]	4				R	0.0	0.0	0.0	0.0	0.0	0.0	0.0	0.0
1188.54	2.9320000000000164	trials	[1188.6412     1189.39806667 1190.26623333 1190.88776667]	[1. 1. 1. 1.]	4	4.0	0.7853981633974483	2.0	R	-2.65641188621521	-4.808231830596924	2.338639974594116	-4.585840225219727	3.371380567550659	0.30634206533432007	2.1634328365325928	5.158234596252441
1192.476	3.022999999999911	trials	[1192.57696667 1193.2807     1194.10876667 1194.75736667]	[1. 1. 1. 1.]	4	4.0	0.7853981633974483	2.0	R	-2.645190715789795	3.788147449493408	-3.6065304279327393	-1.1185648441314697	-1.6669535636901855	-5.727039813995361	-0.19905240833759308	4.63422966003418
1196.503	3.2889999999999873	trials	[1196.60396667 1197.69466667 1198.3984     1199.23046667]	[1. 1. 1. 1.]	4	4.0	0.7853981633974483	2.0	R	2.6906890869140625	8.71459674835205	0.8768397569656372	4.055202960968018	5.323273658752441	-2.385911464691162	2.9100050926208496	1.9931448698043823
1200.795	2.9759999999998854	trials	[1200.89663333 1201.7006     1202.4665     1203.1502    ]	[1. 1. 1. 1.]	4	4.0	0.7853981633974483	2.0	R	3.0390443801879883	-5.322165489196777	6.614507675170898	-8.817314147949219	7.606709003448486	-3.9167490005493164	1.297723650932312	-6.740739345550537
1204.774	2.9470000000001164	trials	[1204.8755     1205.78473333 1206.52256667 1207.10903333]	[1. 1. 1. 1.]	4	4.0	0.7853981633974483	2.0	R	-6.49199914932251	3.310914993286133	-8.5042724609375	-1.2662845849990845	-3.6219916343688965	-2.3448636531829834	-5.876674175262451	4.588638782501221
1208.724	2.9540000000001783	trials	[1208.8253     1209.53306667 1210.32503333 1211.19516667]	[1. 1. 1. 1.]	4	4.0	0.7853981633974483	2.0	R	-5.391748428344727	-0.8977258801460266	-1.559851050376892	7.281106948852539	-3.0468649864196777	2.5073463916778564	-3.9092845916748047	7.719054698944092
1212.682	2.70900000000006	trials	[1212.78313333 1213.6212     1214.2187     1214.84926667]	[1. 1. 1. 1.]	4	4.0	0.7853981633974483	2.0	R	-1.0338470935821533	1.543939471244812	-4.757692337036133	-1.7926719188690186	-3.7616827487945557	-6.692464351654053	1.2328989505767822	-6.925174236297607
1216.394	3.3900000000001	trials	[1216.49533333 1217.36046667 1218.15946667 1218.9735    ]	[1. 1. 1. 1.]	4	4.0	0.7853981633974483	2.0	R	6.515726089477539	-6.0131049156188965	6.23947811126709	-1.0207418203353882	3.049163818359375	4.538998126983643	1.1585379838943481	-1.2248982191085815
1220.787	2.7739999999998872	trials	[1220.88823333 1221.70626667 1222.34386667 1222.97843333]	[1. 1. 1. 1.]	4	4.0	0.7853981633974483	2.0	R	-1.4990403652191162	-8.789332389831543	2.792632818222046	-6.223880767822266	-2.6900322553130848e+38	9.824186139279123e-39	3.4881121373973347e-37	-3.918343525138803e+23
1224.564	3.395999999999958	trials	[1224.6656     1225.85656667 1226.6395     1227.3242    ]	[1. 1. 1. 1.]	4	4.0	0.7853981633974483	2.0	R	0.5268649458885193	4.258676528930664	4.674225330352783	-3.9622504711151123	8.99954605102539	-1.4539433717727661	2.5480451583862305	-2.7605597972869873
1228.963	3.1480000000001382	trials	[1229.06453333 1229.99383333 1230.6565     1231.52263333]	[1. 1. 1. 1.]	4	4.0	0.7853981633974483	2.0	R	6.986136436462402	-0.4576604664325714	3.2809040546417236	-3.8149290084838867	3.4200501441955566	5.086047649383545	-0.5925996899604797	8.069107055664062
1233.115	2.9759999999998854	trials	[1233.21583333 1234.1722     1234.9712     1235.62383333]	[1. 1. 1. 1.]	4	4.0	0.7853981633974483	2.0	R	-5.579824924468994	7.711915493011475	-7.387495994567871	3.050121307373047	-2.392744302749634	3.279149293899536	-6.430643081665039	6.227941036224365
1237.094	3.005999999999858	trials	[nan nan nan nan]	[nan nan nan nan]	4				R	0.0	0.0	0.0	0.0	0.0	0.0	0.0	0.0
1241.103	3.2770000000000437	trials	[1241.20466667 1242.09386667 1243.0332     1243.7921    ]	[1. 1. 1. 1.]	4	4.0	0.7853981633974483	2.0	R	7.024680137634277	-3.4512524604797363	3.2387726306915283	-0.18522995710372925	-1.7125242948532104	-0.8814048171043396	-2.595466136932373	-8.772350311279297
1245.383	2.838999999999942	trials	[1245.4843     1246.23716667 1246.90683333 1247.60756667]	[1. 1. 1. 1.]	4	4.0	0.7853981633974483	2.0	R	2.268998861312866	-7.616072177886963	5.997102737426758	-4.284219741821289	8.214765548706055	0.19707158207893372	0.8809490203857422	-6.670389175415039
1249.226	3.0599999999999454	trials	[1249.32683333 1250.23206667 1250.9679     1251.66163333]	[1. 1. 1. 1.]	4	4.0	0.7853981633974483	2.0	R	8.833475112915039	-0.376510351896286	7.603277206420898	4.469788551330566	2.7156641483306885	5.523941516876221	-1.3571748733520508	2.6235997676849365
1253.29	2.9370000000001255	trials	[1253.39093333 1254.21096667 1254.9999     1255.60643333]	[1. 1. 1. 1.]	4	4.0	0.7853981633974483	2.0	R	-6.337573528289795	2.1813008785247803	0.08874328434467316	0.8133295178413391	4.980750560760498	1.8468983173370361	1.203324794769287	-1.428930401802063
1257.23	3.0860000000000127	trials	[1257.3317     1258.1427     1258.88256667 1259.56323333]	[1. 1. 1. 1.]	4	4.0	0.7853981633974483	2.0	R	-1.5485033988952637	2.7456884384155273	2.728504180908203	5.335515975952148	-1.7457951307296753	3.1037800312042236	5.179368495941162	-8.212968826293945
1261.32	2.966000000000122	trials	[1261.42086667 1262.2449     1262.9737     1263.72556667]	[1. 1. 1. 1.]	4	4.0	0.7853981633974483	2.0	R	0.5003536939620972	-6.450351238250732	6.549971103668213	-8.817193984985352	2.5615668296813965	-5.801794528961182	7.639362335205078	-2.4808812141418457
1265.289	2.884999999999991	trials	[1265.3907     1266.21576667 1266.85133333 1267.61923333]	[1. 1. 1. 1.]	4	4.0	0.7853981633974483	2.0	R	7.385021209716797	2.512645721435547	2.9289462566375732	4.780550956726074	3.2942616939544678	-6.977184772491455	7.476212978363037	-2.5572004318237305
1269.177	9.122000000000071	trials	[nan nan nan nan]	[nan nan nan nan]	4				R	0.0	0.0	0.0	0.0	0.0	0.0	0.0	0.0
1279.302	3.1100000000001273	trials	[1279.4035     1280.1353     1280.9403     1281.63403333]	[1. 1. 1. 1.]	4	4.0	0.7853981633974483	2.0	R	2.631054401397705	-5.675212383270264	5.862603664398193	2.1616106033325195	3.0558204650878906	6.299480438232422	-3.0963644981384277	-0.18003924190998077
1283.415	3.2029999999999745	trials	[nan nan nan nan]	[nan nan nan nan]	4				R	0.0	0.0	0.0	0.0	0.0	0.0	0.0	0.0
1287.622	3.1099999999999	trials	[1287.72313333 1288.77876667 1289.44643333 1290.13113333]	[1. 1. 1. 1.]	4	4.0	0.7853981633974483	2.0	R	4.481028079986572	6.994764804840088	-0.18927457928657532	5.209191799163818	-5.186246871948242	5.035215854644775	-4.024726390838623	-6.177379131317139
1291.735	2.82100000000014	trials	[1291.83636667 1292.5361     1293.15963333 1293.7892    ]	[1. 1. 1. 1.]	4	4.0	0.7853981633974483	2.0	R	2.7114405632019043	-3.8814010620117188	-2.074943780899048	-2.4355356693267822	-6.191664218902588	-5.273248195648193	-6.431906700134277	0.8632488250732422
1295.56	2.997000000000071	trials	[1295.66083333 1296.46083333 1297.0914     1297.8633    ]	[1. 1. 1. 1.]	4	4.0	0.7853981633974483	2.0	R	-7.409214496612549	-4.040307998657227	-3.2524757385253906	-1.2615453004837036	-4.488930702209473	8.219106674194336	-3.090026378631592	3.418787717819214
1299.561	3.268000000000029	trials	[1299.66176667 1300.58506667 1301.49533333 1302.11086667]	[1. 1. 1. 1.]	4	4.0	0.7853981633974483	2.0	R	-7.711902141571045	5.3262104988098145	-4.412410736083984	-5.148411273956299	0.25155961513519287	-3.346363067626953	5.05163049697876	7.359681129455566
1303.832	2.869999999999891	trials	[1303.93336667 1304.7805     1305.56343333 1306.21403333]	[1. 1. 1. 1.]	4	4.0	0.7853981633974483	2.0	R	6.940371513366699	0.23831316828727722	4.054550647735596	4.321454048156738	-0.5252466201782227	2.3150997161865234	2.8820555210113525	-1.344175100326538
1307.706	3.0730000000000928	trials	[1307.807      1308.90373333 1309.5804     1310.2631    ]	[1. 1. 1. 1.]	4	4.0	0.7853981633974483	2.0	R	6.304097652435303	-4.989669322967529	5.844650745391846	-0.010823040269315243	2.208829402923584	3.4214940071105957	5.406892776489258	7.264980792999268
1311.783	2.9320000000000164	trials	[1311.88413333 1312.83146667 1313.445      1314.10663333]	[1. 1. 1. 1.]	4	4.0	0.7853981633974483	2.0	R	-5.925661087036133	7.519022464752197	-3.3110439777374268	3.257124185562134	-7.09609842300415	-1.5207607746124268	-5.231021404266357	-8.598719596862793
1315.719	2.9079999999999018	trials	[1315.8199     1316.4765     1317.478      1318.10456667]	[1. 1. 1. 1.]	4	4.0	0.7853981633974483	2.0	R	-3.6013128757476807	-3.8717706203460693	-6.929187774658203	7.839405059814453	-4.605074405670166	3.412385940551758	0.836413562297821	5.455028057098389
1319.63	2.630999999999858	trials	[1319.7316     1320.5406     1321.23433333 1321.81776667]	[1. 1. 1. 1.]	4	4.0	0.7853981633974483	2.0	R	-2.9224069118499756	2.157867193222046	2.3699676990509033	-4.887239933013916	0.3789699673652649	-0.3007456958293915	1.1374096870422363	4.641396522521973
1323.264	2.951999999999998	trials	[1323.3656     1324.26183333 1324.8864     1325.70443333]	[1. 1. 1. 1.]	4	4.0	0.7853981633974483	2.0	R	0.43975576758384705	-8.040627479553223	4.183244705200195	-4.726070880889893	5.7579264640808105	8.169539451599121	0.8906102776527405	7.025321960449219
1327.219	2.990000000000009	trials	[1327.32043333 1328.1886     1328.89633333 1329.73543333]	[1. 1. 1. 1.]	4	4.0	0.7853981633974483	2.0	R	-3.851719617843628	5.440927505493164	-8.837228775024414	5.821324348449707	3.418154001235962	1.3078218698501587	1.0310879945755005	5.701216220855713
1331.212	2.8209999999999127	trials	[1331.31333333 1332.0983     1332.8722     1333.46266667]	[1. 1. 1. 1.]	4	4.0	0.7853981633974483	2.0	R	-2.546128273010254	2.207862377166748	3.8223354816436768	-6.4416728019714355	7.046846866607666	-2.620347738265991	-5.1105546951293945	-7.259709358215332
1335.037	2.683999999999969	trials	[nan nan nan nan]	[nan nan nan nan]	4				R	0.0	0.0	0.0	0.0	0.0	0.0	0.0	0.0
1338.725	3.163000000000011	trials	[1338.826      1339.74226667 1340.6054     1341.38033333]	[1. 1. 1. 1.]	4	4.0	0.7853981633974483	2.0	R	5.6880059242248535	-8.021449089050293	6.188096046447754	4.85507345199585	1.8421231508255005	0.143131285905838	-3.786329984664917	-6.685791492462158
1342.891	2.1399999999998727	trials	[1342.99233333 1343.79933333 1344.475                nan]	[ 1.  1.  1. nan]	4	3.0	0.7853981633974483	2.0	A	-1.6096031665802002	4.253188133239746	0.9392625093460083	-5.0657453536987305	6.639984130859375	-1.232552170753479	5.605323314666748	3.659224271774292
1346.035	2.4249999999999545	trials	[1346.13613333 1346.97623333 1347.71906667           nan]	[ 1.  1.  1. nan]	4	3.0	0.7853981633974483	2.0	A	6.994863986968994	3.754837989807129	4.444262504577637	8.055353164672852	-3.1213221549987793	0.4319591224193573	-2.704951763153076	5.414592742919922
1349.463	2.2560000000000855	trials	[1349.56463333 1350.29946667 1351.0764               nan]	[ 1.  1.  1. nan]	4	3.0	0.7853981633974483	2.0	A	1.5889647006988525	2.109217882156372	-4.766791820526123	-8.977808952331543	-7.471529960632324	-1.9724198579788208	-4.4982194900512695	-5.992298603057861
1352.723	2.713999999999942	trials	[1352.82373333 1353.66983333 1354.2613     1354.9049    ]	[1. 1. 1. 1.]	4	4.0	0.7853981633974483	2.0	R	-6.624990463256836	-6.900236129760742	-5.365192413330078	-1.920817494392395	0.46205413341522217	-3.9840803146362305	-4.412210941314697	-2.8698365688323975
1356.441	0.06700000000000728	trials	[nan nan nan nan]	[nan nan nan nan]	4	0.0		2.0	R	-6.400140762329102	-7.457661151885986	-1.9806541204452515	-5.119256019592285	2.337415933609009	6.845000267028809	-1.6213483810424805	-1.621019959449768
1360.815	2.9099999999998545	trials	[1360.91583333 1361.74286667 1362.3544     1363.1243    ]	[1. 1. 1. 1.]	4	4.0	0.7853981633974483	2.0	R	-7.3684282302856445	-5.379513740539551	-3.1369853019714355	-8.043137550354004	3.1639513969421387	-3.4541497230529785	-5.965649604797363	-0.625445544719696
1364.728	2.936999999999898	trials	[1364.82953333 1365.8581     1366.56483333 1367.17436667]	[1. 1. 1. 1.]	4	4.0	0.7853981633974483	2.0	R	0.3781861364841461	4.09045934677124	-3.7637884616851807	1.2897371053695679	-2.5327553749084473	-3.556349754333496	-1.5485872030258179	-8.458534240722656
1368.668	3.5270000000000437	trials	[1368.76933333 1369.89713333 1370.62193333 1371.65046667]	[1. 1. 1. 1.]	4	4.0	0.7853981633974483	2.0	R	0.801101803779602	-4.045036315917969	4.039919853210449	-7.854243278503418	-5.698665142059326	3.4770357608795166	-8.147225379943848	-0.88238525390625
1373.198	2.910999999999831	trials	[1373.29956667 1374.00533333 1374.73713333 1375.58323333]	[1. 1. 1. 1.]	4	4.0	0.7853981633974483	2.0	R	-6.108606815338135	-5.447911739349365	-1.133889079093933	-5.950090408325195	-1.7466500997543335	2.1630489826202393	-6.732524871826172	1.7874772548675537
1377.112	3.5679999999999836	trials	[nan nan nan nan]	[nan nan nan nan]	4				R	0.0	0.0	0.0	0.0	0.0	0.0	0.0	0.0
1381.683	2.8050000000000637	trials	[1381.78463333 1382.55853333 1383.1871     1383.84976667]	[1. 1. 1. 1.]	4	4.0	0.7853981633974483	2.0	R	2.2755143642425537	1.5428353548049927	-1.0693597793579102	-3.09955096244812	5.878802299499512	-0.5149329900741577	-3.4637272357940674	1.4482731819152832
1385.492	3.074000000000069	trials	[1385.59306667 1386.57753333 1387.39656667 1388.04916667]	[1. 1. 1. 1.]	4	4.0	0.7853981633974483	2.0	R	4.691336154937744	3.8880372047424316	-2.324075698852539	7.700675964355469	-2.13839054107666	2.704124927520752	-6.824459075927734	4.447903156280518
1389.57	2.7180000000000746	trials	[1389.6712     1390.2757     1390.93333333 1391.7644    ]	[1. 1. 1. 1.]	4	4.0	0.7853981633974483	2.0	R	-3.2815637588500977	0.919745683670044	-7.653759479522705	-1.5059305429458618	5.640588283538818	0.6766560673713684	7.705081939697266	-4.045437335968018
1393.291	2.6649999999999636	trials	[1393.39243333 1394.2566     1394.8611     1395.4766    ]	[1. 1. 1. 1.]	4	4.0	0.7853981633974483	2.0	R	8.250592231750488	0.9247154593467712	5.891934394836426	-4.755427360534668	4.45084810256958	0.032397761940956116	4.239826202392578	5.027942657470703
1396.959	2.7870000000000346	trials	[1397.06053333 1397.7302     1398.4911     1399.1728    ]	[1. 1. 1. 1.]	4	4.0	0.7853981633974483	2.0	R	-2.658147096633911	2.29267954826355	2.7719075679779053	-3.3380863666534424	8.718194007873535	-8.085619926452637	4.292025566101074	-5.7598876953125
1400.75	6.0	trials	[1400.85096667 1404.68246667 1405.38823333 1406.04986667]	[1. 1. 1. 1.]	4	4.0	0.7853981633974483	2.0	R	-4.0914530754089355	-6.2589111328125	-0.014866597019135952	-3.3638391494750977	5.10174036026001	-0.6200184226036072	0.10660478472709656	-0.8405168056488037
1407.753	3.0160000000000764	trials	[1407.85433333 1408.7686     1409.55356667 1410.28536667]	[1. 1. 1. 1.]	4	4.0	0.7853981633974483	2.0	R	6.651160717010498	-2.153959274291992	3.3321871757507324	1.5856150388717651	3.842804431915283	-7.710371494293213	7.895026206970215	-4.781292915344238
1411.772	2.852000000000089	trials	[1411.8733     1412.66426667 1413.34196667 1414.0086    ]	[1. 1. 1. 1.]	4	4.0	0.7853981633974483	2.0	R	8.055546760559082	0.2161295861005783	8.591612815856934	5.187309741973877	3.679224729537964	4.255405902862549	6.80575704574585	8.157301902770996
1415.628	2.879000000000133	trials	[1415.7289     1416.6271     1417.33586667 1417.9484    ]	[1. 1. 1. 1.]	4	4.0	0.7853981633974483	2.0	R	1.876605749130249	8.996031761169434	-1.1615475416183472	5.024932861328125	-5.0227837562561035	8.201543807983398	-8.517573356628418	4.36637020111084
1419.51	2.759999999999991	trials	[1419.61153333 1420.30123333 1421.04006667 1421.76886667]	[1. 1. 1. 1.]	4	4.0	0.7853981633974483	2.0	R	-6.701169967651367	-0.2920285165309906	-2.027700185775757	-2.069295883178711	6.044872760772705	-3.203084945678711	8.702548027038574	1.0320963859558105
1423.274	2.393000000000029	trials	[1423.37486667 1424.26406667 1425.06506667           nan]	[ 1.  1.  1. nan]	4	3.0	0.7853981633974483	2.0	A	6.381267070770264	5.460601329803467	-3.5273656845092773	6.650432109832764	-6.481084823608398	0.6954790949821472	-2.1894009113311768	3.2609121799468994
1426.67	2.9990000000000236	trials	[1426.7713     1427.64146667 1428.4244     1429.16023333]	[1. 1. 1. 1.]	4	4.0	0.7853981633974483	2.0	R	-8.5109224319458	-8.97562313079834	-7.4917449951171875	0.41423842310905457	-5.379614353179932	-4.117748260498047	-4.877559661865234	2.0120344161987305
1430.672	0.8399999999999181	trials	[1430.77323333           nan           nan           nan]	[ 1. nan nan nan]	4	1.0	0.7853981633974483	2.0	A	-7.490920543670654	-2.25063419342041	-4.978174209594727	2.072108507156372	-8.843239784240723	5.244058132171631	5.498006343841553	5.450019836425781
1432.516	2.685999999999922	trials	[1432.6168     1433.32456667 1434.07243333 1434.70096667]	[1. 1. 1. 1.]	4	4.0	0.7853981633974483	2.0	R	0.0	0.0	-4.962502956390381	0.9246701598167419	-8.949843406677246	-2.092134952545166	-8.130309104919434	3.4633526581582112e-31
1436.206	2.6720000000000255	trials	[1436.30696667 1437.0007     1437.63226667 1438.333     ]	[1. 1. 1. 1.]	4	4.0	0.7853981633974483	2.0	R	-2.528590679168701	-6.305995464324951	-6.432622909545898	-1.7646957635879517	0.974391520023346	-0.18118636310100555	0.8472215533256531	6.2493672370910645
1439.882	2.8989999999998872	trials	[1439.9831     1440.80713333 1441.62016667 1442.30283333]	[1. 1. 1. 1.]	4	4.0	0.7853981633974483	2.0	R	-3.9179892539978027	4.7351789474487305	1.2125695943832397	-5.956189155578613	5.227858543395996	-8.935694694519043	3.3616154193878174	-4.2970380783081055
1443.785	2.855000000000018	trials	[1443.88576667 1444.66773333 1445.43563333 1446.1063    ]	[1. 1. 1. 1.]	4	4.0	0.7853981633974483	2.0	R	6.839321136474609	-0.333845853805542	4.886912822723389	4.26920747756958	0.0009430284844711423	5.3309502601623535	-4.935964584350586	6.122747898101807
1447.643	2.3859999999999673	trials	[1447.74436667 1448.13333333 1448.79596667 1449.55986667]	[1. 1. 1. 1.]	4	4.0	0.7853981633974483	2.0	R	-2.2955780029296875	1.8767664432525635	-8.381978988647461	1.9002318382263184	-5.628393650054932	-7.168185710906982	-2.054004669189453	-3.671938419342041
1451.033	3.086999999999989	trials	[1451.13376667 1451.86156667 1452.56733333 1453.33923333]	[1. 1. 1. 1.]	4	4.0	0.7853981633974483	2.0	R	-2.0944807529449463	-8.671774864196777	-1.1217765808105469	-3.7673025131225586	2.2580838203430176	8.040572166442871	0.8482089638710022	3.2434637546539307
1455.124	3.132000000000062	trials	[1455.22493333 1456.0149     1456.91913333 1457.65496667]	[1. 1. 1. 1.]	4	4.0	0.7853981633974483	2.0	R	-6.228786468505859	3.857966899871826	7.334524154663086	2.9169251918792725	6.677492141723633	7.873568058013916	0.6687542200088501	1.7191884517669678
1459.26	9.555000000000064	trials	[nan nan nan nan]	[nan nan nan nan]	4				R	0.0	0.0	0.0	0.0	0.0	0.0	0.0	0.0
1469.818	3.2560000000000855	trials	[1469.9194     1470.63816667 1471.773      1472.579     ]	[1. 1. 1. 1.]	4	4.0	0.7853981633974483	2.0	R	-0.05136168748140335	-4.225329399108887	-6.386663436889648	-1.9642987251281738	-3.1925296783447266	1.882454514503479	1.21579110622406	4.241841793060303
1474.078	3.227000000000089	trials	[1474.17896667 1475.2015     1476.09873333 1476.7243    ]	[1. 1. 1. 1.]	4	4.0	0.7853981633974483	2.0	R	7.478921890258789	8.43610668182373	2.803738832473755	6.663351058959961	-0.36375370621681213	2.7946314811706543	2.7055256366729736	-3.3544704914093018
1478.308	2.9890000000000327	trials	[1478.40946667 1479.33676667 1479.98336667 1480.66806667]	[1. 1. 1. 1.]	4	4.0	0.7853981633974483	2.0	R	7.9225873947143555	-0.2784695625305176	1.8141189813613892	-6.340548515319824	5.962543487548828	-3.1239142417907715	2.9840924739837646	0.8921570777893066
1482.3	3.08400000000006	trials	[1482.40136667 1483.2946     1484.09156667 1484.83543333]	[1. 1. 1. 1.]	4	4.0	0.7853981633974483	2.0	R	8.567536354064941	-1.6796590089797974	5.8595194816589355	2.5235116481781006	6.233018398284912	7.509541988372803	3.127699375152588	3.5907421112060547
1486.387	3.2950000000000728	trials	[1486.48853333 1487.1662     1488.18976667 1489.12606667]	[1. 1. 1. 1.]	4	4.0	0.7853981633974483	2.0	R	-1.846551775932312	-1.627587080001831	-7.613594055175781	8.954732894897461	-2.8460168838500977	3.0498039722442627	-4.155832290649414	-7.086271286010742
1490.686	3.104000000000042	trials	[1490.7872     1491.69243333 1492.33103333 1493.2844    ]	[1. 1. 1. 1.]	4	4.0	0.7853981633974483	2.0	R	8.11996841430664	-4.763124942779541	3.7343368530273438	-2.361826181411743	-5.004922866821289	1.568477988243103	-8.032822608947754	-2.495711326599121
1494.793	3.018000000000029	trials	[1494.8944     1495.6563     1496.53346667 1497.17806667]	[1. 1. 1. 1.]	4	4.0	0.7853981633974483	2.0	R	-7.68003511428833	-7.483250141143799	1.0402463674545288	-1.4896726608276367	2.978515148162842	3.1193525791168213	1.4577136039733887	-1.6437517404556274
1498.814	3.6099999999999	trials	[1498.91536667 1499.8116     1500.97146667 1501.6622    ]	[1. 1. 1. 1.]	4	4.0	0.7853981633974483	2.0	R	6.448111057281494	-1.3340169191360474	0.27193138003349304	8.843725204467773	-2.4934282302856445	4.678057670593262	4.8087286949157715	7.041855335235596
1503.428	2.9589999999998327	trials	[nan nan nan nan]	[nan nan nan nan]	4				R	0.0	0.0	0.0	0.0	0.0	0.0	0.0	0.0
1507.39	3.0499999999999545	trials	[1507.49166667 1508.21146667 1509.10266667 1509.8495    ]	[1. 1. 1. 1.]	4	4.0	0.7853981633974483	2.0	R	2.6314446926116943	-2.6056835651397705	-7.579255104064941	-1.7772115468978882	-3.400937080383301	-4.523419380187988	1.5457838773727417	-5.251397609710693
1511.443	3.1100000000001273	trials	[nan nan nan nan]	[nan nan nan nan]	4				R	0.0	0.0	0.0	0.0	0.0	0.0	0.0	0.0
1515.557	3.5879999999999654	trials	[1515.65793333 1516.99223333 1517.78723333 1518.37566667]	[1. 1. 1. 1.]	4	4.0	0.7853981633974483	2.0	R	-6.6930694580078125	2.257533311843872	-1.996799111366272	6.2143683433532715	-6.9840216636657715	5.857138156890869	4.266690731048584	7.11431360244751
1520.148	0.8810000000000855	trials	[1520.24933333           nan           nan           nan]	[ 1. nan nan nan]	4	1.0	0.7853981633974483	2.0	A	-8.411834716796875	5.004197120666504	-3.861137866973877	2.932685375213623	-8.719223022460938	4.115481376647949	-5.590083122253418	0.21567583084106445
1522.033	2.969000000000051	trials	[1522.134      1522.91493333 1523.64976667 1524.5009    ]	[1. 1. 1. 1.]	4	4.0	0.7853981633974483	2.0	R	-4.660689830780029	-4.3376078605651855	-0.14441202580928802	-2.1920933723449707	7.627786636352539	-4.090137481689453	1.1790486574172974	-5.67592716217041
1526.006	2.9220000000000255	trials	[1526.10686667 1526.8868     1527.75596667 1528.3334    ]	[1. 1. 1. 1.]	4	4.0	0.7853981633974483	2.0	R	-6.14792013168335	0.7868542075157166	-7.62744140625	-3.9892337322235107	-4.6313700675964355	-7.9921770095825195	-0.735360324382782	-4.858312606811523
1529.931	2.980000000000018	trials	[1530.0326     1530.8707     1531.7208     1532.43656667]	[1. 1. 1. 1.]	4	4.0	0.7853981633974483	2.0	R	0.7093567252159119	4.741934776306152	-3.149571657180786	1.5625213384628296	-3.711988925933838	6.530789375305176	-3.372777223587036	1.542309045791626
1533.914	3.461999999999989	trials	[nan nan nan nan]	[nan nan nan nan]	4				R	0.0	0.0	0.0	0.0	0.0	0.0	0.0	0.0
1538.379	2.961999999999989	trials	[1538.4806     1539.2104     1540.0515     1540.79933333]	[1. 1. 1. 1.]	4	4.0	0.7853981633974483	2.0	R	-4.490518569946289	-5.3535614013671875	6.769717216491699	-5.661225318908691	1.562129020690918	-0.03595272824168205	5.269682884216309	4.810202121734619
1542.344	3.0549999999998363	trials	[1542.44543333 1543.2424     1543.86696667 1544.6549    ]	[1. 1. 1. 1.]	4	4.0	0.7853981633974483	2.0	R	0.3285134732723236	5.574952602386475	-3.812086582183838	2.772198438644409	-8.661293029785156	3.9908831119537354	-5.320328235626221	-8.83964729309082
1546.402	2.951999999999998	trials	[1546.5035     1547.5882     1548.24583333 1548.89043333]	[1. 1. 1. 1.]	4	4.0	0.7853981633974483	2.0	R	2.2471518516540527	3.01033878326416	-1.3554534912109375	-0.45682668685913086	2.411712169647217	-3.7444493770599365	6.4380903244018555	-0.7799462080001831
1550.357	2.9960000000000946	trials	[1550.4583     1551.31443333 1552.09036667 1552.81316667]	[1. 1. 1. 1.]	4	4.0	0.7853981633974483	2.0	R	5.8469929695129395	-8.653326988220215	5.983694553375244	-3.655195713043213	1.1877715587615967	-2.2412919998168945	-4.829803466796875	1.0761395692825317
1554.356	3.038000000000011	trials	[1554.45723333 1555.33343333 1556.03616667 1556.72486667]	[1. 1. 1. 1.]	4	4.0	0.7853981633974483	2.0	R	6.739723205566406	-4.428107261657715	4.150442123413086	-0.15076889097690582	2.1833667755126953	4.446035861968994	-7.303305625915527	4.474254131317139
1558.397	2.645999999999958	trials	[1558.49826667 1559.21806667 1559.9609     1560.5624    ]	[1. 1. 1. 1.]	4	4.0	0.7853981633974483	2.0	R	-6.509023666381836	-0.46225428581237793	-3.799865245819092	-4.664689540863037	-1.9338889122009277	-0.025925304740667343	-4.723141193389893	-4.175632953643799
1562.046	2.7079999999998563	trials	[1562.14733333 1563.2681     1564.07813333           nan]	[ 1.  1.  1. nan]	4	3.0	0.7853981633974483	2.0	A	-5.4178900718688965	0.77586430311203	3.7714035511016846	-8.05272102355957	2.7306535243988037	-3.162236213684082	-1.99820077419281	-1.538063645362854
1565.757	8.086999999999989	trials	[nan nan nan nan]	[nan nan nan nan]	4				R	0.0	0.0	0.0	0.0	0.0	0.0	0.0	0.0
1574.848	3.0240000000001146	trials	[nan nan nan nan]	[nan nan nan nan]	4				R	0.0	0.0	0.0	0.0	0.0	0.0	0.0	0.0
1578.876	3.0450000000000728	trials	[1578.9771     1579.85126667 1580.72846667 1581.32593333]	[1. 1. 1. 1.]	4	4.0	0.7853981633974483	2.0	R	-4.628979682922363	7.196730136871338	-4.278433799743652	-6.384932994842529	0.6429350972175598	-7.268182277679443	2.6694934368133545	-2.697289228439331
1582.925	2.755000000000109	trials	[1583.02616667 1583.91036667 1584.6161     1585.22663333]	[1. 1. 1. 1.]	4	4.0	0.7853981633974483	2.0	R	-2.9008543491363525	7.020148277282715	-3.9355616569519043	2.1283817291259766	-4.7497782707214355	-2.804877996444702	0.06127488240599632	-1.104415774345398
1586.683	2.9220000000000255	trials	[1586.7845     1587.5935     1588.3163     1589.02606667]	[1. 1. 1. 1.]	4	4.0	0.7853981633974483	2.0	R	1.3608912229537964	3.7237305641174316	6.199288368225098	2.462813138961792	7.440528392791748	7.306295394897461	6.489712238311768	-0.045627545565366745
1590.609	1.5240000000001146	trials	[1590.71023333 1591.5453               nan           nan]	[ 1.  1. nan nan]	4	2.0	0.7853981633974483	2.0	A	-2.961545705795288	6.21544075012207	-6.879768371582031	3.10939359664917	-8.71915340423584	-1.5399789810180664	-5.176012992858887	-5.067890644073486
1593.136	3.1820000000000164	trials	[1593.2375     1594.22396667 1595.10916667 1595.78183333]	[1. 1. 1. 1.]	4	4.0	0.7853981633974483	2.0	R	6.426894664764404	-3.0095374584198	2.943026065826416	8.244915962219238	-1.2201734781265259	5.475841999053955	-2.649519681930542	-3.6769344806671143
1597.322	2.839000000000169	trials	[1597.4229     1598.29206667 1598.8785     1599.64943333]	[1. 1. 1. 1.]	4	4.0	0.7853981633974483	2.0	R	-6.766088962554932	3.391902446746826	-3.7511441707611084	-0.5968452095985413	6.275607109069824	0.44613656401634216	1.2888652086257935	0.08226147294044495
1601.164	3.025000000000091	trials	[1601.26543333 1602.16966667 1602.8684     1603.56916667]	[1. 1. 1. 1.]	4	4.0	0.7853981633974483	2.0	R	8.923665046691895	-2.6987557411193848	4.880900859832764	0.2433626651763916	4.402438640594482	5.220417499542236	-4.47158670425415	6.293279647827148
1605.192	2.9279999999998836	trials	[nan nan nan nan]	[nan nan nan nan]	4				R	0.0	0.0	0.0	0.0	0.0	0.0	0.0	0.0
1609.124	3.105000000000018	trials	[1609.2252     1610.01313333 1610.81213333 1611.58403333]	[1. 1. 1. 1.]	4	4.0	0.7853981633974483	2.0	R	-6.7331461906433105	3.6871519088745117	2.7419803142547607	0.1030627116560936	-3.951242208480835	7.2984466552734375	-8.360549926757812	4.940905570983887
1613.232	8.295000000000073	trials	[1613.3334     1619.6581     1620.29366667 1620.96733333]	[1. 1. 1. 1.]	4	4.0	0.7853981633974483	2.0	R	-3.6119003295898438	8.943013191223145	-8.505301475524902	7.91606330871582	-2.369797945022583	8.05782699584961	-6.28515625	4.948169708251953
1622.53	2.701999999999998	trials	[1622.63146667 1623.19786667 1623.8465     1624.56926667]	[1. 1. 1. 1.]	4	4.0	0.7853981633974483	2.0	R	-3.9275641441345215	0.5388887524604797	-6.38046407699585	-3.818092107772827	-3.881891965866089	-8.149043083190918	-4.174253940582275	4.083911895751953
1626.235	2.9600000000000364	trials	[1626.33666667 1627.2299     1627.94166667 1628.6825    ]	[1. 1. 1. 1.]	4	4.0	0.7853981633974483	2.0	R	4.4885687828063965	6.71418571472168	3.986494541168213	-1.9921226501464844	-4.578742980957031	2.083831548690796	-2.730926513671875	-2.5621964931488037
1630.198	2.9889999999998054	trials	[1630.2995     1631.09046667 1631.81726667 1632.6684    ]	[1. 1. 1. 1.]	4	4.0	0.7853981633974483	2.0	R	-4.148300647735596	-7.357094764709473	0.7845381498336792	-6.5403313636779785	-3.983320474624634	-4.299537658691406	0.914017379283905	-5.307546138763428
1634.19	7.833999999999833	trials	[1634.2914     1639.8402     1640.82463333 1641.52736667]	[1. 1. 1. 1.]	4	4.0	0.7853981633974483	2.0	R	5.828641891479492	-4.387509346008301	4.419896125793457	8.206307411193848	-0.5627428293228149	7.7900004386901855	-5.400384426116943	6.526186943054199
1643.027	2.967999999999847	trials	[1643.12833333 1644.0015     1644.66616667 1645.2867    ]	[1. 1. 1. 1.]	4	4.0	0.7853981633974483	2.0	R	5.256672382354736	6.067480564117432	3.404573440551758	-2.9220359325408936	3.140925645828247	2.0710082054138184	-7.382911205291748	8.664666175842285
1646.999	7.270999999999958	trials	[1647.1002     1652.40036667 1653.02693333 1653.64646667]	[1. 1. 1. 1.]	4	4.0	0.7853981633974483	2.0	R	5.951798915863037	5.6552276611328125	2.0605971813201904	-1.210339069366455	5.028136730194092	3.9870147705078125	-0.5078000426292419	3.5540127754211426
1655.274	3.088000000000193	trials	[1655.37473333 1656.2469     1656.8935     1657.66343333]	[1. 1. 1. 1.]	4	4.0	0.7853981633974483	2.0	R	-8.823155403137207	-2.2287001609802246	-5.243638515472412	-5.719696521759033	-5.146477222442627	0.7682859301567078	-5.6007304191589355	-4.211036682128906
1659.366	3.8460000000000036	trials	[1659.4669     1661.18916667 1661.91196667 1662.51646667]	[1. 1. 1. 1.]	4	4.0	0.7853981633974483	2.0	R	-3.123246431350708	-8.554085731506348	0.19447024166584015	-4.813395977020264	4.53021240234375	-7.3132004737854	-3.6107583045959473	1.483830451965332
1664.216	3.19600000000014	trials	[nan nan nan nan]	[nan nan nan nan]	4				R	0.0	0.0	0.0	0.0	0.0	0.0	0.0	0.0
1668.415	2.6829999999999927	trials	[1668.51636667 1669.32636667 1669.94793333 1670.5855    ]	[1. 1. 1. 1.]	4	4.0	0.7853981633974483	2.0	R	2.8570754528045654	-5.06142520904541	6.688690662384033	-1.8491477966308594	3.175260066986084	1.708351969718933	-3.09152889251709	0.9887250661849976
1672.101	2.959999999999809	trials	[1672.2025     1673.14386667 1673.89773333 1674.53933333]	[1. 1. 1. 1.]	4	4.0	0.7853981633974483	2.0	R	8.306184768676758	-4.273050785064697	5.980392932891846	1.6935909986495972	8.518367767333984	-2.6185638904571533	5.996963024139404	1.6991344690322876
1676.064	2.668999999999869	trials	[1676.16536667 1676.79793333 1677.52473333 1678.25853333]	[1. 1. 1. 1.]	4	4.0	0.7853981633974483	2.0	R	1.6243940591812134	-0.7258684039115906	0.42520713806152344	5.538240432739258	-3.465628147125244	0.5442584156990051	-8.456547737121582	0.24305033683776855
1679.736	2.671999999999798	trials	[1679.83746667 1680.5773     1681.28606667 1681.93566667]	[1. 1. 1. 1.]	4	4.0	0.7853981633974483	2.0	R	-3.8733487129211426	-6.5457844734191895	-3.2985219955444336	-1.5789371728897095	-2.0903820991516113	-6.430781841278076	1.7594424486160278	-3.2403509616851807
1683.411	3.186999999999898	trials	[nan nan nan nan]	[nan nan nan nan]	4				R	0.0	0.0	0.0	0.0	0.0	0.0	0.0	0.0
1687.602	0.2259999999998854	trials	[1687.703 1687.711      nan      nan]	[ 1.  1. nan nan]	4	2.0	0.7853981633974483	2.0	A	-3.8469300270080566	2.5860233306884766	-8.713944435119629	3.731522798538208	-4.374151706695557	1.2483400106430054	5.20966911315918	0.030053062364459038
1688.832	2.8259999999997945	trials	[1688.93303333 1689.6869     1690.2904     1691.02523333]	[1. 1. 1. 1.]	4	4.0	0.7853981633974483	2.0	R	0.0	0.0	-3.026071786880493	3.9803125858306885	0.47253933548927307	0.4082376956939697	3.5988147258758545	-7.431908130645752
1692.661	3.2409999999999854	trials	[1692.76253333 1693.5896     1694.45976667 1695.29483333]	[1. 1. 1. 1.]	4	4.0	0.7853981633974483	2.0	R	6.620933532714844	-3.4485931396484375	-3.7160263061523438	6.038939476013184	-3.1053051948547363	-0.5843145251274109	5.569571495056152	2.369671583175659
1696.906	14.240000000000009	trials	[1697.0071     1709.13216667 1709.8189     1710.6339    ]	[1. 1. 1. 1.]	4	4.0	0.7853981633974483	2.0	R	0.5841230154037476	1.9884865283966064	1.9458402395248413	6.799487113952637	7.78887939453125	-1.3771562576293945	3.727102041244507	-4.292969226837158
1712.15	2.9769999999998618	trials	[1712.25093333 1713.06596667 1713.75266667 1714.51856667]	[1. 1. 1. 1.]	4	4.0	0.7853981633974483	2.0	R	7.60383939743042	-1.135295033454895	8.996298789978027	3.666897773742676	4.047938823699951	2.1793596744537354	7.019814968109131	6.20029878616333
1716.131	3.2639999999998963	trials	[nan nan nan nan]	[nan nan nan nan]	4				R	0.0	0.0	0.0	0.0	0.0	0.0	0.0	0.0
1720.398	1.8150000000000546	trials	[1720.4994 1721.5019       nan       nan]	[ 1.  1. nan nan]	4	2.0	0.7853981633974483	2.0	A	8.971877098083496	3.348543643951416	8.058927536010742	8.26448917388916	6.250019550323486	3.603175401687622	8.786737442016602	-2.0888099670410156
1723.216	3.2650000000001	trials	[1723.3174     1724.51436667 1725.2903     1725.95293333]	[1. 1. 1. 1.]	4	4.0	0.7853981633974483	2.0	R	-3.041323661804199	8.025518417358398	-0.8510767817497253	3.53076434135437	4.311580181121826	-0.9002018570899963	-0.22116447985172272	-3.0107059478759766
1727.485	2.9570000000001073	trials	[1727.586      1728.46416667 1729.29823333 1729.96086667]	[1. 1. 1. 1.]	4	4.0	0.7853981633974483	2.0	R	1.4321767091751099	-7.729441165924072	6.949795722961426	2.908628225326538	-2.698997974395752	3.9810283184051514	-1.5554742813110352	-0.8864507675170898
1731.446	2.9340000000001965	trials	[1731.54683333 1732.3869     1733.12473333 1733.8375    ]	[1. 1. 1. 1.]	4	4.0	0.7853981633974483	2.0	R	-3.229346752166748	3.825040578842163	-7.831220626831055	1.8698532581329346	-0.6375619769096375	-0.6559174656867981	1.6209763288497925	-5.1167473793029785
1735.383	2.7000000000000455	trials	[1735.4846     1736.18633333 1736.853      1737.51063333]	[1. 1. 1. 1.]	4	4.0	0.7853981633974483	2.0	R	2.774785280227661	-0.2516961395740509	-1.9074584245681763	-4.299345016479492	0.7414618134498596	-0.05868220329284668	5.631078720092773	-7.64989709854126
1739.087	2.9950000000001182	trials	[1739.1878     1740.08603333 1740.79776667 1741.46443333]	[1. 1. 1. 1.]	4	4.0	0.7853981633974483	2.0	R	-2.50390625	0.427213579416275	-1.2284685373306274	-4.407376289367676	-2.182950258255005	0.5006747841835022	1.4678890705108643	7.957250118255615
1743.085	4.2439999999999145	trials	[1743.1867     1745.17263333 1745.9556     1746.6894    ]	[1. 1. 1. 1.]	4	4.0	0.7853981633974483	2.0	R	-2.3597381114959717	4.740221977233887	6.01099967956543	5.953663349151611	1.2373828887939453	4.466187000274658	-3.7332379817962646	3.9249603748321533
1748.333	3.4249999999999545	trials	[1748.43373333 1749.72593333 1750.60313333 1751.2347    ]	[1. 1. 1. 1.]	4	4.0	0.7853981633974483	2.0	R	-3.354811668395996	-1.060698390007019	-4.555243492126465	8.724014282226562	-7.878303527832031	3.875852346420288	-4.273568630218506	8.84107780456543
1752.761	2.7560000000000855	trials	[1752.86273333 1753.60856667 1754.28026667 1754.91583333]	[1. 1. 1. 1.]	4	4.0	0.7853981633974483	2.0	R	2.102084159851074	-0.9545764327049255	4.017463207244873	-7.615691661834717	2.1036455631256104	-2.996460199356079	0.0014847519341856241	5.753953456878662
1756.521	2.936000000000149	trials	[1756.62206667 1757.61453333 1758.27916667 1758.90473333]	[1. 1. 1. 1.]	4	4.0	0.7853981633974483	2.0	R	-8.586945533752441	-3.117896795272827	-3.725414276123047	-4.286449432373047	0.13525155186653137	-7.4637532234191895	0.3929806351661682	-2.470400333404541
1760.461	2.9890000000000327	trials	[1760.56183333 1761.3488     1762.06656667 1762.89463333]	[1. 1. 1. 1.]	4	4.0	0.7853981633974483	2.0	R	5.303301811218262	-3.4131338596343994	6.208882808685303	1.5041745901107788	-0.3175926208496094	-0.945724368095398	-5.302467346191406	-1.334341287612915
1764.454	2.921000000000049	trials	[1764.55476667 1765.3788     1766.1086     1766.76223333]	[1. 1. 1. 1.]	4	4.0	0.7853981633974483	2.0	R	-8.74881649017334	-4.956864833831787	-7.2629008293151855	1.3093308210372925	-3.461369752883911	7.058979034423828	-8.367253303527832	8.02453899383545
1768.378	0.2660000000000764	trials	[1768.4795       nan       nan       nan]	[ 1. nan nan nan]	4	1.0	0.7853981633974483	2.0	A	-3.775817394256592	6.04496431350708	-8.374346733093262	8.00800609588623	-3.89035701751709	5.795803546905518	-5.03088903427124	0.9276224970817566
1769.647	2.77800000000002	trials	[1769.74863333 1770.60876667 1771.1812     1771.8208    ]	[1. 1. 1. 1.]	4	4.0	0.7853981633974483	2.0	R	-5.910933971405029	-8.055158615112305	-2.2247533798217773	-4.676982402801514	3.3725574016571045	0.19620299339294434	-1.6242237091064453	0.37558993697166443
1773.429	2.964999999999918	trials	[1773.53003333 1774.29593333 1775.02673333 1775.8538    ]	[1. 1. 1. 1.]	4	4.0	0.7853981633974483	2.0	R	3.3111724853515625	1.1767542362213135	0.5518444180488586	8.320747375488281	-7.295496940612793	8.00765323638916	-3.3835132122039795	4.893752098083496
1777.398	2.9470000000001164	trials	[1777.4989     1778.34196667 1779.02666667 1779.87476667]	[1. 1. 1. 1.]	4	4.0	0.7853981633974483	2.0	R	3.427447557449341	6.139333724975586	-4.157050609588623	-3.854454755783081	-6.539837837219238	8.894732475280762	-5.456510543823242	4.013503074645996
1781.348	3.2530000000001564	trials	[1781.4497     1782.27373333 1783.181      1784.05916667]	[1. 1. 1. 1.]	4	4.0	0.7853981633974483	2.0	R	-8.917613983154297	7.621932506561279	-5.886959552764893	-3.6483964920043945	6.210819721221924	-6.562805652618408	3.3923707008361816	-2.432872772216797
1785.604	3.175999999999931	trials	[1785.70526667 1786.9283     1787.5408     1788.26863333]	[1. 1. 1. 1.]	4	4.0	0.7853981633974483	2.0	R	8.275777816772461	8.904306411743164	4.105137348175049	6.1464524269104	-0.6787877678871155	7.600433826446533	-6.1121134757995605	4.997923374176025
1789.783	2.678000000000111	trials	[1789.88463333 1790.53926667 1791.1658     1791.90866667]	[1. 1. 1. 1.]	4	4.0	0.7853981633974483	2.0	R	-4.300494194030762	0.33766230940818787	-1.1080801486968994	-3.5105180740356445	7.742201328277588	2.1828532218933105	6.546930313110352	7.03788423538208
1793.465	2.6760000000001583	trials	[1793.56576667 1794.3417     1794.95723333 1795.56573333]	[1. 1. 1. 1.]	4	4.0	0.7853981633974483	2.0	R	1.5553706884384155	6.747482776641846	-0.06956945359706879	2.0188918113708496	2.9756743907928467	-1.9467719793319702	-3.27797794342041	0.39594095945358276
1797.145	3.477000000000089	trials	[nan nan nan nan]	[nan nan nan nan]	4				R	0.0	0.0	0.0	0.0	0.0	0.0	0.0	0.0
1801.626	7.1400000000001	trials	[1801.72703333 1806.5911     1807.29583333 1808.05173333]	[1. 1. 1. 1.]	4	4.0	0.7853981633974483	2.0	R	0.4642418324947357	0.14518287777900696	-3.345815658569336	7.0399980545043945	-7.910069942474365	4.998532295227051	2.596905469894409	1.11305570602417
1809.769	2.9880000000000564	trials	[1809.87023333 1810.6211     1811.43513333 1812.15993333]	[1. 1. 1. 1.]	4	4.0	0.7853981633974483	2.0	R	1.7105880975723267	7.733161449432373	2.4588253498077393	2.7894644737243652	8.535188674926758	0.23748326301574707	-0.16721603274345398	-6.051610946655273
1813.761	3.150000000000091	trials	[1813.86213333 1814.69823333 1815.39193333 1816.19693333]	[1. 1. 1. 1.]	4	4.0	0.7853981633974483	2.0	R	-7.880044937133789	-0.6149699687957764	-2.876483917236328	-2.546480417251587	1.529883623123169	6.286687850952148	-2.1031038761138916	2.8513710498809814
1817.914	2.740000000000009	trials	[1818.01546667 1818.7924     1819.46906667 1820.17983333]	[1. 1. 1. 1.]	4	4.0	0.7853981633974483	2.0	R	2.7141506671905518	-5.542873382568359	2.074209451675415	-0.3701990842819214	2.010136365890503	-7.578780651092529	6.221985340118408	-4.884281158447266
1821.658	1.86200000000008	trials	[1821.75873333 1822.57476667           nan           nan]	[ 1.  1. nan nan]	4	2.0	0.7853981633974483	2.0	A	-4.975040435791016	-2.779971122741699	4.5949859619140625	5.759055137634277	-0.2674809694290161	4.594401836395264	0.513914942741394	-0.34416261315345764
1824.524	2.72400000000016	trials	[1824.62486667 1825.42283333 1826.15466667 1826.74313333]	[1. 1. 1. 1.]	4	4.0	0.7853981633974483	2.0	R	-0.28637778759002686	6.84177827835083	-1.5303692817687988	1.3031128644943237	3.189004898071289	4.44858980178833	-1.3286070823669434	2.3058853149414062
1828.252	2.981999999999971	trials	[1828.3531     1829.113      1830.09343333 1830.73703333]	[1. 1. 1. 1.]	4	4.0	0.7853981633974483	2.0	R	-6.289148807525635	1.6789671182632446	0.2945939898490906	-8.236053466796875	5.2545881271362305	-7.6048197746276855	4.896315574645996	-2.6176722049713135
1832.238	2.759999999999991	trials	[1832.339  1833.0628 1833.7876 1834.3851]	[1. 1. 1. 1.]	4	4.0	0.7853981633974483	2.0	R	-3.821485757827759	0.9222032427787781	1.723928689956665	-6.9404425621032715	6.701332092285156	-6.46561861038208	-2.5533268451690674	0.5244686603546143
1836.001	2.52800000000002	trials	[1836.10236667 1836.766      1837.4547     1838.04416667]	[1. 1. 1. 1.]	4	4.0	0.7853981633974483	2.0	R	1.4536339044570923	-2.4662277698516846	0.35455429553985596	-7.343934535980225	4.239301681518555	-4.196119785308838	4.294630527496338	0.8035741448402405
1839.533	2.935000000000173	trials	[1839.63413333 1840.44213333 1841.12683333 1841.89273333]	[1. 1. 1. 1.]	4	4.0	0.7853981633974483	2.0	R	4.021299362182617	-4.188949108123779	-1.5937350988388062	-1.7250889539718628	-6.453881740570068	6.7359819412231445	-6.724024295806885	1.7432851791381836
1843.472	2.6200000000001182	trials	[1843.5729     1844.30873333 1844.93626667 1845.5488    ]	[1. 1. 1. 1.]	4	4.0	0.7853981633974483	2.0	R	-5.5564422607421875	-3.118479013442993	-2.923257350921631	-7.368930339813232	1.9514226913452148	-6.256502628326416	6.316997528076172	-3.8189308643341064
1847.096	2.8409999999998945	trials	[1847.1969     1848.02193333 1848.75073333 1849.43846667]	[1. 1. 1. 1.]	4	4.0	0.7853981633974483	2.0	R	-1.3153268098831177	5.064762592315674	1.8727713823318481	-1.692250370979309	7.207615852355957	-1.379673957824707	8.454143524169922	3.4624505043029785
1850.94	0.696999999999889	trials	[1851.04143333           nan           nan           nan]	[ 1. nan nan nan]	4	1.0	0.7853981633974483	2.0	A	4.615499496459961	0.25857579708099365	0.28995171189308167	2.7664906978607178	1.5434544086456299	-3.919020175933838	-0.12236940115690231	-8.633363723754883
1852.64	7.3449999999998	trials	[nan nan nan nan]	[nan nan nan nan]	4				R	0.0	0.0	0.0	0.0	0.0	0.0	0.0	0.0
1860.988	4.0909999999998945	trials	[1861.08936667 1862.7856     1863.757      1864.3565    ]	[1. 1. 1. 1.]	4	4.0	0.7853981633974483	2.0	R	6.038808345794678	-5.48990535736084	-7.129874229431152	-7.983757495880127	-2.5786211490631104	-5.913468360900879	8.968801498413086	-4.579115867614746
1866.083	2.95699999999988	trials	[1866.18403333 1866.93286667 1867.60353333 1868.36443333]	[1. 1. 1. 1.]	4	4.0	0.7853981633974483	2.0	R	8.061904907226562	0.3379502296447754	3.196882963180542	-0.8159818649291992	6.8037309646606445	6.925789833068848	-5.800577163696289	4.422626972198486
1870.044	6.270999999999958	trials	[1870.14486667 1873.97436667 1874.90266667 1875.65453333]	[1. 1. 1. 1.]	4	4.0	0.7853981633974483	2.0	R	-8.29014778137207	8.758758544921875	-3.3686251640319824	7.876364707946777	1.913292407989502	5.6489691734313965	-8.971577644348145	6.830485820770264
1877.319	0.8260000000000218	trials	[1877.4199       nan       nan       nan]	[ 1. nan nan nan]	4	1.0	0.7853981633974483	2.0	A	4.07451057434082	2.611236572265625	-2.2878382205963135	-4.135904312133789	0.34426701068878174	-8.38702392578125	3.337967872619629	4.094181060791016
1879.148	3.788000000000011	trials	[nan nan nan nan]	[nan nan nan nan]	4				R	0.0	0.0	0.0	0.0	0.0	0.0	0.0	0.0
1883.939	2.7749999999998636	trials	[1884.04033333 1884.73106667 1885.3175     1886.25283333]	[1. 1. 1. 1.]	4	4.0	0.7853981633974483	2.0	R	0.72489994764328	-6.705016136169434	5.656424522399902	-5.880355358123779	-5.368844985961914	0.5657157301902771	-2.8025622367858887	-3.7254605293273926
1887.717	2.6639999999999873	trials	[1887.81873333 1888.5395     1889.11896667 1889.80366667]	[1. 1. 1. 1.]	4	4.0	0.7853981633974483	2.0	R	-5.773862361907959	-7.746825695037842	-2.6646697521209717	-3.8310978412628174	2.197244882583618	-2.664141893386841	-5.009506702423096	-1.5693570375442505
1891.385	2.84699999999998	trials	[1891.48583333 1892.2457     1892.95946667 1893.6061    ]	[1. 1. 1. 1.]	4	4.0	0.7853981633974483	2.0	R	-8.491469383239746	-5.253912925720215	1.8208247423171997	-6.976619243621826	1.9151382446289062	-1.9775090217590332	-2.900376319885254	8.40382194519043
1895.235	2.4760000000001128	trials	[1895.33636667 1895.95993333 1896.57546667 1897.195     ]	[1. 1. 1. 1.]	4	4.0	0.7853981633974483	2.0	R	0.3415108025074005	4.022452354431152	3.690089225769043	0.2261473834514618	-0.5190138816833496	-7.266066551208496	5.23236083984375	-5.8895182609558105
1898.715	3.201000000000022	trials	[1898.81603333 1899.71626667 1900.5022     1901.3794    ]	[1. 1. 1. 1.]	4	4.0	0.7853981633974483	2.0	R	5.4870429039001465	0.6328951120376587	0.26689547300338745	6.823528289794922	-1.3047420978546143	1.3561303615570068	-1.426074504852295	-8.562777519226074
1902.919	2.991999999999962	trials	[1903.02046667 1903.69713333 1904.445      1905.3382    ]	[1. 1. 1. 1.]	4	4.0	0.7853981633974483	2.0	R	-3.9519941806793213	-1.8061498403549194	0.42663872241973877	-4.220186710357666	0.654155969619751	5.032891750335693	2.0751094818115234	-0.18562467396259308
1906.914	2.798000000000002	trials	[nan nan nan nan]	[nan nan nan nan]	4				R	0.0	0.0	0.0	0.0	0.0	0.0	0.0	0.0
1910.716	2.82100000000014	trials	[1910.8168     1911.55263333 1912.32856667 1913.0333    ]	[1. 1. 1. 1.]	4	4.0	0.7853981633974483	2.0	R	1.4803369045257568	2.7261970043182373	-8.655903816223145	-1.4441803693771362	-6.161559581756592	-7.607082843780518	-4.877728462219238	-2.7588679790496826
1914.54	2.9809999999999945	trials	[1914.6413     1915.43726667 1916.2092     1916.92696667]	[1. 1. 1. 1.]	4	4.0	0.7853981633974483	2.0	R	3.6336984634399414	-5.770523548126221	-7.757486820220947	-0.5889550447463989	1.1644545793533325	-6.413210868835449	8.368366241455078	-3.09676194190979
1918.525	3.203999999999951	trials	[nan nan nan nan]	[nan nan nan nan]	4				R	0.0	0.0	0.0	0.0	0.0	0.0	0.0	0.0
1922.732	2.9909999999999854	trials	[1922.83363333 1923.85016667 1924.53786667 1925.16143333]	[1. 1. 1. 1.]	4	4.0	0.7853981633974483	2.0	R	-3.6314847469329834	6.127861976623535	-8.140653610229492	3.96744704246521	-7.956386089324951	-1.0291564464569092	-3.722069501876831	-3.6882097721099854
1926.726	11.653999999999996	trials	[nan nan nan nan]	[nan nan nan nan]	4				R	0.0	0.0	0.0	0.0	0.0	0.0	0.0	0.0
1939.384	3.231999999999971	trials	[nan nan nan nan]	[nan nan nan nan]	4				R	0.0	0.0	0.0	0.0	0.0	0.0	0.0	0.0
1943.619	2.841000000000122	trials	[1943.7205     1944.51346667 1945.14603333 1945.96506667]	[1. 1. 1. 1.]	4	4.0	0.7853981633974483	2.0	R	-5.8278374671936035	-4.0404462814331055	-0.8613898158073425	-4.618719100952148	7.7569990158081055	2.8236289024353027	5.22268533706665	7.133762836456299
1947.464	3.008000000000038	trials	[1947.56503333 1948.30586667 1949.10083333 1949.81863333]	[1. 1. 1. 1.]	4	4.0	0.7853981633974483	2.0	R	0.32288283109664917	8.129722595214844	5.615015029907227	0.8773595094680786	0.08504664897918701	7.173052787780762	5.2517991065979	-0.27520257234573364
1951.476	2.627999999999929	trials	[1951.577      1952.32483333 1952.96543333 1953.5579    ]	[1. 1. 1. 1.]	4	4.0	0.7853981633974483	2.0	R	2.9009220600128174	-5.793002128601074	6.608476638793945	-2.438298463821411	4.093170166015625	1.8829550743103027	-1.7712986469268799	-4.681488513946533
1955.108	2.6970000000001164	trials	[1955.209      1955.82653333 1956.5834     1957.24406667]	[1. 1. 1. 1.]	4	4.0	0.7853981633974483	2.0	R	1.8022027015686035	-1.184334397315979	-2.7904813289642334	-3.1610116958618164	-2.0357751846313477	-8.10372543334961	-2.7423171997070312	-3.153897285461426
1958.809	2.713999999999942	trials	[1958.9102     1959.61593333 1960.34273333 1960.9653    ]	[1. 1. 1. 1.]	4	4.0	0.7853981633974483	2.0	R	2.485117197036743	1.4645447731018066	1.6391149759292603	7.806000232696533	-3.31536602973938	7.1328606605529785	-8.052852630615234	8.731678009033203
1962.526	2.576999999999998	trials	[1962.6274     1963.3101     1963.9497     1964.60333333]	[1. 1. 1. 1.]	4	4.0	0.7853981633974483	2.0	R	1.2170448303222656	2.527956485748291	-3.416638135910034	4.406515121459961	-0.04985331743955612	-1.0403001308441162	3.12693452835083	2.8207902908325195
1966.106	2.5470000000000255	trials	[1966.2073     1966.9331     1967.51956667 1968.1832    ]	[1. 1. 1. 1.]	4	4.0	0.7853981633974483	2.0	R	-5.393211841583252	-4.00538969039917	-5.749965667724609	-8.992646217346191	-1.3361696004867554	-6.643517971038818	3.741569757461548	-2.41888689994812
1969.657	3.4670000000000982	trials	[nan nan nan nan]	[nan nan nan nan]	4				R	0.0	0.0	0.0	0.0	0.0	0.0	0.0	0.0
1974.128	3.105000000000018	trials	[1974.2292     1975.16553333 1975.9174     1976.59106667]	[1. 1. 1. 1.]	4	4.0	0.7853981633974483	2.0	R	-4.371860980987549	4.223810195922852	1.2117090225219727	2.612762212753296	-3.116826295852661	5.115516662597656	-0.6578637361526489	-7.989133358001709
1978.236	2.7439999999999145	trials	[1978.3374     1978.96496667 1979.67173333 1980.4637    ]	[1. 1. 1. 1.]	4	4.0	0.7853981633974483	2.0	R	-0.03811163082718849	-3.02769136428833	3.411738634109497	-6.646881103515625	-6.8836846351623535	-1.0592002868652344	-3.1326076984405518	-4.36516809463501
1981.983	2.701000000000022	trials	[1982.0847     1982.87366667 1983.51826667 1984.19193333]	[1. 1. 1. 1.]	4	4.0	0.7853981633974483	2.0	R	1.8228713274002075	-5.030921459197998	5.657742977142334	-8.239310264587402	0.7449603080749512	-2.7901225090026855	4.969244956970215	-0.11516087502241135
1985.688	2.961999999999989	trials	[1985.7889     1986.49966667 1987.29363333 1988.09963333]	[1. 1. 1. 1.]	4	4.0	0.7853981633974483	2.0	R	-4.291262626647949	-1.7225453853607178	-2.348039388656616	6.074304103851318	-4.3425164222717285	-8.583352088928223	-0.6317306756973267	-5.232223033905029
1989.653	3.1920000000000073	trials	[1989.75476667 1990.55673333 1991.48503333 1992.17876667]	[1. 1. 1. 1.]	4	4.0	0.7853981633974483	2.0	R	4.042149543762207	-7.008410453796387	8.29641056060791	4.377958297729492	4.6779375076293945	7.8285603523254395	-4.382768154144287	-0.22714662551879883
1993.849	2.8810000000000855	trials	[1993.95016667 1994.79326667 1995.497      1996.0965    ]	[1. 1. 1. 1.]	4	4.0	0.7853981633974483	2.0	R	4.232658863067627	7.683843612670898	-0.10548967868089676	5.197788715362549	-4.490428924560547	7.600351333618164	-8.31700611114502	4.382073402404785
1997.734	3.117000000000189	trials	[nan nan nan nan]	[nan nan nan nan]	4				R	0.0	0.0	0.0	0.0	0.0	0.0	0.0	0.0
2001.855	2.673000000000002	trials	[2001.95603333 2002.65376667 2003.3154     2004.06026667]	[1. 1. 1. 1.]	4	4.0	0.7853981633974483	2.0	R	2.5596537590026855	-4.95705509185791	-3.7109477519989014	-8.027731895446777	2.3456385135650635	-4.04224967956543	-1.5876961946487427	-0.9553614854812622
2005.532	3.7889999999999873	trials	[nan nan nan nan]	[nan nan nan nan]	4				R	0.0	0.0	0.0	0.0	0.0	0.0	0.0	0.0
2010.325	2.7380000000000564	trials	[2010.42606667 2011.18293333 2011.8907     2012.56436667]	[1. 1. 1. 1.]	4	4.0	0.7853981633974483	2.0	R	-3.49992036819458	4.245915412902832	0.3681485056877136	1.077628254890442	-1.7834712266921997	5.990567684173584	-1.2827945947647095	1.0156985521316528
2014.066	2.883000000000038	trials	[2014.16733333 2014.96033333 2015.81543333 2016.46003333]	[1. 1. 1. 1.]	4	4.0	0.7853981633974483	2.0	R	1.4820303916931152	-6.670712947845459	-6.4148335456848145	2.529892683029175	-7.723756313323975	-2.295738935470581	-4.521700382232666	-6.135900020599365
2017.953	0.028999999999996362	trials	[nan nan nan nan]	[nan nan nan nan]	4	0.0		2.0	R	0.9530050754547119	1.8919477462768555	0.10064517706632614	-3.034864902496338	4.946074485778809	-1.4792051315307617	1.47896409034729	5.398642063140869
2021.753	2.615000000000009	trials	[2021.85443333 2022.57523333 2023.32306667 2023.91153333]	[1. 1. 1. 1.]	4	4.0	0.7853981633974483	2.0	R	-3.3155224323272705	6.817409515380859	-4.400835990905762	1.9366209506988525	0.4273831248283386	0.6372742652893066	-1.8167225122451782	-4.128659725189209
2025.371	2.3259999999997945	trials	[2025.4724     2026.32853333 2027.11146667           nan]	[ 1.  1.  1. nan]	4	3.0	0.7853981633974483	2.0	A	-7.04887580871582	6.303308963775635	-0.6942476034164429	1.8938654661178589	1.188516616821289	6.525841236114502	-2.416595458984375	3.0612826347351074
2028.7	2.8099999999999454	trials	[2028.80166667 2029.71393333 2030.35853333 2031.01716667]	[1. 1. 1. 1.]	4	4.0	0.7853981633974483	2.0	R	-8.503410339355469	8.97259521484375	-6.561188220977783	3.4749972820281982	-5.330348014831543	-4.306729316711426	-0.33507055044174194	-4.523990631103516
2032.514	2.8940000000000055	trials	[2032.61513333 2033.4412     2034.07276667 2034.86673333]	[1. 1. 1. 1.]	4	4.0	0.7853981633974483	2.0	R	4.662912845611572	-4.665983200073242	0.9934352040290833	-1.2696716785430908	7.260705471038818	-8.35641860961914	8.738251686096191	-1.7357406616210938
2036.412	2.6539999999999964	trials	[2036.5128     2037.16043333 2037.9594     2038.60903333]	[1. 1. 1. 1.]	4	4.0	0.7853981633974483	2.0	R	3.272799491882324	-5.923451900482178	-2.9566049575805664	-3.153862237930298	2.0251944065093994	-3.5800960063934326	3.5672852993011475	1.1761583089828491
2040.07	2.634999999999991	trials	[2040.1709     2040.99593333 2041.5824     2042.23603333]	[1. 1. 1. 1.]	4	4.0	0.7853981633974483	2.0	R	6.772275924682617	5.013870716094971	1.7882776260375977	4.614169120788574	1.3023384809494019	-4.230637550354004	-0.6585967540740967	-8.83006477355957
2043.709	2.7849999999998545	trials	[2043.80993333 2044.58283333 2045.2435     2045.9322    ]	[1. 1. 1. 1.]	4	4.0	0.7853981633974483	2.0	R	4.340002059936523	-8.948434829711914	2.7514283657073975	-4.207503318786621	0.028765851631760597	-0.013804557733237743	-6.886026382446289	-2.161848306655884
2047.497	2.701999999999998	trials	[2047.59833333 2048.37826667 2049.01886667 2049.60933333]	[1. 1. 1. 1.]	4	4.0	0.7853981633974483	2.0	R	-2.9664344787597656	0.9424710273742676	0.8509069681167603	-2.2867555618286133	4.9540605545043945	-5.144050121307373	5.017851829528809	4.248051643371582
2051.202	3.0719999999996617	trials	[2051.30353333 2052.10853333 2052.8203     2053.44483333]	[1. 1. 1. 1.]	4	4.0	0.7853981633974483	2.0	R	2.351938486099243	8.478052139282227	0.37026870250701904	3.8875203132629395	-4.0784454345703125	-2.1149024963378906	3.9998064041137695	6.892749786376953
2055.277	2.4600000000000364	trials	[2055.37863333 2056.1295     2056.6919     2057.31143333]	[1. 1. 1. 1.]	4	4.0	0.7853981633974483	2.0	R	-0.9949111938476562	7.1225266456604	-4.673411846160889	3.7359893321990967	-5.098755359649658	-1.2458860874176025	-4.52477502822876	-6.212831497192383
2058.74	2.7760000000002947	trials	[2058.84123333 2059.5149     2060.28683333 2061.0347    ]	[1. 1. 1. 1.]	4	4.0	0.7853981633974483	2.0	R	0.371890664100647	-5.20156192779541	-0.6208866834640503	4.62467622756958	4.037169933319092	-3.8643202781677246	3.969414234161377	1.1352205276489258
2062.519	2.8020000000001346	trials	[2062.62063333 2063.42963333 2064.07523333 2064.80103333]	[1. 1. 1. 1.]	4	4.0	0.7853981633974483	2.0	R	2.3881449699401855	5.878593444824219	-2.2459917068481445	7.7560319900512695	-5.906860828399658	4.350442886352539	-1.2671339511871338	6.214024066925049
2066.325	2.6350000000002183	trials	[2066.42606667 2067.27616667 2067.94283333 2068.55536667]	[1. 1. 1. 1.]	4	4.0	0.7853981633974483	2.0	R	2.328585147857666	2.048790693283081	-1.6833044290542603	-0.9352908730506897	2.8060214519500732	1.2660616636276245	5.089601039886475	-3.1820013523101807
2069.964	1.7000000000002728	trials	[2070.0651     2071.04153333           nan           nan]	[ 1.  1. nan nan]	4	2.0	0.7853981633974483	2.0	A	8.549339294433594	5.331610202789307	3.994428873062134	3.269380807876587	8.754196166992188	4.800593376159668	4.10235071182251	6.633714199066162
2072.668	3.0019999999999527	trials	[2072.7688     2073.02543333 2074.0119     2075.09256667]	[1. 1. 1. 1.]	4	4.0	0.7853981633974483	2.0	R	-0.16650186479091644	0.49689921736717224	6.2211079597473145	-8.636946678161621	-1.7592201232910156	-2.668806552886963	-6.867770195007324	0.7938882112503052
2076.673	2.8030000000003383	trials	[nan nan nan nan]	[nan nan nan nan]	4				R	0.0	0.0	0.0	0.0	0.0	0.0	0.0	0.0
2080.48	2.9340000000001965	trials	[2080.5812     2081.4644     2082.24733333 2082.89093333]	[1. 1. 1. 1.]	4	4.0	0.7853981633974483	2.0	R	0.40005195140838623	-7.246633052825928	-1.7501744031906128	-2.7325961589813232	1.4884028434753418	-6.542007923126221	6.466384410858154	-7.010731220245361
2084.418	2.4969999999998436	trials	[2084.51896667 2084.92096667 2085.71693333 2086.3826    ]	[1. 1. 1. 1.]	4	4.0	0.7853981633974483	2.0	R	2.7739193439483643	-3.639425277709961	-3.9792964458465576	-3.547900915145874	2.3530166149139404	-3.207359552383423	4.702991485595703	-7.6207051277160645
2087.918	2.1849999999999454	trials	[2088.01966667 2088.22216667 2088.90386667 2089.5996    ]	[1. 1. 1. 1.]	4	4.0	0.7853981633974483	2.0	R	2.2197022438049316	-3.280972957611084	7.011050701141357	-1.8516446352005005	6.370551586151123	3.1071617603302	1.5609325170516968	4.473750591278076
2091.106	3.093999999999596	trials	[2091.20756667 2091.99553333 2093.04313333 2093.69676667]	[1. 1. 1. 1.]	4	4.0	0.7853981633974483	2.0	R	-3.413769245147705	4.976086616516113	8.297147750854492	-2.1300106048583984	7.694608688354492	2.8335511684417725	3.112252950668335	4.834055423736572
2095.204	2.8149999999996	trials	[2095.30473333 2096.06863333 2096.7824     2097.414     ]	[1. 1. 1. 1.]	4	4.0	0.7853981633974483	2.0	R	-1.4538140296936035	6.871463298797607	1.5557862520217896	2.8786818981170654	4.514435291290283	6.909363269805908	-2.893501043319702	3.822462558746338
2099.022	2.5720000000001164	trials	[2099.12323333 2099.7558     2100.42346667 2101.0881    ]	[1. 1. 1. 1.]	4	4.0	0.7853981633974483	2.0	R	1.5812740325927734	1.591680645942688	-3.1953117847442627	0.11376719176769257	1.8011045455932617	0.3030395805835724	2.794614553451538	5.203339576721191
2102.598	3.224999999999909	trials	[2102.6991     2103.40386667 2104.41836667 2105.12213333]	[1. 1. 1. 1.]	4	4.0	0.7853981633974483	2.0	R	-2.2392141819000244	-2.7673802375793457	7.567992687225342	5.886201858520508	3.6130211353302	8.945319175720215	-0.5796382427215576	6.221056938171387
2106.826	2.7519999999999527	trials	[2106.9276     2107.55716667 2108.3441     2109.0228    ]	[1. 1. 1. 1.]	4	4.0	0.7853981633974483	2.0	R	0.33203914761543274	0.051117606461048126	6.689592361450195	-0.9169787168502808	3.3605384826660156	2.813624620437622	3.4665133953094482	7.812501430511475
2110.582	3.3530000000000655	trials	[2110.68293333 2111.45483333 2112.17163333 2112.78613333]	[1. 1. 1. 1.]	4	4.0	0.7853981633974483	2.0	R	-1.507617473602295	8.320459365844727	-7.694220066070557	0.411551833152771	-6.267058372497559	-4.3804426193237305	7.804288864135742	0.566991925239563
2114.939	2.838000000000193	trials	[2115.03973333 2115.88083333 2116.54146667 2117.26626667]	[1. 1. 1. 1.]	4	4.0	0.7853981633974483	2.0	R	6.442702293395996	5.3780293464660645	1.7079967260360718	3.7709944248199463	7.668455123901367	-0.12527082860469818	5.475096702575684	4.367966175079346
2118.78	2.1029999999996107	trials	[2118.88126667 2119.08776667 2119.75743333 2120.45416667]	[1. 1. 1. 1.]	4	4.0	0.7853981633974483	2.0	R	1.068336009979248	2.0056662559509277	-3.9301278591156006	2.129594326019287	1.064528226852417	1.8984899520874023	1.6981991529464722	-3.0611937046051025
2121.887	2.8219999999996617	trials	[2121.98796667 2122.57443333 2123.51476667 2124.22353333]	[1. 1. 1. 1.]	4	4.0	0.7853981633974483	2.0	R	0.7758710980415344	1.8530012369155884	8.161718368530273	-0.6611241698265076	2.0087475776672363	-2.818140745162964	3.2866218090057373	-7.652087211608887
2125.712	2.7890000000002146	trials	[2125.81346667 2126.63553333 2127.36933333 2128.02796667]	[1. 1. 1. 1.]	4	4.0	0.7853981633974483	2.0	R	-6.438544273376465	-4.535249710083008	-2.1798882484436035	-1.9153549671173096	2.3484668731689453	-4.0352606773376465	6.252467632293701	-0.9113564491271973
2129.505	6.781999999999698	trials	[2129.6059     2133.97073333 2134.93913333 2135.6509    ]	[1. 1. 1. 1.]	4	4.0	0.7853981633974483	2.0	R	2.4784586429595947	2.368407964706421	6.306098937988281	5.585421085357666	2.362260580062866	8.658878326416016	0.43257981538772583	4.046250820159912
2137.291	2.9789999999998145	trials	[2137.39223333 2138.13906667 2138.88493333 2139.6819    ]	[1. 1. 1. 1.]	4	4.0	0.7853981633974483	2.0	R	-4.162805557250977	2.075861930847168	-4.173367023468018	-2.9241271018981934	2.5980725288391113	3.8053908348083496	-1.7992305755615234	-1.6550453901290894
2141.274	11.50500000000011	trials	[2141.3751       nan       nan       nan]	[ 1. nan nan nan]	4	1.0	0.7853981633974483	2.0	A	-3.2320525646209717	3.1352596282958984	-4.522612571716309	-3.7274482250213623	0.3929409980773926	-4.732616901397705	5.2112860679626465	-3.397120714187622
2153.783	18.90000000000009	trials	[2153.88416667 2170.74       2171.36453333 2172.13546667]	[1. 1. 1. 1.]	4	4.0	0.7853981633974483	2.0	R	0.0	0.0	-3.9560554027557373	3.057715654373169	3.026110887527466	3.879284620285034	-1.5717140436172485	1.9145948886871338
2173.686	2.7419999999997344	trials	[2173.78756667 2174.6146     2175.31836667 2175.95393333]	[1. 1. 1. 1.]	4	4.0	0.7853981633974483	2.0	R	0.23546837270259857	-7.213083267211914	7.118664741516113	-3.6878297328948975	7.34675407409668	1.3069649934768677	5.6737775802612305	-4.23834753036499
2177.432	2.143000000000029	trials	[2177.53286667 2178.3178     2178.98043333           nan]	[ 1.  1.  1. nan]	4	3.0	0.7853981633974483	2.0	A	-6.39384651184082	4.300131320953369	-1.4972037076950073	1.0253013372421265	7.624793529510498	-2.0130815505981445	7.641931056976318	2.986889123916626
2180.578	2.9650000000001455	trials	[2180.67966667 2181.51773333 2182.2676     2183.01046667]	[1. 1. 1. 1.]	4	4.0	0.7853981633974483	2.0	R	5.421289443969727	2.4751884937286377	4.5354323387146	7.396088600158691	3.8717868328094482	-2.3398075103759766	8.479475021362305	-4.281252861022949
2184.546	2.662000000000262	trials	[2184.6475     2185.49663333 2186.14823333 2186.72566667]	[1. 1. 1. 1.]	4	4.0	0.7853981633974483	2.0	R	7.45939302444458	0.6135845184326172	-0.029374703764915466	-5.384150505065918	3.913327693939209	-2.309236526489258	0.8845286965370178	2.4365460872650146
2188.211	2.906000000000404	trials	[2188.3126     2189.21486667 2189.90356667 2190.53513333]	[1. 1. 1. 1.]	4	4.0	0.7853981633974483	2.0	R	-0.11017290502786636	-7.322680950164795	4.64554500579834	-5.778936386108398	2.972578525543213	-1.0671231746673584	-6.97420072555542	1.9584953784942627
2192.12	2.724999999999909	trials	[nan nan nan nan]	[nan nan nan nan]	4				R	0.0	0.0	0.0	0.0	0.0	0.0	0.0	0.0
2195.848	2.7730000000001382	trials	[2195.94956667 2196.7736     2197.51243333 2198.11093333]	[1. 1. 1. 1.]	4	4.0	0.7853981633974483	2.0	R	-3.4923665523529053	8.969011306762695	-5.656508445739746	-2.6520025730133057	-8.474800109863281	-6.782042503356934	-3.629478693008423	-8.016082763671875
2199.625	2.563000000000102	trials	[2199.72593333 2200.41263333 2201.12643333 2201.7259    ]	[1. 1. 1. 1.]	4	4.0	0.7853981633974483	2.0	R	0.7917218208312988	-5.680919647216797	5.373258113861084	-3.678539991378784	7.690423965454102	0.7521194219589233	3.852691650390625	3.9570858478546143
2203.192	2.7049999999999272	trials	[2203.2928     2204.12986667 2204.85466667 2205.40103333]	[1. 1. 1. 1.]	4	4.0	0.7853981633974483	2.0	R	-7.579019069671631	7.2293477058410645	-6.669006824493408	2.312857151031494	-5.09983491897583	-2.4345314502716064	-0.6671704053878784	-4.747859477996826
2206.901	3.249000000000251	trials	[2207.002      2207.83706667 2208.9398     2209.64556667]	[1. 1. 1. 1.]	4	4.0	0.7853981633974483	2.0	R	2.521740198135376	-8.598943710327148	1.6167322397232056	5.4049224853515625	-5.178323268890381	7.729743480682373	-6.680775165557861	2.9608190059661865
2211.153	2.8400000000001455	trials	[2211.25456667 2212.22196667 2212.86556667 2213.50713333]	[1. 1. 1. 1.]	4	4.0	0.7853981633974483	2.0	R	5.133437633514404	8.65250301361084	4.171217918395996	3.7459633350372314	6.432901382446289	-3.370638370513916	3.1410229206085205	0.3928088843822479
2214.997	2.855000000000018	trials	[2215.0981     2215.92616667 2216.48856667 2217.1893    ]	[1. 1. 1. 1.]	4	4.0	0.7853981633974483	2.0	R	8.126498222351074	0.011970466002821922	3.1269843578338623	-0.057769984006881714	8.305734634399414	-5.0865631103515625	4.873476028442383	3.1250853538513184
2218.855	2.8460000000000036	trials	[2218.95666667 2219.85993333 2220.55966667 2221.23233333]	[1. 1. 1. 1.]	4	4.0	0.7853981633974483	2.0	R	7.916159152984619	7.092714309692383	5.835429668426514	-6.870445251464844	4.100017070770264	-0.47206753492355347	2.7143521308898926	4.332090377807617
2222.704	2.8039999999996326	trials	[2222.80523333 2223.62626667 2224.46533333 2225.03176667]	[1. 1. 1. 1.]	4	4.0	0.7853981633974483	2.0	R	-3.857849359512329	8.919061660766602	3.999443292617798	1.4527958631515503	-0.13536515831947327	-1.3584954738616943	-3.240097761154175	2.5607690811157227
2226.511	2.755999999999858	trials	[2226.61266667 2227.51593333 2228.1495     2228.7981    ]	[1. 1. 1. 1.]	4	4.0	0.7853981633974483	2.0	R	-2.802778720855713	7.54160737991333	-7.398204326629639	5.57131290435791	-6.425258159637451	0.6668888330459595	-3.0994982719421387	4.666197776794434
2230.271	2.7659999999996217	trials	[2230.372      2231.04166667 2231.78553333 2232.47323333]	[1. 1. 1. 1.]	4	4.0	0.7853981633974483	2.0	R	-5.752529144287109	0.10546984523534775	-1.7081782817840576	-2.8344662189483643	-6.451242446899414	2.87052583694458	-2.9810492992401123	8.27826976776123
2234.04	3.0920000000000982	trials	[2234.14136667 2234.90926667 2235.601      2236.2055    ]	[1. 1. 1. 1.]	4	4.0	0.7853981633974483	2.0	R	-5.773985385894775	4.131040573120117	-3.9620702266693115	-1.503316044807434	0.3933415412902832	-3.959001064300537	6.7170586585998535	7.0776753425598145
2238.135	2.7199999999998	trials	[2238.23653333 2238.93526667 2239.60593333 2240.24753333]	[1. 1. 1. 1.]	4	4.0	0.7853981633974483	2.0	R	1.726013422012329	6.778560638427734	-2.6028120517730713	-1.9304733276367188	-7.026259899139404	0.40043017268180847	1.4131169319152832	-4.996140480041504
2241.859	2.6900000000000546	trials	[2241.95976667 2242.5733     2243.32116667 2243.93766667]	[1. 1. 1. 1.]	4	4.0	0.7853981633974483	2.0	R	-2.6185414791107178	-2.0388224124908447	0.6336381435394287	4.330987453460693	-4.765151500701904	4.789483547210693	3.3147237300872803	-3.6934163570404053
2245.553	2.4839999999999236	trials	[2245.65393333 2246.21833333 2246.89       2247.53863333]	[1. 1. 1. 1.]	4	4.0	0.7853981633974483	2.0	R	-1.2400838136672974	-1.6309596300125122	-0.8816646337509155	-6.618096828460693	-8.767803192138672	-4.7045207023620605	-3.848034620285034	-5.596641540527344
2249.04	2.769999999999982	trials	[2249.1416     2249.81426667 2250.47893333 2251.1596    ]	[1. 1. 1. 1.]	4	4.0	0.7853981633974483	2.0	R	0.14357110857963562	-2.5854814052581787	3.34086537361145	-6.429608345031738	8.336491584777832	-6.220528602600098	-5.690023422241211	-1.6892050504684448
2252.814	3.3470000000002074	trials	[nan nan nan nan]	[nan nan nan nan]	4				R	0.0	0.0	0.0	0.0	0.0	0.0	0.0	0.0
2257.165	3.0570000000002437	trials	[2257.26576667 2258.172      2258.9289     2259.72086667]	[1. 1. 1. 1.]	4	4.0	0.7853981633974483	2.0	R	6.915210247039795	3.403461456298828	5.853169918060303	-1.7668133974075317	-7.500772953033447	-1.1865898370742798	-3.4828360080718994	-4.1625237464904785
2261.226	2.173999999999978	trials	[2261.32683333 2262.13886667 2262.8045               nan]	[ 1.  1.  1. nan]	4	3.0	0.7853981633974483	2.0	A	1.443573236465454	4.673376560211182	-3.5365848541259766	4.228377342224121	-7.460633277893066	1.1296930313110352	-4.160104751586914	-2.6261706352233887
2264.403	2.575000000000273	trials	[2264.50473333 2265.1303     2265.82803333 2266.43853333]	[1. 1. 1. 1.]	4	4.0	0.7853981633974483	2.0	R	-4.328873157501221	-2.7680087089538574	0.4927087426185608	-4.091772079467773	4.860428333282471	-1.6580455303192139	5.037383556365967	3.33882212638855
2267.981	3.1469999999999345	trials	[nan nan nan nan]	[nan nan nan nan]	4				R	0.0	0.0	0.0	0.0	0.0	0.0	0.0	0.0
2272.132	2.587999999999738	trials	[2272.2329     2272.90456667 2273.53916667 2274.26396667]	[1. 1. 1. 1.]	4	4.0	0.7853981633974483	2.0	R	-1.0356190204620361	-0.2534257173538208	-6.031675338745117	-0.05488158017396927	-5.891895294189453	-5.052927494049072	-1.5728033781051636	-2.5339105129241943
2275.724	3.076999999999771	trials	[2275.82483333 2276.61076667 2277.56313333 2278.20173333]	[1. 1. 1. 1.]	4	4.0	0.7853981633974483	2.0	R	-3.0634043216705322	2.2387311458587646	8.957135200500488	4.706221103668213	5.573507308959961	1.025044322013855	-0.3298023045063019	4.490375518798828
2279.805	2.7160000000003492	trials	[2279.90596667 2280.49943333 2281.21823333 2281.96106667]	[1. 1. 1. 1.]	4	4.0	0.7853981633974483	2.0	R	-2.9329946041107178	0.22148896753787994	-7.7263264656066895	4.467028617858887	-7.508190631866455	-5.459893226623535	-1.8944131135940552	-4.1191606521606445
2283.525	3.061999999999898	trials	[2283.6262     2284.4272     2285.09183333 2285.8096    ]	[1. 1. 1. 1.]	4	4.0	0.7853981633974483	2.0	R	2.3449862003326416	-7.693245887756348	6.839434623718262	-5.502370834350586	5.846828937530518	2.6045079231262207	-0.18119460344314575	4.4300856590271
2287.59	2.6909999999998035	trials	[2287.6913     2288.40806667 2289.08073333 2289.69426667]	[1. 1. 1. 1.]	4	4.0	0.7853981633974483	2.0	R	-5.5712666511535645	-3.4653735160827637	-2.817572832107544	2.561020851135254	-2.3566672801971436	-3.2478981018066406	-4.892806529998779	4.164781093597412
2291.284	2.862999999999829	trials	[2291.38546667 2292.10423333 2292.8471     2293.5007    ]	[1. 1. 1. 1.]	4	4.0	0.7853981633974483	2.0	R	-4.749095439910889	-0.8331530094146729	-1.7201354503631592	-4.811268329620361	2.5501480102539062	-7.412167549133301	2.057101249694824	1.8340318202972412
2295.151	2.536000000000058	trials	[2295.25206667 2295.9488     2296.54726667 2297.23496667]	[1. 1. 1. 1.]	4	4.0	0.7853981633974483	2.0	R	-1.921544075012207	4.862295627593994	-6.915083885192871	4.6082048416137695	-8.94907283782959	0.04061393067240715	-4.461758613586426	-2.164837121963501
2298.691	3.0960000000000036	trials	[2298.79183333 2299.8244     2300.5492     2301.20783333]	[1. 1. 1. 1.]	4	4.0	0.7853981633974483	2.0	R	-5.235050201416016	8.750602722167969	-4.553022861480713	3.797337293624878	0.44422706961631775	3.9631547927856445	4.689418792724609	7.298430919647217
2302.791	2.7739999999998872	trials	[nan nan nan nan]	[nan nan nan nan]	4				R	0.0	0.0	0.0	0.0	0.0	0.0	0.0	0.0
2306.568	2.8419999999996435	trials	[2306.6694     2307.4313     2308.26536667 2308.91696667]	[1. 1. 1. 1.]	4	4.0	0.7853981633974483	2.0	R	-6.276058197021484	4.791692733764648	-5.435990810394287	-5.665510177612305	-0.7745134234428406	-7.473998069763184	4.224144458770752	-7.358147621154785
2310.414	2.9329999999999927	trials	[2310.51493333 2311.41816667 2312.09083333 2312.77856667]	[1. 1. 1. 1.]	4	4.0	0.7853981633974483	2.0	R	8.419795989990234	-4.638495445251465	5.100654602050781	-0.899070143699646	1.290198802947998	4.245800971984863	-6.120540142059326	3.8493869304656982
2314.35	2.7609999999999673	trials	[2314.4517     2315.2106     2315.8622     2316.56896667]	[1. 1. 1. 1.]	4	4.0	0.7853981633974483	2.0	R	4.735560417175293	-2.392770528793335	3.3000974655151367	-8.771269798278809	2.4493649005889893	-3.8441755771636963	6.949436664581299	-1.6648739576339722
2318.115	2.9340000000001965	trials	[2318.21606667 2319.09523333 2319.7609     2320.51476667]	[1. 1. 1. 1.]	4	4.0	0.7853981633974483	2.0	R	8.782365798950195	2.9870474338531494	8.850568771362305	7.986582279205322	6.395063400268555	2.879910469055176	2.969182252883911	-3.399271249771118
2322.053	2.555000000000291	trials	[2322.15383333 2322.85756667 2323.48013333 2324.09766667]	[1. 1. 1. 1.]	4	4.0	0.7853981633974483	2.0	R	3.5055160522460938	1.5718799829483032	6.364482402801514	5.673868656158447	1.4681960344314575	4.660765171051025	3.8928558826446533	-4.415877819061279
2325.611	2.899000000000342	trials	[2325.71266667 2326.7292     2327.32866667 2327.99733333]	[1. 1. 1. 1.]	4	4.0	0.7853981633974483	2.0	R	8.341796875	-2.134010076522827	3.511094093322754	-0.8439299464225769	8.464377403259277	-0.1620325893163681	4.542686939239502	2.9396350383758545
2329.513	1.8040000000000873	trials	[2329.61433333 2330.10056667 2330.7181               nan]	[ 1.  1.  1. nan]	4	3.0	0.7853981633974483	2.0	A	0.8478031754493713	-0.42901983857154846	-2.0088953971862793	-4.532588005065918	-7.999393463134766	-1.549018144607544	-7.160416126251221	-6.478127479553223
2332.32	3.0219999999999345	trials	[2332.4213     2333.44083333 2334.13956667 2334.8353    ]	[1. 1. 1. 1.]	4	4.0	0.7853981633974483	2.0	R	-3.8352606296539307	-8.698917388916016	1.0811978578567505	-7.788732528686523	5.362810134887695	-5.2065253257751465	6.066042423248291	-0.25622573494911194
2336.345	2.7150000000001455	trials	[2336.4463     2337.13       2337.91696667 2338.53146667]	[1. 1. 1. 1.]	4	4.0	0.7853981633974483	2.0	R	2.1891534328460693	2.9012622833251953	-8.762950897216797	2.6248815059661865	-5.479027271270752	-1.1455093622207642	-3.386831521987915	6.548989772796631
2340.063	2.76299999999992	trials	[2340.16453333 2340.92643333 2341.66226667 2342.38303333]	[1. 1. 1. 1.]	4	4.0	0.7853981633974483	2.0	R	-8.00273323059082	8.4708251953125	-3.4763519763946533	6.346708297729492	2.380824327468872	-1.1506019830703735	7.6798200607299805	-1.0095573663711548
2343.83	2.7159999999998945	trials	[nan nan nan nan]	[nan nan nan nan]	4				R	0.0	0.0	0.0	0.0	0.0	0.0	0.0	0.0
2347.55	2.643000000000029	trials	[2347.6511     2348.42103333 2349.15183333 2349.7433    ]	[1. 1. 1. 1.]	4	4.0	0.7853981633974483	2.0	R	-7.1946868896484375	-1.6818954944610596	-0.3634363114833832	-0.7979628443717957	-0.5540890693664551	-5.7943267822265625	3.629223108291626	-1.7021464109420776
2351.197	2.8899999999998727	trials	[2351.29816667 2352.10016667 2352.79486667 2353.45753333]	[1. 1. 1. 1.]	4	4.0	0.7853981633974483	2.0	R	0.27566710114479065	-8.776329040527344	3.926100730895996	-5.359556674957275	4.619199752807617	2.6410744190216064	-5.350983619689941	-8.252080917358398
2355.091	2.3890000000001237	trials	[nan nan nan nan]	[nan nan nan nan]	4				R	0.0	0.0	0.0	0.0	0.0	0.0	0.0	0.0
2358.483	2.663000000000011	trials	[2358.58426667 2359.2038     2359.8484     2360.56016667]	[1. 1. 1. 1.]	4	4.0	0.7853981633974483	2.0	R	-2.4208109378814697	-4.100383281707764	3.053551197052002	0.3261251151561737	-1.8857494592666626	3.473992109298706	4.069397449493408	2.7896437644958496
2362.149	2.71100000000024	trials	[2362.25036667 2362.9952     2363.62376667 2364.27436667]	[1. 1. 1. 1.]	4	4.0	0.7853981633974483	2.0	R	-3.415814161300659	2.2037456035614014	-1.0518139600753784	-2.2021031379699707	3.931276559829712	-1.7912381887435913	3.9947423934936523	3.2083590030670166
2365.863	2.9030000000002474	trials	[2365.96456667 2366.75653333 2367.45526667 2368.2252    ]	[1. 1. 1. 1.]	4	4.0	0.7853981633974483	2.0	R	5.6695990562438965	7.919500827789307	0.6708875298500061	8.033010482788086	7.721091270446777	6.481024742126465	5.140879154205322	2.198209762573242
2369.769	2.725000000000364	trials	[2369.87026667 2370.56096667 2371.28276667 2371.91133333]	[1. 1. 1. 1.]	4	4.0	0.7853981633974483	2.0	R	0.14115987718105316	2.2511849403381348	3.732590436935425	-4.198304176330566	8.638734817504883	-5.16253662109375	5.539051532745361	-1.2392773628234863
2373.497	2.8720000000002983	trials	[2373.59853333 2374.3965     2375.10226667 2375.90826667]	[1. 1. 1. 1.]	4	4.0	0.7853981633974483	2.0	R	8.761748313903809	-5.062133312225342	3.7693169116973877	-5.337136745452881	-0.5033103227615356	3.9526164531707764	-1.2059155702590942	-0.9977720975875854
2377.373	2.688999999999851	trials	[2377.47413333 2378.16486667 2378.7824     2379.40193333]	[1. 1. 1. 1.]	4	4.0	0.7853981633974483	2.0	R	-5.228569984436035	-6.922970294952393	-2.0891754627227783	-3.0314149856567383	-3.229896068572998	-7.899551868438721	7.829017162322998	-4.055764198303223
2381.065	2.7029999999999745	trials	[2381.1663     2381.847      2382.5788     2383.27453333]	[1. 1. 1. 1.]	4	4.0	0.7853981633974483	2.0	R	5.005462169647217	0.07067936658859253	8.506078720092773	3.640789270401001	5.452462196350098	-7.175317764282227	6.161710739135742	-2.225876808166504
2384.771	2.612999999999829	trials	[2384.8725     2385.54416667 2386.2028     2386.91556667]	[1. 1. 1. 1.]	4	4.0	0.7853981633974483	2.0	R	2.7453179359436035	1.4249119758605957	5.291700839996338	5.727926254272461	5.453416347503662	-6.677116870880127	7.28908634185791	-2.0262765884399414
2388.387	3.0470000000000255	trials	[2388.48846667 2389.24133333 2390.35713333 2390.9566    ]	[1. 1. 1. 1.]	4	4.0	0.7853981633974483	2.0	R	5.704128265380859	5.375112056732178	8.94080638885498	-4.690223693847656	7.392474174499512	0.06400246918201447	4.160533428192139	3.8790459632873535
2392.437	2.605000000000018	trials	[2392.53853333 2393.31346667 2393.9731     2394.52346667]	[1. 1. 1. 1.]	4	4.0	0.7853981633974483	2.0	R	5.397456645965576	-6.312929153442383	7.42104434967041	-1.740720272064209	5.451923370361328	-6.459288120269775	3.7277867794036865	-1.7659573554992676
2396.045	2.8449999999998	trials	[2396.1465     2396.9535     2397.7595     2398.42613333]	[1. 1. 1. 1.]	4	4.0	0.7853981633974483	2.0	R	3.7291672229766846	6.216721534729004	5.546793460845947	-3.8146309852600098	-0.30785492062568665	-3.7574212551116943	1.7146193981170654	0.8152802586555481
2399.894	2.787000000000262	trials	[2399.99503333 2400.779      2401.41956667 2402.0682    ]	[1. 1. 1. 1.]	4	4.0	0.7853981633974483	2.0	R	4.68458890914917	-3.2070674896240234	-1.5098235607147217	-2.290001153945923	-7.577159404754639	-0.3764320909976959	-5.52036714553833	-4.933800220489502
2403.684	2.6399999999998727	trials	[2403.78543333 2404.5243     2405.20896667 2405.80646667]	[1. 1. 1. 1.]	4	4.0	0.7853981633974483	2.0	R	4.362941741943359	-2.1207683086395264	-0.4466659128665924	-0.7541400194168091	1.0942091941833496	-5.510788440704346	5.623940944671631	-7.627750396728516
2407.327	2.5719999999996617	trials	[2407.4285     2408.0731     2408.80893333 2409.4074    ]	[1. 1. 1. 1.]	4	4.0	0.7853981633974483	2.0	R	3.7137084007263184	-3.00703501701355	-6.90846061706543	-4.850826740264893	-3.229564905166626	-8.236934661865234	0.8425456285476685	-5.335570335388184
2410.902	2.936000000000149	trials	[2411.00336667 2411.84546667 2412.6665     2413.28      ]	[1. 1. 1. 1.]	4	4.0	0.7853981633974483	2.0	R	5.83054256439209	-4.989325523376465	6.135470390319824	4.400913238525391	1.3333665132522583	5.793680191040039	-3.110891580581665	3.50270414352417
2414.842	3.1539999999999964	trials	[2414.94313333 2415.6549     2416.57016667 2417.39123333]	[1. 1. 1. 1.]	4	4.0	0.7853981633974483	2.0	R	-7.983287811279297	2.3803164958953857	-1.235979437828064	7.3739213943481445	5.699147701263428	2.798354387283325	-3.4561874866485596	3.4544596672058105
2418.999	2.6710000000002765	trials	[2419.10046667 2419.86836667 2420.4789     2421.0914    ]	[1. 1. 1. 1.]	4	4.0	0.7853981633974483	2.0	R	-0.8904146552085876	-1.0584615468978882	0.913126528263092	-5.721855163574219	5.610084533691406	-7.436085224151611	8.144895553588867	-3.1262435913085938
2422.673	2.7600000000002183	trials	[2422.77456667 2423.5024     2424.30236667 2424.9119    ]	[1. 1. 1. 1.]	4	4.0	0.7853981633974483	2.0	R	5.199032783508301	0.9137927293777466	-6.991185188293457	1.2633813619613647	-4.333444118499756	-2.971759080886841	-7.987011909484863	-6.3851799964904785
2426.437	2.5640000000003056	trials	[2426.53793333 2427.11636667 2427.75693333 2428.48776667]	[1. 1. 1. 1.]	4	4.0	0.7853981633974483	2.0	R	-0.9058005213737488	-1.780875325202942	2.5098953247070312	2.506671667098999	8.20693302154541	-5.9753193855285645	5.992136001586914	-1.4926111698150635
2430.005	2.4659999999998945	trials	[2430.10576667 2430.7163     2431.38796667 2432.0095    ]	[1. 1. 1. 1.]	4	4.0	0.7853981633974483	2.0	R	-2.678553342819214	0.9941271543502808	1.8372623920440674	-5.232262134552002	6.836866855621338	-5.295163631439209	7.743081569671631	-0.37797197699546814
2433.474	1.6119999999996253	trials	[2433.5754     2434.40343333           nan           nan]	[ 1.  1. nan nan]	4	2.0	0.7853981633974483	2.0	A	6.242630481719971	4.391582012176514	8.961042404174805	-0.5767488479614258	1.855057716369629	-6.895080089569092	1.6661343574523926	-1.8986506462097168
2436.09	5.356999999999971	trials	[2436.19086667 2439.23743333 2439.92716667 2440.5477    ]	[1. 1. 1. 1.]	4	4.0	0.7853981633974483	2.0	R	4.7718186378479	7.907619476318359	0.01698683388531208	6.361147403717041	-4.949270725250244	6.941049575805664	6.7356157302856445	6.097634315490723
2442.45	2.824000000000069	trials	[2442.55166667 2443.19426667 2443.94013333 2444.72206667]	[1. 1. 1. 1.]	4	4.0	0.7853981633974483	2.0	R	1.9664610624313354	4.595913410186768	-6.090008735656738	-5.708041667938232	-6.142672061920166	5.991894245147705	-1.2115230560302734	6.889225482940674
2446.278	2.881000000000313	trials	[2446.37916667 2447.3626     2448.02326667 2448.65383333]	[1. 1. 1. 1.]	4	4.0	0.7853981633974483	2.0	R	0.9371015429496765	-3.0207741260528564	3.6354498863220215	2.6077966690063477	-0.16323591768741608	-0.6433548331260681	0.7306950688362122	5.303625583648682
2450.163	2.838999999999942	trials	[2450.2638     2450.91543333 2451.65726667 2452.5114    ]	[1. 1. 1. 1.]	4	4.0	0.7853981633974483	2.0	R	-1.5867761373519897	0.8731259107589722	3.139636754989624	4.7538251876831055	6.83080530166626	-6.687191963195801	8.601293563842773	-2.0111494064331055
2454.005	3.030999999999949	trials	[2454.10636667 2454.72286667 2455.39153333 2456.36496667]	[1. 1. 1. 1.]	4	4.0	0.7853981633974483	2.0	R	2.26151180267334	-3.7592618465423584	7.243821620941162	-3.3390347957611084	-2.0274250507354736	6.452805519104004	1.9947017431259155	-7.321181774139404
2458.039	2.4869999999996253	trials	[2458.14036667 2458.86616667 2459.42656667 2460.011     ]	[1. 1. 1. 1.]	4	4.0	0.7853981633974483	2.0	R	4.2611002922058105	-2.864340305328369	-0.853112518787384	-5.307616710662842	4.063870429992676	-4.400269508361816	8.996288299560547	-3.580970525741577
2461.53	2.6279999999997017	trials	[2461.63103333 2462.27463333 2462.97236667 2463.6751    ]	[1. 1. 1. 1.]	4	4.0	0.7853981633974483	2.0	R	4.025627136230469	-3.04011607170105	4.390365123748779	1.9465627670288086	-2.4374659061431885	5.674692153930664	-7.386099815368652	4.959833145141602
2465.162	2.618000000000393	trials	[2465.26303333 2466.05903333 2466.6936     2467.35123333]	[1. 1. 1. 1.]	4	4.0	0.7853981633974483	2.0	R	4.050581455230713	-2.0130774974823	6.4541335105896	2.371319532394409	0.570687472820282	-7.433259010314941	4.553451061248779	-4.4104132652282715
2468.784	2.625999999999749	trials	[2468.88503333 2469.5587     2470.1963     2470.78273333]	[1. 1. 1. 1.]	4	4.0	0.7853981633974483	2.0	R	-0.4455100893974304	-4.30849552154541	-5.2636518478393555	-2.9722654819488525	-1.7102586030960083	0.5453183054924011	0.7613285183906555	8.971158981323242
2472.414	2.4989999999997963	trials	[2472.51503333 2473.1406     2473.79623333 2474.40273333]	[1. 1. 1. 1.]	4	4.0	0.7853981633974483	2.0	R	-0.5466265082359314	4.145265102386475	-4.685531139373779	6.950522422790527	-3.3970508575439453	2.119392156600952	-8.393160820007324	1.9221956729888916
2475.916	2.8489999999997053	trials	[2476.01773333 2476.90193333 2477.59666667 2478.31143333]	[1. 1. 1. 1.]	4	4.0	0.7853981633974483	2.0	R	4.859645843505859	7.729889869689941	-0.45936310291290283	6.053773880004883	-1.85829496383667	-5.888302326202393	3.092341661453247	-6.589157581329346
2479.768	2.755999999999858	trials	[2479.8693     2480.69233333 2481.38106667 2482.0046    ]	[1. 1. 1. 1.]	4	4.0	0.7853981633974483	2.0	R	8.082602500915527	-6.901083469390869	4.724420547485352	-3.196678638458252	8.571916580200195	-6.389916896820068	3.5078063011169434	-5.218217372894287
2483.527	1.66399999999976	trials	[2483.62863333 2484.3785               nan           nan]	[ 1.  1. nan nan]	4	2.0	0.7853981633974483	2.0	A	7.504763603210449	-2.2141647338867188	-4.127039909362793	6.226195335388184	-0.3182101249694824	2.986933708190918	-6.152316093444824	-3.1399412155151367
2486.194	2.8409999999998945	trials	[2486.29523333 2487.0782     2487.9293     2488.58493333]	[1. 1. 1. 1.]	4	4.0	0.7853981633974483	2.0	R	-7.273569583892822	2.340407371520996	1.6464897394180298	-4.87206506729126	6.579349040985107	-5.688704490661621	3.680823802947998	-1.6145724058151245
2490.039	3.451999999999771	trials	[nan nan nan nan]	[nan nan nan nan]	4				R	0.0	0.0	0.0	0.0	0.0	0.0	0.0	0.0
2494.495	2.9010000000002947	trials	[2494.59586667 2495.4249     2496.04646667 2496.72413333]	[1. 1. 1. 1.]	4	4.0	0.7853981633974483	2.0	R	6.702584266662598	-6.3410773277282715	2.4573371410369873	-3.699510097503662	7.326934814453125	-2.565042734146118	-2.723525047302246	4.9159159660339355
2498.399	2.6130000000002838	trials	[2498.50053333 2499.15316667 2499.80176667 2500.52256667]	[1. 1. 1. 1.]	4	4.0	0.7853981633974483	2.0	R	-5.829368591308594	0.9975313544273376	-1.9473700523376465	4.148735523223877	-7.388040542602539	0.4057060182094574	-5.0664215087890625	-4.0226216316223145
2502.015	2.97400000000016	trials	[2502.11653333 2502.93456667 2503.7546     2504.42626667]	[1. 1. 1. 1.]	4	4.0	0.7853981633974483	2.0	R	7.377018928527832	1.014488935470581	-5.782806396484375	3.066211462020874	-1.2376821041107178	7.764599800109863	0.2698029577732086	-1.1205642223358154
2505.992	3.5789999999997235	trials	[nan nan nan nan]	[nan nan nan nan]	4				R	0.0	0.0	0.0	0.0	0.0	0.0	0.0	0.0
2510.575	2.84900000000016	trials	[2510.67576667 2511.31836667 2512.1063     2512.83713333]	[1. 1. 1. 1.]	4	4.0	0.7853981633974483	2.0	R	0.4452913999557495	-1.3064615726470947	-2.595947504043579	4.111987590789795	5.575054168701172	-1.3911551237106323	-2.839204788208008	-8.905404090881348
2514.427	2.673999999999978	trials	[2514.52833333 2515.13583333 2515.8837     2516.55336667]	[1. 1. 1. 1.]	4	4.0	0.7853981633974483	2.0	R	0.2887730598449707	-5.004666805267334	0.6946187615394592	-0.021164976060390472	-5.284387111663818	-5.543729305267334	-7.283482551574707	0.7155107855796814
2518.104	2.544000000000324	trials	[2518.20546667 2518.89816667 2519.58586667 2520.18436667]	[1. 1. 1. 1.]	4	4.0	0.7853981633974483	2.0	R	-5.569146156311035	-3.9814085960388184	-8.859757423400879	-7.745964527130127	-3.9205825328826904	-8.523494720458984	-0.5126335620880127	-4.8648223876953125
2521.651	2.956000000000131	trials	[2521.75226667 2522.71563333 2523.3793     2524.063     ]	[1. 1. 1. 1.]	4	4.0	0.7853981633974483	2.0	R	8.044856071472168	0.5448614358901978	4.770338535308838	4.323423862457275	-6.240839958190918	-3.53814697265625	-0.39640676975250244	1.3711504936218262
2525.611	2.6900000000000546	trials	[2525.7121     2526.4028     2527.0895     2527.83936667]	[1. 1. 1. 1.]	4	4.0	0.7853981633974483	2.0	R	-5.346546649932861	2.075505018234253	-8.374486923217773	-4.686755180358887	-1.8730164766311646	-5.380815505981445	2.989215850830078	-6.546447277069092
2529.304	2.8769999999999527	trials	[2529.40526667 2530.17316667 2530.8388     2531.62276667]	[1. 1. 1. 1.]	4	4.0	0.7853981633974483	2.0	R	7.344722747802734	-4.090931415557861	1.30490243434906	-7.045358180999756	5.989591598510742	3.629303216934204	3.5055880546569824	7.968626499176025
2533.185	3.480000000000018	trials	[nan nan nan nan]	[nan nan nan nan]	4				R	0.0	0.0	0.0	0.0	0.0	0.0	0.0	0.0
2537.669	0.8460000000000036	trials	[2537.77003333           nan           nan           nan]	[ 1. nan nan nan]	4	1.0	0.7853981633974483	2.0	A	-7.995002269744873	1.8643516302108765	-3.021427631378174	1.3509753942489624	1.1287214756011963	-1.437619686126709	1.4681402444839478	-8.521021842956543
2539.518	2.7640000000001237	trials	[nan nan nan nan]	[nan nan nan nan]	4				R	0.0	0.0	0.0	0.0	0.0	0.0	0.0	0.0
2543.286	2.717999999999847	trials	[nan nan nan nan]	[nan nan nan nan]	4				R	0.0	0.0	0.0	0.0	0.0	0.0	0.0	0.0
2547.008	2.493000000000393	trials	[2547.1092     2547.78286667 2548.41243333 2549.02696667]	[1. 1. 1. 1.]	4	4.0	0.7853981633974483	2.0	R	-2.8519418239593506	-5.93214225769043	0.5702439546585083	-2.286782741546631	-4.331374645233154	-1.2997997999191284	0.32204392552375793	-3.1289241313934326
2550.505	2.8399999999996908	trials	[2550.60586667 2551.59633333 2552.16273333 2552.7863    ]	[1. 1. 1. 1.]	4	4.0	0.7853981633974483	2.0	R	-2.0443942546844482	-8.482863426208496	2.688086748123169	-6.869288444519043	-1.6825491189956665	-4.440803050994873	4.0142083168029785	-4.566283702850342
2554.348	7.4780000000000655	trials	[nan nan nan nan]	[nan nan nan nan]	4				R	0.0	0.0	0.0	0.0	0.0	0.0	0.0	0.0
2562.829	3.913000000000011	trials	[2562.93046667 2563.89386667 2564.78606667 2566.03416667]	[1. 1. 1. 1.]	4	4.0	0.7853981633974483	2.0	R	5.698171615600586	5.864816665649414	8.289352416992188	-7.418193817138672	7.171572685241699	-2.544738531112671	-3.413369655609131	-5.001267910003662
2567.745	2.7229999999999563	trials	[2567.84666667 2568.59253333 2569.25716667 2569.92583333]	[1. 1. 1. 1.]	4	4.0	0.7853981633974483	2.0	R	1.3850185871124268	-6.406782627105713	6.124400615692139	-4.813591480255127	3.1969118118286133	-0.7602211236953735	7.080282688140869	2.389292001724243
2571.472	2.8179999999997563	trials	[2571.57293333 2572.32176667 2573.11876667 2573.73226667]	[1. 1. 1. 1.]	4	4.0	0.7853981633974483	2.0	R	4.216385841369629	6.487839698791504	-3.322784900665283	-0.6603956818580627	-8.271376609802246	-1.3755468130111694	-3.330653667449951	-2.1431775093078613
2575.293	3.0839999999998327	trials	[2575.3944     2576.45803333 2577.35226667 2577.9297    ]	[1. 1. 1. 1.]	4	4.0	0.7853981633974483	2.0	R	-2.1655914783477783	4.34044885635376	-0.5737531185150146	-7.0933003425598145	4.2962541580200195	-5.9605913162231445	0.05776222050189972	-3.308198928833008
2579.38	2.674999999999727	trials	[2579.48156667 2580.1883     2580.97226667 2581.50556667]	[1. 1. 1. 1.]	4	4.0	0.7853981633974483	2.0	R	-5.933387279510498	2.193312168121338	-3.6629233360290527	-2.2614598274230957	-1.8656762838363647	2.404362916946411	-6.568767070770264	0.7070309519767761
2583.058	2.769000000000233	trials	[2583.15966667 2583.8554     2584.7416     2585.33406667]	[1. 1. 1. 1.]	4	4.0	0.7853981633974483	2.0	R	-6.976046562194824	-4.27635383605957	7.982769966125488	-5.312322616577148	3.8571064472198486	-2.4876279830932617	-1.1986417770385742	-1.5022525787353516
2586.831	3.0239999999998872	trials	[nan nan nan nan]	[nan nan nan nan]	4				R	0.0	0.0	0.0	0.0	0.0	0.0	0.0	0.0
2590.859	2.480000000000018	trials	[2590.96003333 2591.7069     2592.28633333 2592.8778    ]	[1. 1. 1. 1.]	4	4.0	0.7853981633974483	2.0	R	-6.923746109008789	0.8356488347053528	-4.302258491516113	-3.422027111053467	-6.667128086090088	-7.827409267425537	-4.800992488861084	-3.188709259033203
2594.342	2.844000000000051	trials	[2594.4437     2595.1695     2595.8171     2596.59103333]	[1. 1. 1. 1.]	4	4.0	0.7853981633974483	2.0	R	-0.9130986928939819	-6.332636833190918	-2.2379519939422607	-1.511354684829712	8.414177894592285	3.9885413646698	7.993519306182861	-7.125970363616943
2598.19	2.6790000000000873	trials	[2598.29123333 2598.96693333 2599.61153333 2600.28216667]	[1. 1. 1. 1.]	4	4.0	0.7853981633974483	2.0	R	4.7968010902404785	-3.281364679336548	2.9154229164123535	1.351173996925354	6.317410945892334	5.015389919281006	-1.4019798040390015	2.4303231239318848
2601.872	2.8460000000000036	trials	[2601.97336667 2602.78036667 2603.52023333 2604.244     ]	[1. 1. 1. 1.]	4	4.0	0.7853981633974483	2.0	R	-7.583576202392578	-5.07293176651001	-3.036463975906372	-2.9935641288757324	-0.6217222809791565	4.867528438568115	-5.621718883514404	4.861647605895996
2605.722	2.5539999999996326	trials	[2605.82293333 2606.56276667 2607.1803     2607.80183333]	[1. 1. 1. 1.]	4	4.0	0.7853981633974483	2.0	R	-7.930999279022217	0.4268733561038971	-3.0893428325653076	-0.8214713335037231	-4.301937103271484	-6.385531902313232	0.21765044331550598	-4.246997356414795
2609.28	3.0019999999999527	trials	[2609.38076667 2610.34516667 2611.093      2611.76166667]	[1. 1. 1. 1.]	4	4.0	0.7853981633974483	2.0	R	0.24081255495548248	0.7529487609863281	7.2354559898376465	5.858867645263672	2.924382448196411	3.3261525630950928	-2.8582088947296143	3.0867862701416016
2613.285	2.9890000000000327	trials	[2613.3867     2614.24986667 2614.9957     2615.6744    ]	[1. 1. 1. 1.]	4	4.0	0.7853981633974483	2.0	R	2.806762933731079	6.951501369476318	-7.749518871307373	4.317420959472656	-2.034581422805786	2.77215838432312	-8.930217742919922	-6.92234992980957
2617.277	3.2480000000000473	trials	[2617.37863333 2618.08736667 2618.7741     2619.43473333]	[1. 1. 1. 1.]	4	4.0	0.7853981633974483	2.0	R	-5.730603218078613	-3.0801544189453125	0.5551236271858215	1.5343310832977295	-1.7960474491119385	5.9470391273498535	-5.970212936401367	8.699555397033691
2621.529	2.66800000000012	trials	[2621.63016667 2622.29483333 2622.94843333 2623.58303333]	[1. 1. 1. 1.]	4	4.0	0.7853981633974483	2.0	R	-2.984588146209717	4.688814163208008	-7.976748466491699	4.408932685852051	-4.033674240112305	1.3344957828521729	5.479666709899902	-5.286402225494385
2625.2	2.1820000000002437	trials	[2625.30126667 2626.02106667 2626.66466667           nan]	[ 1.  1.  1. nan]	4	3.0	0.7853981633974483	2.0	A	3.431633234024048	-0.7250910401344299	7.222749710083008	2.534883499145508	6.428890705108643	-8.591609001159668	4.287492752075195	-4.07337760925293
2628.386	12.385999999999967	trials	[nan nan nan nan]	[nan nan nan nan]	4				R	0.0	0.0	0.0	0.0	0.0	0.0	0.0	0.0
2641.775	2.6849999999999454	trials	[2641.87643333 2642.44483333 2643.24883333 2643.92853333]	[1. 1. 1. 1.]	4	4.0	0.7853981633974483	2.0	R	1.4474725723266602	0.48879146575927734	-2.0976014137268066	-7.281161308288574	3.321526050567627	-8.698792457580566	1.569822907447815	-3.9229238033294678
2645.463	2.6029999999996107	trials	[2645.56456667 2646.2232     2646.92296667 2647.56053333]	[1. 1. 1. 1.]	4	4.0	0.7853981633974483	2.0	R	-2.2481627464294434	0.4792894423007965	-6.96161413192749	2.147634267807007	-0.9584570527076721	-3.774354934692383	-6.624340534210205	-6.6451849937438965
2649.069	2.75	trials	[2649.17053333 2649.97853333 2650.71736667 2651.27776667]	[1. 1. 1. 1.]	4	4.0	0.7853981633974483	2.0	R	5.128014087677002	1.7914915084838867	-4.0997185707092285	-8.350041389465332	-0.0701722800731659	-5.389845848083496	3.185622453689575	-1.5951390266418457
2652.823	2.8890000000001237	trials	[2652.92383333 2653.78396667 2654.4346     2655.17943333]	[1. 1. 1. 1.]	4	4.0	0.7853981633974483	2.0	R	2.9689505100250244	-8.306252479553223	1.3955045938491821	-3.2151050567626953	4.048699855804443	5.907818794250488	0.62539142370224	2.2635135650634766
2656.715	3.087999999999738	trials	[2656.8165     2657.87813333 2658.60796667 2659.21646667]	[1. 1. 1. 1.]	4	4.0	0.7853981633974483	2.0	R	7.461396217346191	6.993584156036377	5.089391708374023	2.5920393466949463	2.8652901649475098	7.070138454437256	-2.0453763008117676	6.129205703735352
2660.806	0.7989999999999782	trials	[2660.90766667           nan           nan           nan]	[ 1. nan nan nan]	4	1.0	0.7853981633974483	2.0	A	5.886406898498535	0.43617120385169983	4.22053337097168	7.937931537628174	1.2684231996536255	3.9024581909179688	-3.138153553009033	6.265100955963135
2662.609	2.4700000000002547	trials	[2662.71013333 2663.23143333 2663.89506667 2664.55973333]	[1. 1. 1. 1.]	4	4.0	0.7853981633974483	2.0	R	0.0	0.0	-5.902150630950928	-2.916731119155884	-5.6515913009643555	-7.910449028015137	-3.731771945953369	-3.2937088012695312
2666.083	2.9169999999999163	trials	[2666.18376667 2666.94966667 2667.8138     2668.48846667]	[1. 1. 1. 1.]	4	4.0	0.7853981633974483	2.0	R	-6.229459285736084	-7.6251702308654785	-5.35221004486084	1.7069367170333862	-8.442854881286621	-2.2234466075897217	-4.733597278594971	1.1293736696243286
2670.003	2.9169999999999163	trials	[2670.1045     2670.81526667 2671.66136667 2672.34203333]	[1. 1. 1. 1.]	4	4.0	0.7853981633974483	2.0	R	-2.7731986045837402	-3.470282554626465	8.634303092956543	3.746074676513672	4.249191761016846	1.343826174736023	8.779736518859863	3.45904803276062
2673.924	2.744000000000142	trials	[2674.02523333 2674.72596667 2675.36856667 2676.18156667]	[1. 1. 1. 1.]	4	4.0	0.7853981633974483	2.0	R	3.849928617477417	2.624185562133789	-0.6837181448936462	7.6756792068481445	4.246739864349365	-1.6817752122879028	5.861363887786865	-6.413898468017578
2677.671	2.499000000000251	trials	[2677.77253333 2678.40006667 2679.02463333 2679.58903333]	[1. 1. 1. 1.]	4	4.0	0.7853981633974483	2.0	R	-1.6986209154129028	-0.4692617654800415	2.2333693504333496	-3.5578622817993164	4.678287506103516	0.8036024570465088	1.8181078433990479	-8.438726425170898
2681.174	1.9760000000001128	trials	[2681.27523333 2681.47773333 2682.1173     2682.68973333]	[1. 1. 1. 1.]	4	4.0	0.7853981633974483	2.0	R	3.063900947570801	-3.5964131355285645	-3.6074464321136475	-5.709437847137451	0.03924695402383804	-2.2886738777160645	5.027315139770508	-1.9434566497802734
2684.153	3.288000000000011	trials	[2684.2546     2685.06563333 2685.88066667 2686.80796667]	[1. 1. 1. 1.]	4	4.0	0.7853981633974483	2.0	R	6.74371337890625	2.7527096271514893	-2.9798781871795654	5.968020439147949	0.04853806644678116	-2.2912914752960205	8.982538223266602	-1.0495165586471558
2688.444	2.5230000000001382	trials	[2688.54526667 2689.1618     2689.76026667 2690.34473333]	[1. 1. 1. 1.]	4	4.0	0.7853981633974483	2.0	R	-0.6872479319572449	-2.8039212226867676	-3.5088772773742676	-6.9316816329956055	1.4061846733093262	-7.849377155303955	-8.113033294677734	-4.906281471252441
2691.971	1.9899999999997817	trials	[2692.07203333 2692.65646667           nan           nan]	[ 1.  1. nan nan]	4	2.0	0.7853981633974483	2.0	F	-3.24796199798584	-3.7525548934936523	-8.234549522399902	-3.3865697383880615	-3.8989901542663574	-5.877137184143066	-5.516326904296875	5.7807087898254395
2694.964	5.358999999999924	trials	[2695.06543333 2698.49096667 2699.18666667 2699.81923333]	[1. 1. 1. 1.]	4	4.0	0.7853981633974483	2.0	R	-5.7075300216674805	-7.700984001159668	-0.7349026203155518	-7.178511619567871	1.768241047859192	-2.850200891494751	4.4165215492248535	-7.091263294219971
2701.326	2.7100000000000364	trials	[2701.42723333 2702.28536667 2702.9029     2703.53246667]	[1. 1. 1. 1.]	4	4.0	0.7853981633974483	2.0	R	-5.226200580596924	-1.3189955949783325	-3.6577701568603516	-6.066629409790039	1.0651612281799316	-7.707945346832275	-1.665273904800415	-3.5193030834198
2705.039	2.7729999999996835	trials	[2705.14046667 2705.87126667 2706.4858     2707.08126667]	[1. 1. 1. 1.]	4	4.0	0.7853981633974483	2.0	R	-6.5130615234375	-4.945517063140869	-3.2556731700897217	-1.1521779298782349	-8.402251243591309	-3.3111236095428467	1.7671717405319214	2.259918451309204
2708.816	2.537000000000262	trials	[2708.91683333 2709.59953333 2710.24413333 2710.90776667]	[1. 1. 1. 1.]	4	4.0	0.7853981633974483	2.0	R	-2.568005323410034	4.751151084899902	-2.762706756591797	-3.0296614170074463	-7.4979987144470215	1.4751205444335938	-4.886538982391357	-2.788713216781616
2712.356	2.6549999999997453	trials	[2712.45763333 2713.23453333 2713.79893333 2714.4656    ]	[1. 1. 1. 1.]	4	4.0	0.7853981633974483	2.0	R	-6.541280746459961	-7.506957530975342	-2.2274069786071777	-4.979014873504639	6.150326251983643	-0.5625699758529663	5.070075988769531	6.593400955200195
2716.014	2.81899999999996	trials	[2716.1157 2717.0009 2717.7227 2718.3773]	[1. 1. 1. 1.]	4	4.0	0.7853981633974483	2.0	R	7.9788713455200195	0.7168470025062561	4.23344087600708	4.029210567474365	-1.4011811017990112	5.521819591522217	-1.5515841245651245	0.5240822434425354
2719.837	2.800000000000182	trials	[2719.9382     2720.75823333 2721.49003333 2722.14866667]	[1. 1. 1. 1.]	4	4.0	0.7853981633974483	2.0	R	-6.738698482513428	4.393444538116455	-3.730616569519043	0.3995184898376465	-8.521820068359375	1.829334020614624	-3.6496527194976807	0.7059515118598938
2723.64	2.6720000000000255	trials	[2723.74163333 2724.54563333 2725.1772     2725.76966667]	[1. 1. 1. 1.]	4	4.0	0.7853981633974483	2.0	R	-4.910059928894043	-4.132578372955322	-8.67731761932373	-0.4374280571937561	-3.908019542694092	-1.9386944770812988	-3.042734146118164	-6.863253593444824
2727.316	2.5510000000003856	trials	[2727.41673333 2728.13353333 2728.79116667 2729.38963333]	[1. 1. 1. 1.]	4	4.0	0.7853981633974483	2.0	R	1.9572631120681763	-6.868389129638672	6.947874546051025	-6.245431900024414	2.534674882888794	-3.8951828479766846	4.714807033538818	0.604486346244812
2730.87	2.775000000000091	trials	[2730.97156667 2731.72946667 2732.41213333 2733.14096667]	[1. 1. 1. 1.]	4	4.0	0.7853981633974483	2.0	R	1.710422396659851	4.601193904876709	-7.794712066650391	3.3310770988464355	-2.124210834503174	6.610567569732666	0.7240527272224426	2.5011398792266846
2734.649	2.701000000000022	trials	[2734.74996667 2735.52186667 2736.16246667 2736.80103333]	[1. 1. 1. 1.]	4	4.0	0.7853981633974483	2.0	R	5.6629438400268555	3.280470371246338	4.57309103012085	8.160246849060059	-0.3523727357387543	7.300126075744629	1.1327961683273315	-1.5060817003250122
2738.354	2.7470000000002983	trials	[2738.45513333 2739.201      2739.82053333 2740.55936667]	[1. 1. 1. 1.]	4	4.0	0.7853981633974483	2.0	R	5.188355922698975	1.4183727502822876	7.942906856536865	-5.113235950469971	-2.756742000579834	-7.572019577026367	2.0917165279388428	-8.793678283691406
2742.104	2.8600000000001273	trials	[2742.20546667 2743.28713333 2743.92673333 2744.46406667]	[1. 1. 1. 1.]	4	4.0	0.7853981633974483	2.0	R	-7.895727157592773	-1.0528970956802368	-5.18414831161499	-5.25377082824707	-1.2044072151184082	-2.22694730758667	-4.319329261779785	1.6842241287231445
2745.968	2.611000000000331	trials	[2746.06903333 2746.91613333 2747.5407     2748.13416667]	[1. 1. 1. 1.]	4	4.0	0.7853981633974483	2.0	R	-5.200342655181885	-3.2375454902648926	-4.85191011428833	-8.225390434265137	0.14773529767990112	-8.165826797485352	4.690134048461914	-6.076181411743164
2749.583	2.255000000000109	trials	[2749.68403333 2750.18326667 2750.82786667 2751.39526667]	[1. 1. 1. 1.]	4	4.0	0.7853981633974483	2.0	R	0.32808318734169006	-3.6323087215423584	-0.7581762671470642	-8.512887001037598	3.7245559692382812	-6.29813814163208	0.8621701598167419	-2.1985344886779785
2752.842	0.9029999999997926	trials	[2752.9431       nan       nan       nan]	[ 1. nan nan nan]	4	1.0	0.7853981633974483	2.0	A	0.6814260482788086	-7.1952667236328125	2.9958925247192383	-0.7675208449363708	8.39862060546875	0.1456051766872406	2.070251226425171	-1.9737759828567505
2754.749	2.7270000000003165	trials	[2754.84983333 2755.65683333 2756.3175     2756.91296667]	[1. 1. 1. 1.]	4	4.0	0.7853981633974483	2.0	R	6.952672004699707	1.5147632360458374	1.9534794092178345	1.424917459487915	1.317248821258545	-3.534438371658325	0.9358810782432556	5.84000825881958
2758.48	2.6849999999999454	trials	[2758.5811     2759.3089     2760.02266667 2760.68333333]	[1. 1. 1. 1.]	4	4.0	0.7853981633974483	2.0	R	2.505777359008789	-1.3390141725540161	-5.4975666999816895	6.17376184463501	-7.97253942489624	1.8292813301086426	-6.416184425354004	-2.9223246574401855
2762.168	2.480000000000018	trials	[2762.26926667 2762.8086     2763.4893     2764.177     ]	[1. 1. 1. 1.]	4	4.0	0.7853981633974483	2.0	R	-1.4329464435577393	-3.3313963413238525	5.234719276428223	-6.325906753540039	2.0183863639831543	-2.4976954460144043	4.987161636352539	-6.5209245681762695
2765.652	2.7640000000001237	trials	[2765.7529     2766.6802     2767.2867     2767.90123333]	[1. 1. 1. 1.]	4	4.0	0.7853981633974483	2.0	R	2.170222043991089	3.699085235595703	3.9389431476593018	-3.636096715927124	7.763791084289551	-0.41576436161994934	6.745218753814697	4.479387283325195
2769.419	2.63799999999992	trials	[2769.52026667 2770.31823333 2770.9137     2771.56233333]	[1. 1. 1. 1.]	4	4.0	0.7853981633974483	2.0	R	2.314565420150757	6.796565055847168	-0.8199238777160645	2.901057720184326	-5.687657833099365	4.0434956550598145	-4.944872856140137	-0.901023805141449
2773.06	2.8659999999999854	trials	[2773.1613     2773.86203333 2774.4986     2775.3778    ]	[1. 1. 1. 1.]	4	4.0	0.7853981633974483	2.0	R	-1.780012607574463	2.9698493480682373	-5.875996112823486	5.837412357330322	-1.4054800271987915	-6.509829998016357	-7.317656517028809	-4.073459625244141
2776.93	3.0770000000002256	trials	[2777.0309     2777.90706667 2778.82636667 2779.46593333]	[1. 1. 1. 1.]	4	4.0	0.7853981633974483	2.0	R	5.896286964416504	3.0209972858428955	-3.943911552429199	0.4066984951496124	-1.071460485458374	-8.122613906860352	3.911348581314087	-8.536877632141113
2781.011	2.9909999999999854	trials	[2781.11203333 2781.9471     2782.73306667 2783.4418    ]	[1. 1. 1. 1.]	4	4.0	0.7853981633974483	2.0	R	8.403200149536133	-5.578954696655273	8.377120018005371	0.06376165896654129	5.57091760635376	4.202025890350342	8.674288749694824	8.807164192199707
2785.006	2.6400000000003274	trials	[2785.10693333 2785.92396667 2786.57156667 2787.16403333]	[1. 1. 1. 1.]	4	4.0	0.7853981633974483	2.0	R	3.777918815612793	7.794462203979492	-1.2143049240112305	7.515710353851318	-4.996626377105713	4.245535373687744	-3.080843687057495	-0.3728815019130707
2788.65	2.619999999999891	trials	[2788.751      2789.4778     2790.1264     2790.73893333]	[1. 1. 1. 1.]	4	4.0	0.7853981633974483	2.0	R	-8.651632308959961	3.3596982955932617	-3.706465482711792	2.6212363243103027	-8.0980863571167	0.230909526348114	-2.360130786895752	-4.675721645355225
2792.274	3.0150000000003274	trials	[2792.375      2793.27923333 2793.9068     2794.7168    ]	[1. 1. 1. 1.]	4	4.0	0.7853981633974483	2.0	R	6.583990573883057	-0.5836588144302368	1.6549041271209717	-1.4227701425552368	3.378671407699585	7.692744731903076	-1.7025126218795776	3.180213451385498
2796.293	2.580999999999676	trials	[2796.39396667 2796.95836667 2797.67113333 2798.32476667]	[1. 1. 1. 1.]	4	4.0	0.7853981633974483	2.0	R	-3.18662166595459	-1.5944509506225586	-0.7901152968406677	-5.98270320892334	3.9503886699676514	-7.5725531578063965	7.167266845703125	-3.744799852371216
2799.878	2.536999999999807	trials	[2799.97886667 2800.6856     2801.34023333 2801.95076667]	[1. 1. 1. 1.]	4	4.0	0.7853981633974483	2.0	R	4.477222919464111	0.46989649534225464	-4.274150371551514	-7.388387203216553	-1.5502240657806396	-3.195509433746338	-0.3022664785385132	1.6462465524673462
2803.418	2.7460000000000946	trials	[2803.51963333 2804.28656667 2804.9562     2805.5517    ]	[1. 1. 1. 1.]	4	4.0	0.7853981633974483	2.0	R	5.90596342086792	-1.4200754165649414	7.443181991577148	3.3377559185028076	3.6353607177734375	6.578202724456787	-0.2351350337266922	3.4128806591033936
2807.168	2.199999999999818	trials	[2807.26896667 2808.094      2808.79273333           nan]	[ 1.  1.  1. nan]	4	3.0	0.7853981633974483	2.0	A	5.7060017585754395	-2.4348220825195312	-0.8670657277107239	1.7885528802871704	-1.1465083360671997	-5.83112096786499	3.8007781505584717	-6.555245399475098
2810.372	5.149000000000342	trials	[2810.4729     2813.67486667 2814.3816     2815.0212    ]	[1. 1. 1. 1.]	4	4.0	0.7853981633974483	2.0	R	-0.7415472269058228	5.813248634338379	-5.740525722503662	5.914322376251221	-2.293349504470825	2.292585611343384	-1.8621413707733154	7.273956775665283
2816.525	3.6520000000000437	trials	[2816.62616667 2817.37103333 2818.3334     2819.02413333]	[1. 1. 1. 1.]	4	4.0	0.7853981633974483	2.0	R	-4.813516616821289	1.148422360420227	8.118685722351074	-5.889437675476074	-2.919344902038574	-7.452873229980469	6.231081008911133	1.144182562828064
2821.181	2.7409999999999854	trials	[2821.28173333 2822.08073333 2822.7243     2823.31476667]	[1. 1. 1. 1.]	4	4.0	0.7853981633974483	2.0	R	2.6290059089660645	4.611898422241211	-0.9068922996520996	1.0767288208007812	-3.6815154552459717	-3.0827744007110596	5.056317329406738	-6.657516002655029
2824.926	2.5779999999999745	trials	[2825.02703333 2825.7057     2826.32826667 2827.00093333]	[1. 1. 1. 1.]	4	4.0	0.7853981633974483	2.0	R	1.8853676319122314	0.5989882349967957	-2.4359264373779297	3.114225149154663	-5.643381118774414	6.949878215789795	-4.951383590698242	1.9979958534240723
2828.508	2.72400000000016	trials	[2828.60893333 2829.2866     2829.93923333 2830.7312    ]	[1. 1. 1. 1.]	4	4.0	0.7853981633974483	2.0	R	-6.177737236022949	-2.8492772579193115	-2.557135820388794	-6.297645568847656	-0.6827498078346252	1.5326870679855347	-3.265117883682251	5.814202785491943
2832.236	2.992000000000189	trials	[2832.33716667 2833.1973     2833.86396667 2834.46846667]	[1. 1. 1. 1.]	4	4.0	0.7853981633974483	2.0	R	-3.218528985977173	-8.917290687561035	-2.0916996002197266	-4.045919895172119	1.4834154844284058	-7.54142427444458	0.6916364431381226	4.8395867347717285
2836.232	2.75	trials	[2836.3331     2837.04386667 2837.72656667 2838.33506667]	[1. 1. 1. 1.]	4	4.0	0.7853981633974483	2.0	R	3.29010009765625	0.5678203105926514	-4.6975250244140625	-2.4046690464019775	2.2803778648376465	-4.530370235443115	-5.976020336151123	4.032149314880371
2839.985	2.6799999999998363	trials	[2840.0864     2840.77713333 2841.59816667 2842.1736    ]	[1. 1. 1. 1.]	4	4.0	0.7853981633974483	2.0	R	-2.8834869861602783	0.1032518520951271	8.309996604919434	0.8354988098144531	3.400691032409668	-0.11250965297222137	5.217151641845703	4.545866966247559
2843.668	2.1219999999998436	trials	[2843.76956667 2844.44923333 2845.23116667           nan]	[ 1.  1.  1. nan]	4	3.0	0.7853981633974483	2.0	A	3.252229928970337	-5.157796382904053	-1.8795721530914307	3.5874574184417725	3.028055191040039	-2.4580323696136475	7.145376205444336	-5.294873237609863
2846.793	1.6799999999998363	trials	[2846.8943     2847.83063333           nan           nan]	[ 1.  1. nan nan]	4	2.0	0.7853981633974483	2.0	A	-2.6227965354919434	-8.539287567138672	0.22111928462982178	-4.426849365234375	-4.273984432220459	-1.395259141921997	0.00011855709453811869	-6.997843265533447
2849.477	3.1640000000002146	trials	[2849.57796667 2850.61453333 2851.21303333 2852.0431    ]	[1. 1. 1. 1.]	4	4.0	0.7853981633974483	2.0	R	-5.993846416473389	-0.23119989037513733	-8.695852279663086	-4.438237190246582	-1.1451475620269775	1.0980966091156006	6.467537879943848	3.7903146743774414
2853.644	2.9440000000004147	trials	[2853.7453     2854.61246667 2855.32423333 2856.02396667]	[1. 1. 1. 1.]	4	4.0	0.7853981633974483	2.0	R	7.093446254730225	8.750984191894531	1.444810390472412	7.820732593536377	6.601105213165283	5.563058853149414	0.4529942572116852	7.156346321105957
2857.592	2.5340000000001055	trials	[2857.6931     2858.24346667 2858.86       2859.60083333]	[1. 1. 1. 1.]	4	4.0	0.7853981633974483	2.0	R	-2.0917396545410156	2.852356433868408	-6.2462286949157715	5.634481430053711	1.3924609422683716	0.5422534346580505	-3.1521754264831543	2.6270267963409424
2861.13	2.6679999999996653	trials	[2861.2309     2861.9206     2862.59526667 2863.30603333]	[1. 1. 1. 1.]	4	4.0	0.7853981633974483	2.0	R	-6.180139064788818	-5.404494285583496	-0.7607545256614685	-5.606576919555664	-4.075531959533691	0.6336110234260559	-7.928480625152588	-2.553046941757202
2864.802	2.9529999999999745	trials	[2864.903      2865.5887     2866.16513333 2866.84683333]	[1. 1. 1. 1.]	4	4.0	0.7853981633974483	2.0	R	-3.117170810699463	-3.9136714935302734	0.5458781123161316	-0.510426938533783	-7.785759449005127	6.59611177444458	-0.1462152600288391	-3.5799527168273926
2868.759	3.076999999999771	trials	[2868.85983333 2869.67083333 2870.36456667 2871.15353333]	[1. 1. 1. 1.]	4	4.0	0.7853981633974483	2.0	R	4.445684432983398	-1.6014537811279297	5.85921573638916	3.1945788860321045	-6.953982353210449	3.818408727645874	-6.045356750488281	-5.622504234313965
2872.84	3.3649999999997817	trials	[nan nan nan nan]	[nan nan nan nan]	4				R	0.0	0.0	0.0	0.0	0.0	0.0	0.0	0.0
2877.209	3.0109999999999673	trials	[nan nan nan nan]	[nan nan nan nan]	4				R	0.0	0.0	0.0	0.0	0.0	0.0	0.0	0.0
2881.224	2.8799999999996544	trials	[2881.32476667 2882.25206667 2882.85656667 2883.53426667]	[1. 1. 1. 1.]	4	4.0	0.7853981633974483	2.0	R	-8.366168975830078	1.588854432106018	-3.425294876098633	0.8222002387046814	3.498586416244507	5.219753265380859	1.3143812417984009	0.7220596671104431
2885.107	2.7890000000002146	trials	[2885.2084     2885.94023333 2886.56376667 2887.23743333]	[1. 1. 1. 1.]	4	4.0	0.7853981633974483	2.0	R	-5.451685905456543	-6.2845635414123535	-1.4750277996063232	-3.253690481185913	-1.9860371351242065	1.7201279401779175	-8.461186408996582	8.666914939880371
2888.9	3.1929999999997563	trials	[nan nan nan nan]	[nan nan nan nan]	4				R	0.0	0.0	0.0	0.0	0.0	0.0	0.0	0.0
2893.096	5.876999999999953	trials	[2893.19723333 2896.8894     2897.68336667 2898.42923333]	[1. 1. 1. 1.]	4	4.0	0.7853981633974483	2.0	R	-1.9511687755584717	7.603713512420654	-6.400056838989258	5.321741580963135	-7.335303783416748	0.40998920798301697	-1.953338623046875	-7.1443562507629395
2899.976	2.8519999999998618	trials	[2900.0773     2900.94446667 2901.6041     2902.34896667]	[1. 1. 1. 1.]	4	4.0	0.7853981633974483	2.0	R	-4.622525691986084	7.3108415603637695	-7.269378185272217	3.068887948989868	-0.8809577226638794	-6.524154186248779	1.7684128284454346	-2.2837727069854736
2903.832	2.6350000000002183	trials	[2903.93286667 2904.61556667 2905.29026667 2905.98696667]	[1. 1. 1. 1.]	4	4.0	0.7853981633974483	2.0	R	1.8295997381210327	2.715852737426758	6.629861354827881	4.114955902099609	1.6375478506088257	3.8378169536590576	-0.12871190905570984	8.515458106994629
2907.471	2.7979999999997744	trials	[2907.5719     2908.31276667 2909.0917     2909.71323333]	[1. 1. 1. 1.]	4	4.0	0.7853981633974483	2.0	R	-4.911022186279297	7.0561747550964355	-3.1851918697357178	-1.609919786453247	2.198330879211426	-1.139604926109314	-7.013443470001221	2.3534162044525146
2911.272	3.01299999999992	trials	[2911.37336667 2912.08513333 2912.78986667 2913.4054    ]	[1. 1. 1. 1.]	4	4.0	0.7853981633974483	2.0	R	-5.365456581115723	-2.927647590637207	2.4687411785125732	-4.846467018127441	7.1347174644470215	-3.0496182441711426	1.8696229457855225	6.560908317565918
2915.288	2.7089999999998327	trials	[2915.38933333 2916.03693333 2916.72163333 2917.49856667]	[1. 1. 1. 1.]	4	4.0	0.7853981633974483	2.0	R	-2.9584085941314697	5.260865211486816	-7.62171745300293	7.064624786376953	-0.6451700329780579	8.536991119384766	-0.07091683149337769	3.5700771808624268
2919.0	0.8840000000000146	trials	[2919.10153333           nan           nan           nan]	[ 1. nan nan nan]	4	1.0	0.7853981633974483	2.0	A	7.366393566131592	-6.267541408538818	7.028962135314941	-1.278940200805664	3.5464606285095215	2.308842182159424	4.22837495803833	7.262123107910156
2920.888	2.606999999999971	trials	[2920.98923333 2921.7832     2922.39973333 2922.98616667]	[1. 1. 1. 1.]	4	4.0	0.7853981633974483	2.0	R	5.875771999359131	-7.064977645874023	2.2615203857421875	-3.609954833984375	0.4455432891845703	-8.268519401550293	-3.4073047637939453	-5.081740379333496
2924.499	2.9039999999999964	trials	[2924.60016667 2925.31296667 2925.9786     2926.83173333]	[1. 1. 1. 1.]	4	4.0	0.7853981633974483	2.0	R	1.5159882307052612	-4.209280967712402	6.46708345413208	-4.906888484954834	-4.490700721740723	-7.832663536071777	0.4709504246711731	-7.2145867347717285
2928.407	2.4159999999997126	trials	[2928.50786667 2929.13643333 2929.73793333 2930.34443333]	[1. 1. 1. 1.]	4	4.0	0.7853981633974483	2.0	R	-1.3181005716323853	-2.5456151962280273	-2.015568256378174	-7.496730327606201	2.921571731567383	-6.706383228302002	1.5269627571105957	-1.9048142433166504
2931.826	2.80600000000004	trials	[2931.92736667 2932.69426667 2933.37196667 2934.14686667]	[1. 1. 1. 1.]	4	4.0	0.7853981633974483	2.0	R	6.47303581237793	-1.172448754310608	-5.153542995452881	-5.7198309898376465	8.710877418518066	-1.2985326051712036	6.1417365074157715	2.9909329414367676
2935.636	2.9600000000000364	trials	[2935.73683333 2936.59193333 2937.2937     2938.0626    ]	[1. 1. 1. 1.]	4	4.0	0.7853981633974483	2.0	R	5.626220703125	7.9642863273620605	-0.9107736945152283	7.451084136962891	-2.760753631591797	2.805917263031006	-0.29623961448669434	7.405892372131348
2939.599	2.9789999999998145	trials	[nan nan nan nan]	[nan nan nan nan]	4				R	0.0	0.0	0.0	0.0	0.0	0.0	0.0	0.0
2943.581	2.9600000000000364	trials	[2943.68253333 2944.3111     2945.17826667 2945.85493333]	[1. 1. 1. 1.]	4	4.0	0.7853981633974483	2.0	R	3.5757524967193604	-1.7279397249221802	-3.108391523361206	5.827525615692139	-7.447224140167236	8.312386512756348	-2.0293192863464355	5.025722980499268
2947.544	1.8700000000003456	trials	[2947.64536667 2948.73206667           nan           nan]	[ 1.  1. nan nan]	4	2.0	0.7853981633974483	2.0	A	-6.2248382568359375	-8.710226058959961	-2.426708459854126	-5.4584245681762695	1.6846171617507935	-8.303947448730469	3.1250252723693848	0.9641902446746826
2950.417	2.5039999999999054	trials	[2950.5185     2951.35156667 2951.919      2952.42223333]	[1. 1. 1. 1.]	4	4.0	0.7853981633974483	2.0	R	-7.7187089920043945	-0.6806925535202026	-4.720457553863525	-4.682003021240234	-0.9713574051856995	-1.3737937211990356	-5.545943737030029	-3.3920013904571533
2953.925	2.742999999999938	trials	[2954.02623333 2954.75403333 2955.3896     2956.1505    ]	[1. 1. 1. 1.]	4	4.0	0.7853981633974483	2.0	R	-4.532175540924072	-8.288150787353516	-1.1452686786651611	-4.609990119934082	5.177461624145508	6.250155925750732	0.06815773248672485	8.194520950317383
2957.671	0.7290000000002692	trials	[2957.77253333           nan           nan           nan]	[ 1. nan nan nan]	4	1.0	0.7853981633974483	2.0	A	-4.7104668617248535	6.723213195800781	-3.8790626525878906	1.7928210496902466	0.3033137917518616	-0.9472021460533142	3.9204866886138916	2.5047624111175537
2959.404	2.925000000000182	trials	[2959.50483333 2960.3479     2961.09076667 2961.8366    ]	[1. 1. 1. 1.]	4	4.0	0.7853981633974483	2.0	R	-7.237420558929443	-0.30960962176322937	-4.872798919677734	6.416417598724365	-6.584921360015869	1.7186906337738037	-5.045642852783203	-3.0384747982025146
2963.332	2.756000000000313	trials	[2963.43356667 2964.03306667 2964.74283333 2965.39643333]	[1. 1. 1. 1.]	4	4.0	0.7853981633974483	2.0	R	-0.7905272245407104	-0.4128338396549225	-5.575895309448242	1.0363917350769043	-5.39138126373291	6.032986164093018	-5.795114040374756	1.049312710762024
2967.092	2.7799999999997453	trials	[2967.1929     2967.95076667 2968.53823333 2969.22293333]	[1. 1. 1. 1.]	4	4.0	0.7853981633974483	2.0	R	-2.613966941833496	-2.8081867694854736	-5.397930145263672	1.3450710773468018	-8.917479515075684	5.386748313903809	-2.4733808040618896	1.4813131093978882
2970.875	2.7979999999997744	trials	[2970.9763     2971.72413333 2972.37976667 2973.06146667]	[1. 1. 1. 1.]	4	4.0	0.7853981633974483	2.0	R	-2.646759510040283	-3.5156798362731934	-2.7148191928863525	-8.515216827392578	-1.1661916971206665	-3.7610867023468018	6.304488182067871	-8.126256942749023
2974.676	2.994999999999891	trials	[2974.77773333 2975.5316     2976.12806667 2977.04033333]	[1. 1. 1. 1.]	4	4.0	0.7853981633974483	2.0	R	5.163336277008057	1.149108648300171	7.751845836639404	5.426913738250732	4.13212251663208	8.876203536987305	0.324730783700943	5.635251998901367
2978.674	13.01299999999992	trials	[2978.77563333 2989.66166667 2990.5619     2991.17643333]	[1. 1. 1. 1.]	4	4.0	0.7853981633974483	2.0	R	-3.9197452068328857	2.992446184158325	3.184124708175659	-8.064509391784668	5.4115681648254395	-3.588071584701538	2.096054792404175	0.15457075834274292
2992.69	2.938999999999851	trials	[2992.79143333 2993.5764     2994.3052     2994.94476667]	[1. 1. 1. 1.]	4	4.0	0.7853981633974483	2.0	R	-3.7412712574005127	3.9674136638641357	1.2582460641860962	3.8979341983795166	-2.146089792251587	7.559968948364258	3.435394048690796	8.596747398376465
2996.633	2.600000000000364	trials	[2996.73423333 2997.4149     2998.06853333 2998.7021    ]	[1. 1. 1. 1.]	4	4.0	0.7853981633974483	2.0	R	-0.853307843208313	6.026331901550293	-5.852529525756836	5.938112735748291	-2.2689871788024902	2.4512481689453125	-7.978374481201172	2.8826630115509033
3000.237	3.0779999999999745	trials	[3000.33816667 3001.14316667 3001.69953333 3002.4925    ]	[1. 1. 1. 1.]	4	4.0	0.7853981633974483	2.0	R	1.6872023344039917	-6.6107892990112305	5.0403523445129395	-2.9018290042877197	0.3055916726589203	6.528819561004639	-4.649024963378906	5.856678009033203
3004.318	2.4409999999998035	trials	[3004.4193     3005.57416667 3006.17466667           nan]	[ 1.  1.  1. nan]	4	3.0	0.7853981633974483	2.0	A	-6.300207138061523	1.1371867656707764	-7.630725383758545	-3.682535409927368	-5.236633777618408	-8.072105407714844	-3.8450050354003906	-3.26967191696167
3007.763	1.9340000000001965	trials	[3007.86383333 3008.74503333 3009.26333333 3009.3385    ]	[1. 1. 1. 1.]	4	4.0	0.7853981633974483	2.0	A	-0.2368808090686798	-8.121787071228027	-4.634284973144531	-4.595362186431885	-0.813791811466217	-7.820859909057617	0.6007117629051208	-3.025113821029663
3010.703	2.7519999999999527	trials	[3010.80213333 3011.51893333 3012.33896667 3012.8743    ]	[1. 1. 1. 1.]	4	4.0	0.7853981633974483	2.0	R	-1.0995254516601562	4.467733860015869	-2.7005162239074707	-3.501673460006714	0.10926180332899094	-7.637510299682617	4.637106418609619	-2.123972177505493
3014.458	2.7049999999999272	trials	[3014.55946667 3015.3725     3015.98903333 3016.68473333]	[1. 1. 1. 1.]	4	4.0	0.7853981633974483	2.0	R	6.592889785766602	2.4776484966278076	2.454833507537842	5.284156799316406	6.693964004516602	-0.3769083023071289	4.578193187713623	4.153380393981934
3018.166	2.7229999999999563	trials	[3018.26766667 3019.10976667 3019.7293     3020.36186667]	[1. 1. 1. 1.]	4	4.0	0.7853981633974483	2.0	R	6.773891925811768	8.645474433898926	5.152975082397461	3.9155027866363525	3.230459690093994	-4.981352806091309	8.203336715698242	-4.461264610290527
3021.893	2.530999999999949	trials	[3021.99393333 3022.5493     3023.1498     3023.84653333]	[1. 1. 1. 1.]	4	4.0	0.7853981633974483	2.0	R	2.6079726219177246	-2.5909152030944824	-1.311907410621643	0.5130403637886047	7.371059417724609	2.827521324157715	1.1182950735092163	-1.7846565246582031
3025.427	2.563999999999851	trials	[3025.5287     3026.26953333 3026.91313333 3027.51263333]	[1. 1. 1. 1.]	4	4.0	0.7853981633974483	2.0	R	5.293683052062988	0.9660046696662903	1.9229576587677002	4.658999443054199	0.3567226827144623	-2.009354591369629	5.2171196937561035	-0.8360942006111145
3028.994	2.9329999999999927	trials	[3029.09556667 3029.94466667 3030.57623333 3031.39023333]	[1. 1. 1. 1.]	4	4.0	0.7853981633974483	2.0	R	4.940973281860352	-6.188342571258545	6.386900901794434	-1.4019774198532104	-7.378868103027344	3.3047561645507812	-3.8947832584381104	-0.28148892521858215
3032.93	2.6760000000003856	trials	[3033.03133333 3033.69296667 3034.41373333 3035.11246667]	[1. 1. 1. 1.]	4	4.0	0.7853981633974483	2.0	R	-6.574392318725586	-4.502827167510986	-1.7374351024627686	-5.769257545471191	1.2835725545883179	-0.9881037473678589	0.258086621761322	-7.34465217590332
3036.609	3.3830000000002656	trials	[nan nan nan nan]	[nan nan nan nan]	4				R	0.0	0.0	0.0	0.0	0.0	0.0	0.0	0.0
3040.995	3.2919999999999163	trials	[nan nan nan nan]	[nan nan nan nan]	4				R	0.0	0.0	0.0	0.0	0.0	0.0	0.0	0.0
3045.291	2.2219999999997526	trials	[3045.392      3045.5945     3046.23006667 3046.97793333]	[1. 1. 1. 1.]	4	4.0	0.7853981633974483	2.0	R	0.09239248931407928	-4.648664474487305	5.013462066650391	-5.533578872680664	-8.389492988586426	-3.7099955081939697	-3.442126989364624	-0.23990407586097717
3048.517	2.75400000000036	trials	[3048.618      3049.2245     3049.88516667 3050.7513    ]	[1. 1. 1. 1.]	4	4.0	0.7853981633974483	2.0	R	-3.283947706222534	-5.237401485443115	1.558054804801941	-6.484402656555176	3.7918782234191895	7.892706871032715	-0.9214457273483276	3.119494915008545
3052.274	2.688000000000102	trials	[3052.37533333 3053.07306667 3053.8119     3054.52866667]	[1. 1. 1. 1.]	4	4.0	0.7853981633974483	2.0	R	2.7454140186309814	-0.27964305877685547	7.655149936676025	-1.2254188060760498	8.111979484558105	3.7536680698394775	3.5787551403045654	5.863141059875488
3055.965	2.5539999999996326	trials	[3056.0665     3056.70506667 3057.4369     3058.02333333]	[1. 1. 1. 1.]	4	4.0	0.7853981633974483	2.0	R	-1.3081932067871094	4.805911064147949	-0.939789354801178	-0.18049825727939606	-1.2156144380569458	-5.172884464263916	0.6552655696868896	-0.19599802792072296
3059.522	2.5579999999999927	trials	[3059.62333333 3060.39423333 3060.9817     3061.58016667]	[1. 1. 1. 1.]	4	4.0	0.7853981633974483	2.0	R	2.7420568466186523	-4.739708423614502	-2.2499539852142334	-5.022247791290283	2.6769514083862305	-4.170423984527588	5.441315650939941	1.2093268632888794
3063.084	2.630000000000109	trials	[3063.18516667 3063.8859     3064.5285     3065.15203333]	[1. 1. 1. 1.]	4	4.0	0.7853981633974483	2.0	R	1.2516740560531616	3.938228130340576	-3.7283167839050293	4.385096073150635	-8.690484046936035	3.77117657661438	-3.7208404541015625	3.221046209335327
3066.718	3.0970000000002074	trials	[3066.81916667 3067.66226667 3068.37403333 3069.38253333]	[1. 1. 1. 1.]	4	4.0	0.7853981633974483	2.0	R	-7.9956512451171875	5.814497947692871	-3.66233229637146	3.3200347423553467	5.773166656494141	-7.7651190757751465	3.086190700531006	-3.548466682434082
3070.818	2.6849999999999454	trials	[3070.91936667 3071.72133333 3072.45216667 3073.03763333]	[1. 1. 1. 1.]	4	4.0	0.7853981633974483	2.0	R	7.3480706214904785	-6.163113594055176	4.767457485198975	-1.8805402517318726	4.953609466552734	-6.877073764801025	4.259407043457031	-1.9254999160766602
3074.506	2.688000000000102	trials	[3074.6075     3075.3734     3076.04306667 3076.5774    ]	[1. 1. 1. 1.]	4	4.0	0.7853981633974483	2.0	R	-8.151925086975098	-0.6075418591499329	-7.927558422088623	-5.602505207061768	-5.265450954437256	-1.3701083660125732	2.682093381881714	5.999081134796143
3078.197	2.58199999999988	trials	[3078.29866667 3079.12373333 3079.77836667 3080.31266667]	[1. 1. 1. 1.]	4	4.0	0.7853981633974483	2.0	R	4.974490642547607	-6.012260437011719	6.292398929595947	-1.189075231552124	3.798281669616699	3.1444427967071533	1.2928478717803955	7.471427917480469
3081.782	2.5409999999997126	trials	[3081.88356667 3082.64246667 3083.267      3083.9096    ]	[1. 1. 1. 1.]	4	4.0	0.7853981633974483	2.0	R	-3.648550271987915	8.234701156616211	-8.447467803955078	6.830996036529541	-7.987458229064941	1.85220205783844	-8.000222206115723	-3.1477816104888916
3085.326	3.244000000000142	trials	[3085.42736667 3086.30353333 3087.07346667 3087.7391    ]	[1. 1. 1. 1.]	4	4.0	0.7853981633974483	2.0	R	-0.2605850100517273	6.374680519104004	5.7328104972839355	3.540074586868286	4.894478797912598	-8.005680084228516	-4.944406986236572	2.972750425338745
3089.574	2.6280000000001564	trials	[3089.6749     3090.33956667 3090.99116667 3091.58866667]	[1. 1. 1. 1.]	4	4.0	0.7853981633974483	2.0	R	0.4457874000072479	3.9648470878601074	3.989021062850952	-2.0872223377227783	2.3541924953460693	2.637958526611328	-8.631265640258789	1.8628650903701782
3093.206	2.826000000000022	trials	[3093.30693333 3094.03573333 3094.7916     3095.44123333]	[1. 1. 1. 1.]	4	4.0	0.7853981633974483	2.0	R	-7.397767066955566	-2.9825947284698486	-4.582485198974609	-7.114686965942383	0.36622849106788635	-7.828993320465088	1.6034197807312012	-2.9844751358032227
3097.035	2.8720000000002983	trials	[3097.13643333 3097.90533333 3098.6963     3099.3399    ]	[1. 1. 1. 1.]	4	4.0	0.7853981633974483	2.0	R	6.494856357574463	-1.9482098817825317	1.9864076375961304	-8.092068672180176	-0.6859301328659058	-3.866123676300049	8.111949920654297	-5.886279106140137
3100.911	2.8449999999998	trials	[3101.01206667 3101.77996667 3102.4396     3103.06113333]	[1. 1. 1. 1.]	4	4.0	0.7853981633974483	2.0	R	-0.8186413645744324	-6.9412384033203125	4.1813130378723145	-6.919891357421875	4.494172096252441	-1.9296889305114746	1.5358489751815796	8.67817211151123
3104.759	2.755999999999858	trials	[3104.8606     3105.6285     3106.29516667 3106.92473333]	[1. 1. 1. 1.]	4	4.0	0.7853981633974483	2.0	R	-2.4568192958831787	5.668420791625977	-8.464288711547852	3.711641550064087	-5.514186382293701	-0.3253002166748047	4.600021839141846	2.436328411102295
3108.519	2.411000000000058	trials	[3108.61993333 3108.82243333 3109.59336667 3110.3723    ]	[1. 1. 1. 1.]	4	4.0	0.7853981633974483	2.0	R	-0.0734204575419426	-0.14966115355491638	6.056721210479736	-2.4453113079071045	5.621259689331055	2.721400022506714	-0.748228907585144	-3.646512031555176
3111.933	3.018000000000029	trials	[3112.0344     3112.76923333 3113.5672     3114.4925    ]	[1. 1. 1. 1.]	4	4.0	0.7853981633974483	2.0	R	3.5677530765533447	-6.170853614807129	-1.6788990497589111	2.837113380432129	8.338302612304688	7.936456680297852	6.843871116638184	3.165013074874878
3115.954	4.557999999999993	trials	[3116.0554 3118.3922 3119.0408 3119.7696]	[1. 1. 1. 1.]	4	4.0	0.7853981633974483	2.0	R	4.456451892852783	-1.2281895875930786	2.133606195449829	3.1994948387145996	7.3141021728515625	8.364810943603516	-3.897831439971924	5.801612377166748
3121.516	11.827999999999975	trials	[3121.6172       nan       nan       nan]	[ 1. nan nan nan]	4	1.0	0.7853981633974483	2.0	A	-5.798093318939209	-0.13678038120269775	-0.7984873056411743	-0.07401025295257568	1.7653454542160034	5.767124652862549	-4.312245845794678	6.088160991668701
3134.348	2.6460000000001855	trials	[3134.44903333 3135.20593333 3135.8465     3136.49313333]	[1. 1. 1. 1.]	4	4.0	0.7853981633974483	2.0	R	-2.7004287242889404	-4.632639408111572	2.286651849746704	-4.273435115814209	6.743222713470459	-2.0065042972564697	2.0004119873046875	-0.423549622297287
3137.998	2.643999999999778	trials	[3138.0991     3138.87903333 3139.52063333 3140.1111    ]	[1. 1. 1. 1.]	4	4.0	0.7853981633974483	2.0	R	2.1028239727020264	4.684516906738281	4.371465682983398	-1.8420287370681763	7.506603240966797	2.0529565811157227	2.364283800125122	5.291991710662842
3141.646	2.4349999999999454	trials	[3141.74716667 3142.31356667 3143.0173     3143.63083333]	[1. 1. 1. 1.]	4	4.0	0.7853981633974483	2.0	R	-1.5916959047317505	2.234178304672241	-6.5916428565979	2.2572386264801025	-3.8721933364868164	-1.9385443925857544	-2.216583251953125	-6.656484127044678
3145.084	2.9349999999999454	trials	[3145.1857     3146.26336667 3146.89493333 3147.49043333]	[1. 1. 1. 1.]	4	4.0	0.7853981633974483	2.0	R	-8.977238655090332	-0.711391031742096	-1.5707533359527588	-7.4861979484558105	-1.336544156074524	-2.4916865825653076	-7.050570011138916	0.22981370985507965
3149.022	2.2280000000000655	trials	[nan nan nan nan]	[nan nan nan nan]	4				R	0.0	0.0	0.0	0.0	0.0	0.0	0.0	0.0
3152.253	3.0099999999997635	trials	[3152.3545     3153.07426667 3153.8101     3154.56196667]	[1. 1. 1. 1.]	4	4.0	0.7853981633974483	2.0	R	-2.529341220855713	8.435412406921387	-8.944408416748047	3.2588815689086914	-8.79419231414795	-3.6122732162475586	1.3000757694244385	1.0157564878463745
3156.266	2.56899999999996	trials	[3156.36743333 3157.0712     3157.69273333 3158.3233    ]	[1. 1. 1. 1.]	4	4.0	0.7853981633974483	2.0	R	-4.776105880737305	-3.345353126525879	-8.622034072875977	-8.3416166305542	-3.9776158332824707	-6.489757061004639	0.8520440459251404	-7.783737659454346
3159.838	0.9179999999996653	trials	[3159.9393       nan       nan       nan]	[ 1. nan nan nan]	4	1.0	0.7853981633974483	2.0	A	5.768214702606201	-8.695474624633789	4.146512508392334	-3.9657726287841797	8.943159103393555	-2.5543270111083984	5.1441874504089355	0.6964898109436035
3161.76	2.4039999999999964	trials	[3161.8611     3162.0676     3162.81243333 3163.57033333]	[1. 1. 1. 1.]	4	4.0	0.7853981633974483	2.0	R	0.0	0.0	-5.13166618347168	5.091197490692139	0.9918802976608276	6.3250732421875	-1.9621531963348389	-4.360513210296631
3165.167	2.894999999999982	trials	[3165.26853333 3166.07653333 3166.668      3167.57626667]	[1. 1. 1. 1.]	4	4.0	0.7853981633974483	2.0	R	-3.0788938999176025	6.797119140625	-6.984559059143066	3.6752960681915283	7.619332790374756	3.4179940223693848	2.924060821533203	1.6991510391235352
3169.066	2.8730000000000473	trials	[3169.16723333 3169.9622     3170.70103333 3171.4589    ]	[1. 1. 1. 1.]	4	4.0	0.7853981633974483	2.0	R	7.633220195770264	0.018728487193584442	6.827633380889893	4.953404903411865	1.8284544944763184	5.04401159286499	-5.691403388977051	5.641534328460693
3172.943	1.5039999999999054	trials	[3173.04383333 3173.8759               nan           nan]	[ 1.  1. nan nan]	4	2.0	0.7853981633974483	2.0	A	2.5101912021636963	3.2904138565063477	-5.266478061676025	4.879246234893799	6.301090717315674	-0.7582308053970337	-3.6160364151000977	-1.6589120626449585
3175.451	2.675999999999931	trials	[3175.55206667 3176.1686     3176.8523     3177.58613333]	[1. 1. 1. 1.]	4	4.0	0.7853981633974483	2.0	R	-3.6758620738983154	0.13899922370910645	-2.0934126377105713	5.335963726043701	6.039116382598877	1.5433062314987183	3.109293222427368	5.59498929977417
3179.131	2.6640000000002146	trials	[3179.2322     3179.5099     3180.20663333 3180.90233333]	[1. 1. 1. 1.]	4	4.0	0.7853981633974483	2.0	R	-0.36336132884025574	1.997674822807312	-7.307438850402832	2.405294179916382	0.6018283367156982	-5.106240749359131	7.319437026977539	7.650545120239258
3182.798	2.61600000000044	trials	[3182.8993     3183.60806667 3184.20956667 3184.80703333]	[1. 1. 1. 1.]	4	4.0	0.7853981633974483	2.0	R	2.9868624210357666	5.154788970947266	-1.3658450841903687	7.61526346206665	-6.277462482452393	8.55121898651123	-4.9164719581604	3.740013360977173
3186.417	2.8290000000001783	trials	[nan nan nan nan]	[nan nan nan nan]	4				R	0.0	0.0	0.0	0.0	0.0	0.0	0.0	0.0
3190.25	2.9960000000000946	trials	[3190.3508     3191.10266667 3191.7663     3192.74373333]	[1. 1. 1. 1.]	4	4.0	0.7853981633974483	2.0	R	4.328066825866699	2.701040506362915	2.4644529819488525	7.34075403213501	2.940779447555542	2.363494634628296	-4.200924873352051	-0.10994012653827667
3194.249	2.93100000000004	trials	[3194.35073333 3194.95723333 3195.57476667 3196.72463333]	[1. 1. 1. 1.]	4	4.0	0.7853981633974483	2.0	R	0.6103717684745789	-1.470611333847046	0.8086113333702087	-6.46668004989624	-7.871878623962402	-3.2212655544281006	-2.877300977706909	-2.988466739654541
3198.183	2.9980000000000473	trials	[3198.2845     3199.28196667 3200.12606667 3200.75763333]	[1. 1. 1. 1.]	4	4.0	0.7853981633974483	2.0	R	-7.934189319610596	-7.701038837432861	-3.6152055263519287	5.5901641845703125	-5.1267523765563965	0.8241150379180908	-2.2030084133148193	-3.231957197189331
3202.184	0.6749999999997272	trials	[3202.28543333           nan           nan           nan]	[ 1. nan nan nan]	4	1.0	0.7853981633974483	2.0	A	0.37020644545555115	1.0550658702850342	3.3584909439086914	-2.9536941051483154	1.4107519388198853	6.767696857452393	-1.1906229257583618	2.4977028369903564
3203.862	2.8640000000000327	trials	[3203.9636     3204.78463333 3205.51943333 3206.15203333]	[1. 1. 1. 1.]	4	4.0	0.7853981633974483	2.0	R	6.17948055267334	-6.389498710632324	2.593740940093994	-2.904893636703491	7.347218036651611	-4.455524444580078	4.0028605461120605	-0.7386339902877808
3207.73	2.588000000000193	trials	[3207.8312     3208.45973333 3209.18856667 3209.82813333]	[1. 1. 1. 1.]	4	4.0	0.7853981633974483	2.0	R	0.5383054614067078	2.866481304168701	3.0202579498291016	7.206977844238281	0.4762372374534607	2.90256667137146	-4.099443435668945	0.8868417143821716
3211.322	2.0549999999998363	trials	[3211.4231     3212.185      3212.83963333           nan]	[ 1.  1.  1. nan]	4	3.0	0.7853981633974483	2.0	A	-5.132349014282227	5.778989315032959	-3.118229627609253	1.2026015520095825	1.8764899969100952	0.972870945930481	-6.624449729919434	7.2454142570495605
3214.38	2.867999999999938	trials	[3214.4817     3215.34683333 3216.0095     3216.62      ]	[1. 1. 1. 1.]	4	4.0	0.7853981633974483	2.0	R	6.727993965148926	2.1823782920837402	6.648231506347656	7.181742191314697	1.7252717018127441	6.307405471801758	-1.2368475198745728	2.27927303314209
3218.251	2.643999999999778	trials	[3218.3523     3219.02796667 3219.8019     3220.4114    ]	[1. 1. 1. 1.]	4	4.0	0.7853981633974483	2.0	R	-4.124839782714844	-2.2941949367523193	-5.248790264129639	4.346958160400391	-1.5729442834854126	0.9575400352478027	0.08630155026912689	5.6742024421691895
3221.898	2.9349999999999454	trials	[3221.99936667 3222.77126667 3223.64946667 3224.28403333]	[1. 1. 1. 1.]	4	4.0	0.7853981633974483	2.0	R	-4.809786796569824	6.688262939453125	6.900087833404541	4.172991752624512	2.0661816596984863	2.8949661254882812	7.972238540649414	-2.4319260120391846
3225.837	3.0700000000001637	trials	[3225.93813333 3226.80426667 3227.8198     3228.39523333]	[1. 1. 1. 1.]	4	4.0	0.7853981633974483	2.0	R	8.005467414855957	7.698382377624512	1.264472246170044	-4.423117160797119	5.905235290527344	-6.284115791320801	3.029395341873169	-2.193939447402954
3229.91	2.730000000000018	trials	[3230.01123333 3230.78616667 3231.4448     3232.14353333]	[1. 1. 1. 1.]	4	4.0	0.7853981633974483	2.0	R	7.919244289398193	-3.2376725673675537	2.7245874404907227	-4.218750953674316	7.929271697998047	-0.21793514490127563	3.352210760116577	1.7946538925170898
3233.643	2.7089999999998327	trials	[3233.7445     3234.5535     3235.18406667 3235.82866667]	[1. 1. 1. 1.]	4	4.0	0.7853981633974483	2.0	R	-6.052550315856934	3.371890068054199	-3.8891279697418213	-1.1358369588851929	2.236295223236084	-2.1112582683563232	-4.385716915130615	-7.223575592041016
3237.355	3.005000000000109	trials	[3237.45673333 3238.2166     3238.9434     3239.65016667]	[1. 1. 1. 1.]	4	4.0	0.7853981633974483	2.0	R	-5.935954570770264	-1.9339367151260376	-6.632595539093018	-8.632511138916016	-1.7636688947677612	-7.495167255401611	-0.33922794461250305	3.1858878135681152
3241.363	2.5979999999999563	trials	[3241.46466667 3242.22956667 3242.83506667 3243.4887    ]	[1. 1. 1. 1.]	4	4.0	0.7853981633974483	2.0	R	-7.034104824066162	0.6823987364768982	-2.9726037979125977	-2.233799457550049	1.9840216636657715	-1.576635718345642	4.168339252471924	-6.07427453994751
3244.964	2.5729999999998654	trials	[3245.0656     3245.7423     3246.41496667 3246.9954    ]	[1. 1. 1. 1.]	4	4.0	0.7853981633974483	2.0	R	2.690305709838867	-1.297726035118103	-5.705458641052246	-7.507973670959473	-4.127121925354004	-2.7636241912841797	-1.4684834480285645	-6.998201370239258
3248.54	2.8719999999998436	trials	[3248.6415     3249.50663333 3250.30763333 3250.91913333]	[1. 1. 1. 1.]	4	4.0	0.7853981633974483	2.0	R	2.2869391441345215	-3.6971707344055176	2.8149824142456055	4.899508476257324	-2.1801464557647705	5.120163440704346	-7.182461738586426	4.372274398803711
3252.416	2.5609999999996944	trials	[3252.5171     3253.2469     3253.86143333 3254.42883333]	[1. 1. 1. 1.]	4	4.0	0.7853981633974483	2.0	R	-7.965908527374268	-1.7246735095977783	-3.094719886779785	-2.852290153503418	2.0228493213653564	-3.8132376670837402	3.9259471893310547	0.8104208111763
3255.981	2.899999999999636	trials	[3256.08196667 3257.0283     3257.69296667 3258.3957    ]	[1. 1. 1. 1.]	4	4.0	0.7853981633974483	2.0	R	8.244946479797363	4.396554470062256	3.2452688217163086	4.339771270751953	0.3987535536289215	-0.09239590167999268	-3.163111925125122	-4.259112358093262
3259.884	2.755999999999858	trials	[3259.98563333 3260.67436667 3261.3811     3261.93446667]	[1. 1. 1. 1.]	4	4.0	0.7853981633974483	2.0	R	1.7310421466827393	-5.282467842102051	1.9207091331481934	1.5670442581176758	4.81436824798584	-2.510545253753662	-3.560532569885254	6.684141635894775
3263.644	2.7400000000002365	trials	[3263.74496667 3264.42466667 3265.0863     3265.82313333]	[1. 1. 1. 1.]	4	4.0	0.7853981633974483	2.0	R	-6.325364589691162	2.5181241035461426	-8.549376487731934	-1.9600199460983276	1.5076450109481812	1.716855525970459	5.424878120422363	5.9838104248046875
3267.387	2.7199999999998	trials	[3267.48826667 3268.24613333 3268.85866667 3269.50326667]	[1. 1. 1. 1.]	4	4.0	0.7853981633974483	2.0	R	0.42673459649086	6.120049476623535	-0.1288786083459854	1.1510159969329834	-5.124110221862793	1.3693280220031738	0.37986671924591064	-7.538946151733398
3271.11	2.205999999999676	trials	[3271.2115     3271.99043333 3272.63203333           nan]	[ 1.  1.  1. nan]	4	3.0	0.7853981633974483	2.0	A	3.575265645980835	-3.6932437419891357	0.8633818626403809	0.5074332356452942	0.9317991137504578	-4.938672065734863	4.6790971755981445	-1.628421664237976
3274.319	3.1900000000000546	trials	[3274.42046667 3275.55326667 3276.27706667 3276.89963333]	[1. 1. 1. 1.]	4	4.0	0.7853981633974483	2.0	R	5.3227739334106445	-2.5471577644348145	3.9184296131134033	3.1994454860687256	-1.9998819828033447	-5.0509257316589355	1.741075873374939	3.943444013595581
3278.513	2.7780000000002474	trials	[3278.61386667 3279.49206667 3280.1467     3280.82536667]	[1. 1. 1. 1.]	4	4.0	0.7853981633974483	2.0	R	4.3139328956604	8.230681419372559	1.217463731765747	2.9871714115142822	-4.631085395812988	-5.111496925354004	-0.03323196992278099	-7.076120376586914
3282.294	2.880000000000109	trials	[3282.39526667 3283.18723333 3283.92306667 3284.47843333]	[1. 1. 1. 1.]	4	4.0	0.7853981633974483	2.0	R	4.303863048553467	-4.588228702545166	-4.90194034576416	-5.585792541503906	-0.24598677456378937	-7.408454895019531	8.879425048828125	1.8238470554351807
3286.178	2.925999999999931	trials	[3286.2789     3286.99366667 3287.79466667 3288.4162    ]	[1. 1. 1. 1.]	4	4.0	0.7853981633974483	2.0	R	4.3664021492004395	3.976201057434082	1.4180413484573364	8.01441478729248	-3.0093750953674316	5.691058158874512	7.10183572769165	-4.653005599975586
3290.107	3.4600000000000364	trials	[nan nan nan nan]	[nan nan nan nan]	4				R	0.0	0.0	0.0	0.0	0.0	0.0	0.0	0.0
3294.57	2.6920000000000073	trials	[3294.67173333 3295.45266667 3296.1123     3296.73386667]	[1. 1. 1. 1.]	4	4.0	0.7853981633974483	2.0	R	-4.739806652069092	-4.128245830535889	0.2601930797100067	-4.1265177726745605	5.0115437507629395	-5.683652400970459	3.2207577228546143	-1.0153459310531616
3298.266	2.8510000000001128	trials	[3298.3669     3299.205      3299.8967     3300.66763333]	[1. 1. 1. 1.]	4	4.0	0.7853981633974483	2.0	R	-5.787599086761475	0.007193610537797213	1.2923434972763062	-2.648022174835205	-5.766979694366455	6.341379642486572	-4.449123382568359	1.5181798934936523
3302.12	3.093000000000302	trials	[3302.22146667 3303.01443333 3303.82143333 3304.49913333]	[1. 1. 1. 1.]	4	4.0	0.7853981633974483	2.0	R	-8.28368854522705	5.731537818908691	-6.6108622550964355	-3.1731441020965576	1.6203007698059082	-4.289129734039307	-5.4743123054504395	5.248985290527344
3306.216	2.2730000000001382	trials	[3306.31763333 3306.72766667 3307.3422     3308.01886667]	[1. 1. 1. 1.]	4	4.0	0.7853981633974483	2.0	R	-3.101529598236084	0.8478600382804871	-3.888990640640259	5.785460948944092	0.9774614572525024	3.6615688800811768	-3.835160493850708	6.840373992919922
3309.493	2.463000000000193	trials	[3309.59376667 3310.09903333 3310.75166667 3311.36016667]	[1. 1. 1. 1.]	4	4.0	0.7853981633974483	2.0	R	-1.6187219619750977	2.3584773540496826	-6.541603088378906	3.233257293701172	-4.957135200500488	-1.509048342704773	-7.698350429534912	-5.690643787384033
3312.959	2.58600000000024	trials	[3313.06036667 3313.76113333 3314.38066667 3315.05033333]	[1. 1. 1. 1.]	4	4.0	0.7853981633974483	2.0	R	-2.4080865383148193	-0.19112369418144226	0.2278866320848465	-4.439846515655518	4.330946922302246	2.1148669719696045	-0.5630685687065125	3.1388847827911377
3316.548	2.636000000000422	trials	[3316.6493     3317.40216667 3318.0257     3318.7064    ]	[1. 1. 1. 1.]	4	4.0	0.7853981633974483	2.0	R	-1.1683142185211182	-3.463799476623535	-6.057859420776367	-6.393984317779541	-1.4471594095230103	-4.459702491760254	-2.3707172870635986	0.4542611539363861
3320.187	2.8589999999999236	trials	[3320.28833333 3320.99106667 3321.67276667 3322.34643333]	[1. 1. 1. 1.]	4	4.0	0.7853981633974483	2.0	R	-7.090524673461914	-1.196016550064087	-2.6743175983428955	1.519711971282959	2.201687812805176	-3.7293856143951416	5.849488258361816	3.227307081222534
3324.05	2.4229999999997744	trials	[3324.1509     3324.8316     3325.38596667 3326.02356667]	[1. 1. 1. 1.]	4	4.0	0.7853981633974483	2.0	R	0.9596425294876099	4.271055221557617	0.3810901641845703	-0.6953595280647278	-4.4957380294799805	-1.7983318567276	-4.929861545562744	-6.779449939727783
3327.476	3.280999999999949	trials	[3327.5774     3328.52876667 3329.61146667 3330.2661    ]	[1. 1. 1. 1.]	4	4.0	0.7853981633974483	2.0	R	1.0308438539505005	-4.508328914642334	-0.7751550674438477	8.836040496826172	2.305051326751709	0.1752939671278	0.4993620216846466	-4.487267971038818
3331.761	2.8040000000000873	trials	[3331.86206667 3332.63796667 3333.2966     3334.03443333]	[1. 1. 1. 1.]	4	4.0	0.7853981633974483	2.0	R	5.375331878662109	-5.594028949737549	8.449488639831543	-1.6507360935211182	4.339808464050293	1.1971628665924072	-3.850498914718628	2.065305471420288
3335.568	3.043999999999869	trials	[3335.6695     3336.57676667 3337.21133333 3337.79576667]	[1. 1. 1. 1.]	4	4.0	0.7853981633974483	2.0	R	-8.984834671020508	-8.574728012084961	-4.02805757522583	-7.9187092781066895	0.8715736269950867	-6.921908378601074	-4.8265509605407715	5.228068828582764
3339.615	2.632000000000062	trials	[3339.71653333 3340.45036667 3341.1501     3341.73856667]	[1. 1. 1. 1.]	4	4.0	0.7853981633974483	2.0	R	-6.536862850189209	0.5296825766563416	-3.683849573135376	-3.576448917388916	0.31379368901252747	-0.5733093023300171	-4.56944465637207	0.5009257793426514
3343.25	2.768999999999778	trials	[3343.35156667 3344.0844     3344.8112     3345.4247    ]	[1. 1. 1. 1.]	4	4.0	0.7853981633974483	2.0	R	-8.142983436584473	-4.67150354385376	-5.116263389587402	-8.651323318481445	-2.8331053256988525	-4.203043460845947	2.157407522201538	-3.8951754570007324
3347.023	3.28899999999976	trials	[nan nan nan nan]	[nan nan nan nan]	4				R	0.0	0.0	0.0	0.0	0.0	0.0	0.0	0.0
3351.315	2.8170000000000073	trials	[nan nan nan nan]	[nan nan nan nan]	4				R	0.0	0.0	0.0	0.0	0.0	0.0	0.0	0.0
3355.136	2.438999999999851	trials	[3355.23706667 3355.8927     3356.51723333 3357.1047    ]	[1. 1. 1. 1.]	4	4.0	0.7853981633974483	2.0	R	-3.2489054203033447	-2.3326547145843506	-7.3958611488342285	-5.125996112823486	-2.660024404525757	-3.5222978591918945	-7.131496429443359	-1.2849029302597046
3358.578	3.1489999999998872	trials	[3358.6796     3359.38336667 3360.23646667 3361.253     ]	[1. 1. 1. 1.]	4	4.0	0.7853981633974483	2.0	R	-6.835892677307129	-6.276157379150391	1.914281964302063	-8.129791259765625	-3.3949532508850098	4.064630508422852	-0.17695704102516174	0.23781701922416687
3362.731	2.731999999999971	trials	[3362.83193333 3363.80833333 3364.44393333 3365.02036667]	[1. 1. 1. 1.]	4	4.0	0.7853981633974483	2.0	R	-3.3738949298858643	4.082240104675293	-5.625879287719727	-0.381902277469635	-8.295005798339844	-4.6098761558532715	-4.262094497680664	-7.56548547744751
3366.467	6.894999999999982	trials	[nan nan nan nan]	[nan nan nan nan]	4				R	0.0	0.0	0.0	0.0	0.0	0.0	0.0	0.0
3374.366	2.4969999999998436	trials	[3374.4668     3375.12043333 3375.76503333 3376.4026    ]	[1. 1. 1. 1.]	4	4.0	0.7853981633974483	2.0	R	-3.8573877811431885	-2.7727534770965576	1.092438817024231	-2.0662002563476562	5.75114631652832	-0.25058916211128235	5.015678405761719	-5.2138800621032715
3377.866	2.706000000000131	trials	[nan nan nan nan]	[nan nan nan nan]	4				R	0.0	0.0	0.0	0.0	0.0	0.0	0.0	0.0
3381.575	14.026000000000295	trials	[3381.6767     3393.61533333 3394.50653333 3395.09      ]	[1. 1. 1. 1.]	4	4.0	0.7853981633974483	2.0	R	4.791110515594482	7.000730037689209	-3.0707027912139893	8.2923002243042	-2.8962316513061523	3.2953453063964844	-2.065007209777832	8.225768089294434
3396.605	2.6289999999999054	trials	[3396.706      3397.5932     3398.18466667 3398.78616667]	[1. 1. 1. 1.]	4	4.0	0.7853981633974483	2.0	R	-6.294497966766357	1.1850199699401855	-6.996242046356201	-3.765490770339966	-4.386505603790283	-8.030379295349121	-0.20649278163909912	-5.286751747131348
3400.238	2.6660000000001673	trials	[3400.33903333 3401.10993333 3401.75453333 3402.349     ]	[1. 1. 1. 1.]	4	4.0	0.7853981633974483	2.0	R	-2.561870574951172	4.194298267364502	-2.152799367904663	-0.788939893245697	2.7588181495666504	0.14701631665229797	7.757940292358398	0.2407122552394867
3403.908	2.882000000000062	trials	[3404.00913333 3404.763      3405.5279     3406.2968    ]	[1. 1. 1. 1.]	4	4.0	0.7853981633974483	2.0	R	4.881633281707764	4.330560684204102	2.8521876335144043	8.900172233581543	3.0355710983276367	2.188163995742798	-4.404749870300293	2.670311689376831
3407.794	2.63799999999992	trials	[3407.89476667 3408.6687     3409.30226667 3409.94786667]	[1. 1. 1. 1.]	4	4.0	0.7853981633974483	2.0	R	4.991673946380615	3.634563446044922	6.3745245933532715	8.439532279968262	1.777541995048523	6.472871780395508	-2.6461095809936523	8.803388595581055
3411.436	0.8170000000000073	trials	[3411.5368       nan       nan       nan]	[ 1. nan nan nan]	4	1.0	0.7853981633974483	2.0	A	-6.836095809936523	6.075016021728516	-3.57037353515625	2.288849353790283	-8.362232208251953	7.652459621429443	-3.4022181034088135	7.021383285522461
3413.256	3.1790000000000873	trials	[3413.35733333 3414.13726667 3414.98136667 3415.8375    ]	[1. 1. 1. 1.]	4	4.0	0.7853981633974483	2.0	R	-6.75525426864624	8.295811653137207	2.4710581302642822	6.94097900390625	-2.630449056625366	-5.631437301635742	-1.365157961845398	4.705994606018066
3417.438	2.974999999999909	trials	[3417.5397 3418.3457 3419.1006 3419.7492]	[1. 1. 1. 1.]	4	4.0	0.7853981633974483	2.0	R	-8.220992088317871	-1.667925477027893	-4.534204006195068	-5.045438289642334	-0.6184669733047485	-8.154619216918945	-1.5780682563781738	-1.3503355979919434
3421.416	2.862999999999829	trials	[3421.5176     3422.2113     3423.2609     3423.84036667]	[1. 1. 1. 1.]	4	4.0	0.7853981633974483	2.0	R	2.320455312728882	1.780401349067688	7.307032585144043	-7.1862897872924805	3.7255020141601562	-3.6973588466644287	-0.2000179886817932	-0.6005390286445618
3425.283	0.7699999999999818	trials	[3425.3842       nan       nan       nan]	[ 1. nan nan nan]	4	1.0	0.7853981633974483	2.0	A	-8.944371223449707	5.052817344665527	-4.386753559112549	2.9965784549713135	5.229990482330322	1.086198329925537	-6.149519920349121	-5.265834331512451
3427.056	2.7229999999999563	trials	[3427.1576     3427.9255     3428.68236667 3429.28786667]	[1. 1. 1. 1.]	4	4.0	0.7853981633974483	2.0	R	-7.730945587158203	7.20706844329834	-3.798257350921631	4.119356632232666	0.3768300414085388	1.3682397603988647	-3.434485673904419	4.604576110839844
3430.783	3.0289999999999964	trials	[3430.88383333 3431.72393333 3432.38056667 3433.34393333]	[1. 1. 1. 1.]	4	4.0	0.7853981633974483	2.0	R	-8.322535514831543	3.552448034286499	-1.0103733539581299	5.756079196929932	6.844695091247559	0.9961165189743042	3.275827407836914	4.497999668121338
3434.816	2.468000000000302	trials	[3434.91683333 3435.5845     3436.17996667 3436.76043333]	[1. 1. 1. 1.]	4	4.0	0.7853981633974483	2.0	R	-2.360833168029785	2.0002121925354004	-5.3233232498168945	-2.0276472568511963	-0.35186582803726196	-2.561136484146118	-2.1427714824676514	3.4889495372772217
3438.287	2.6710000000002765	trials	[3438.38846667 3439.07016667 3439.811      3440.44756667]	[1. 1. 1. 1.]	4	4.0	0.7853981633974483	2.0	R	-5.119349002838135	-0.528510570526123	4.4691081047058105	0.9084379076957703	-0.4577750265598297	0.05648667737841606	-0.315950870513916	-8.564093589782715
3441.961	2.6760000000003856	trials	[3442.0626     3442.7954     3443.4821     3444.11566667]	[1. 1. 1. 1.]	4	4.0	0.7853981633974483	2.0	R	2.8299179077148438	-4.677770614624023	0.3724706172943115	-0.3233528137207031	5.157134532928467	-1.7749004364013672	-0.04330817982554436	-6.2373528480529785
3445.64	2.861000000000331	trials	[3445.7417     3446.43343333 3447.1051     3447.7076    ]	[1. 1. 1. 1.]	4	4.0	0.7853981633974483	2.0	R	3.7414441108703613	-2.969991683959961	-4.004471302032471	-5.925233840942383	0.7171734571456909	-7.570248126983643	-4.815451622009277	3.843261241912842
3449.504	2.719000000000051	trials	[3449.6053     3450.36116667 3451.15616667 3451.74963333]	[1. 1. 1. 1.]	4	4.0	0.7853981633974483	2.0	R	2.426478862762451	8.475642204284668	6.722511291503906	4.3433051109313965	1.9195239543914795	2.953587770462036	-2.885399341583252	1.570579171180725
3453.226	2.8170000000000073	trials	[3453.32753333 3454.0313     3454.6809     3455.49593333]	[1. 1. 1. 1.]	4	4.0	0.7853981633974483	2.0	R	-5.489993572235107	-2.6974518299102783	-2.742694139480591	-6.875051975250244	-2.240445137023926	4.053428649902344	-2.9412131309509277	-0.897220253944397
3457.047	2.6909999999998035	trials	[3457.14803333 3457.86883333 3458.45926667 3459.25426667]	[1. 1. 1. 1.]	4	4.0	0.7853981633974483	2.0	R	2.0121421813964844	-0.21584546566009521	2.323430061340332	-5.206146240234375	-4.27907657623291	-1.934098243713379	1.0516656637191772	-2.295236349105835
3460.742	2.8089999999997417	trials	[3460.8432     3461.62813333 3462.27876667 3462.91433333]	[1. 1. 1. 1.]	4	4.0	0.7853981633974483	2.0	R	5.766373634338379	-0.6304454803466797	3.572903633117676	3.8627371788024902	4.963029861450195	8.665605545043945	-1.2750033140182495	1.9518402814865112
3464.554	2.7529999999997017	trials	[3464.65566667 3465.38746667 3466.05913333 3466.6426    ]	[1. 1. 1. 1.]	4	4.0	0.7853981633974483	2.0	R	3.6406824588775635	2.8661880493164062	-0.799152672290802	5.16572380065918	-5.396805286407471	3.2006306648254395	6.051239013671875	-4.960466384887695
3468.311	2.798999999999978	trials	[3468.412      3469.0546     3469.7844     3470.50016667]	[1. 1. 1. 1.]	4	4.0	0.7853981633974483	2.0	R	2.994734048843384	-1.0034754276275635	2.0031347274780273	-6.701625347137451	-5.948333263397217	1.4001952409744263	-4.830541133880615	-3.473257541656494
3472.113	2.8279999999999745	trials	[3472.21443333 3473.0124     3473.72016667 3474.44296667]	[1. 1. 1. 1.]	4	4.0	0.7853981633974483	2.0	R	2.5932722091674805	-1.6961535215377808	8.216064453125	-8.352015495300293	5.351715564727783	-4.253783702850342	6.594130516052246	0.589397668838501
3475.945	2.9779999999996107	trials	[3476.04593333 3476.70556667 3477.5186     3478.31056667]	[1. 1. 1. 1.]	4	4.0	0.7853981633974483	2.0	R	4.2309794425964355	4.995701789855957	-8.264869689941406	-1.259873867034912	-0.07548803091049194	4.325257778167725	-8.814035415649414	-4.896155834197998
3479.927	2.81899999999996	trials	[3480.02783333 3480.81376667 3481.4333     3482.1601    ]	[1. 1. 1. 1.]	4	4.0	0.7853981633974483	2.0	R	1.881648063659668	-4.307651042938232	5.95320987701416	-7.209785461425781	-7.465758323669434	-8.206465721130371	-2.5273380279541016	-7.424156665802002
3483.749	0.9860000000003311	trials	[3483.8503       nan       nan       nan]	[ 1. nan nan nan]	4	1.0	0.7853981633974483	2.0	A	3.84779953956604	6.092376708984375	-0.7764503955841064	7.99403715133667	-2.4781951904296875	3.292541265487671	-2.9870076179504395	-1.681502342224121
3485.739	3.4209999999998217	trials	[3485.84023333 3486.90086667 3487.49636667 3488.14496667]	[1. 1. 1. 1.]	4	4.0	0.7853981633974483	2.0	R	0.0	0.0	-4.74210262298584	1.5850743055343628	0.4285745918750763	4.493454933166504	7.03468656539917	-8.101109504699707
3490.163	2.6840000000001965	trials	[3490.26423333 3491.00906667 3491.72386667 3492.3424    ]	[1. 1. 1. 1.]	4	4.0	0.7853981633974483	2.0	R	2.9195494651794434	-5.261100769042969	-7.975148677825928	-5.364923477172852	-4.243697643280029	-8.69302749633789	0.7041390538215637	-7.972671985626221
3493.85	2.94399999999996	trials	[3493.95136667 3494.7283     3495.412      3496.23606667]	[1. 1. 1. 1.]	4	4.0	0.7853981633974483	2.0	R	5.695391654968262	-8.268299102783203	7.193996429443359	-3.498164415359497	6.938303470611572	7.369780540466309	0.9984765648841858	7.547863483428955
3497.798	2.348000000000411	trials	[3497.89916667 3498.4335     3499.02196667 3499.69563333]	[1. 1. 1. 1.]	4	4.0	0.7853981633974483	2.0	R	-1.185356855392456	3.0499894618988037	-5.6070404052734375	0.7157416939735413	-7.25637149810791	5.527472019195557	-4.034956932067871	1.7035356760025024
3501.149	2.7200000000002547	trials	[3501.2505     3501.9352     3502.59483333 3503.20433333]	[1. 1. 1. 1.]	4	4.0	0.7853981633974483	2.0	R	1.5459489822387695	0.7993677854537964	-5.5376482009887695	-6.377203941345215	-0.5448982119560242	-6.10804557800293	-4.710098743438721	6.438836574554443
3504.873	2.576000000000022	trials	[3504.97373333 3505.62536667 3506.26896667 3506.92356667]	[1. 1. 1. 1.]	4	4.0	0.7853981633974483	2.0	R	-0.6982050538063049	3.454761028289795	4.150178909301758	5.780481815338135	0.45498180389404297	2.4121711254119873	-2.8136534690856934	6.1958231925964355
3508.452	2.5479999999997744	trials	[3508.55363333 3509.11803333 3509.913      3510.53553333]	[1. 1. 1. 1.]	4	4.0	0.7853981633974483	2.0	R	0.7027498483657837	2.641261577606201	-4.136877059936523	-6.417428016662598	-0.39923423528671265	-3.0962798595428467	3.707923173904419	-5.947815895080566
3512.003	2.800999999999931	trials	[3512.10443333 3512.9696     3513.61016667 3514.2227    ]	[1. 1. 1. 1.]	4	4.0	0.7853981633974483	2.0	R	8.473257064819336	-4.434013843536377	6.011343002319336	-0.0821196660399437	1.049282431602478	-0.696898341178894	8.391347885131836	-3.583118438720703
3515.808	3.0270000000000437	trials	[nan nan nan nan]	[nan nan nan nan]	4				R	0.0	0.0	0.0	0.0	0.0	0.0	0.0	0.0
3519.839	2.706000000000131	trials	[3519.9399     3520.8261     3521.45466667 3521.98796667]	[1. 1. 1. 1.]	4	4.0	0.7853981633974483	2.0	R	-0.012740514241158962	-5.278168678283691	4.650852680206299	-3.4751429557800293	2.908860921859741	1.2115898132324219	-1.6409920454025269	7.514544486999512
3523.549	2.6709999999998217	trials	[3523.6501     3524.34583333 3525.08366667 3525.64403333]	[1. 1. 1. 1.]	4	4.0	0.7853981633974483	2.0	R	-3.7147514820098877	2.964871883392334	3.9526004791259766	-3.0783276557922363	6.475673198699951	1.2383960485458374	8.895675659179688	5.613734722137451
3527.224	2.9159999999997126	trials	[3527.32523333 3528.03396667 3528.7718     3529.58083333]	[1. 1. 1. 1.]	4	4.0	0.7853981633974483	2.0	R	4.409885406494141	3.4051859378814697	7.116302490234375	7.609386920928955	-4.701240539550781	3.3304030895233154	1.2304645776748657	-3.647756338119507
3531.144	2.9340000000001965	trials	[3531.24496667 3531.87753333 3532.58426667 3533.5537    ]	[1. 1. 1. 1.]	4	4.0	0.7853981633974483	2.0	R	-1.0052400827407837	0.8245611190795898	3.98329758644104	1.1629291772842407	-8.168546676635742	7.571069717407227	-3.833921194076538	5.0788774490356445
3535.081	2.737999999999829	trials	[3535.18273333 3536.0649     3536.71953333 3537.36313333]	[1. 1. 1. 1.]	4	4.0	0.7853981633974483	2.0	R	6.724857330322266	0.11797528713941574	7.414949417114258	5.070123672485352	3.0292842388153076	2.668886423110962	2.9581339359283447	7.668380260467529
3538.823	3.1550000000002	trials	[nan nan nan nan]	[nan nan nan nan]	4				R	0.0	0.0	0.0	0.0	0.0	0.0	0.0	0.0
3542.981	2.6479999999996835	trials	[3543.08233333 3544.32543333           nan           nan]	[ 1.  1. nan nan]	4	2.0	0.7853981633974483	2.0	F	-7.319680213928223	-0.03562549501657486	-4.418197154998779	-4.107651233673096	0.03323514759540558	-1.8306467533111572	-2.92942214012146	2.197089910507202
3546.632	5.51299999999992	trials	[3546.7334     3550.08473333 3550.94183333 3551.60146667]	[1. 1. 1. 1.]	4	4.0	0.7853981633974483	2.0	R	0.0	0.0	1.8667638301849365	4.638447284698486	4.653319358825684	-0.929304838180542	8.834818840026855	-3.6706655025482178
3553.148	7.7970000000000255	trials	[3553.24956667 3559.03393333 3559.7096     3560.4334    ]	[1. 1. 1. 1.]	4	4.0	0.7853981633974483	2.0	R	-5.904154300689697	-4.5866594314575195	-2.182417869567871	1.433296799659729	-2.9859540462493896	-3.501713991165161	1.1977993249893188	-6.2396345138549805
3561.948	2.5640000000003056	trials	[3562.0494     3562.7341     3563.38073333 3563.95816667]	[1. 1. 1. 1.]	4	4.0	0.7853981633974483	2.0	R	2.28955340385437	0.8330251574516296	-2.36714506149292	-0.9877324104309082	-6.679925441741943	1.5420753955841064	-3.891279458999634	-6.249585151672363
3565.515	2.3890000000001237	trials	[3565.61626667 3566.2258     3566.82226667 3567.42176667]	[1. 1. 1. 1.]	4	4.0	0.7853981633974483	2.0	R	0.17606520652770996	-3.341542959213257	-2.062215805053711	1.129485845565796	0.18128348886966705	5.814090251922607	-0.3137027323246002	-1.0135602951049805
3568.907	2.5909999999998945	trials	[3569.0087     3569.7335     3570.36606667 3570.93846667]	[1. 1. 1. 1.]	4	4.0	0.7853981633974483	2.0	R	4.671356678009033	-1.39980149269104	5.160796165466309	3.576185703277588	5.9845733642578125	8.507858276367188	3.1402368545532227	4.395711421966553
3572.501	2.6340000000000146	trials	[3572.6026     3573.2863     3573.965      3574.55746667]	[1. 1. 1. 1.]	4	4.0	0.7853981633974483	2.0	R	1.0033550262451172	-4.6243133544921875	-1.631568193435669	-0.3749393820762634	-5.075832366943359	4.02660608291626	-5.412689208984375	-0.9620336294174194
3576.138	2.2409999999999854	trials	[3576.23963333 3576.9935     3577.60503333           nan]	[ 1.  1.  1. nan]	4	3.0	0.7853981633974483	2.0	A	-1.8927291631698608	2.589005708694458	-6.181372165679932	-1.3122836351394653	-4.219480037689209	7.52970027923584	-5.656452178955078	2.7406389713287354
3579.382	1.5059999999998581	trials	[3579.4837     3579.58493333           nan           nan]	[ 1.  1. nan nan]	4	2.0	0.7853981633974483	2.0	F	2.202120542526245	1.4339407682418823	-2.626424551010132	0.13580648601055145	-0.42651718854904175	6.290068390459099e-31	5.320946810684088e-34	7.900147779989428e-29
3581.892	3.19800000000032	trials	[3581.99293333 3582.96433333 3583.66506667 3584.46203333]	[1. 1. 1. 1.]	4	4.0	0.7853981633974483	2.0	R	-2.9809651374816895	-7.528287410736084	2.0189645290374756	-7.554805278778076	1.017561674118042	-1.4989783763885498	7.158211708068848	2.195131778717041
3586.093	2.6530000000002474	trials	[3586.19433333 3586.8941     3587.52063333 3588.25846667]	[1. 1. 1. 1.]	4	4.0	0.7853981633974483	2.0	R	3.47512149810791	5.576677322387695	-1.4808248281478882	6.238942623138428	-3.6302106380462646	1.7245055437088013	-6.159111499786377	-2.588806390762329
3589.749	2.5590000000001965	trials	[nan nan nan nan]	[nan nan nan nan]	4				R	0.0	0.0	0.0	0.0	0.0	0.0	0.0	0.0
3593.311	3.319999999999709	trials	[3593.41226667 3594.28343333 3595.10546667 3596.0458    ]	[1. 1. 1. 1.]	4	4.0	0.7853981633974483	2.0	R	4.369978427886963	-7.681552886962891	2.057727336883545	5.7306294441223145	5.511814117431641	-0.26065778732299805	-1.5854238271713257	6.26949405670166
3597.635	3.0679999999997563	trials	[3597.736      3598.43473333 3599.3139     3600.153     ]	[1. 1. 1. 1.]	4	4.0	0.7853981633974483	2.0	R	-6.711661338806152	6.125213146209717	-3.0062427520751953	-5.9829816818237305	6.371559143066406	0.33315563201904297	2.5976202487945557	3.6130013465881348
3601.707	2.58600000000024	trials	[3601.8081     3602.5259     3603.16246667 3603.75793333]	[1. 1. 1. 1.]	4	4.0	0.7853981633974483	2.0	R	-5.7507004737854	1.2933275699615479	-6.478636264801025	-3.6533994674682617	-1.9373254776000977	-1.5613914728164673	5.018043041229248	0.11103209108114243
3605.297	2.8229999999998654	trials	[3605.39803333 3606.34636667 3606.997      3607.58343333]	[1. 1. 1. 1.]	4	4.0	0.7853981633974483	2.0	R	-4.392080307006836	7.7573771476745605	-1.5336037874221802	3.6550469398498535	-4.193303108215332	-0.5788636207580566	-3.932157039642334	-5.5720391273498535
3609.123	7.201000000000022	trials	[nan nan nan nan]	[nan nan nan nan]	4				R	0.0	0.0	0.0	0.0	0.0	0.0	0.0	0.0
3617.328	2.786000000000058	trials	[3617.42886667 3618.1256     3618.8514     3619.5782    ]	[1. 1. 1. 1.]	4	4.0	0.7853981633974483	2.0	R	3.7605302333831787	4.620778560638428	-0.7487800717353821	6.7808990478515625	-6.797667503356934	-0.5780110955238342	-2.5764830112457275	2.101840019226074
3621.117	2.6859999999996944	trials	[3621.2183     3621.95913333 3622.5917     3623.29243333]	[1. 1. 1. 1.]	4	4.0	0.7853981633974483	2.0	R	-7.45851469039917	1.0221331119537354	-2.7176740169525146	-0.5667120218276978	5.892534255981445	-0.5299132466316223	8.397944450378418	3.797085762023926
3624.806	2.8580000000001746	trials	[3624.90743333 3625.70843333 3626.39813333 3627.12093333]	[1. 1. 1. 1.]	4	4.0	0.7853981633974483	2.0	R	6.286675930023193	8.329474449157715	5.429326057434082	3.4035274982452393	0.601705014705658	4.705093860626221	5.594444274902344	4.435730457305908
3628.668	2.755999999999858	trials	[3628.76903333 3629.57003333 3630.15846667 3630.8893    ]	[1. 1. 1. 1.]	4	4.0	0.7853981633974483	2.0	R	0.8833475708961487	6.898266315460205	-3.51524019241333	4.520783424377441	3.9422476291656494	7.132935047149658	0.8875125050544739	3.174577474594116
3632.427	9.545000000000073	trials	[3632.52836667           nan           nan           nan]	[ 1. nan nan nan]	4	1.0	0.7853981633974483	2.0	A	5.708698272705078	4.499783039093018	0.16968466341495514	-8.113402366638184	0.09700078517198563	2.050647020339966	2.924480676651001	-6.16522741317749
3642.975	2.925999999999931	trials	[3643.07653333 3643.89156667 3644.56323333 3645.14566667]	[1. 1. 1. 1.]	4	4.0	0.7853981633974483	2.0	R	0.0	0.0	4.904642581939697	0.9718430638313293	1.7634557485580444	4.8619513511657715	-8.231931686401367	4.611015796661377
3646.904	4.0090000000000146	trials	[3647.0053     3648.895      3649.71303333 3650.37766667]	[1. 1. 1. 1.]	4	4.0	0.7853981633974483	2.0	R	-7.849344730377197	-2.8187875747680664	4.304990768432617	-0.9529128074645996	8.13065242767334	-6.228031635284424	5.31041955947876	-2.0993173122406006
3651.916	3.436999999999898	trials	[3652.01773333 3652.79866667 3653.6939     3654.59413333]	[1. 1. 1. 1.]	4	4.0	0.7853981633974483	2.0	R	-6.314351558685303	-7.549139022827148	1.4189163446426392	2.6743834018707275	-6.938457489013672	-8.703648567199707	2.7495429515838623	-2.142240047454834
3656.357	2.5329999999999018	trials	[3656.45776667 3657.06726667 3657.74896667 3658.3725    ]	[1. 1. 1. 1.]	4	4.0	0.7853981633974483	2.0	R	1.0118063688278198	2.546072244644165	-5.644335746765137	6.804909706115723	-4.168709754943848	2.027616500854492	-7.519226551055908	5.738955497741699
3659.893	1.849999999999909	trials	[3659.99453333 3661.5965               nan           nan]	[ 1.  1. nan nan]	4	2.0	0.7853981633974483	2.0	A	-2.8745503425598145	3.887744665145874	-5.4858784675598145	8.15165901184082	-5.913651943206787	0.6938772201538086	-2.979556083679199	-5.559270858764648
3662.746	4.186999999999898	trials	[3662.84763333 3665.26763333 3665.9052     3666.4686    ]	[1. 1. 1. 1.]	4	4.0	0.7853981633974483	2.0	R	-5.104723930358887	-7.141324043273926	-0.6932356953620911	-4.7878642082214355	-3.6939539909362793	-8.787324905395508	1.2252922058105469	-7.892329692840576
3667.936	2.895999999999731	trials	[3668.0375     3668.8766     3669.54423333 3670.12366667]	[1. 1. 1. 1.]	4	4.0	0.7853981633974483	2.0	R	5.54308557510376	-5.371088027954102	-2.6897215843200684	-5.562602996826172	2.282700300216675	-6.087026596069336	0.8414294719696045	3.3649086952209473
3671.836	2.6100000000001273	trials	[3671.93716667 3672.64893333 3673.3096     3673.97223333]	[1. 1. 1. 1.]	4	4.0	0.7853981633974483	2.0	R	1.5875186920166016	-1.5791130065917969	-0.11591395735740662	4.1113386154174805	-6.442134857177734	4.451025485992432	-2.5761806964874268	1.2801581621170044
3675.45	28.670000000000073	trials	[3675.55116667 3702.37473333 3702.91006667 3703.59776667]	[1. 1. 1. 1.]	4	4.0	0.7853981633974483	2.0	R	7.777074337005615	3.9936516284942627	2.9745993614196777	5.385137557983398	-1.963197946548462	6.17136812210083	-6.949634552001953	6.539404392242432
3705.124	2.326000000000022	trials	[3705.2248 3706.1461       nan       nan]	[ 1.  1. nan nan]	4	2.0	0.7853981633974483	2.0	F	-2.45048451423645	4.358200550079346	6.230942249298096	5.867057800292969	8.142478942871094	-2.180250644683838	6.0085859298706055	2.3415300846099854
3708.454	6.404999999999745	trials	[3708.55506667 3712.76453333 3713.4322     3714.0808    ]	[1. 1. 1. 1.]	4	4.0	0.7853981633974483	2.0	R	3.0595269203186035	-1.9467663764953613	7.913156986236572	-3.147714853286743	6.174424171447754	1.540228009223938	-2.4962716102600098	7.6755523681640625
3715.862	2.85799999999972	trials	[3715.96346667 3716.63113333 3717.48223333 3718.194     ]	[1. 1. 1. 1.]	4	4.0	0.7853981633974483	2.0	R	0.019443590193986893	3.354536533355713	-3.085508108139038	-2.896432399749756	-2.767467975616455	-7.886307239532471	1.8060685396194458	-5.865722179412842
3719.724	6.626999999999953	trials	[3719.82506667 3724.1578     3725.09213333 3725.78986667]	[1. 1. 1. 1.]	4	4.0	0.7853981633974483	2.0	R	-4.010046482086182	3.401369571685791	5.356149673461914	8.213187217712402	1.5061777830123901	5.0229339599609375	-3.8424007892608643	6.822819709777832
3727.355	1.9580000000000837	trials	[3727.456      3728.00836667           nan           nan]	[ 1.  1. nan nan]	4	2.0	0.7853981633974483	2.0	F	0.12631063163280487	3.7815487384796143	-1.9523727893829346	8.328973770141602	-6.9423747062683105	8.012933731079102	-5.374100685119629	3.2652487754821777
3730.316	2.3640000000000327	trials	[3730.41733333           nan           nan           nan]	[ 1. nan nan nan]	4	1.0	0.7853981633974483	2.0	A	-2.0101919174194336	2.496263027191162	-6.525007247924805	0.347671777009964	-1.5833568572998047	-0.41396626830101013	-6.575094699859619	-0.7012868523597717
3733.683	8.045000000000073	trials	[3733.7847     3739.81366667 3740.40513333 3741.0808    ]	[1. 1. 1. 1.]	4	4.0	0.7853981633974483	2.0	R	-4.551708698272705	-6.888113498687744	-0.7835551500320435	-3.601623058319092	7.521463871002197	-7.464831829071045	-4.536859512329102	0.057468391954898834
3742.732	9.760000000000218	trials	[3742.83316667 3750.10623333 3751.1839     3751.90066667]	[1. 1. 1. 1.]	4	4.0	0.7853981633974483	2.0	R	5.939264297485352	-5.517806053161621	-4.375390529632568	4.329023838043213	-2.9032437801361084	-1.2646971940994263	-1.4952921867370605	7.257431983947754
3753.496	3.3449999999998	trials	[3753.59686667 3755.0886     3755.76026667 3756.3076    ]	[1. 1. 1. 1.]	4	4.0	0.7853981633974483	2.0	R	-6.477259159088135	7.681703567504883	-3.3010361194610596	3.820148468017578	-6.8350749015808105	7.357176780700684	-3.648493766784668	3.504164934158325
3757.844	16.63700000000017	trials	[3757.94566667 3772.50983333 3773.39603333 3773.95943333]	[1. 1. 1. 1.]	4	4.0	0.7853981633974483	2.0	R	8.361616134643555	3.4941976070404053	5.6102423667907715	-3.228663206100464	2.5193467140197754	0.7015231251716614	7.294064044952393	-0.7824146747589111
3775.484	2.8079999999999927	trials	[3775.58546667 3776.49473333 3777.2095     3777.79696667]	[1. 1. 1. 1.]	4	4.0	0.7853981633974483	2.0	R	8.039069175720215	4.161770343780518	7.4167656898498535	-5.976633548736572	3.120666265487671	-3.4186010360717773	7.9289774894714355	-2.0474185943603516
3779.296	4.537000000000262	trials	[3779.39693333 3781.9703     3782.64096667 3783.27456667]	[1. 1. 1. 1.]	4	4.0	0.7853981633974483	2.0	R	4.952652454376221	1.9702284336090088	0.01626606285572052	2.765270233154297	3.2806284427642822	6.552609443664551	-1.099818229675293	3.685755491256714
3784.836	8.32300000000032	trials	[3784.93766667 3791.115      3791.78566667 3792.6057    ]	[1. 1. 1. 1.]	4	4.0	0.7853981633974483	2.0	R	1.3559815883636475	8.041102409362793	-3.5665247440338135	7.164214611053467	3.804487943649292	-0.17862479388713837	3.5729241371154785	8.394209861755371
3794.163	2.882999999999811	trials	[3794.26383333 3794.98863333 3795.6623     3796.28483333]	[1. 1. 1. 1.]	4	4.0	0.7853981633974483	2.0	R	3.952702045440674	-1.0965454578399658	8.278587341308594	1.4107866287231445	4.132565498352051	4.205513954162598	-3.297555446624756	4.383900165557861
3798.049	2.1390000000001237	trials	[3798.15046667 3799.03466667 3799.64016667           nan]	[ 1.  1.  1. nan]	4	3.0	0.7853981633974483	2.0	A	-2.493232011795044	-6.200601577758789	1.6326600313186646	-3.3762404918670654	-0.5417353510856628	-7.878684997558594	-8.371670722961426	-5.271310806274414
3801.191	5.550000000000182	trials	[3801.29226667 3805.43656667           nan           nan]	[ 1.  1. nan nan]	4	2.0	0.7853981633974483	2.0	F	-7.320866107940674	-0.016050105914473534	0.7600216269493103	0.8704133033752441	-0.07463979721069336	5.800255298614502	6.4249958992004395	-2.831585168838501
