onset	duration	nwb_table	target_on_time	go_cue_time	target_id	target_corners	target_dir	result
3.237	3.83	trials	5.704	5.705	4.0	[-0.987258791923523, -6.999989986419678, 1.012741208076477, -8.99998950958252]	-1.5707963267948966	R
7.319	1.7060000000000004	trials				[NaN, NaN, NaN, NaN]		A
9.277	0.7730000000000015	trials				[NaN, NaN, NaN, NaN]		A
10.301	9.011000000000001	trials	18.126833333333334	18.127833333333335	5.0	[-6.645581245422363, -4.668104648590088, -4.645581245422363, -6.668104648590088]	-2.356194490192345	R
19.563	3.437000000000001	trials	21.8571	21.8581	0.0	[-1.0, 9.0, 1.0, 7.0]	1.5707963267948966	R
23.252	0.9610000000000021	trials				[NaN, NaN, NaN, NaN]		A
24.465	2.7390000000000008	trials	26.020433333333333	26.021433333333334	6.0	[-8.999977111816406, 0.9808881878852844, -6.999977111816406, -1.0191118717193604]	3.141592653589793	R
27.456	3.0440000000000005	trials	29.608333333333334	29.609333333333332	0.0	[-1.0, 9.0, 1.0, 7.0]	1.5707963267948966	I
30.751	2.6239999999999988	trials	32.5697	32.5707	1.0	[4.654601573944092, 6.659106254577637, 6.654601573944092, 4.659106254577637]	0.7853981633974483	I
33.626	1.2980000000000018	trials				[NaN, NaN, NaN, NaN]		A
35.175	4.328000000000003	trials	38.27186666666667	38.272866666666665	5.0	[-6.645581245422363, -4.668104648590088, -4.645581245422363, -6.668104648590088]	-2.356194490192345	R
39.755	3.040999999999997	trials	41.7916	41.7926	2.0	[6.999997615814209, 1.0063706636428833, 8.99999713897705, -0.9936293959617615]	0.0	F
43.048	9.314	trials	51.232033333333334	51.23303333333333	4.0	[-0.987258791923523, -6.999989986419678, 1.012741208076477, -8.99998950958252]	-1.5707963267948966	R
52.613	2.538000000000004	trials	54.865033333333336		3.0	[4.663607120513916, -4.650093078613281, 6.663607120513916, -6.650093078613281]	-0.7853981633974483	A
55.402	1.1910000000000025	trials				[NaN, NaN, NaN, NaN]		A
56.845	1.4220000000000041	trials	57.93566666666667		3.0	[4.663607120513916, -4.650093078613281, 6.663607120513916, -6.650093078613281]	-0.7853981633974483	A
58.518	3.4080000000000013	trials	61.59173333333333		4.0	[-0.987258791923523, -6.999989986419678, 1.012741208076477, -8.99998950958252]	-1.5707963267948966	A
62.177	1.9269999999999996	trials	63.698966666666664		6.0	[-8.999977111816406, 0.9808881878852844, -6.999977111816406, -1.0191118717193604]	3.141592653589793	A
64.356	3.784000000000006	trials	67.76806666666667		5.0	[-6.645581245422363, -4.668104648590088, -4.645581245422363, -6.668104648590088]	-2.356194490192345	A
68.392	2.7720000000000056	trials	70.50386666666667		0.0	[-1.0, 9.0, 1.0, 7.0]	1.5707963267948966	A
71.415	2.566999999999993	trials	73.56246666666667		2.0	[6.999997615814209, 1.0063706636428833, 8.99999713897705, -0.9936293959617615]	0.0	A
74.233	11.034999999999997	trials				[NaN, NaN, NaN, NaN]		A
85.519	0.39000000000000057	trials				[NaN, NaN, NaN, NaN]		A
86.161	3.0349999999999966	trials	87.90506666666667	87.90606666666666	1.0	[4.654601573944092, 6.659106254577637, 6.654601573944092, 4.659106254577637]	0.7853981633974483	R
89.448	3.1210000000000093	trials	91.15013333333333	91.1511	2.0	[6.999997615814209, 1.0063706636428833, 8.99999713897705, -0.9936293959617615]	0.0	R
92.82	2.51700000000001	trials	94.0904	94.09143333333333	0.0	[-1.0, 9.0, 1.0, 7.0]	1.5707963267948966	R
95.588	3.6310000000000002	trials	97.8327	97.8337	3.0	[4.663607120513916, -4.650093078613281, 6.663607120513916, -6.650093078613281]	-0.7853981633974483	R
99.471	3.539999999999992	trials	101.8978	101.8988	5.0	[-6.645581245422363, -4.668104648590088, -4.645581245422363, -6.668104648590088]	-2.356194490192345	R
103.262	13.177999999999997	trials				[NaN, NaN, NaN, NaN]		A
116.692	1.7960000000000065	trials	117.60176666666666	117.60276666666667	7.0	[-6.672598838806152, 6.64106559753418, -4.672598838806152, 4.64106559753418]	2.356194490192345	I
118.74	3.353999999999999	trials	120.9571	120.9581	6.0	[-6.672598838806152, 6.64106559753418, -4.672598838806152, 4.64106559753418]	3.141592653589793	R
122.346	3.4059999999999917	trials	124.57106666666667	124.57206666666667	2.0	[6.999997615814209, 1.0063706636428833, 8.99999713897705, -0.9936293959617615]	0.0	R
126.004	2.3149999999999835	trials	127.50736666666667	127.50836666666666	0.0	[-1.0, 9.0, 1.0, 7.0]	1.5707963267948966	I
128.571	17.91900000000001	trials	144.98676666666665	144.98776666666666	4.0	[-0.987258791923523, -6.999989986419678, 1.012741208076477, -8.99998950958252]	-1.5707963267948966	R
146.741	3.1049999999999898	trials	148.84133333333332	148.84233333333333	1.0	[4.654601573944092, 6.659106254577637, 6.654601573944092, 4.659106254577637]	0.7853981633974483	F
150.097	5.388000000000005	trials	154.16253333333333	154.16353333333333	3.0	[4.663607120513916, -4.650093078613281, 6.663607120513916, -6.650093078613281]	-0.7853981633974483	R
155.736	2.841000000000008	trials	157.70733333333334	157.70833333333334	7.0	[-6.672598838806152, 6.64106559753418, -4.672598838806152, 4.64106559753418]	2.356194490192345	I
158.828	6.931999999999988	trials				[NaN, NaN, NaN, NaN]		A
166.012	14.738	trials				[NaN, NaN, NaN, NaN]		A
181.001	8.631	trials	188.3113	188.3123	6.0	[-8.999977111816406, 0.9808881878852844, -6.999977111816406, -1.0191118717193604]	3.141592653589793	R
189.883	1.3160000000000025	trials				[NaN, NaN, NaN, NaN]		A
191.451	0.32900000000000773	trials				[NaN, NaN, NaN, NaN]		A
192.032	0.34899999999998954	trials				[NaN, NaN, NaN, NaN]		A
192.633	2.408999999999992	trials	193.94226666666665	193.9433	5.0	[-6.645581245422363, -4.668104648590088, -4.645581245422363, -6.668104648590088]	-2.356194490192345	R
195.294	2.8160000000000025	trials	196.9277	196.9287	3.0	[4.663607120513916, -4.650093078613281, 6.663607120513916, -6.650093078613281]	-0.7853981633974483	R
198.361	4.263000000000005	trials	201.33863333333332	201.33963333333332	0.0	[-1.0, 9.0, 1.0, 7.0]	1.5707963267948966	R
202.875	3.044000000000011	trials	204.80526666666665	204.80626666666666	4.0	[-1.0, 9.0, 1.0, 7.0]	-1.5707963267948966	R
206.171	3.0200000000000102	trials	207.85683333333333	207.85783333333333	7.0	[-6.672598838806152, 6.64106559753418, -4.672598838806152, 4.64106559753418]	2.356194490192345	R
209.443	3.0549999999999784	trials	211.32543333333334	211.32643333333334	3.0	[4.663607120513916, -4.650093078613281, 6.663607120513916, -6.650093078613281]	-0.7853981633974483	R
212.75	2.867999999999995	trials	214.6136	214.6146	5.0	[-6.645581245422363, -4.668104648590088, -4.645581245422363, -6.668104648590088]	-2.356194490192345	F
215.87	13.013000000000005	trials	227.75723333333335	227.75823333333332	6.0	[-8.999977111816406, 0.9808881878852844, -6.999977111816406, -1.0191118717193604]	3.141592653589793	R
229.135	1.2860000000000014	trials				[NaN, NaN, NaN, NaN]		A
230.672	1.9950000000000045	trials	231.4474	231.4484	0.0	[-1.0, 9.0, 1.0, 7.0]	1.5707963267948966	R
232.919	2.5749999999999886	trials	234.3135	234.3145	2.0	[6.999997615814209, 1.0063706636428833, 8.99999713897705, -0.9936293959617615]	0.0	R
235.746	2.8629999999999995	trials	237.55956666666665	237.56056666666666	4.0	[6.999997615814209, 1.0063706636428833, 8.99999713897705, -0.9936293959617615]	-1.5707963267948966	R
238.861	2.6340000000000146	trials	240.3906	240.3916	5.0	[-6.645581245422363, -4.668104648590088, -4.645581245422363, -6.668104648590088]	-2.356194490192345	R
241.747	3.296999999999997	trials	243.9384	243.9394	0.0	[-1.0, 9.0, 1.0, 7.0]	1.5707963267948966	R
245.296	2.646000000000015	trials	247.2857	247.2867	6.0	[-8.999977111816406, 0.9808881878852844, -6.999977111816406, -1.0191118717193604]	3.141592653589793	I
248.194	4.413000000000011	trials	251.14026666666666	251.14126666666667	3.0	[4.663607120513916, -4.650093078613281, 6.663607120513916, -6.650093078613281]	-0.7853981633974483	R
252.859	3.3540000000000134	trials	254.77226666666667	254.7733	2.0	[6.999997615814209, 1.0063706636428833, 8.99999713897705, -0.9936293959617615]	0.0	R
256.464	8.211999999999989	trials	263.48793333333333	263.4889333333333	7.0	[-6.672598838806152, 6.64106559753418, -4.672598838806152, 4.64106559753418]	2.356194490192345	R
264.928	2.944999999999993	trials	266.71393333333333	266.7149333333333	1.0	[4.654601573944092, 6.659106254577637, 6.654601573944092, 4.659106254577637]	0.7853981633974483	R
268.124	0.8489999999999895	trials				[NaN, NaN, NaN, NaN]		A
269.224	2.3530000000000086	trials	270.7860333333333	270.78703333333334	5.0	[-6.645581245422363, -4.668104648590088, -4.645581245422363, -6.668104648590088]	-2.356194490192345	I
271.829	8.713999999999999	trials				[NaN, NaN, NaN, NaN]		A
280.795	2.683999999999969	trials	282.35976666666664	282.3607666666667	0.0	[-1.0, 9.0, 1.0, 7.0]	1.5707963267948966	R
283.73	0.8700000000000045	trials				[NaN, NaN, NaN, NaN]		A
284.852	0.3410000000000082	trials				[NaN, NaN, NaN, NaN]		A
285.444	2.5049999999999955	trials				[NaN, NaN, NaN, NaN]		A
288.2	28.073000000000036	trials	315.0409	315.0419	1.0	[4.654601573944092, 6.659106254577637, 6.654601573944092, 4.659106254577637]	0.7853981633974483	R
316.525	2.915999999999997	trials	318.3260666666667	318.32706666666667	0.0	[4.654601573944092, 6.659106254577637, 6.654601573944092, 4.659106254577637]	1.5707963267948966	R
319.692	3.379000000000019	trials	321.8067	321.8077	2.0	[6.999997615814209, 1.0063706636428833, 8.99999713897705, -0.9936293959617615]	0.0	R
323.322	2.937000000000012	trials	325.148	325.149	5.0	[-6.645581245422363, -4.668104648590088, -4.645581245422363, -6.668104648590088]	-2.356194490192345	R
326.51	2.9490000000000123	trials	328.3008	328.3018	6.0	[-8.999977111816406, 0.9808881878852844, -6.999977111816406, -1.0191118717193604]	3.141592653589793	R
329.71	3.1129999999999995	trials	331.70023333333336	331.70126666666664	3.0	[4.663607120513916, -4.650093078613281, 6.663607120513916, -6.650093078613281]	-0.7853981633974483	R
333.075	3.062000000000012	trials	335.07863333333336	335.07963333333333	4.0	[-0.987258791923523, -6.999989986419678, 1.012741208076477, -8.99998950958252]	-1.5707963267948966	R
336.389	3.100999999999999	trials	338.6184333333333	338.61943333333335	7.0	[-6.672598838806152, 6.64106559753418, -4.672598838806152, 4.64106559753418]	2.356194490192345	I
339.741	3.501000000000033	trials	342.1211333333333	342.12213333333335	1.0	[4.654601573944092, 6.659106254577637, 6.654601573944092, 4.659106254577637]	0.7853981633974483	R
343.494	0.6809999999999832	trials				[NaN, NaN, NaN, NaN]		A
344.427	1.9399999999999977	trials	345.1797	345.1807	5.0	[-6.645581245422363, -4.668104648590088, -4.645581245422363, -6.668104648590088]	-2.356194490192345	R
346.618	3.09699999999998	trials	348.57413333333335	348.5751333333333	1.0	[4.654601573944092, 6.659106254577637, 6.654601573944092, 4.659106254577637]	0.7853981633974483	R
349.967	2.6920000000000073	trials	351.87733333333335	351.87833333333333	0.0	[-1.0, 9.0, 1.0, 7.0]	1.5707963267948966	I
352.911	6.757999999999981	trials	358.583	358.584	2.0	[6.999997615814209, 1.0063706636428833, 8.99999713897705, -0.9936293959617615]	0.0	R
359.92	2.4540000000000077	trials	361.6947	361.6957	6.0	[-8.999977111816406, 0.9808881878852844, -6.999977111816406, -1.0191118717193604]	3.141592653589793	I
362.626	16.624000000000024	trials	377.9621	377.9631	3.0	[4.663607120513916, -4.650093078613281, 6.663607120513916, -6.650093078613281]	-0.7853981633974483	R
379.502	2.6440000000000055	trials	380.92543333333333	380.9264333333333	4.0	[-0.987258791923523, -6.999989986419678, 1.012741208076477, -8.99998950958252]	-1.5707963267948966	R
382.398	1.3789999999999623	trials				[NaN, NaN, NaN, NaN]		A
384.028	0.49699999999995725	trials				[NaN, NaN, NaN, NaN]		A
384.777	2.4150000000000205	trials	386.0702333333333	386.07123333333334	0.0	[-1.0, 9.0, 1.0, 7.0]	1.5707963267948966	R
387.444	2.6499999999999773	trials	388.8962333333333	388.89723333333336	3.0	[4.663607120513916, -4.650093078613281, 6.663607120513916, -6.650093078613281]	-0.7853981633974483	R
390.346	3.261000000000024	trials	392.53226666666666	392.5332666666667	2.0	[6.999997615814209, 1.0063706636428833, 8.99999713897705, -0.9936293959617615]	0.0	R
393.859	3.5200000000000387	trials	396.1723	396.1733	1.0	[4.654601573944092, 6.659106254577637, 6.654601573944092, 4.659106254577637]	0.7853981633974483	R
397.631	2.687000000000012	trials	399.1777666666667	399.17876666666666	6.0	[-8.999977111816406, 0.9808881878852844, -6.999977111816406, -1.0191118717193604]	3.141592653589793	R
400.569	3.194999999999993	trials	402.68846666666667	402.68946666666665	5.0	[-6.645581245422363, -4.668104648590088, -4.645581245422363, -6.668104648590088]	-2.356194490192345	R
404.016	2.4149999999999636	trials	405.30896666666666	405.30996666666664	3.0	[-6.645581245422363, -4.668104648590088, -4.645581245422363, -6.668104648590088]	-0.7853981633974483	R
406.682	2.5219999999999914	trials	408.11693333333335	408.1179333333333	4.0	[-0.987258791923523, -6.999989986419678, 1.012741208076477, -8.99998950958252]	-1.5707963267948966	R
409.455	3.091000000000008	trials	411.5133666666667	411.51436666666666	5.0	[-6.645581245422363, -4.668104648590088, -4.645581245422363, -6.668104648590088]	-2.356194490192345	R
412.798	3.3969999999999914	trials	414.9669333333333	414.96796666666665	7.0	[-6.672598838806152, 6.64106559753418, -4.672598838806152, 4.64106559753418]	2.356194490192345	R
416.447	3.0149999999999864	trials	418.4135	418.4145	0.0	[-1.0, 9.0, 1.0, 7.0]	1.5707963267948966	R
419.714	3.059000000000026	trials	421.53426666666667	421.53526666666664	1.0	[4.654601573944092, 6.659106254577637, 6.654601573944092, 4.659106254577637]	0.7853981633974483	R
423.025	2.7970000000000255	trials	424.62393333333335	424.62493333333333	6.0	[-8.999977111816406, 0.9808881878852844, -6.999977111816406, -1.0191118717193604]	3.141592653589793	R
426.074	1.0109999999999673	trials				[NaN, NaN, NaN, NaN]		A
427.337	3.1170000000000186	trials	429.2414	429.2424	7.0	[6.999997615814209, 1.0063706636428833, 8.99999713897705, -0.9936293959617615]	2.356194490192345	R
430.706	3.5579999999999927	trials	433.13003333333336	433.13103333333333	6.0	[-8.999977111816406, 0.9808881878852844, -6.999977111816406, -1.0191118717193604]	3.141592653589793	R
434.515	3.025000000000034	trials	436.44326666666666	436.4442666666667	4.0	[-0.987258791923523, -6.999989986419678, 1.012741208076477, -8.99998950958252]	-1.5707963267948966	R
437.792	3.29200000000003	trials	440.1264	440.1274	1.0	[4.654601573944092, 6.659106254577637, 6.654601573944092, 4.659106254577637]	0.7853981633974483	I
441.335	3.376000000000033	trials	443.41656666666665	443.4175666666667	0.0	[-1.0, 9.0, 1.0, 7.0]	1.5707963267948966	R
444.962	2.893000000000029	trials	446.6195333333333	446.62053333333336	3.0	[4.663607120513916, -4.650093078613281, 6.663607120513916, -6.650093078613281]	-0.7853981633974483	R
448.106	3.9429999999999836	trials	450.8951333333333	450.89613333333335	5.0	[-6.645581245422363, -4.668104648590088, -4.645581245422363, -6.668104648590088]	-2.356194490192345	R
452.301	2.701000000000022	trials				[NaN, NaN, NaN, NaN]		A
455.254	12.512999999999977	trials				[NaN, NaN, NaN, NaN]		A
468.019	0.16100000000000136	trials				[NaN, NaN, NaN, NaN]		A
468.432	2.9710000000000036	trials	470.3414	470.3424	4.0	[-0.987258791923523, -6.999989986419678, 1.012741208076477, -8.99998950958252]	-1.5707963267948966	R
471.655	3.1580000000000155	trials	473.51026666666667	473.51126666666664	0.0	[-1.0, 9.0, 1.0, 7.0]	1.5707963267948966	R
475.064	3.1229999999999905	trials	476.9889	476.9899	7.0	[-6.672598838806152, 6.64106559753418, -4.672598838806152, 4.64106559753418]	2.356194490192345	R
478.438	3.0330000000000155	trials	480.0264666666667	480.02746666666667	5.0	[-6.645581245422363, -4.668104648590088, -4.645581245422363, -6.668104648590088]	-2.356194490192345	R
481.723	2.8789999999999623	trials	483.5101	483.5111	6.0	[-8.999977111816406, 0.9808881878852844, -6.999977111816406, -1.0191118717193604]	3.141592653589793	R
484.853	2.676999999999964	trials	486.689	486.69	2.0	[6.999997615814209, 1.0063706636428833, 8.99999713897705, -0.9936293959617615]	0.0	I
487.782	2.4770000000000323	trials	489.1441	489.1451	1.0	[6.999997615814209, 1.0063706636428833, 8.99999713897705, -0.9936293959617615]	0.7853981633974483	R
490.51	3.0	trials	492.42223333333334	492.4232333333333	4.0	[-0.987258791923523, -6.999989986419678, 1.012741208076477, -8.99998950958252]	-1.5707963267948966	R
493.762	2.480000000000018	trials	495.08683333333335	495.0878333333333	6.0	[-8.999977111816406, 0.9808881878852844, -6.999977111816406, -1.0191118717193604]	3.141592653589793	R
496.493	3.3520000000000323	trials	498.64366666666666	498.6446666666667	5.0	[-6.645581245422363, -4.668104648590088, -4.645581245422363, -6.668104648590088]	-2.356194490192345	R
500.096	3.2830000000000155	trials	502.2797	502.2807	2.0	[6.999997615814209, 1.0063706636428833, 8.99999713897705, -0.9936293959617615]	0.0	R
503.631	3.032000000000039	trials	505.4415333333333	505.44253333333336	0.0	[-1.0, 9.0, 1.0, 7.0]	1.5707963267948966	R
506.914	3.3000000000000114	trials	509.06153333333333	509.0625333333333	7.0	[-6.672598838806152, 6.64106559753418, -4.672598838806152, 4.64106559753418]	2.356194490192345	R
510.466	4.052999999999997	trials	513.3401666666666	513.3411666666667	3.0	[4.663607120513916, -4.650093078613281, 6.663607120513916, -6.650093078613281]	-0.7853981633974483	R
514.771	2.8170000000000073	trials	516.4699333333333	516.4709333333333	4.0	[4.663607120513916, -4.650093078613281, 6.663607120513916, -6.650093078613281]	-1.5707963267948966	R
517.839	3.085999999999899	trials	519.7681	519.7691	1.0	[4.654601573944092, 6.659106254577637, 6.654601573944092, 4.659106254577637]	0.7853981633974483	R
521.177	3.2959999999999354	trials	523.2938666666666	523.2948666666666	5.0	[-6.645581245422363, -4.668104648590088, -4.645581245422363, -6.668104648590088]	-2.356194490192345	R
524.724	3.1089999999999236	trials	526.7183666666666	526.7193666666667	2.0	[6.999997615814209, 1.0063706636428833, 8.99999713897705, -0.9936293959617615]	0.0	R
528.085	2.437000000000012	trials	529.2997666666666	529.3007666666666	0.0	[-1.0, 9.0, 1.0, 7.0]	1.5707963267948966	R
530.773	3.02699999999993	trials	532.4666333333333	532.4676333333333	7.0	[-6.672598838806152, 6.64106559753418, -4.672598838806152, 4.64106559753418]	2.356194490192345	R
534.052	2.8460000000000036	trials	535.6695666666667	535.6706	3.0	[4.663607120513916, -4.650093078613281, 6.663607120513916, -6.650093078613281]	-0.7853981633974483	R
537.149	3.17999999999995	trials	539.1873	539.1883333333334	6.0	[-8.999977111816406, 0.9808881878852844, -6.999977111816406, -1.0191118717193604]	3.141592653589793	R
540.581	3.6849999999999454	trials	543.1812333333334	543.1822333333333	2.0	[-8.999977111816406, 0.9808881878852844, -6.999977111816406, -1.0191118717193604]	0.0	R
544.518	15.384000000000015	trials	558.6426	558.6436	5.0	[-6.645581245422363, -4.668104648590088, -4.645581245422363, -6.668104648590088]	-2.356194490192345	R
560.153	2.630999999999972	trials	561.6601	561.6611	1.0	[4.654601573944092, 6.659106254577637, 6.654601573944092, 4.659106254577637]	0.7853981633974483	R
563.036	0.8250000000000455	trials				[NaN, NaN, NaN, NaN]		A
564.112	0.7950000000000728	trials				[NaN, NaN, NaN, NaN]		A
565.159	2.308999999999969	trials	566.3487333333334	566.3497333333333	0.0	[-1.0, 9.0, 1.0, 7.0]	1.5707963267948966	R
567.719	2.895999999999958	trials	569.4835333333333	569.4845333333334	7.0	[-6.672598838806152, 6.64106559753418, -4.672598838806152, 4.64106559753418]	2.356194490192345	R
570.867	3.105000000000018	trials	572.8047666666666	572.8057666666666	6.0	[-8.999977111816406, 0.9808881878852844, -6.999977111816406, -1.0191118717193604]	3.141592653589793	R
574.223	2.6230000000000473	trials	575.6097333333333	575.6107333333333	7.0	[-8.999977111816406, 0.9808881878852844, -6.999977111816406, -1.0191118717193604]	2.356194490192345	R
577.097	3.2340000000000373	trials	579.1786	579.1796	3.0	[4.663607120513916, -4.650093078613281, 6.663607120513916, -6.650093078613281]	-0.7853981633974483	R
580.583	2.5670000000000073	trials	582.4356666666666	582.4366666666666	2.0	[6.999997615814209, 1.0063706636428833, 8.99999713897705, -0.9936293959617615]	0.0	I
583.402	7.125	trials				[NaN, NaN, NaN, NaN]		A
590.778	0.16599999999993997	trials				[NaN, NaN, NaN, NaN]		A
591.195	0.2179999999999609	trials				[NaN, NaN, NaN, NaN]		A
591.665	0.3000000000000682	trials				[NaN, NaN, NaN, NaN]		A
592.217	2.685000000000059	trials	593.7999	593.8009	0.0	[-1.0, 9.0, 1.0, 7.0]	1.5707963267948966	R
595.153	2.8829999999999245	trials	596.8865333333333	596.8875666666667	6.0	[-1.0, 9.0, 1.0, 7.0]	3.141592653589793	R
598.288	3.2690000000000055	trials	600.4223333333333	600.4233333333333	0.0	[-1.0, 9.0, 1.0, 7.0]	1.5707963267948966	R
601.809	3.57000000000005	trials	604.2428	604.2438	2.0	[6.999997615814209, 1.0063706636428833, 8.99999713897705, -0.9936293959617615]	0.0	R
605.63	3.2609999999999673	trials	607.7024	607.7034	4.0	[-0.987258791923523, -6.999989986419678, 1.012741208076477, -8.99998950958252]	-1.5707963267948966	R
609.143	3.0539999999999736	trials	611.0898	611.0908	1.0	[4.654601573944092, 6.659106254577637, 6.654601573944092, 4.659106254577637]	0.7853981633974483	R
612.448	83.418	trials				[NaN, NaN, NaN, NaN]		A
696.118	0.10999999999989996	trials				[NaN, NaN, NaN, NaN]		A
696.48	3.413000000000011	trials	698.8095666666667	698.8105666666667	5.0	[-6.645581245422363, -4.668104648590088, -4.645581245422363, -6.668104648590088]	-2.356194490192345	R
700.145	2.7910000000000537	trials	701.803	701.804	5.0	[-6.645581245422363, -4.668104648590088, -4.645581245422363, -6.668104648590088]	-2.356194490192345	R
703.187	2.80499999999995	trials	704.8335333333333	704.8345333333333	1.0	[4.654601573944092, 6.659106254577637, 6.654601573944092, 4.659106254577637]	0.7853981633974483	R
706.244	2.30499999999995	trials	707.4760666666666	707.4770666666667	4.0	[-0.987258791923523, -6.999989986419678, 1.012741208076477, -8.99998950958252]	-1.5707963267948966	R
708.8	2.61099999999999	trials	710.1467	710.1477	3.0	[4.663607120513916, -4.650093078613281, 6.663607120513916, -6.650093078613281]	-0.7853981633974483	R
711.662	3.481999999999971	trials	713.9992666666667	714.0002666666667	2.0	[6.999997615814209, 1.0063706636428833, 8.99999713897705, -0.9936293959617615]	0.0	R
715.396	0.7970000000000255	trials				[NaN, NaN, NaN, NaN]		A
716.444	0.3550000000000182	trials				[NaN, NaN, NaN, NaN]		A
717.051	0.3410000000000082	trials				[NaN, NaN, NaN, NaN]		A
717.643	0.3429999999999609	trials				[NaN, NaN, NaN, NaN]		A
718.238	2.4659999999998945	trials	719.6412666666666	719.6422666666666	5.0	[-6.645581245422363, -4.668104648590088, -4.645581245422363, -6.668104648590088]	-2.356194490192345	R
720.956	3.030999999999949	trials	722.7359666666666	722.7369666666667	7.0	[-6.672598838806152, 6.64106559753418, -4.672598838806152, 4.64106559753418]	2.356194490192345	R
724.239	3.342999999999961	trials	726.4632	726.4642	6.0	[-8.999977111816406, 0.9808881878852844, -6.999977111816406, -1.0191118717193604]	3.141592653589793	R
727.834	3.1140000000000327	trials	729.9117666666667	729.9127666666667	4.0	[-0.987258791923523, -6.999989986419678, 1.012741208076477, -8.99998950958252]	-1.5707963267948966	R
731.2	2.8319999999999936	trials	732.7588333333333	732.7598333333333	1.0	[4.654601573944092, 6.659106254577637, 6.654601573944092, 4.659106254577637]	0.7853981633974483	R
734.284	2.649000000000001	trials	735.7342333333333	735.7352333333333	3.0	[4.663607120513916, -4.650093078613281, 6.663607120513916, -6.650093078613281]	-0.7853981633974483	R
737.185	1.3840000000000146	trials				[NaN, NaN, NaN, NaN]		A
738.821	2.2409999999999854	trials	739.8213666666667	739.8223666666667	1.0	[6.999997615814209, 1.0063706636428833, 8.99999713897705, -0.9936293959617615]	0.7853981633974483	R
741.314	3.326999999999998	trials	743.3932333333333	743.3942333333333	7.0	[-6.672598838806152, 6.64106559753418, -4.672598838806152, 4.64106559753418]	2.356194490192345	R
744.893	2.6240000000000236	trials	746.3836666666666	746.3846666666667	6.0	[-8.999977111816406, 0.9808881878852844, -6.999977111816406, -1.0191118717193604]	3.141592653589793	R
747.769	3.532000000000039	trials	750.1309666666667	750.1319666666667	4.0	[-0.987258791923523, -6.999989986419678, 1.012741208076477, -8.99998950958252]	-1.5707963267948966	R
751.553	2.841000000000008	trials	753.1384333333333	753.1394333333334	0.0	[-1.0, 9.0, 1.0, 7.0]	1.5707963267948966	R
754.645	2.30600000000004	trials				[NaN, NaN, NaN, NaN]		A
757.203	2.2060000000000173	trials	758.3443666666667	758.3453666666667	5.0	[-6.645581245422363, -4.668104648590088, -4.645581245422363, -6.668104648590088]	-2.356194490192345	R
759.661	0.7940000000000964	trials				[NaN, NaN, NaN, NaN]		A
760.706	0.40599999999994907	trials				[NaN, NaN, NaN, NaN]		A
761.364	0.24500000000000455	trials				[NaN, NaN, NaN, NaN]		A
761.861	0.3089999999999691	trials				[NaN, NaN, NaN, NaN]		A
762.421	3.2049999999999272	trials	764.3342333333334	764.3352333333333	1.0	[4.654601573944092, 6.659106254577637, 6.654601573944092, 4.659106254577637]	0.7853981633974483	R
765.878	25.761999999999944	trials	790.7989	790.7999333333333	0.0	[-1.0, 9.0, 1.0, 7.0]	1.5707963267948966	I
791.892	1.1089999999999236	trials				[NaN, NaN, NaN, NaN]		A
793.253	0.36199999999996635	trials				[NaN, NaN, NaN, NaN]		A
793.867	3.0160000000000764	trials	795.7692666666667	795.7702666666667	2.0	[6.999997615814209, 1.0063706636428833, 8.99999713897705, -0.9936293959617615]	0.0	R
797.135	3.2670000000000528	trials	799.2449	799.2459	3.0	[6.999997615814209, 1.0063706636428833, 8.99999713897705, -0.9936293959617615]	-0.7853981633974483	R
800.653	2.6269999999999527	trials	802.1350666666667	802.1360666666667	1.0	[4.654601573944092, 6.659106254577637, 6.654601573944092, 4.659106254577637]	0.7853981633974483	R
803.532	4.135999999999967	trials	806.543	806.544	0.0	[-1.0, 9.0, 1.0, 7.0]	1.5707963267948966	R
807.919	2.5539999999999736	trials	809.3830333333333	809.3840666666666	5.0	[-6.645581245422363, -4.668104648590088, -4.645581245422363, -6.668104648590088]	-2.356194490192345	R
810.724	3.3170000000000073	trials	812.9118	812.9128	4.0	[-0.987258791923523, -6.999989986419678, 1.012741208076477, -8.99998950958252]	-1.5707963267948966	R
814.292	3.033999999999992	trials	816.1568666666667	816.1578666666667	7.0	[-6.672598838806152, 6.64106559753418, -4.672598838806152, 4.64106559753418]	2.356194490192345	R
817.577	2.7089999999999463	trials	819.2405333333334	819.2415333333333	6.0	[-8.999977111816406, 0.9808881878852844, -6.999977111816406, -1.0191118717193604]	3.141592653589793	R
820.538	3.409999999999968	trials	823.055	823.056	2.0	[6.999997615814209, 1.0063706636428833, 8.99999713897705, -0.9936293959617615]	0.0	I
824.2	0.39799999999991087	trials				[NaN, NaN, NaN, NaN]		A
824.849	32.178	trials	855.8083	855.8093	1.0	[4.654601573944092, 6.659106254577637, 6.654601573944092, 4.659106254577637]	0.7853981633974483	R
857.279	2.092999999999961	trials	858.6583666666667	858.6593666666666	5.0	[-6.645581245422363, -4.668104648590088, -4.645581245422363, -6.668104648590088]	-2.356194490192345	I
859.624	3.3640000000000327	trials	861.9024333333333	861.9034333333333	0.0	[-1.0, 9.0, 1.0, 7.0]	1.5707963267948966	R
863.24	2.466000000000008	trials	864.6171666666667	864.6181666666666	4.0	[-0.987258791923523, -6.999989986419678, 1.012741208076477, -8.99998950958252]	-1.5707963267948966	R
865.958	3.324000000000069	trials	868.181	868.182	2.0	[6.999997615814209, 1.0063706636428833, 8.99999713897705, -0.9936293959617615]	0.0	R
869.533	0.8729999999999336	trials				[NaN, NaN, NaN, NaN]		A
870.657	2.5919999999999845	trials	872.0937333333334	872.0947333333334	7.0	[-6.672598838806152, 6.64106559753418, -4.672598838806152, 4.64106559753418]	2.356194490192345	R
873.5	2.75	trials	875.0039333333333	875.0049333333334	7.0	[-6.672598838806152, 6.64106559753418, -4.672598838806152, 4.64106559753418]	2.356194490192345	R
876.502	3.1410000000000764	trials	878.3031333333333	878.3041333333333	3.0	[4.663607120513916, -4.650093078613281, 6.663607120513916, -6.650093078613281]	-0.7853981633974483	R
879.895	2.6539999999999964	trials	881.3858	881.3868	1.0	[4.654601573944092, 6.659106254577637, 6.654601573944092, 4.659106254577637]	0.7853981633974483	R
882.8	2.479000000000042	trials	884.1997666666666	884.2007666666667	5.0	[-6.645581245422363, -4.668104648590088, -4.645581245422363, -6.668104648590088]	-2.356194490192345	R
885.531	2.4330000000001064	trials	886.8563666666666	886.8573666666666	6.0	[-8.999977111816406, 0.9808881878852844, -6.999977111816406, -1.0191118717193604]	3.141592653589793	R
888.216	3.3980000000000246	trials	890.4813666666666	890.4823666666666	0.0	[-1.0, 9.0, 1.0, 7.0]	1.5707963267948966	R
891.866	3.298000000000002	trials	894.0943333333333	894.0953333333333	4.0	[-0.987258791923523, -6.999989986419678, 1.012741208076477, -8.99998950958252]	-1.5707963267948966	R
895.416	3.453999999999951	trials	897.8165666666666	897.8175666666667	2.0	[6.999997615814209, 1.0063706636428833, 8.99999713897705, -0.9936293959617615]	0.0	R
899.122	2.564000000000078	trials	900.5423333333333	900.5433333333333	6.0	[6.999997615814209, 1.0063706636428833, 8.99999713897705, -0.9936293959617615]	3.141592653589793	R
901.938	3.3940000000000055	trials	904.2816333333334	904.2826333333334	4.0	[-0.987258791923523, -6.999989986419678, 1.012741208076477, -8.99998950958252]	-1.5707963267948966	R
905.584	3.0970000000000937	trials	907.3913333333334	907.3923333333333	1.0	[4.654601573944092, 6.659106254577637, 6.654601573944092, 4.659106254577637]	0.7853981633974483	R
908.932	0.7619999999999436	trials				[NaN, NaN, NaN, NaN]		A
909.946	0.4679999999999609	trials				[NaN, NaN, NaN, NaN]		A
910.665	0.2400000000000091	trials				[NaN, NaN, NaN, NaN]		A
911.157	2.9669999999999845	trials	912.9220666666666	912.9230666666666	5.0	[-6.645581245422363, -4.668104648590088, -4.645581245422363, -6.668104648590088]	-2.356194490192345	R
914.376	2.9700000000000273	trials	916.2082333333333	916.2092333333334	0.0	[-1.0, 9.0, 1.0, 7.0]	1.5707963267948966	R
917.598	2.5720000000000027	trials	919.5515333333333	919.5525333333334	4.0	[-1.0, 9.0, 1.0, 7.0]	-1.5707963267948966	I
920.422	0.44299999999998363	trials				[NaN, NaN, NaN, NaN]		A
921.116	2.619000000000028	trials	922.4948333333333	922.4958333333333	7.0	[-6.672598838806152, 6.64106559753418, -4.672598838806152, 4.64106559753418]	2.356194490192345	R
923.987	3.052000000000021	trials	925.8160666666666	925.8170666666666	2.0	[6.999997615814209, 1.0063706636428833, 8.99999713897705, -0.9936293959617615]	0.0	R
927.291	3.1539999999999964	trials	929.1784333333334	929.1794333333333	0.0	[-1.0, 9.0, 1.0, 7.0]	1.5707963267948966	R
930.696	2.812999999999988	trials	932.4174666666667	932.4184666666666	5.0	[-6.645581245422363, -4.668104648590088, -4.645581245422363, -6.668104648590088]	-2.356194490192345	R
933.761	3.132000000000062	trials	935.8099	935.8109	6.0	[-8.999977111816406, 0.9808881878852844, -6.999977111816406, -1.0191118717193604]	3.141592653589793	R
937.144	3.427000000000021	trials	939.5130666666666	939.5140666666666	3.0	[4.663607120513916, -4.650093078613281, 6.663607120513916, -6.650093078613281]	-0.7853981633974483	R
940.822	2.9329999999999927	trials	942.6408333333334	942.6418333333334	6.0	[4.663607120513916, -4.650093078613281, 6.663607120513916, -6.650093078613281]	3.141592653589793	R
944.006	3.4540000000000646	trials	946.739	946.7400333333334	7.0	[-6.672598838806152, 6.64106559753418, -4.672598838806152, 4.64106559753418]	2.356194490192345	I
947.711	3.117999999999938	trials	949.6402	949.6412333333334	3.0	[4.663607120513916, -4.650093078613281, 6.663607120513916, -6.650093078613281]	-0.7853981633974483	R
951.081	3.490000000000009	trials	953.3785	953.3795	1.0	[4.654601573944092, 6.659106254577637, 6.654601573944092, 4.659106254577637]	0.7853981633974483	R
954.823	2.9890000000000327	trials	956.6917333333333	956.6927333333333	4.0	[-0.987258791923523, -6.999989986419678, 1.012741208076477, -8.99998950958252]	-1.5707963267948966	R
958.063	3.15300000000002	trials	960.1022	960.1032	0.0	[-1.0, 9.0, 1.0, 7.0]	1.5707963267948966	R
961.468	3.3210000000000264	trials	963.8264333333333	963.8274333333334	2.0	[6.999997615814209, 1.0063706636428833, 8.99999713897705, -0.9936293959617615]	0.0	I
965.04	45.773000000000025	trials	1009.6542	1009.6552	5.0	[-6.645581245422363, -4.668104648590088, -4.645581245422363, -6.668104648590088]	-2.356194490192345	R
1011.065	3.252999999999929	trials	1013.0205666666667	1013.0215666666667	7.0	[-6.645581245422363, -4.668104648590088, -4.645581245422363, -6.668104648590088]	2.356194490192345	R
1014.569	3.046000000000049	trials	1016.3718666666666	1016.3728666666667	4.0	[-0.987258791923523, -6.999989986419678, 1.012741208076477, -8.99998950958252]	-1.5707963267948966	R
1017.867	3.254000000000019	trials	1019.9868333333334	1019.9878333333334	6.0	[-8.999977111816406, 0.9808881878852844, -6.999977111816406, -1.0191118717193604]	3.141592653589793	R
1021.372	2.740000000000123	trials	1023.1086	1023.1096	5.0	[-6.645581245422363, -4.668104648590088, -4.645581245422363, -6.668104648590088]	-2.356194490192345	R
1024.364	0.8530000000000655	trials				[NaN, NaN, NaN, NaN]		A
1025.468	2.5119999999999436	trials	1026.6042666666667	1026.6052666666667	1.0	[4.654601573944092, 6.659106254577637, 6.654601573944092, 4.659106254577637]	0.7853981633974483	R
1028.231	0.6959999999999127	trials				[NaN, NaN, NaN, NaN]		A
1029.179	0.5339999999998781	trials				[NaN, NaN, NaN, NaN]		A
1029.965	2.1210000000000946	trials	1030.8969333333334	1030.8979333333334	7.0	[-1.0, 9.0, 1.0, 7.0]	2.356194490192345	R
1032.338	3.4549999999999272	trials	1034.3846	1034.3856	0.0	[-1.0, 9.0, 1.0, 7.0]	1.5707963267948966	R
1036.045	2.5470000000000255	trials	1037.4381666666666	1037.4391666666668	2.0	[6.999997615814209, 1.0063706636428833, 8.99999713897705, -0.9936293959617615]	0.0	R
1038.844	3.4120000000000346	trials	1041.1353333333334	1041.1363333333334	1.0	[4.654601573944092, 6.659106254577637, 6.654601573944092, 4.659106254577637]	0.7853981633974483	R
1042.508	2.8840000000000146	trials	1044.0666333333334	1044.0676333333333	6.0	[-8.999977111816406, 0.9808881878852844, -6.999977111816406, -1.0191118717193604]	3.141592653589793	R
1045.644	1.2980000000000018	trials				[NaN, NaN, NaN, NaN]		A
1047.193	2.2789999999999964	trials	1048.4134	1048.4144	4.0	[-0.987258791923523, -6.999989986419678, 1.012741208076477, -8.99998950958252]	-1.5707963267948966	R
1049.724	3.160000000000082	trials	1051.6324	1051.6334	3.0	[4.663607120513916, -4.650093078613281, 6.663607120513916, -6.650093078613281]	-0.7853981633974483	R
1053.135	2.953999999999951	trials	1054.8283333333334	1054.8293333333334	7.0	[4.663607120513916, -4.650093078613281, 6.663607120513916, -6.650093078613281]	2.356194490192345	R
1056.341	2.8600000000001273	trials	1057.9942	1057.9952	0.0	[-1.0, 9.0, 1.0, 7.0]	1.5707963267948966	R
1059.453	2.661000000000058	trials	1060.9766	1060.9776	5.0	[-6.645581245422363, -4.668104648590088, -4.645581245422363, -6.668104648590088]	-2.356194490192345	R
1062.366	1.0480000000000018	trials				[NaN, NaN, NaN, NaN]		A
1063.665	0.6050000000000182	trials				[NaN, NaN, NaN, NaN]		A
1064.521	1.9809999999999945	trials	1065.2843	1065.2853	2.0	[6.999997615814209, 1.0063706636428833, 8.99999713897705, -0.9936293959617615]	0.0	R
1066.754	3.1390000000001237	trials	1068.8170666666667	1068.8180666666667	3.0	[4.663607120513916, -4.650093078613281, 6.663607120513916, -6.650093078613281]	-0.7853981633974483	R
1070.144	3.6639999999999873	trials	1072.7418	1072.7428	4.0	[-0.987258791923523, -6.999989986419678, 1.012741208076477, -8.99998950958252]	-1.5707963267948966	R
1074.06	3.4270000000001346	trials	1076.3728	1076.3738333333333	5.0	[-0.987258791923523, -6.999989986419678, 1.012741208076477, -8.99998950958252]	-2.356194490192345	R
1077.738	2.951000000000022	trials	1079.4825333333333	1079.4835333333333	7.0	[-6.672598838806152, 6.64106559753418, -4.672598838806152, 4.64106559753418]	2.356194490192345	R
1080.94	1.3789999999999054	trials				[NaN, NaN, NaN, NaN]		A
1082.57	0.42800000000011096	trials				[NaN, NaN, NaN, NaN]		A
1083.25	0.5899999999999181	trials				[NaN, NaN, NaN, NaN]		A
1084.092	2.1269999999999527	trials	1085.0453333333332	1085.0463333333332	6.0	[-8.999977111816406, 0.9808881878852844, -6.999977111816406, -1.0191118717193604]	3.141592653589793	R
1086.471	2.7899999999999636	trials	1088.1109666666666	1088.1119666666666	2.0	[6.999997615814209, 1.0063706636428833, 8.99999713897705, -0.9936293959617615]	0.0	R
1089.512	0.7670000000000528	trials				[NaN, NaN, NaN, NaN]		A
1090.531	2.1790000000000873	trials	1091.5354666666667	1091.5364666666667	3.0	[-0.987258791923523, -6.999989986419678, 1.012741208076477, -8.99998950958252]	-0.7853981633974483	R
1092.962	3.0570000000000164	trials	1094.8767666666668	1094.8777666666667	6.0	[-8.999977111816406, 0.9808881878852844, -6.999977111816406, -1.0191118717193604]	3.141592653589793	R
1096.27	3.2950000000000728	trials	1098.3453666666667	1098.3463666666667	5.0	[-6.645581245422363, -4.668104648590088, -4.645581245422363, -6.668104648590088]	-2.356194490192345	R
1099.817	3.268000000000029	trials	1102.0235	1102.0245	2.0	[6.999997615814209, 1.0063706636428833, 8.99999713897705, -0.9936293959617615]	0.0	R
1103.337	2.6579999999999018	trials	1104.9377333333334	1104.9387333333334	4.0	[-0.987258791923523, -6.999989986419678, 1.012741208076477, -8.99998950958252]	-1.5707963267948966	R
1106.247	2.8029999999998836	trials	1107.8499666666667	1107.8509666666666	0.0	[-1.0, 9.0, 1.0, 7.0]	1.5707963267948966	R
1109.302	3.3630000000000564	trials	1111.3596666666667	1111.3606666666667	1.0	[4.654601573944092, 6.659106254577637, 6.654601573944092, 4.659106254577637]	0.7853981633974483	R
1112.917	3.37700000000018	trials	1115.0789	1115.0799	7.0	[-6.672598838806152, 6.64106559753418, -4.672598838806152, 4.64106559753418]	2.356194490192345	R
1116.546	2.730000000000018	trials	1118.0613	1118.0623	1.0	[-6.672598838806152, 6.64106559753418, -4.672598838806152, 4.64106559753418]	0.7853981633974483	R
1119.528	2.911000000000058	trials	1121.3635	1121.3645	4.0	[-0.987258791923523, -6.999989986419678, 1.012741208076477, -8.99998950958252]	-1.5707963267948966	R
1122.691	3.147999999999911	trials	1124.6266	1124.6276	0.0	[-1.0, 9.0, 1.0, 7.0]	1.5707963267948966	R
1126.09	2.701000000000022	trials	1127.4305666666667	1127.4315666666666	3.0	[4.663607120513916, -4.650093078613281, 6.663607120513916, -6.650093078613281]	-0.7853981633974483	R
1129.043	2.7080000000000837	trials	1130.6084666666666	1130.6094666666668	5.0	[-6.645581245422363, -4.668104648590088, -4.645581245422363, -6.668104648590088]	-2.356194490192345	R
1132.003	2.4990000000000236	trials	1133.8424666666667	1133.8434666666667	6.0	[-8.999977111816406, 0.9808881878852844, -6.999977111816406, -1.0191118717193604]	3.141592653589793	I
1134.754	44.521000000000186	trials	1178.6306666666667	1178.6316666666667	7.0	[-6.672598838806152, 6.64106559753418, -4.672598838806152, 4.64106559753418]	2.356194490192345	I
1179.527	3.7739999999998872	trials	1182.0992666666666	1182.1002666666666	2.0	[6.999997615814209, 1.0063706636428833, 8.99999713897705, -0.9936293959617615]	0.0	R
1183.553	3.584999999999809	trials	1185.9418	1185.9428	4.0	[6.999997615814209, 1.0063706636428833, 8.99999713897705, -0.9936293959617615]	-1.5707963267948966	R
1187.389	2.867000000000189	trials	1189.1688333333334	1189.1698333333334	3.0	[4.663607120513916, -4.650093078613281, 6.663607120513916, -6.650093078613281]	-0.7853981633974483	R
1190.507	2.6920000000000073	trials	1192.5111	1192.5121333333334	1.0	[4.654601573944092, 6.659106254577637, 6.654601573944092, 4.659106254577637]	0.7853981633974483	I
1193.45	3.6099999999999	trials	1195.8173333333334	1195.8183333333334	2.0	[6.999997615814209, 1.0063706636428833, 8.99999713897705, -0.9936293959617615]	0.0	R
1197.312	3.1980000000000928	trials	1199.1666333333333	1199.1676333333332	6.0	[-8.999977111816406, 0.9808881878852844, -6.999977111816406, -1.0191118717193604]	3.141592653589793	R
1200.762	3.1820000000000164	trials	1202.8588	1202.8598	5.0	[-6.645581245422363, -4.668104648590088, -4.645581245422363, -6.668104648590088]	-2.356194490192345	R
1204.195	3.3040000000000873	trials	1206.3895666666667	1206.3905666666667	0.0	[-1.0, 9.0, 1.0, 7.0]	1.5707963267948966	R
1207.751	2.7870000000000346	trials	1209.4331333333334	1209.4341333333334	7.0	[-6.672598838806152, 6.64106559753418, -4.672598838806152, 4.64106559753418]	2.356194490192345	R
1210.79	3.423000000000002	trials	1213.1323	1213.1333	6.0	[-6.672598838806152, 6.64106559753418, -4.672598838806152, 4.64106559753418]	3.141592653589793	R
1214.465	3.2840000000001055	trials	1216.5498	1216.5508	4.0	[-0.987258791923523, -6.999989986419678, 1.012741208076477, -8.99998950958252]	-1.5707963267948966	R
1218.0	3.0699999999999363	trials	1219.9883333333332	1219.9893333333334	5.0	[-6.645581245422363, -4.668104648590088, -4.645581245422363, -6.668104648590088]	-2.356194490192345	R
1221.322	2.6490000000001146	trials	1222.8735	1222.8745	2.0	[6.999997615814209, 1.0063706636428833, 8.99999713897705, -0.9936293959617615]	0.0	R
1224.223	2.9190000000000964	trials	1225.9952333333333	1225.9962333333333	1.0	[4.654601573944092, 6.659106254577637, 6.654601573944092, 4.659106254577637]	0.7853981633974483	R
1227.394	3.3299999999999272	trials	1229.6142333333332	1229.6152333333334	3.0	[4.663607120513916, -4.650093078613281, 6.663607120513916, -6.650093078613281]	-0.7853981633974483	R
1230.976	0.6779999999998836	trials				[NaN, NaN, NaN, NaN]		A
1231.906	0.34400000000005093	trials				[NaN, NaN, NaN, NaN]		A
1232.501	2.813000000000102	trials	1234.1565	1234.1575	3.0	[-1.0, 9.0, 1.0, 7.0]	-0.7853981633974483	R
1235.566	2.8519999999998618	trials	1237.2491666666667	1237.2501666666667	1.0	[4.654601573944092, 6.659106254577637, 6.654601573944092, 4.659106254577637]	0.7853981633974483	R
1238.67	2.788000000000011	trials	1240.4090333333334	1240.4100333333333	5.0	[-6.645581245422363, -4.668104648590088, -4.645581245422363, -6.668104648590088]	-2.356194490192345	R
1241.709	3.377999999999929	trials	1243.9989333333333	1243.9999333333333	4.0	[-0.987258791923523, -6.999989986419678, 1.012741208076477, -8.99998950958252]	-1.5707963267948966	R
1245.338	3.0750000000000455	trials	1247.3071333333332	1247.3081333333334	2.0	[6.999997615814209, 1.0063706636428833, 8.99999713897705, -0.9936293959617615]	0.0	R
1248.665	33.52999999999997	trials	1281.0819666666666	1281.083	6.0	[-8.999977111816406, 0.9808881878852844, -6.999977111816406, -1.0191118717193604]	3.141592653589793	R
1282.446	3.47400000000016	trials	1284.7531	1284.7541	0.0	[-1.0, 9.0, 1.0, 7.0]	1.5707963267948966	R
1286.172	3.288000000000011	trials	1288.745	1288.746	7.0	[-6.672598838806152, 6.64106559753418, -4.672598838806152, 4.64106559753418]	2.356194490192345	I
1289.711	2.8910000000000764	trials	1291.4647666666667	1291.4657666666667	2.0	[-6.672598838806152, 6.64106559753418, -4.672598838806152, 4.64106559753418]	0.0	R
1292.853	3.0850000000000364	trials	1294.7529333333334	1294.7539333333334	1.0	[4.654601573944092, 6.659106254577637, 6.654601573944092, 4.659106254577637]	0.7853981633974483	R
1296.19	3.3409999999998945	trials	1298.3408333333334	1298.3418333333334	7.0	[-6.672598838806152, 6.64106559753418, -4.672598838806152, 4.64106559753418]	2.356194490192345	R
1299.782	2.5210000000001855	trials	1301.0836333333334	1301.0846333333334	5.0	[-6.645581245422363, -4.668104648590088, -4.645581245422363, -6.668104648590088]	-2.356194490192345	R
1302.554	3.16599999999994	trials	1304.6354666666666	1304.6364666666666	6.0	[-8.999977111816406, 0.9808881878852844, -6.999977111816406, -1.0191118717193604]	3.141592653589793	R
1305.972	3.2329999999999472	trials	1308.077	1308.078	4.0	[-0.987258791923523, -6.999989986419678, 1.012741208076477, -8.99998950958252]	-1.5707963267948966	R
1309.456	2.3500000000001364	trials	1310.6514	1310.6524	3.0	[4.663607120513916, -4.650093078613281, 6.663607120513916, -6.650093078613281]	-0.7853981633974483	R
1312.058	2.4169999999999163	trials	1313.3420666666666	1313.3430666666666	0.0	[-1.0, 9.0, 1.0, 7.0]	1.5707963267948966	R
1314.727	2.716999999999871	trials	1316.3104333333333	1316.3114333333333	2.0	[-1.0, 9.0, 1.0, 7.0]	0.0	R
1317.696	2.3980000000001382	trials	1319.0522333333333	1319.0532333333333	5.0	[-6.645581245422363, -4.668104648590088, -4.645581245422363, -6.668104648590088]	-2.356194490192345	R
1320.345	3.0160000000000764	trials	1322.6020666666666	1322.6030666666666	1.0	[4.654601573944092, 6.659106254577637, 6.654601573944092, 4.659106254577637]	0.7853981633974483	I
1323.613	2.6099999999999	trials	1325.1213	1325.1223	7.0	[-6.672598838806152, 6.64106559753418, -4.672598838806152, 4.64106559753418]	2.356194490192345	R
1326.475	0.9230000000000018	trials				[NaN, NaN, NaN, NaN]		A
1327.65	2.4849999999999	trials	1328.9849	1328.9859	4.0	[-0.987258791923523, -6.999989986419678, 1.012741208076477, -8.99998950958252]	-1.5707963267948966	R
1330.386	2.0370000000000346	trials	1331.7176666666667	1331.7187	0.0	[-1.0, 9.0, 1.0, 7.0]	1.5707963267948966	I
1332.675	16.577999999999975	trials	1347.9690333333333	1347.9700333333333	6.0	[-8.999977111816406, 0.9808881878852844, -6.999977111816406, -1.0191118717193604]	3.141592653589793	R
1349.505	3.431999999999789	trials	1351.6030333333333	1351.6040333333333	2.0	[-8.999977111816406, 0.9808881878852844, -6.999977111816406, -1.0191118717193604]	0.0	R
1353.189	2.683999999999969	trials	1354.6355666666666	1354.6365666666666	7.0	[-6.672598838806152, 6.64106559753418, -4.672598838806152, 4.64106559753418]	2.356194490192345	R
1356.124	1.2490000000000236	trials				[NaN, NaN, NaN, NaN]		A
1357.625	0.4490000000000691	trials				[NaN, NaN, NaN, NaN]		A
1358.326	2.7239999999999327	trials	1359.8545333333334	1359.8555333333334	1.0	[4.654601573944092, 6.659106254577637, 6.654601573944092, 4.659106254577637]	0.7853981633974483	R
1361.301	2.8200000000001637	trials	1363.0023333333334	1363.0033333333333	3.0	[4.663607120513916, -4.650093078613281, 6.663607120513916, -6.650093078613281]	-0.7853981633974483	R
1364.373	2.4890000000000327	trials	1365.7120666666667	1365.7130666666667	6.0	[-8.999977111816406, 0.9808881878852844, -6.999977111816406, -1.0191118717193604]	3.141592653589793	R
1367.114	2.9600000000000364	trials	1368.904	1368.905	0.0	[-1.0, 9.0, 1.0, 7.0]	1.5707963267948966	R
1370.326	3.3150000000000546	trials	1372.536	1372.537	2.0	[-1.0, 9.0, 1.0, 7.0]	0.0	R
1373.892	3.259999999999991	trials	1375.9023666666667	1375.9033666666667	7.0	[-6.672598838806152, 6.64106559753418, -4.672598838806152, 4.64106559753418]	2.356194490192345	R
1377.404	2.7210000000000036	trials	1379.0311333333334	1379.0321333333334	6.0	[-8.999977111816406, 0.9808881878852844, -6.999977111816406, -1.0191118717193604]	3.141592653589793	R
1380.376	3.26299999999992	trials	1382.8686666666667	1382.8696666666667	5.0	[-6.645581245422363, -4.668104648590088, -4.645581245422363, -6.668104648590088]	-2.356194490192345	I
1383.89	3.6419999999998254	trials				[NaN, NaN, NaN, NaN]		A
1387.784	4.466999999999871	trials	1391.0730333333333	1391.0740333333333	1.0	[4.654601573944092, 6.659106254577637, 6.654601573944092, 4.659106254577637]	0.7853981633974483	R
1392.503	3.145999999999958	trials	1394.4734666666666	1394.4744666666666	0.0	[-1.0, 9.0, 1.0, 7.0]	1.5707963267948966	R
1395.901	3.1340000000000146	trials	1397.9330666666667	1397.9340666666667	4.0	[-0.987258791923523, -6.999989986419678, 1.012741208076477, -8.99998950958252]	-1.5707963267948966	R
1399.286	2.862999999999829	trials	1400.9244666666666	1400.9254666666666	2.0	[-0.987258791923523, -6.999989986419678, 1.012741208076477, -8.99998950958252]	0.0	R
1402.4	40.51299999999992	trials	1441.6816666666666	1441.6826666666666	1.0	[4.654601573944092, 6.659106254577637, 6.654601573944092, 4.659106254577637]	0.7853981633974483	R
1443.164	0.8209999999999127	trials				[NaN, NaN, NaN, NaN]		A
1444.237	2.227999999999838	trials	1445.4600333333333	1445.4610333333333	7.0	[-6.672598838806152, 6.64106559753418, -4.672598838806152, 4.64106559753418]	2.356194490192345	F
1446.716	3.783000000000129	trials	1449.2945666666667	1449.2955666666667	3.0	[4.663607120513916, -4.650093078613281, 6.663607120513916, -6.650093078613281]	-0.7853981633974483	R
1450.75	0.9049999999999727	trials				[NaN, NaN, NaN, NaN]		A
1451.907	0.24700000000007094	trials				[NaN, NaN, NaN, NaN]		A
1452.405	1.9890000000000327	trials	1453.3556333333333	1453.3566333333333	5.0	[-6.645581245422363, -4.668104648590088, -4.645581245422363, -6.668104648590088]	-2.356194490192345	R
1454.646	2.979000000000042	trials	1456.4844	1456.4854	7.0	[-6.645581245422363, -4.668104648590088, -4.645581245422363, -6.668104648590088]	2.356194490192345	R
1457.877	2.0450000000000728	trials	1459.2372333333333	1459.2382333333333	1.0	[4.654601573944092, 6.659106254577637, 6.654601573944092, 4.659106254577637]	0.7853981633974483	I
1460.174	0.8520000000000891	trials				[NaN, NaN, NaN, NaN]		A
1461.277	0.33799999999996544	trials				[NaN, NaN, NaN, NaN]		A
1461.867	2.2940000000000964	trials	1462.9173666666666	1462.9183666666668	2.0	[6.999997615814209, 1.0063706636428833, 8.99999713897705, -0.9936293959617615]	0.0	R
1464.413	2.4739999999999327	trials	1465.6000333333334	1465.6010333333334	3.0	[4.663607120513916, -4.650093078613281, 6.663607120513916, -6.650093078613281]	-0.7853981633974483	R
1467.139	2.727000000000089	trials	1468.7418333333333	1468.7428333333332	4.0	[-0.987258791923523, -6.999989986419678, 1.012741208076477, -8.99998950958252]	-1.5707963267948966	R
1470.117	2.673999999999978	trials	1471.7102	1471.7112	6.0	[-8.999977111816406, 0.9808881878852844, -6.999977111816406, -1.0191118717193604]	3.141592653589793	R
1473.043	2.4710000000000036	trials	1474.8279333333332	1474.8289333333332	7.0	[-8.999977111816406, 0.9808881878852844, -6.999977111816406, -1.0191118717193604]	2.356194490192345	I
1475.765	3.04099999999994	trials	1477.5467	1477.5477	3.0	[4.663607120513916, -4.650093078613281, 6.663607120513916, -6.650093078613281]	-0.7853981633974483	R
1479.057	2.7200000000000273	trials	1480.6303333333333	1480.6313333333333	1.0	[4.654601573944092, 6.659106254577637, 6.654601573944092, 4.659106254577637]	0.7853981633974483	R
1482.029	3.1920000000000073	trials	1484.0017	1484.0027	0.0	[-1.0, 9.0, 1.0, 7.0]	1.5707963267948966	R
1485.472	2.7280000000000655	trials	1487.0372333333332	1487.0382666666667	5.0	[-6.645581245422363, -4.668104648590088, -4.645581245422363, -6.668104648590088]	-2.356194490192345	R
1488.452	3.078999999999951	trials	1490.4547333333333	1490.4557333333332	6.0	[-8.999977111816406, 0.9808881878852844, -6.999977111816406, -1.0191118717193604]	3.141592653589793	R
1491.783	2.9329999999999927	trials	1493.6927666666666	1493.6937666666668	4.0	[-0.987258791923523, -6.999989986419678, 1.012741208076477, -8.99998950958252]	-1.5707963267948966	R
1494.968	2.5909999999998945	trials	1496.4185333333332	1496.4195333333332	2.0	[6.999997615814209, 1.0063706636428833, 8.99999713897705, -0.9936293959617615]	0.0	R
1497.811	3.0160000000000764	trials	1499.6746	1499.6756333333333	5.0	[6.999997615814209, 1.0063706636428833, 8.99999713897705, -0.9936293959617615]	-2.356194490192345	R
1501.079	3.5260000000000673	trials	1503.4891	1503.4901	0.0	[-1.0, 9.0, 1.0, 7.0]	1.5707963267948966	R
1504.856	3.0139999999998963	trials	1506.8163333333334	1506.8173333333334	6.0	[-8.999977111816406, 0.9808881878852844, -6.999977111816406, -1.0191118717193604]	3.141592653589793	R
1508.122	2.6569999999999254	trials	1509.6574	1509.6584	1.0	[4.654601573944092, 6.659106254577637, 6.654601573944092, 4.659106254577637]	0.7853981633974483	R
1511.031	2.841000000000122	trials	1512.7851666666666	1512.7861666666668	4.0	[-0.987258791923523, -6.999989986419678, 1.012741208076477, -8.99998950958252]	-1.5707963267948966	R
1514.124	2.602000000000089	trials	1515.5781	1515.5791	7.0	[-6.672598838806152, 6.64106559753418, -4.672598838806152, 4.64106559753418]	2.356194490192345	R
1516.978	3.342999999999847	trials	1519.2311666666667	1519.2321666666667	3.0	[4.663607120513916, -4.650093078613281, 6.663607120513916, -6.650093078613281]	-0.7853981633974483	R
1520.573	3.0499999999999545	trials	1522.5484	1522.5494	2.0	[6.999997615814209, 1.0063706636428833, 8.99999713897705, -0.9936293959617615]	0.0	R
1523.875	2.9069999999999254	trials	1526.1022333333333	1526.1032333333333	3.0	[6.999997615814209, 1.0063706636428833, 8.99999713897705, -0.9936293959617615]	-0.7853981633974483	I
1527.034	4.492999999999938	trials	1530.2174333333332	1530.2184333333332	5.0	[-6.645581245422363, -4.668104648590088, -4.645581245422363, -6.668104648590088]	-2.356194490192345	R
1531.778	3.3409999999998945	trials	1534.1000666666666	1534.1010666666666	4.0	[-0.987258791923523, -6.999989986419678, 1.012741208076477, -8.99998950958252]	-1.5707963267948966	R
1535.37	2.3630000000000564	trials	1536.6604333333332	1536.6614333333334	6.0	[-8.999977111816406, 0.9808881878852844, -6.999977111816406, -1.0191118717193604]	3.141592653589793	R
1537.985	3.27800000000002	trials	1540.0488333333333	1540.0498333333333	1.0	[4.654601573944092, 6.659106254577637, 6.654601573944092, 4.659106254577637]	0.7853981633974483	R
1541.514	0.014000000000123691	trials				[NaN, NaN, NaN, NaN]		R
1544.927	3.1980000000000928	trials	1546.7023666666666	1546.7033666666666	7.0	[-6.672598838806152, 6.64106559753418, -4.672598838806152, 4.64106559753418]	2.356194490192345	R
1548.377	3.3810000000000855	trials	1550.6180666666667	1550.6190666666666	0.0	[-1.0, 9.0, 1.0, 7.0]	1.5707963267948966	R
1552.01	3.27800000000002	trials	1554.1769	1554.1779	4.0	[-1.0, 9.0, 1.0, 7.0]	-1.5707963267948966	R
1555.539	3.2640000000001237	trials	1557.6886333333334	1557.6896333333334	3.0	[4.663607120513916, -4.650093078613281, 6.663607120513916, -6.650093078613281]	-0.7853981633974483	R
1559.055	3.0739999999998417	trials	1561.055	1561.056	0.0	[-1.0, 9.0, 1.0, 7.0]	1.5707963267948966	R
1562.38	2.435999999999922	trials	1563.6414	1563.6424	1.0	[4.654601573944092, 6.659106254577637, 6.654601573944092, 4.659106254577637]	0.7853981633974483	R
1565.068	2.298000000000002	trials	1566.8203	1566.8213	2.0	[6.999997615814209, 1.0063706636428833, 8.99999713897705, -0.9936293959617615]	0.0	I
1567.617	2.969000000000051	trials	1569.1992	1569.2002	6.0	[-8.999977111816406, 0.9808881878852844, -6.999977111816406, -1.0191118717193604]	3.141592653589793	R
1570.837	3.0470000000000255	trials	1572.7730666666666	1572.7740666666666	7.0	[-6.672598838806152, 6.64106559753418, -4.672598838806152, 4.64106559753418]	2.356194490192345	R
1574.135	3.1829999999999927	trials	1576.2316666666666	1576.2326666666668	5.0	[-6.645581245422363, -4.668104648590088, -4.645581245422363, -6.668104648590088]	-2.356194490192345	R
1577.57	3.061000000000149	trials	1579.3454	1579.3464	2.0	[-6.645581245422363, -4.668104648590088, -4.645581245422363, -6.668104648590088]	0.0	R
1580.882	2.741999999999962	trials	1582.412	1582.413	7.0	[-6.672598838806152, 6.64106559753418, -4.672598838806152, 4.64106559753418]	2.356194490192345	R
1583.876	3.1010000000001128	trials	1585.9026666666666	1585.9036666666666	4.0	[-0.987258791923523, -6.999989986419678, 1.012741208076477, -8.99998950958252]	-1.5707963267948966	R
1587.229	2.8460000000000036	trials	1588.9442333333334	1588.9452333333334	0.0	[-1.0, 9.0, 1.0, 7.0]	1.5707963267948966	R
1590.327	2.97199999999998	trials	1592.1471666666666	1592.1481666666666	6.0	[-8.999977111816406, 0.9808881878852844, -6.999977111816406, -1.0191118717193604]	3.141592653589793	R
1593.551	3.0030000000001564	trials	1595.4413333333334	1595.4423666666667	3.0	[4.663607120513916, -4.650093078613281, 6.663607120513916, -6.650093078613281]	-0.7853981633974483	R
1596.806	3.257000000000062	trials	1598.8618333333334	1598.8628333333334	1.0	[4.654601573944092, 6.659106254577637, 6.654601573944092, 4.659106254577637]	0.7853981633974483	R
1600.314	1.9689999999998236	trials				[NaN, NaN, NaN, NaN]		A
1602.535	23.932000000000016	trials	1625.3355666666666	1625.3365666666666	2.0	[-6.645581245422363, -4.668104648590088, -4.645581245422363, -6.668104648590088]	0.0	R
1626.719	1.15300000000002	trials				[NaN, NaN, NaN, NaN]		A
1628.123	2.6549999999999727	trials	1629.5811	1629.5821	0.0	[-1.0, 9.0, 1.0, 7.0]	1.5707963267948966	R
1631.03	3.0979999999999563	trials	1632.9234	1632.9244	3.0	[4.663607120513916, -4.650093078613281, 6.663607120513916, -6.650093078613281]	-0.7853981633974483	R
1634.38	2.994999999999891	trials	1636.2807333333333	1636.2817333333332	6.0	[-8.999977111816406, 0.9808881878852844, -6.999977111816406, -1.0191118717193604]	3.141592653589793	R
1637.627	2.883000000000038	trials	1639.4105	1639.4115	5.0	[-6.645581245422363, -4.668104648590088, -4.645581245422363, -6.668104648590088]	-2.356194490192345	R
1640.762	3.0579999999999927	trials	1642.6455333333333	1642.6465333333333	7.0	[-6.672598838806152, 6.64106559753418, -4.672598838806152, 4.64106559753418]	2.356194490192345	R
1644.072	3.125	trials	1646.1221666666668	1646.1231666666667	4.0	[-0.987258791923523, -6.999989986419678, 1.012741208076477, -8.99998950958252]	-1.5707963267948966	R
1647.448	3.1189999999999145	trials	1649.4013	1649.4023	0.0	[-0.987258791923523, -6.999989986419678, 1.012741208076477, -8.99998950958252]	1.5707963267948966	R
1650.819	2.95900000000006	trials	1652.7777	1652.7787	4.0	[-0.987258791923523, -6.999989986419678, 1.012741208076477, -8.99998950958252]	-1.5707963267948966	R
1654.03	2.063000000000102	trials	1654.9711333333332	1654.9721333333334	5.0	[-6.645581245422363, -4.668104648590088, -4.645581245422363, -6.668104648590088]	-2.356194490192345	R
1656.345	2.716999999999871	trials	1657.9615333333334	1657.9625666666666	1.0	[4.654601573944092, 6.659106254577637, 6.654601573944092, 4.659106254577637]	0.7853981633974483	R
1659.314	3.2390000000000327	trials	1661.4321666666667	1661.4331666666667	6.0	[-8.999977111816406, 0.9808881878852844, -6.999977111816406, -1.0191118717193604]	3.141592653589793	R
1662.805	2.59699999999998	trials	1664.2411333333334	1664.2421333333334	2.0	[6.999997615814209, 1.0063706636428833, 8.99999713897705, -0.9936293959617615]	0.0	R
1665.654	2.4739999999999327	trials	1666.9518666666668	1666.9528666666668	3.0	[4.663607120513916, -4.650093078613281, 6.663607120513916, -6.650093078613281]	-0.7853981633974483	R
1668.379	0.9909999999999854	trials				[NaN, NaN, NaN, NaN]		A
1669.622	1.9539999999999509	trials	1670.8565666666666	1670.8575666666666	7.0	[-6.672598838806152, 6.64106559753418, -4.672598838806152, 4.64106559753418]	2.356194490192345	I
1671.828	3.4169999999999163	trials	1674.1537333333333	1674.1547666666668	6.0	[-8.999977111816406, 0.9808881878852844, -6.999977111816406, -1.0191118717193604]	3.141592653589793	R
1675.497	3.342999999999847	trials	1677.6053	1677.6063333333334	5.0	[-6.645581245422363, -4.668104648590088, -4.645581245422363, -6.668104648590088]	-2.356194490192345	R
1679.092	2.7289999999998145	trials	1680.6368333333332	1680.6378333333334	3.0	[4.663607120513916, -4.650093078613281, 6.663607120513916, -6.650093078613281]	-0.7853981633974483	R
1682.072	3.5270000000000437	trials	1684.3811333333333	1684.3821333333333	1.0	[4.654601573944092, 6.659106254577637, 6.654601573944092, 4.659106254577637]	0.7853981633974483	R
1685.851	1.0529999999998836	trials				[NaN, NaN, NaN, NaN]		A
1687.156	0.2860000000000582	trials				[NaN, NaN, NaN, NaN]		A
1687.693	6.695999999999913	trials				[NaN, NaN, NaN, NaN]		A
1694.641	2.5799999999999272	trials	1696.0250333333333	1696.0260333333333	4.0	[-1.0, 9.0, 1.0, 7.0]	-1.5707963267948966	R
1697.473	2.3980000000001382	trials	1698.7387666666666	1698.7397666666666	2.0	[6.999997615814209, 1.0063706636428833, 8.99999713897705, -0.9936293959617615]	0.0	R
1700.122	2.772999999999911	trials	1701.4795666666666	1701.4805666666666	0.0	[-1.0, 9.0, 1.0, 7.0]	1.5707963267948966	R
1703.147	3.2630000000001473	trials	1705.1406666666667	1705.1416666666667	6.0	[-8.999977111816406, 0.9808881878852844, -6.999977111816406, -1.0191118717193604]	3.141592653589793	R
1706.661	3.283999999999878	trials	1708.8238	1708.8248	7.0	[-6.672598838806152, 6.64106559753418, -4.672598838806152, 4.64106559753418]	2.356194490192345	R
1710.196	3.4650000000001455	trials	1712.5651	1712.5661	3.0	[4.663607120513916, -4.650093078613281, 6.663607120513916, -6.650093078613281]	-0.7853981633974483	R
1713.912	0.6030000000000655	trials				[NaN, NaN, NaN, NaN]		A
1714.767	2.2100000000000364	trials	1715.7800666666667	1715.7811	1.0	[4.654601573944092, 6.659106254577637, 6.654601573944092, 4.659106254577637]	0.7853981633974483	R
1717.229	3.311999999999898	trials	1719.4331333333334	1719.4341666666667	1.0	[4.654601573944092, 6.659106254577637, 6.654601573944092, 4.659106254577637]	0.7853981633974483	R
1720.793	3.2740000000001146	trials	1722.9358333333332	1722.9368333333334	4.0	[-0.987258791923523, -6.999989986419678, 1.012741208076477, -8.99998950958252]	-1.5707963267948966	R
1724.318	3.0950000000000273	trials	1726.2561	1726.2571	6.0	[-8.999977111816406, 0.9808881878852844, -6.999977111816406, -1.0191118717193604]	3.141592653589793	R
1727.665	2.5140000000001237	trials	1729.0600333333334	1729.0610333333334	3.0	[4.663607120513916, -4.650093078613281, 6.663607120513916, -6.650093078613281]	-0.7853981633974483	R
1730.43	2.6639999999999873	trials	1731.9712666666667	1731.9722666666667	2.0	[6.999997615814209, 1.0063706636428833, 8.99999713897705, -0.9936293959617615]	0.0	R
1733.346	2.933999999999969	trials	1735.084	1735.085	0.0	[-1.0, 9.0, 1.0, 7.0]	1.5707963267948966	R
1736.532	3.1059999999999945	trials	1738.5155	1738.5165333333334	5.0	[-6.645581245422363, -4.668104648590088, -4.645581245422363, -6.668104648590088]	-2.356194490192345	R
1739.89	3.199999999999818	trials	1741.9671	1741.9681	7.0	[-6.672598838806152, 6.64106559753418, -4.672598838806152, 4.64106559753418]	2.356194490192345	R
1743.342	3.421999999999798	trials	1745.6342	1745.6352	1.0	[-6.672598838806152, 6.64106559753418, -4.672598838806152, 4.64106559753418]	0.7853981633974483	R
1747.016	2.3999999999998636	trials	1748.1795	1748.1805	2.0	[6.999997615814209, 1.0063706636428833, 8.99999713897705, -0.9936293959617615]	0.0	R
1749.667	3.130000000000109	trials	1751.5829666666666	1751.5839666666666	7.0	[-6.672598838806152, 6.64106559753418, -4.672598838806152, 4.64106559753418]	2.356194490192345	R
1753.049	3.143000000000029	trials	1755.0054666666667	1755.0064666666667	4.0	[-0.987258791923523, -6.999989986419678, 1.012741208076477, -8.99998950958252]	-1.5707963267948966	R
1756.444	3.247000000000071	trials	1758.5432333333333	1758.5442333333333	6.0	[-8.999977111816406, 0.9808881878852844, -6.999977111816406, -1.0191118717193604]	3.141592653589793	R
1759.943	53.902000000000044	trials				[NaN, NaN, NaN, NaN]		A
1814.096	0.20800000000008367	trials				[NaN, NaN, NaN, NaN]		A
1814.555	0.59699999999998	trials				[NaN, NaN, NaN, NaN]		A
1815.403	0.2439999999999145	trials				[NaN, NaN, NaN, NaN]		A
1815.899	2.106000000000222	trials	1816.9191666666666	1816.9201666666668	6.0	[-8.999977111816406, 0.9808881878852844, -6.999977111816406, -1.0191118717193604]	3.141592653589793	R
1818.256	0.9499999999998181	trials				[NaN, NaN, NaN, NaN]		A
1819.457	0.36799999999993815	trials				[NaN, NaN, NaN, NaN]		A
1820.077	0.21900000000005093	trials				[NaN, NaN, NaN, NaN]		A
1820.547	2.535000000000082	trials	1821.8103	1821.8113	7.0	[-6.672598838806152, 6.64106559753418, -4.672598838806152, 4.64106559753418]	2.356194490192345	R
1823.334	3.4179999999998927	trials	1825.5245	1825.5255	2.0	[6.999997615814209, 1.0063706636428833, 8.99999713897705, -0.9936293959617615]	0.0	R
1827.003	2.661000000000058	trials	1828.6011333333333	1828.6021666666666	4.0	[-0.987258791923523, -6.999989986419678, 1.012741208076477, -8.99998950958252]	-1.5707963267948966	R
1829.915	2.365000000000009	trials	1831.0953333333334	1831.0963333333334	0.0	[-0.987258791923523, -6.999989986419678, 1.012741208076477, -8.99998950958252]	1.5707963267948966	R
1832.532	3.18100000000004	trials	1834.6732333333334	1834.6742333333334	4.0	[-0.987258791923523, -6.999989986419678, 1.012741208076477, -8.99998950958252]	-1.5707963267948966	R
1835.964	2.2560000000000855	trials	1837.4421	1837.4431	1.0	[4.654601573944092, 6.659106254577637, 6.654601573944092, 4.659106254577637]	0.7853981633974483	I
1838.472	0.7560000000000855	trials				[NaN, NaN, NaN, NaN]		A
1839.479	2.536000000000058	trials	1840.8585666666668	1840.8595666666668	2.0	[6.999997615814209, 1.0063706636428833, 8.99999713897705, -0.9936293959617615]	0.0	R
1842.267	2.3899999999998727	trials	1843.3838333333333	1843.3848333333333	7.0	[-6.672598838806152, 6.64106559753418, -4.672598838806152, 4.64106559753418]	2.356194490192345	R
1844.909	3.272999999999911	trials	1847.1261333333334	1847.1271333333334	6.0	[-8.999977111816406, 0.9808881878852844, -6.999977111816406, -1.0191118717193604]	3.141592653589793	R
1848.433	2.836999999999989	trials	1850.1877333333334	1850.1887333333334	5.0	[-6.645581245422363, -4.668104648590088, -4.645581245422363, -6.668104648590088]	-2.356194490192345	R
1851.522	3.2910000000001673	trials	1853.7004666666667	1853.7014666666666	0.0	[-6.645581245422363, -4.668104648590088, -4.645581245422363, -6.668104648590088]	1.5707963267948966	R
1855.065	3.173999999999978	trials	1857.0367333333334	1857.0377333333333	7.0	[-6.672598838806152, 6.64106559753418, -4.672598838806152, 4.64106559753418]	2.356194490192345	R
1858.49	2.4559999999999036	trials	1859.8296666666668	1859.8306666666667	6.0	[-8.999977111816406, 0.9808881878852844, -6.999977111816406, -1.0191118717193604]	3.141592653589793	R
1861.198	2.673000000000002	trials	1862.8130666666666	1862.8140666666666	5.0	[-6.645581245422363, -4.668104648590088, -4.645581245422363, -6.668104648590088]	-2.356194490192345	R
1864.122	2.4769999999998618	trials	1865.5308333333332	1865.5318333333332	2.0	[6.999997615814209, 1.0063706636428833, 8.99999713897705, -0.9936293959617615]	0.0	R
1866.851	2.8719999999998436	trials	1868.415	1868.416	1.0	[4.654601573944092, 6.659106254577637, 6.654601573944092, 4.659106254577637]	0.7853981633974483	R
1869.975	2.7650000000001	trials	1871.6069	1871.6079	4.0	[-0.987258791923523, -6.999989986419678, 1.012741208076477, -8.99998950958252]	-1.5707963267948966	R
1872.991	2.383000000000038	trials	1874.2524666666666	1874.2534666666666	3.0	[4.663607120513916, -4.650093078613281, 6.663607120513916, -6.650093078613281]	-0.7853981633974483	R
1875.626	3.4349999999999454	trials	1877.9406333333334	1877.9416333333334	6.0	[4.663607120513916, -4.650093078613281, 6.663607120513916, -6.650093078613281]	3.141592653589793	R
1879.313	3.1499999999998636	trials	1881.3892	1881.3902	7.0	[-6.672598838806152, 6.64106559753418, -4.672598838806152, 4.64106559753418]	2.356194490192345	R
1882.714	2.4139999999999873	trials	1884.2352666666666	1884.2362666666668	3.0	[4.663607120513916, -4.650093078613281, 6.663607120513916, -6.650093078613281]	-0.7853981633974483	I
1885.38	28.51599999999985	trials	1912.7771	1912.7781	0.0	[-1.0, 9.0, 1.0, 7.0]	1.5707963267948966	R
1914.148	3.591000000000122	trials	1916.5655	1916.5665333333334	5.0	[-6.645581245422363, -4.668104648590088, -4.645581245422363, -6.668104648590088]	-2.356194490192345	R
1917.991	2.4780000000000655	trials	1919.3394	1919.3404	1.0	[4.654601573944092, 6.659106254577637, 6.654601573944092, 4.659106254577637]	0.7853981633974483	R
1920.721	3.563000000000102	trials	1923.1187666666667	1923.1198	2.0	[6.999997615814209, 1.0063706636428833, 8.99999713897705, -0.9936293959617615]	0.0	R
1924.535	3.752999999999929	trials	1927.1989	1927.1999	4.0	[-0.987258791923523, -6.999989986419678, 1.012741208076477, -8.99998950958252]	-1.5707963267948966	R
1928.539	2.7670000000000528	trials	1930.2615333333333	1930.2625333333333	5.0	[-0.987258791923523, -6.999989986419678, 1.012741208076477, -8.99998950958252]	-2.356194490192345	R
1931.558	2.913000000000011	trials	1933.4153333333334	1933.4163333333333	3.0	[4.663607120513916, -4.650093078613281, 6.663607120513916, -6.650093078613281]	-0.7853981633974483	R
1934.723	3.0109999999999673	trials	1936.6894666666667	1936.6904666666667	4.0	[-0.987258791923523, -6.999989986419678, 1.012741208076477, -8.99998950958252]	-1.5707963267948966	R
1937.986	3.0659999999998035	trials	1939.9305333333334	1939.9315333333334	7.0	[-6.672598838806152, 6.64106559753418, -4.672598838806152, 4.64106559753418]	2.356194490192345	R
1941.304	1.3360000000000127	trials				[NaN, NaN, NaN, NaN]		A
1942.892	0.2980000000000018	trials				[NaN, NaN, NaN, NaN]		A
1943.441	0.17899999999985994	trials				[NaN, NaN, NaN, NaN]		A
1943.871	4.265999999999849	trials	1946.9489333333333	1946.9499333333333	1.0	[4.654601573944092, 6.659106254577637, 6.654601573944092, 4.659106254577637]	0.7853981633974483	R
1948.389	2.560000000000173	trials	1949.8792333333333	1949.8802	3.0	[4.654601573944092, 6.659106254577637, 6.654601573944092, 4.659106254577637]	-0.7853981633974483	R
1951.2	2.313999999999851	trials	1952.3904666666667	1952.3914666666667	7.0	[-6.672598838806152, 6.64106559753418, -4.672598838806152, 4.64106559753418]	2.356194490192345	R
1953.766	3.3539999999998145	trials	1955.9553	1955.9563	6.0	[-8.999977111816406, 0.9808881878852844, -6.999977111816406, -1.0191118717193604]	3.141592653589793	R
1957.372	2.574999999999818	trials	1958.9226666666666	1958.9236666666666	4.0	[-0.987258791923523, -6.999989986419678, 1.012741208076477, -8.99998950958252]	-1.5707963267948966	R
1960.199	2.8859999999999673	trials	1961.9421666666667	1961.9431666666667	1.0	[4.654601573944092, 6.659106254577637, 6.654601573944092, 4.659106254577637]	0.7853981633974483	R
1963.337	3.04300000000012	trials	1965.3426	1965.3436	5.0	[-6.645581245422363, -4.668104648590088, -4.645581245422363, -6.668104648590088]	-2.356194490192345	R
1966.632	78.38099999999986	trials	2043.6029	2043.6039	0.0	[-1.0, 9.0, 1.0, 7.0]	1.5707963267948966	R
2045.265	3.4259999999997035	trials	2047.5998	2047.6008	2.0	[6.999997615814209, 1.0063706636428833, 8.99999713897705, -0.9936293959617615]	0.0	R
2048.943	2.6349999999997635	trials	2050.3977333333332	2050.3987666666667	1.0	[6.999997615814209, 1.0063706636428833, 8.99999713897705, -0.9936293959617615]	0.7853981633974483	R
2051.829	2.4179999999996653	trials	2053.5947	2053.5957	2.0	[6.999997615814209, 1.0063706636428833, 8.99999713897705, -0.9936293959617615]	0.0	I
2054.499	3.0670000000000073	trials	2056.4578	2056.4588	5.0	[-6.645581245422363, -4.668104648590088, -4.645581245422363, -6.668104648590088]	-2.356194490192345	R
2057.817	2.407000000000153	trials	2059.1204	2059.1214	3.0	[4.663607120513916, -4.650093078613281, 6.663607120513916, -6.650093078613281]	-0.7853981633974483	R
2060.476	2.632999999999811	trials	2061.9654666666665	2061.9664666666667	0.0	[-1.0, 9.0, 1.0, 7.0]	1.5707963267948966	R
2063.361	3.22400000000016	trials	2065.4461	2065.4471	6.0	[-8.999977111816406, 0.9808881878852844, -6.999977111816406, -1.0191118717193604]	3.141592653589793	R
2066.837	2.8020000000001346	trials	2068.469633333333	2068.4706333333334	7.0	[-6.672598838806152, 6.64106559753418, -4.672598838806152, 4.64106559753418]	2.356194490192345	R
2069.89	3.2160000000003492	trials	2072.0725666666667	2072.0735666666665	4.0	[-0.987258791923523, -6.999989986419678, 1.012741208076477, -8.99998950958252]	-1.5707963267948966	R
2073.358	2.69399999999996	trials	2074.9747666666667	2074.9757666666665	2.0	[-0.987258791923523, -6.999989986419678, 1.012741208076477, -8.99998950958252]	0.0	R
2076.304	2.44399999999996	trials	2077.5772333333334	2077.578233333333	1.0	[4.654601573944092, 6.659106254577637, 6.654601573944092, 4.659106254577637]	0.7853981633974483	R
2079.0	3.1289999999999054	trials	2081.0288	2081.0298	5.0	[-6.645581245422363, -4.668104648590088, -4.645581245422363, -6.668104648590088]	-2.356194490192345	R
2082.38	2.2529999999997017	trials	2083.9049333333332	2083.9059333333335	7.0	[-6.672598838806152, 6.64106559753418, -4.672598838806152, 4.64106559753418]	2.356194490192345	I
2084.884	3.9789999999998145	trials	2087.8196666666668	2087.8206666666665	6.0	[-8.999977111816406, 0.9808881878852844, -6.999977111816406, -1.0191118717193604]	3.141592653589793	R
2089.115	2.744000000000142	trials	2090.7108333333335	2090.7118333333333	3.0	[4.663607120513916, -4.650093078613281, 6.663607120513916, -6.650093078613281]	-0.7853981633974483	R
2092.11	2.868999999999687	trials	2093.9268	2093.927833333333	4.0	[-0.987258791923523, -6.999989986419678, 1.012741208076477, -8.99998950958252]	-1.5707963267948966	R
2095.231	2.662999999999556	trials	2096.7698666666665	2096.7708666666667	0.0	[-1.0, 9.0, 1.0, 7.0]	1.5707963267948966	R
2098.145	2.530999999999949	trials	2099.426466666667	2099.4274666666665	0.0	[-1.0, 9.0, 1.0, 7.0]	1.5707963267948966	R
2100.927	2.536999999999807	trials	2102.287566666667	2102.2885666666666	4.0	[-0.987258791923523, -6.999989986419678, 1.012741208076477, -8.99998950958252]	-1.5707963267948966	R
2103.715	2.7849999999998545	trials	2105.4313666666667	2105.4323666666664	2.0	[6.999997615814209, 1.0063706636428833, 8.99999713897705, -0.9936293959617615]	0.0	R
2106.752	2.3760000000002037	trials	2108.390733333333	2108.3917333333334	5.0	[-6.645581245422363, -4.668104648590088, -4.645581245422363, -6.668104648590088]	-2.356194490192345	I
2109.379	53.914000000000215	trials	2161.9276333333332	2161.9286333333334	1.0	[4.654601573944092, 6.659106254577637, 6.654601573944092, 4.659106254577637]	0.7853981633974483	R
2163.545	3.056999999999789	trials	2165.7832	2165.7842	7.0	[-6.672598838806152, 6.64106559753418, -4.672598838806152, 4.64106559753418]	2.356194490192345	I
2166.854	4.369000000000142	trials	2170.1620666666668	2170.1630666666665	3.0	[4.663607120513916, -4.650093078613281, 6.663607120513916, -6.650093078613281]	-0.7853981633974483	R
2171.474	2.694999999999709	trials	2172.861766666667	2172.8627666666666	6.0	[-8.999977111816406, 0.9808881878852844, -6.999977111816406, -1.0191118717193604]	3.141592653589793	R
2174.421	3.3040000000000873	trials	2176.5940333333333	2176.5950333333335	3.0	[-8.999977111816406, 0.9808881878852844, -6.999977111816406, -1.0191118717193604]	-0.7853981633974483	R
2177.976	51.03899999999976	trials	2227.6147	2227.6157	7.0	[-6.672598838806152, 6.64106559753418, -4.672598838806152, 4.64106559753418]	2.356194490192345	R
2229.267	2.6920000000000073	trials	2230.8226666666665	2230.8236666666667	5.0	[-6.645581245422363, -4.668104648590088, -4.645581245422363, -6.668104648590088]	-2.356194490192345	R
2232.211	0.7660000000000764	trials				[NaN, NaN, NaN, NaN]		A
2233.229	2.18100000000004	trials	2234.2541666666666	2234.255166666667	0.0	[-1.0, 9.0, 1.0, 7.0]	1.5707963267948966	R
2235.662	3.104000000000269	trials	2237.7127666666665	2237.7137666666667	4.0	[-0.987258791923523, -6.999989986419678, 1.012741208076477, -8.99998950958252]	-1.5707963267948966	R
2239.018	2.5790000000001783	trials	2240.4455333333335	2240.4465666666665	6.0	[-8.999977111816406, 0.9808881878852844, -6.999977111816406, -1.0191118717193604]	3.141592653589793	R
2241.849	2.4849999999996726	trials	2243.134233333333	2243.1352333333334	1.0	[4.654601573944092, 6.659106254577637, 6.654601573944092, 4.659106254577637]	0.7853981633974483	R
2244.586	0.8670000000001892	trials				[NaN, NaN, NaN, NaN]		A
2245.705	2.6660000000001673	trials	2247.202333333333	2247.2033333333334	1.0	[4.654601573944092, 6.659106254577637, 6.654601573944092, 4.659106254577637]	0.7853981633974483	R
2248.623	2.7150000000001455	trials	2250.1306	2250.1316	6.0	[-8.999977111816406, 0.9808881878852844, -6.999977111816406, -1.0191118717193604]	3.141592653589793	R
2251.589	2.9459999999999127	trials	2253.371633333333	2253.3726333333334	0.0	[-1.0, 9.0, 1.0, 7.0]	1.5707963267948966	R
2254.786	2.5659999999998035	trials	2256.1685666666667	2256.1696	2.0	[6.999997615814209, 1.0063706636428833, 8.99999713897705, -0.9936293959617615]	0.0	R
2257.603	3.380999999999858	trials	2259.9439666666667	2259.9449666666665	3.0	[4.663607120513916, -4.650093078613281, 6.663607120513916, -6.650093078613281]	-0.7853981633974483	R
2261.235	3.587999999999738	trials	2263.5208333333335	2263.5218333333332	5.0	[-6.645581245422363, -4.668104648590088, -4.645581245422363, -6.668104648590088]	-2.356194490192345	R
2265.075	2.606999999999971	trials	2266.7017333333333	2266.7027333333335	4.0	[-0.987258791923523, -6.999989986419678, 1.012741208076477, -8.99998950958252]	-1.5707963267948966	R
2267.934	2.9159999999997126	trials	2269.6781333333333	2269.6791333333335	0.0	[-0.987258791923523, -6.999989986419678, 1.012741208076477, -8.99998950958252]	1.5707963267948966	R
2271.102	3.3530000000000655	trials	2273.238966666667	2273.2399666666665	2.0	[6.999997615814209, 1.0063706636428833, 8.99999713897705, -0.9936293959617615]	0.0	R
2274.707	3.3400000000001455	trials	2276.982266666667	2276.9832666666666	4.0	[-0.987258791923523, -6.999989986419678, 1.012741208076477, -8.99998950958252]	-1.5707963267948966	R
2278.299	3.0570000000002437	trials	2280.1651666666667	2280.166166666667	3.0	[4.663607120513916, -4.650093078613281, 6.663607120513916, -6.650093078613281]	-0.7853981633974483	R
2281.608	2.9659999999998945	trials	2283.426266666667	2283.4272666666666	6.0	[-8.999977111816406, 0.9808881878852844, -6.999977111816406, -1.0191118717193604]	3.141592653589793	R
2284.826	2.6019999999998618	trials	2286.1851	2286.1861	1.0	[4.654601573944092, 6.659106254577637, 6.654601573944092, 4.659106254577637]	0.7853981633974483	R
2287.68	3.298000000000229	trials	2289.822133333333	2289.8231333333333	7.0	[-6.672598838806152, 6.64106559753418, -4.672598838806152, 4.64106559753418]	2.356194490192345	R
2291.23	1.0679999999997563	trials				[NaN, NaN, NaN, NaN]		A
2292.55	1.9659999999998945	trials	2293.394	2293.395	5.0	[-6.645581245422363, -4.668104648590088, -4.645581245422363, -6.668104648590088]	-2.356194490192345	R
2294.767	2.8730000000000473	trials	2296.5478333333335	2296.5488333333333	2.0	[6.999997615814209, 1.0063706636428833, 8.99999713897705, -0.9936293959617615]	0.0	R
2297.891	3.2829999999999018	trials	2300.0355	2300.0365	4.0	[-0.987258791923523, -6.999989986419678, 1.012741208076477, -8.99998950958252]	-1.5707963267948966	R
2301.426	2.630999999999858	trials	2302.9838	2302.9848	6.0	[-8.999977111816406, 0.9808881878852844, -6.999977111816406, -1.0191118717193604]	3.141592653589793	R
2304.309	0.8159999999998035	trials				[NaN, NaN, NaN, NaN]		A
2305.377	0.3769999999999527	trials				[NaN, NaN, NaN, NaN]		A
2306.005	0.2539999999999054	trials				[NaN, NaN, NaN, NaN]		A
2306.511	25.208999999999833	trials	2330.4961	2330.4971	1.0	[4.654601573944092, 6.659106254577637, 6.654601573944092, 4.659106254577637]	0.7853981633974483	R
2331.972	3.188999999999851	trials	2334.071966666667	2334.073	5.0	[4.654601573944092, 6.659106254577637, 6.654601573944092, 4.659106254577637]	-2.356194490192345	R
2335.412	3.6790000000000873	trials	2337.8804333333333	2337.8814333333335	2.0	[6.999997615814209, 1.0063706636428833, 8.99999713897705, -0.9936293959617615]	0.0	R
2339.343	2.6890000000003056	trials	2340.5992	2340.6002	7.0	[-6.672598838806152, 6.64106559753418, -4.672598838806152, 4.64106559753418]	2.356194490192345	R
2342.283	2.63799999999992	trials	2343.774066666667	2343.7750666666666	3.0	[4.663607120513916, -4.650093078613281, 6.663607120513916, -6.650093078613281]	-0.7853981633974483	R
2345.173	2.875	trials	2346.8807666666667	2346.8818	1.0	[4.654601573944092, 6.659106254577637, 6.654601573944092, 4.659106254577637]	0.7853981633974483	R
2348.299	3.2660000000000764	trials	2350.4346	2350.4356	0.0	[-1.0, 9.0, 1.0, 7.0]	1.5707963267948966	R
2351.817	2.51299999999992	trials	2353.100233333333	2353.1012333333333	6.0	[-8.999977111816406, 0.9808881878852844, -6.999977111816406, -1.0191118717193604]	3.141592653589793	R
2354.582	2.56899999999996	trials	2356.0154666666667	2356.0164666666665	4.0	[-0.987258791923523, -6.999989986419678, 1.012741208076477, -8.99998950958252]	-1.5707963267948966	R
2357.403	2.4840000000003783	trials	2358.8304333333335	2358.8314666666665	5.0	[-0.987258791923523, -6.999989986419678, 1.012741208076477, -8.99998950958252]	-2.356194490192345	R
2360.139	2.6659999999997126	trials	2361.689533333333	2361.6905333333334	6.0	[-8.999977111816406, 0.9808881878852844, -6.999977111816406, -1.0191118717193604]	3.141592653589793	R
2363.057	3.2850000000003092	trials	2365.2644333333333	2365.2654333333335	2.0	[6.999997615814209, 1.0063706636428833, 8.99999713897705, -0.9936293959617615]	0.0	R
2366.594	2.9279999999998836	trials	2368.3861666666667	2368.387166666667	3.0	[4.663607120513916, -4.650093078613281, 6.663607120513916, -6.650093078613281]	-0.7853981633974483	R
2369.774	3.2890000000002146	trials	2371.9771	2371.9781	4.0	[-0.987258791923523, -6.999989986419678, 1.012741208076477, -8.99998950958252]	-1.5707963267948966	R
2373.314	2.9470000000001164	trials	2375.1008333333334	2375.101833333333	0.0	[-1.0, 9.0, 1.0, 7.0]	1.5707963267948966	R
2376.512	3.5739999999996144	trials	2378.9614333333334	2378.962433333333	7.0	[-6.672598838806152, 6.64106559753418, -4.672598838806152, 4.64106559753418]	2.356194490192345	R
2380.338	3.457999999999629	trials	2382.5363	2382.5373	1.0	[4.654601573944092, 6.659106254577637, 6.654601573944092, 4.659106254577637]	0.7853981633974483	R
2384.048	3.0710000000003674	trials	2385.8395	2385.8405	4.0	[4.654601573944092, 6.659106254577637, 6.654601573944092, 4.659106254577637]	-1.5707963267948966	R
2387.37	2.561999999999898	trials	2388.8499666666667	2388.850966666667	2.0	[6.999997615814209, 1.0063706636428833, 8.99999713897705, -0.9936293959617615]	0.0	R
2390.183	2.063999999999851	trials	2391.4694666666664	2391.4704666666667	0.0	[-1.0, 9.0, 1.0, 7.0]	1.5707963267948966	I
2392.499	2.6470000000003893	trials	2394.0509	2394.0519	7.0	[-6.672598838806152, 6.64106559753418, -4.672598838806152, 4.64106559753418]	2.356194490192345	R
2395.397	3.0590000000001965	trials	2397.3420666666666	2397.343066666667	5.0	[-6.645581245422363, -4.668104648590088, -4.645581245422363, -6.668104648590088]	-2.356194490192345	R
2398.707	3.4270000000001346	trials	2400.8668	2400.8678	1.0	[4.654601573944092, 6.659106254577637, 6.654601573944092, 4.659106254577637]	0.7853981633974483	R
2402.386	2.494000000000142	trials	2403.7168666666666	2403.717866666667	3.0	[4.663607120513916, -4.650093078613281, 6.663607120513916, -6.650093078613281]	-0.7853981633974483	R
2405.131	2.617000000000189	trials	2406.5018	2406.5028	6.0	[-8.999977111816406, 0.9808881878852844, -6.999977111816406, -1.0191118717193604]	3.141592653589793	R
2408.0	3.2220000000002074	trials	2410.0476	2410.0486	7.0	[-8.999977111816406, 0.9808881878852844, -6.999977111816406, -1.0191118717193604]	2.356194490192345	R
2411.473	2.688000000000102	trials	2413.002933333333	2413.0039333333334	1.0	[4.654601573944092, 6.659106254577637, 6.654601573944092, 4.659106254577637]	0.7853981633974483	R
2414.412	2.798999999999978	trials	2416.1246666666666	2416.1257	2.0	[6.999997615814209, 1.0063706636428833, 8.99999713897705, -0.9936293959617615]	0.0	R
2417.463	2.44399999999996	trials	2418.742166666667	2418.7432	6.0	[-8.999977111816406, 0.9808881878852844, -6.999977111816406, -1.0191118717193604]	3.141592653589793	R
2420.159	2.382000000000062	trials	2421.466933333333	2421.4679333333333	3.0	[4.663607120513916, -4.650093078613281, 6.663607120513916, -6.650093078613281]	-0.7853981633974483	R
2422.792	2.21100000000024	trials	2423.9491	2423.9501	4.0	[-0.987258791923523, -6.999989986419678, 1.012741208076477, -8.99998950958252]	-1.5707963267948966	R
2425.254	2.6840000000001965	trials	2426.8723666666665	2426.8733666666667	5.0	[-6.645581245422363, -4.668104648590088, -4.645581245422363, -6.668104648590088]	-2.356194490192345	R
2428.19	3.106999999999971	trials	2430.1906	2430.1916	0.0	[-1.0, 9.0, 1.0, 7.0]	1.5707963267948966	R
2431.549	0.7229999999999563	trials				[NaN, NaN, NaN, NaN]		A
2432.523	0.2739999999998872	trials				[NaN, NaN, NaN, NaN]		A
2433.049	55.715000000000146	trials	2487.5921	2487.5931	0.0	[-1.0, 9.0, 1.0, 7.0]	1.5707963267948966	R
2489.016	3.701000000000022	trials	2491.5880333333334	2491.589033333333	2.0	[6.999997615814209, 1.0063706636428833, 8.99999713897705, -0.9936293959617615]	0.0	R
2492.968	2.4160000000001673	trials	2494.2727	2494.2737	3.0	[4.663607120513916, -4.650093078613281, 6.663607120513916, -6.650093078613281]	-0.7853981633974483	R
2495.636	2.3160000000002583	trials	2496.7428333333332	2496.7438333333334	1.0	[4.654601573944092, 6.659106254577637, 6.654601573944092, 4.659106254577637]	0.7853981633974483	R
2498.203	2.257000000000062	trials	2499.413466666667	2499.4144666666666	5.0	[-6.645581245422363, -4.668104648590088, -4.645581245422363, -6.668104648590088]	-2.356194490192345	R
2500.712	3.0239999999998872	trials	2502.6685333333335	2502.669533333333	6.0	[-8.999977111816406, 0.9808881878852844, -6.999977111816406, -1.0191118717193604]	3.141592653589793	R
2503.988	2.4280000000003383	trials	2505.303066666667	2505.3040666666666	7.0	[-8.999977111816406, 0.9808881878852844, -6.999977111816406, -1.0191118717193604]	2.356194490192345	R
2506.667	2.463000000000193	trials	2508.0228333333334	2508.023833333333	6.0	[-8.999977111816406, 0.9808881878852844, -6.999977111816406, -1.0191118717193604]	3.141592653589793	R
2509.381	3.6269999999999527	trials	2511.9355333333333	2511.9365333333335	5.0	[-6.645581245422363, -4.668104648590088, -4.645581245422363, -6.668104648590088]	-2.356194490192345	R
2513.26	2.962999999999738	trials	2515.2026666666666	2515.203666666667	4.0	[-0.987258791923523, -6.999989986419678, 1.012741208076477, -8.99998950958252]	-1.5707963267948966	R
2516.475	3.269999999999982	trials	2518.6221333333333	2518.6231333333335	1.0	[4.654601573944092, 6.659106254577637, 6.654601573944092, 4.659106254577637]	0.7853981633974483	R
2519.997	2.2150000000001455	trials	2521.1143333333334	2521.115333333333	3.0	[4.663607120513916, -4.650093078613281, 6.663607120513916, -6.650093078613281]	-0.7853981633974483	R
2522.464	3.525000000000091	trials	2524.8536	2524.8546	2.0	[6.999997615814209, 1.0063706636428833, 8.99999713897705, -0.9936293959617615]	0.0	R
2526.241	3.2040000000001783	trials	2528.1879	2528.1889	0.0	[-1.0, 9.0, 1.0, 7.0]	1.5707963267948966	R
2529.697	2.98700000000008	trials	2531.451	2531.452	6.0	[-1.0, 9.0, 1.0, 7.0]	3.141592653589793	R
2532.936	2.911000000000058	trials	2534.6078333333335	2534.608833333333	5.0	[-6.645581245422363, -4.668104648590088, -4.645581245422363, -6.668104648590088]	-2.356194490192345	R
2536.099	2.5229999999996835	trials	2537.4749333333334	2537.475933333333	7.0	[-6.672598838806152, 6.64106559753418, -4.672598838806152, 4.64106559753418]	2.356194490192345	R
2538.873	2.617999999999938	trials	2540.3952	2540.3962	2.0	[6.999997615814209, 1.0063706636428833, 8.99999713897705, -0.9936293959617615]	0.0	R
2541.743	2.8789999999999054	trials	2543.474833333333	2543.4758333333334	1.0	[4.654601573944092, 6.659106254577637, 6.654601573944092, 4.659106254577637]	0.7853981633974483	R
2544.873	2.688000000000102	trials	2546.5264	2546.527433333333	3.0	[4.663607120513916, -4.650093078613281, 6.663607120513916, -6.650093078613281]	-0.7853981633974483	R
2547.813	2.8479999999999563	trials	2549.4948	2549.4958	0.0	[-1.0, 9.0, 1.0, 7.0]	1.5707963267948966	R
2550.912	2.4950000000003456	trials	2552.399	2552.4	4.0	[-0.987258791923523, -6.999989986419678, 1.012741208076477, -8.99998950958252]	-1.5707963267948966	R
2553.659	3.1549999999997453	trials	2555.7804	2555.7814	4.0	[-0.987258791923523, -6.999989986419678, 1.012741208076477, -8.99998950958252]	-1.5707963267948966	R
2557.066	2.868000000000393	trials	2558.8831	2558.8841	2.0	[6.999997615814209, 1.0063706636428833, 8.99999713897705, -0.9936293959617615]	0.0	R
2560.185	2.755999999999858	trials	2561.6249	2561.6259	1.0	[4.654601573944092, 6.659106254577637, 6.654601573944092, 4.659106254577637]	0.7853981633974483	R
2563.193	2.8739999999997963	trials	2564.9832333333334	2564.984233333333	3.0	[4.663607120513916, -4.650093078613281, 6.663607120513916, -6.650093078613281]	-0.7853981633974483	R
2566.319	52.1550000000002	trials	2617.4084	2617.4094	6.0	[-8.999977111816406, 0.9808881878852844, -6.999977111816406, -1.0191118717193604]	3.141592653589793	R
2618.726	2.449999999999818	trials	2620.2955666666667	2620.296566666667	0.0	[-1.0, 9.0, 1.0, 7.0]	1.5707963267948966	I
2621.427	1.2970000000000255	trials				[NaN, NaN, NaN, NaN]		A
2622.975	1.974999999999909	trials	2623.7090333333335	2623.7100333333333	7.0	[-6.672598838806152, 6.64106559753418, -4.672598838806152, 4.64106559753418]	2.356194490192345	R
2625.202	1.8959999999997308	trials				[NaN, NaN, NaN, NaN]		A
2627.35	1.7420000000001892	trials	2627.978633333333	2627.9796333333334	4.0	[-0.987258791923523, -6.999989986419678, 1.012741208076477, -8.99998950958252]	-1.5707963267948966	R
2629.344	2.949000000000069	trials	2631.180566666667	2631.1815666666666	3.0	[4.663607120513916, -4.650093078613281, 6.663607120513916, -6.650093078613281]	-0.7853981633974483	R
2632.545	3.3669999999997344	trials	2634.7524333333336	2634.7534333333333	6.0	[-8.999977111816406, 0.9808881878852844, -6.999977111816406, -1.0191118717193604]	3.141592653589793	R
2636.164	2.5539999999996326	trials	2637.663666666667	2637.6646666666666	5.0	[-6.645581245422363, -4.668104648590088, -4.645581245422363, -6.668104648590088]	-2.356194490192345	R
2638.97	2.367000000000189	trials	2640.1578666666665	2640.1588666666667	0.0	[-1.0, 9.0, 1.0, 7.0]	1.5707963267948966	R
2641.588	3.092999999999847	trials	2643.223466666667	2643.2244666666666	7.0	[-6.672598838806152, 6.64106559753418, -4.672598838806152, 4.64106559753418]	2.356194490192345	R
2644.933	2.630000000000109	trials	2646.2750333333333	2646.276066666667	1.0	[4.654601573944092, 6.659106254577637, 6.654601573944092, 4.659106254577637]	0.7853981633974483	R
2647.815	3.05600000000004	trials	2649.748666666667	2649.7496666666666	0.0	[4.654601573944092, 6.659106254577637, 6.654601573944092, 4.659106254577637]	1.5707963267948966	R
2651.123	3.3049999999998363	trials	2653.244366666667	2653.2453666666665	5.0	[-6.645581245422363, -4.668104648590088, -4.645581245422363, -6.668104648590088]	-2.356194490192345	R
2654.68	0.805000000000291	trials				[NaN, NaN, NaN, NaN]		A
2655.737	0.250999999999749	trials				[NaN, NaN, NaN, NaN]		A
2656.24	38.09700000000021	trials				[NaN, NaN, NaN, NaN]		A
2694.589	0.6559999999999491	trials				[NaN, NaN, NaN, NaN]		A
2695.496	0.38200000000006185	trials				[NaN, NaN, NaN, NaN]		A
2696.13	1.7049999999999272	trials	2696.7363333333333	2696.7373333333335	2.0	[6.999997615814209, 1.0063706636428833, 8.99999713897705, -0.9936293959617615]	0.0	R
2698.087	3.1089999999999236	trials	2700.1087	2700.1097	4.0	[6.999997615814209, 1.0063706636428833, 8.99999713897705, -0.9936293959617615]	-1.5707963267948966	R
2701.448	3.269000000000233	trials	2703.5452333333333	2703.5462333333335	6.0	[-8.999977111816406, 0.9808881878852844, -6.999977111816406, -1.0191118717193604]	3.141592653589793	R
2704.969	3.163000000000011	trials	2706.9998	2707.0008	5.0	[-6.645581245422363, -4.668104648590088, -4.645581245422363, -6.668104648590088]	-2.356194490192345	R
2708.383	2.6660000000001673	trials	2709.8679333333334	2709.868933333333	0.0	[-1.0, 9.0, 1.0, 7.0]	1.5707963267948966	R
2711.3	2.718999999999596	trials	2712.8132333333333	2712.8142333333335	1.0	[4.654601573944092, 6.659106254577637, 6.654601573944092, 4.659106254577637]	0.7853981633974483	R
2714.271	2.6349999999997635	trials	2715.7615666666666	2715.7625666666668	3.0	[4.663607120513916, -4.650093078613281, 6.663607120513916, -6.650093078613281]	-0.7853981633974483	R
2717.158	2.4890000000000327	trials	2718.4763	2718.4773	7.0	[-6.672598838806152, 6.64106559753418, -4.672598838806152, 4.64106559753418]	2.356194490192345	R
2719.899	3.4590000000002874	trials	2722.235633333333	2722.2366333333334	2.0	[6.999997615814209, 1.0063706636428833, 8.99999713897705, -0.9936293959617615]	0.0	R
2723.61	0.9699999999997999	trials				[NaN, NaN, NaN, NaN]		A
2724.832	1.9100000000003092	trials	2725.6140333333333	2725.6150333333335	5.0	[-6.645581245422363, -4.668104648590088, -4.645581245422363, -6.668104648590088]	-2.356194490192345	R
2726.993	2.8400000000001455	trials	2728.6806333333334	2728.681633333333	3.0	[4.663607120513916, -4.650093078613281, 6.663607120513916, -6.650093078613281]	-0.7853981633974483	R
2730.084	2.661000000000058	trials	2731.4415	2731.4425	7.0	[-6.672598838806152, 6.64106559753418, -4.672598838806152, 4.64106559753418]	2.356194490192345	R
2732.996	2.7100000000000364	trials	2734.9121	2734.9131	2.0	[6.999997615814209, 1.0063706636428833, 8.99999713897705, -0.9936293959617615]	0.0	I
2735.958	3.7519999999999527	trials	2738.4198	2738.4208	0.0	[-1.0, 9.0, 1.0, 7.0]	1.5707963267948966	R
2739.962	3.1840000000001965	trials	2742.0959333333335	2742.0969333333333	6.0	[-8.999977111816406, 0.9808881878852844, -6.999977111816406, -1.0191118717193604]	3.141592653589793	R
2743.397	2.8330000000000837	trials	2745.5084	2745.5094	1.0	[4.654601573944092, 6.659106254577637, 6.654601573944092, 4.659106254577637]	0.7853981633974483	I
2746.482	3.1970000000001164	trials	2748.5028333333335	2748.503833333333	4.0	[4.654601573944092, 6.659106254577637, 6.654601573944092, 4.659106254577637]	-1.5707963267948966	R
2749.93	3.3070000000002437	trials	2752.1609333333336	2752.1619333333333	6.0	[-8.999977111816406, 0.9808881878852844, -6.999977111816406, -1.0191118717193604]	3.141592653589793	R
2753.488	3.125	trials	2755.4541	2755.4551	3.0	[4.663607120513916, -4.650093078613281, 6.663607120513916, -6.650093078613281]	-0.7853981633974483	R
2756.865	3.0780000000004293	trials	2758.8324666666667	2758.8335	5.0	[-6.645581245422363, -4.668104648590088, -4.645581245422363, -6.668104648590088]	-2.356194490192345	R
2760.195	3.02599999999984	trials	2762.0675	2762.068533333333	0.0	[-1.0, 9.0, 1.0, 7.0]	1.5707963267948966	R
2763.473	2.994000000000142	trials	2765.394766666667	2765.3957666666665	2.0	[6.999997615814209, 1.0063706636428833, 8.99999713897705, -0.9936293959617615]	0.0	R
2766.719	2.5219999999999345	trials	2768.0283	2768.0293	7.0	[-6.672598838806152, 6.64106559753418, -4.672598838806152, 4.64106559753418]	2.356194490192345	R
2769.493	3.650000000000091	trials				[NaN, NaN, NaN, NaN]		A
2773.395	38.322000000000116	trials	2810.336333333333	2810.3373333333334	7.0	[4.654601573944092, 6.659106254577637, 6.654601573944092, 4.659106254577637]	2.356194490192345	R
2811.968	3.100000000000364	trials	2814.0124666666666	2814.013466666667	5.0	[-6.645581245422363, -4.668104648590088, -4.645581245422363, -6.668104648590088]	-2.356194490192345	R
2815.32	0.9989999999997963	trials				[NaN, NaN, NaN, NaN]		A
2816.571	1.6210000000000946	trials	2817.1873666666665	2817.1883666666668	6.0	[-8.999977111816406, 0.9808881878852844, -6.999977111816406, -1.0191118717193604]	3.141592653589793	F
2818.443	2.174999999999727	trials	2819.6133666666665	2819.6143666666667	3.0	[4.663607120513916, -4.650093078613281, 6.663607120513916, -6.650093078613281]	-0.7853981633974483	F
2820.869	1.9229999999997744	trials	2821.787766666667	2821.7887666666666	2.0	[6.999997615814209, 1.0063706636428833, 8.99999713897705, -0.9936293959617615]	0.0	F
2823.044	0.5300000000002001	trials				[NaN, NaN, NaN, NaN]		A
2823.826	6.471999999999753	trials	2829.0919	2829.0929	1.0	[4.654601573944092, 6.659106254577637, 6.654601573944092, 4.659106254577637]	0.7853981633974483	R
2830.55	0.7590000000000146	trials				[NaN, NaN, NaN, NaN]		A
2831.561	2.1709999999998217	trials	2832.6577666666667	2832.6587666666665	4.0	[-0.987258791923523, -6.999989986419678, 1.012741208076477, -8.99998950958252]	-1.5707963267948966	R
2833.984	2.9470000000001164	trials	2835.6231333333335	2835.6241333333332	2.0	[6.999997615814209, 1.0063706636428833, 8.99999713897705, -0.9936293959617615]	0.0	R
2837.183	2.4699999999998	trials	2838.5363666666667	2838.5373666666665	5.0	[-6.645581245422363, -4.668104648590088, -4.645581245422363, -6.668104648590088]	-2.356194490192345	R
2839.905	2.4979999999995925	trials	2841.2831666666666	2841.284166666667	3.0	[4.663607120513916, -4.650093078613281, 6.663607120513916, -6.650093078613281]	-0.7853981633974483	R
2842.655	2.707999999999629	trials	2843.9979	2843.9989333333333	7.0	[-6.672598838806152, 6.64106559753418, -4.672598838806152, 4.64106559753418]	2.356194490192345	R
2845.615	38.93600000000015	trials	2883.355633333333	2883.3566333333333	1.0	[4.654601573944092, 6.659106254577637, 6.654601573944092, 4.659106254577637]	0.7853981633974483	R
2884.802	3.0599999999999454	trials	2886.7991666666667	2886.800166666667	6.0	[-8.999977111816406, 0.9808881878852844, -6.999977111816406, -1.0191118717193604]	3.141592653589793	R
2888.113	2.994000000000142	trials	2890.0843333333332	2890.0853333333334	5.0	[-8.999977111816406, 0.9808881878852844, -6.999977111816406, -1.0191118717193604]	-2.356194490192345	R
2891.358	3.2359999999998763	trials	2893.5178333333333	2893.518866666667	1.0	[4.654601573944092, 6.659106254577637, 6.654601573944092, 4.659106254577637]	0.7853981633974483	R
2894.845	4.778000000000247	trials	2898.3719	2898.3729	0.0	[-1.0, 9.0, 1.0, 7.0]	1.5707963267948966	R
2899.875	3.5579999999999927	trials	2902.0129333333334	2902.013933333333	7.0	[-6.672598838806152, 6.64106559753418, -4.672598838806152, 4.64106559753418]	2.356194490192345	R
2903.685	3.0460000000002765	trials	2905.674033333333	2905.6750333333334	4.0	[-0.987258791923523, -6.999989986419678, 1.012741208076477, -8.99998950958252]	-1.5707963267948966	R
2906.982	2.6840000000001965	trials	2908.487	2908.488	3.0	[4.663607120513916, -4.650093078613281, 6.663607120513916, -6.650093078613281]	-0.7853981633974483	R
2909.918	3.326999999999771	trials	2912.0468666666666	2912.047866666667	6.0	[-8.999977111816406, 0.9808881878852844, -6.999977111816406, -1.0191118717193604]	3.141592653589793	R
2913.496	2.9470000000001164	trials	2915.0613333333336	2915.0623333333333	2.0	[6.999997615814209, 1.0063706636428833, 8.99999713897705, -0.9936293959617615]	0.0	R
2916.694	2.561000000000149	trials	2918.1349666666665	2918.1359666666667	3.0	[6.999997615814209, 1.0063706636428833, 8.99999713897705, -0.9936293959617615]	-0.7853981633974483	R
2919.506	0.93100000000004	trials				[NaN, NaN, NaN, NaN]		A
2920.688	1.981999999999971	trials	2921.4812666666667	2921.482266666667	7.0	[-6.672598838806152, 6.64106559753418, -4.672598838806152, 4.64106559753418]	2.356194490192345	R
2922.922	2.757999999999811	trials	2924.5839666666666	2924.584966666667	0.0	[-1.0, 9.0, 1.0, 7.0]	1.5707963267948966	R
2925.931	3.173999999999978	trials	2928.0315333333333	2928.0325333333335	5.0	[-6.645581245422363, -4.668104648590088, -4.645581245422363, -6.668104648590088]	-2.356194490192345	R
2929.357	2.625	trials	2931.3858666666665	2931.3868666666667	2.0	[6.999997615814209, 1.0063706636428833, 8.99999713897705, -0.9936293959617615]	0.0	I
2932.234	2.6390000000001237	trials	2933.7527333333333	2933.7537333333335	4.0	[-0.987258791923523, -6.999989986419678, 1.012741208076477, -8.99998950958252]	-1.5707963267948966	R
2935.124	2.9420000000000073	trials	2936.9697333333334	2936.9707333333336	6.0	[-8.999977111816406, 0.9808881878852844, -6.999977111816406, -1.0191118717193604]	3.141592653589793	R
2938.318	2.913000000000011	trials	2940.1386	2940.1396	4.0	[-8.999977111816406, 0.9808881878852844, -6.999977111816406, -1.0191118717193604]	-1.5707963267948966	R
2941.483	2.6849999999999454	trials	2942.930533333333	2942.9315333333334	1.0	[4.654601573944092, 6.659106254577637, 6.654601573944092, 4.659106254577637]	0.7853981633974483	R
2944.419	2.9890000000000327	trials	2946.2838333333334	2946.284833333333	6.0	[-8.999977111816406, 0.9808881878852844, -6.999977111816406, -1.0191118717193604]	3.141592653589793	R
2947.659	3.3150000000000546	trials	2949.898833333333	2949.8998333333334	5.0	[-6.645581245422363, -4.668104648590088, -4.645581245422363, -6.668104648590088]	-2.356194490192345	R
2951.226	3.424999999999727	trials	2953.4677	2953.4687	3.0	[4.663607120513916, -4.650093078613281, 6.663607120513916, -6.650093078613281]	-0.7853981633974483	R
2954.902	2.643999999999778	trials	2956.411	2956.412	7.0	[-6.672598838806152, 6.64106559753418, -4.672598838806152, 4.64106559753418]	2.356194490192345	R
2957.797	2.492999999999938	trials	2959.107666666667	2959.1087	2.0	[6.999997615814209, 1.0063706636428833, 8.99999713897705, -0.9936293959617615]	0.0	R
2960.541	2.8899999999998727	trials	2962.3647666666666	2962.365766666667	0.0	[-1.0, 9.0, 1.0, 7.0]	1.5707963267948966	R
2963.683	2.8890000000001237	trials	2965.5065666666665	2965.5075666666667	3.0	[-1.0, 9.0, 1.0, 7.0]	-0.7853981633974483	R
2966.824	3.2080000000000837	trials	2968.8238	2968.8248	1.0	[4.654601573944092, 6.659106254577637, 6.654601573944092, 4.659106254577637]	0.7853981633974483	R
2970.283	2.3270000000002256	trials	2971.5405333333333	2971.5415666666668	4.0	[-0.987258791923523, -6.999989986419678, 1.012741208076477, -8.99998950958252]	-1.5707963267948966	R
2972.862	2.4209999999998217	trials	2974.0237	2974.024733333333	2.0	[6.999997615814209, 1.0063706636428833, 8.99999713897705, -0.9936293959617615]	0.0	R
2975.534	2.78899999999976	trials	2977.1665	2977.1675333333333	6.0	[-8.999977111816406, 0.9808881878852844, -6.999977111816406, -1.0191118717193604]	3.141592653589793	R
2978.575	2.818000000000211	trials	2980.2241	2980.2251	7.0	[-6.672598838806152, 6.64106559753418, -4.672598838806152, 4.64106559753418]	2.356194490192345	R
2981.645	0.918999999999869	trials				[NaN, NaN, NaN, NaN]		A
2982.816	18.075000000000273	trials	2999.7596	2999.7606	0.0	[-1.0, 9.0, 1.0, 7.0]	1.5707963267948966	R
3001.143	2.8179999999997563	trials	3002.7550333333334	3002.756033333333	5.0	[-1.0, 9.0, 1.0, 7.0]	-2.356194490192345	R
3004.213	2.492999999999938	trials	3005.9680333333336	3005.9690333333333	0.0	[-1.0, 9.0, 1.0, 7.0]	1.5707963267948966	I
3006.957	3.0520000000001346	trials	3008.9353666666666	3008.9364	3.0	[4.663607120513916, -4.650093078613281, 6.663607120513916, -6.650093078613281]	-0.7853981633974483	R
3010.261	3.300000000000182	trials	3012.4421	3012.4431	4.0	[-0.987258791923523, -6.999989986419678, 1.012741208076477, -8.99998950958252]	-1.5707963267948966	R
3013.813	0.5720000000001164	trials				[NaN, NaN, NaN, NaN]		A
3014.637	2.105000000000018	trials	3015.5949333333333	3015.5959333333335	7.0	[-6.672598838806152, 6.64106559753418, -4.672598838806152, 4.64106559753418]	2.356194490192345	R
3016.993	3.4540000000001783	trials	3019.2931	3019.2941	1.0	[4.654601573944092, 6.659106254577637, 6.654601573944092, 4.659106254577637]	0.7853981633974483	R
3020.699	3.0979999999999563	trials	3022.6564333333336	3022.6574666666666	2.0	[6.999997615814209, 1.0063706636428833, 8.99999713897705, -0.9936293959617615]	0.0	R
3024.049	2.7609999999999673	trials	3025.7200333333335	3025.7210666666665	2.0	[6.999997615814209, 1.0063706636428833, 8.99999713897705, -0.9936293959617615]	0.0	R
3027.061	2.9919999999997344	trials	3028.864866666667	3028.8658666666665	1.0	[4.654601573944092, 6.659106254577637, 6.654601573944092, 4.659106254577637]	0.7853981633974483	R
3030.304	2.938999999999851	trials	3031.9906333333333	3031.9916333333335	0.0	[-1.0, 9.0, 1.0, 7.0]	1.5707963267948966	R
3033.494	41.603000000000065	trials	3074.03	3074.031	7.0	[-6.672598838806152, 6.64106559753418, -4.672598838806152, 4.64106559753418]	2.356194490192345	R
3075.348	4.7849999999998545	trials	3079.021366666667	3079.0223666666666	5.0	[-6.645581245422363, -4.668104648590088, -4.645581245422363, -6.668104648590088]	-2.356194490192345	R
3080.385	2.3729999999995925	trials	3081.707033333333	3081.7080666666666	4.0	[-0.987258791923523, -6.999989986419678, 1.012741208076477, -8.99998950958252]	-1.5707963267948966	R
3083.009	13.179000000000087	trials				[NaN, NaN, NaN, NaN]		A
3096.44	18.369000000000142	trials				[NaN, NaN, NaN, NaN]		A
3115.061	0.07899999999972351	trials				[NaN, NaN, NaN, NaN]		A
3115.392	2.3910000000000764	trials	3116.5615666666667	3116.5625666666665	7.0	[-6.672598838806152, 6.64106559753418, -4.672598838806152, 4.64106559753418]	2.356194490192345	R
3118.034	3.4960000000000946	trials	3120.4281666666666	3120.429166666667	4.0	[-0.987258791923523, -6.999989986419678, 1.012741208076477, -8.99998950958252]	-1.5707963267948966	R
3121.782	2.630999999999858	trials	3123.2642	3123.2652333333335	0.0	[-1.0, 9.0, 1.0, 7.0]	1.5707963267948966	R
3124.665	3.3170000000000073	trials	3126.9403333333335	3126.941333333333	5.0	[-6.645581245422363, -4.668104648590088, -4.645581245422363, -6.668104648590088]	-2.356194490192345	R
3128.234	2.9880000000002838	trials	3130.0149666666666	3130.015966666667	2.0	[6.999997615814209, 1.0063706636428833, 8.99999713897705, -0.9936293959617615]	0.0	R
3131.474	3.018000000000029	trials	3133.4294666666665	3133.4304666666667	3.0	[4.663607120513916, -4.650093078613281, 6.663607120513916, -6.650093078613281]	-0.7853981633974483	R
3134.744	2.5850000000000364	trials	3136.2544666666668	3136.2554666666665	6.0	[-8.999977111816406, 0.9808881878852844, -6.999977111816406, -1.0191118717193604]	3.141592653589793	R
3137.581	3.263999999999669	trials	3139.7431333333334	3139.744133333333	4.0	[-8.999977111816406, 0.9808881878852844, -6.999977111816406, -1.0191118717193604]	-1.5707963267948966	R
3141.097	2.506999999999607	trials	3142.4598666666666	3142.460866666667	3.0	[4.663607120513916, -4.650093078613281, 6.663607120513916, -6.650093078613281]	-0.7853981633974483	R
3143.855	2.5300000000002	trials	3145.229733333333	3145.2307666666666	7.0	[-6.672598838806152, 6.64106559753418, -4.672598838806152, 4.64106559753418]	2.356194490192345	R
3146.636	3.3789999999999054	trials	3148.8948333333333	3148.8958333333335	0.0	[-1.0, 9.0, 1.0, 7.0]	1.5707963267948966	R
3150.266	3.355000000000018	trials	3152.5248666666666	3152.525866666667	6.0	[-8.999977111816406, 0.9808881878852844, -6.999977111816406, -1.0191118717193604]	3.141592653589793	R
3153.872	3.0960000000000036	trials	3155.9213	3155.9223	2.0	[6.999997615814209, 1.0063706636428833, 8.99999713897705, -0.9936293959617615]	0.0	R
3157.22	2.7100000000000364	trials	3158.795433333333	3158.7964333333334	5.0	[-6.645581245422363, -4.668104648590088, -4.645581245422363, -6.668104648590088]	-2.356194490192345	R
3160.182	9.557000000000244	trials				[NaN, NaN, NaN, NaN]		A
3169.99	38.995000000000346	trials	3207.9234	3207.9244	4.0	[4.654601573944092, 6.659106254577637, 6.654601573944092, 4.659106254577637]	-1.5707963267948966	R
3209.237	2.76299999999992	trials	3210.7514	3210.7524	1.0	[4.654601573944092, 6.659106254577637, 6.654601573944092, 4.659106254577637]	0.7853981633974483	R
3212.251	2.5909999999998945	trials	3213.7649	3213.7659	3.0	[4.663607120513916, -4.650093078613281, 6.663607120513916, -6.650093078613281]	-0.7853981633974483	R
3215.093	2.5779999999999745	trials	3216.5658333333336	3216.5668333333333	6.0	[-8.999977111816406, 0.9808881878852844, -6.999977111816406, -1.0191118717193604]	3.141592653589793	R
3217.922	2.132000000000062	trials	3219.354766666667	3219.3557666666666	5.0	[-6.645581245422363, -4.668104648590088, -4.645581245422363, -6.668104648590088]	-2.356194490192345	I
3220.305	3.0900000000001455	trials	3222.3061	3222.3071	2.0	[6.999997615814209, 1.0063706636428833, 8.99999713897705, -0.9936293959617615]	0.0	R
3223.646	2.6579999999999018	trials	3224.9546666666665	3224.9556666666667	7.0	[-6.672598838806152, 6.64106559753418, -4.672598838806152, 4.64106559753418]	2.356194490192345	R
3226.556	2.913000000000011	trials	3228.3842	3228.3852	0.0	[-1.0, 9.0, 1.0, 7.0]	1.5707963267948966	R
3229.721	2.6529999999997926	trials	3231.1350333333335	3231.136033333333	0.0	[-1.0, 9.0, 1.0, 7.0]	1.5707963267948966	R
3232.626	2.2419999999997344	trials				[NaN, NaN, NaN, NaN]		A
3235.12	0.22600000000011278	trials				[NaN, NaN, NaN, NaN]		A
3235.598	28.577999999999975	trials	3262.9780666666666	3262.9790666666668	7.0	[-6.672598838806152, 6.64106559753418, -4.672598838806152, 4.64106559753418]	2.356194490192345	R
3264.428	3.443000000000211	trials	3266.8366666666666	3266.837666666667	5.0	[-6.645581245422363, -4.668104648590088, -4.645581245422363, -6.668104648590088]	-2.356194490192345	R
3268.123	3.0790000000001783	trials	3270.1518666666666	3270.1529	6.0	[-8.999977111816406, 0.9808881878852844, -6.999977111816406, -1.0191118717193604]	3.141592653589793	R
3271.453	3.088999999999942	trials	3273.4129666666668	3273.4139666666665	2.0	[6.999997615814209, 1.0063706636428833, 8.99999713897705, -0.9936293959617615]	0.0	R
3274.793	3.1159999999999854	trials	3276.8555333333334	3276.856533333333	4.0	[-0.987258791923523, -6.999989986419678, 1.012741208076477, -8.99998950958252]	-1.5707963267948966	R
3278.161	1.0459999999998217	trials				[NaN, NaN, NaN, NaN]		A
3279.459	44.80300000000034	trials	3323.2386666666666	3323.239666666667	4.0	[-0.987258791923523, -6.999989986419678, 1.012741208076477, -8.99998950958252]	-1.5707963267948966	R
3324.514	0.7619999999997162	trials				[NaN, NaN, NaN, NaN]		A
3325.527	3.1950000000001637	trials	3327.5133	3327.5143	5.0	[-6.645581245422363, -4.668104648590088, -4.645581245422363, -6.668104648590088]	-2.356194490192345	R
3328.974	2.669999999999618	trials	3330.4586	3330.4596	2.0	[6.999997615814209, 1.0063706636428833, 8.99999713897705, -0.9936293959617615]	0.0	R
3331.895	2.8530000000000655	trials	3333.3738333333336	3333.3748333333333	1.0	[4.654601573944092, 6.659106254577637, 6.654601573944092, 4.659106254577637]	0.7853981633974483	R
3335.0	2.7829999999999018	trials	3336.5286666666666	3336.529666666667	7.0	[-6.672598838806152, 6.64106559753418, -4.672598838806152, 4.64106559753418]	2.356194490192345	R
3338.034	3.217999999999847	trials	3340.076466666667	3340.0774666666666	0.0	[-1.0, 9.0, 1.0, 7.0]	1.5707963267948966	R
3341.504	3.1220000000002983	trials	3343.5390666666667	3343.5400666666665	3.0	[-1.0, 9.0, 1.0, 7.0]	-0.7853981633974483	R
3344.877	2.6660000000001673	trials	3346.396166666667	3346.3971666666666	6.0	[-8.999977111816406, 0.9808881878852844, -6.999977111816406, -1.0191118717193604]	3.141592653589793	R
3347.795	2.630000000000109	trials	3349.3154	3349.3164	0.0	[-1.0, 9.0, 1.0, 7.0]	1.5707963267948966	R
3350.677	3.2289999999998145	trials	3352.719866666667	3352.7208666666666	1.0	[4.654601573944092, 6.659106254577637, 6.654601573944092, 4.659106254577637]	0.7853981633974483	R
3354.157	3.0529999999998836	trials	3355.984966666667	3355.9859666666666	7.0	[-6.672598838806152, 6.64106559753418, -4.672598838806152, 4.64106559753418]	2.356194490192345	R
3357.462	3.3460000000000036	trials	3359.6961666666666	3359.6972	2.0	[6.999997615814209, 1.0063706636428833, 8.99999713897705, -0.9936293959617615]	0.0	R
3361.06	16.565000000000055	trials	3376.54	3376.541	4.0	[-0.987258791923523, -6.999989986419678, 1.012741208076477, -8.99998950958252]	-1.5707963267948966	R
3377.876	3.125	trials	3379.9965666666667	3379.9975666666664	5.0	[-6.645581245422363, -4.668104648590088, -4.645581245422363, -6.668104648590088]	-2.356194490192345	R
3381.253	2.67699999999968	trials	3382.8436333333334	3382.844633333333	4.0	[-6.645581245422363, -4.668104648590088, -4.645581245422363, -6.668104648590088]	-1.5707963267948966	R
3384.182	2.925000000000182	trials	3385.8771666666667	3385.878166666667	2.0	[6.999997615814209, 1.0063706636428833, 8.99999713897705, -0.9936293959617615]	0.0	R
3387.359	2.6399999999998727	trials	3388.8636	3388.8646	5.0	[-6.645581245422363, -4.668104648590088, -4.645581245422363, -6.668104648590088]	-2.356194490192345	R
3390.251	2.701000000000022	trials	3391.7878666666666	3391.7888666666668	1.0	[4.654601573944092, 6.659106254577637, 6.654601573944092, 4.659106254577637]	0.7853981633974483	R
3393.203	3.2089999999998327	trials	3395.3136	3395.3146	0.0	[-1.0, 9.0, 1.0, 7.0]	1.5707963267948966	R
3396.664	3.4279999999998836	trials	3398.7752	3398.7762	6.0	[-8.999977111816406, 0.9808881878852844, -6.999977111816406, -1.0191118717193604]	3.141592653589793	R
3400.344	3.7159999999998945	trials	3402.7460666666666	3402.747066666667	3.0	[4.663607120513916, -4.650093078613281, 6.663607120513916, -6.650093078613281]	-0.7853981633974483	R
3404.312	2.8220000000001164	trials	3406.014166666667	3406.0151666666666	7.0	[-6.672598838806152, 6.64106559753418, -4.672598838806152, 4.64106559753418]	2.356194490192345	R
3407.386	3.3890000000001237	trials	3409.6532	3409.6542	3.0	[-6.672598838806152, 6.64106559753418, -4.672598838806152, 4.64106559753418]	-0.7853981633974483	R
3411.027	2.505999999999858	trials	3412.4331	3412.4341	2.0	[6.999997615814209, 1.0063706636428833, 8.99999713897705, -0.9936293959617615]	0.0	R
3413.784	3.3489999999997053	trials	3416.0621	3416.0631	4.0	[-0.987258791923523, -6.999989986419678, 1.012741208076477, -8.99998950958252]	-1.5707963267948966	R
3417.384	2.9729999999999563	trials	3419.1187	3419.1197	1.0	[4.654601573944092, 6.659106254577637, 6.654601573944092, 4.659106254577637]	0.7853981633974483	R
3420.608	3.48299999999972	trials	3422.9612333333334	3422.962233333333	0.0	[-1.0, 9.0, 1.0, 7.0]	1.5707963267948966	R
3424.343	2.812000000000353	trials	3426.0399	3426.0409	5.0	[-6.645581245422363, -4.668104648590088, -4.645581245422363, -6.668104648590088]	-2.356194490192345	R
3427.406	2.6100000000001273	trials	3428.9130333333333	3428.9140333333335	6.0	[-8.999977111816406, 0.9808881878852844, -6.999977111816406, -1.0191118717193604]	3.141592653589793	R
3430.267	3.54300000000012	trials	3432.6122	3432.6132	7.0	[-6.672598838806152, 6.64106559753418, -4.672598838806152, 4.64106559753418]	2.356194490192345	R
3434.062	2.974999999999909	trials	3436.1770666666666	3436.178066666667	0.0	[-6.672598838806152, 6.64106559753418, -4.672598838806152, 4.64106559753418]	1.5707963267948966	I
3437.289	10.010999999999967	trials				[NaN, NaN, NaN, NaN]		A
3447.551	2.561000000000149	trials	3449.0760666666665	3449.0770666666667	3.0	[4.663607120513916, -4.650093078613281, 6.663607120513916, -6.650093078613281]	-0.7853981633974483	R
3450.363	4.153999999999996	trials	3453.1532	3453.1542	6.0	[-8.999977111816406, 0.9808881878852844, -6.999977111816406, -1.0191118717193604]	3.141592653589793	R
3454.768	3.480999999999767	trials	3457.082966666667	3457.0839666666666	5.0	[-6.645581245422363, -4.668104648590088, -4.645581245422363, -6.668104648590088]	-2.356194490192345	R
3458.5	2.8470000000002074	trials	3460.1766333333335	3460.1776333333332	2.0	[6.999997615814209, 1.0063706636428833, 8.99999713897705, -0.9936293959617615]	0.0	R
